ISO-10303-21;
HEADER;
/* Generated by software containing ST-Developer
 * from STEP Tools, Inc. (www.steptools.com) 
 */

FILE_DESCRIPTION(
/* description */ (''),
/* implementation_level */ '2;1');

FILE_NAME(
/* name */ 'Seitenplatte v4.stp',
/* time_stamp */ '2024-02-14T21:48:32+01:00',
/* author */ (''),
/* organization */ (''),
/* preprocessor_version */ 'ST-DEVELOPER v20',
/* originating_system */ 'Autodesk Translation Framework v12.20.1.177',

/* authorisation */ '');

FILE_SCHEMA (('AUTOMOTIVE_DESIGN { 1 0 10303 214 3 1 1 }'));
ENDSEC;

DATA;
#10=MECHANICAL_DESIGN_GEOMETRIC_PRESENTATION_REPRESENTATION('',(#13),#2998);
#11=SHAPE_REPRESENTATION_RELATIONSHIP('SRR','None',#3005,#12);
#12=ADVANCED_BREP_SHAPE_REPRESENTATION('',(#14),#2997);
#13=STYLED_ITEM('',(#3014),#14);
#14=MANIFOLD_SOLID_BREP('Body1',#1715);
#15=TOROIDAL_SURFACE('',#1869,2.5,1.);
#16=FACE_BOUND('',#232,.T.);
#17=FACE_BOUND('',#233,.T.);
#18=FACE_BOUND('',#234,.T.);
#19=FACE_BOUND('',#235,.T.);
#20=FACE_BOUND('',#268,.T.);
#21=FACE_BOUND('',#269,.T.);
#22=FACE_BOUND('',#270,.T.);
#23=FACE_BOUND('',#271,.T.);
#24=FACE_BOUND('',#272,.T.);
#25=FACE_BOUND('',#273,.T.);
#26=FACE_BOUND('',#274,.T.);
#27=FACE_BOUND('',#275,.T.);
#28=FACE_BOUND('',#276,.T.);
#29=FACE_BOUND('',#277,.T.);
#30=FACE_BOUND('',#278,.T.);
#31=FACE_BOUND('',#279,.T.);
#32=FACE_BOUND('',#280,.T.);
#33=FACE_BOUND('',#281,.T.);
#34=FACE_BOUND('',#282,.T.);
#35=FACE_BOUND('',#283,.T.);
#36=B_SPLINE_CURVE_WITH_KNOTS('',3,(#2698,#2699,#2700,#2701),
 .UNSPECIFIED.,.F.,.F.,(4,4),(0.,0.0481301363978558),.UNSPECIFIED.);
#37=B_SPLINE_CURVE_WITH_KNOTS('',3,(#2703,#2704,#2705,#2706,#2707,#2708,
#2709,#2710),.UNSPECIFIED.,.F.,.F.,(4,2,2,4),(-0.193356556585535,-0.137051115089224,
-0.0685255575446118,0.),.UNSPECIFIED.);
#38=B_SPLINE_CURVE_WITH_KNOTS('',3,(#2781,#2782,#2783,#2784,#2785,#2786,
#2787,#2788,#2789,#2790),.UNSPECIFIED.,.F.,.F.,(4,2,2,2,4),(0.337979638732289,
0.368410602791731,0.447605598287687,0.537730864258747,0.627856130229807),
 .UNSPECIFIED.);
#39=B_SPLINE_CURVE_WITH_KNOTS('',3,(#2795,#2796,#2797,#2798),
 .UNSPECIFIED.,.F.,.F.,(4,4),(0.627856130229807,0.654151564227918),
 .UNSPECIFIED.);
#40=B_SPLINE_CURVE_WITH_KNOTS('',3,(#2840,#2841,#2842,#2843),
 .UNSPECIFIED.,.F.,.F.,(4,4),(0.703071807676602,0.729367241674717),
 .UNSPECIFIED.);
#41=B_SPLINE_CURVE_WITH_KNOTS('',3,(#2847,#2848,#2849,#2850,#2851,#2852,
#2853,#2854,#2855,#2856),.UNSPECIFIED.,.F.,.F.,(4,2,2,2,4),(0.729367241674717,
0.819492507645777,0.909617773616837,0.988812769112794,1.01924373317224),
 .UNSPECIFIED.);
#42=B_SPLINE_CURVE_WITH_KNOTS('',3,(#2886,#2887,#2888,#2889,#2890,#2891,
#2892,#2893,#2894,#2895),.UNSPECIFIED.,.F.,.F.,(4,2,2,2,4),(0.0147465768291139,
0.0874777387624786,0.181087590690016,0.273006212123802,0.321271164641875),
 .UNSPECIFIED.);
#43=B_SPLINE_CURVE_WITH_KNOTS('',3,(#2929,#2930,#2931,#2932,#2933,#2934,
#2935,#2936,#2937,#2938,#2939,#2940,#2941),.UNSPECIFIED.,.F.,.F.,(4,3,2,
2,2,4),(-0.026295434001332,0.,0.0901252659710599,0.18025053194212,0.259445527438077,
0.289876491497521),.UNSPECIFIED.);
#44=(
BOUNDED_CURVE()
B_SPLINE_CURVE(2,(#2657,#2658,#2659),.UNSPECIFIED.,.F.,.F.)
B_SPLINE_CURVE_WITH_KNOTS((3,3),(0.000458844386238121,0.424824951952608),
 .UNSPECIFIED.)
CURVE()
GEOMETRIC_REPRESENTATION_ITEM()
RATIONAL_B_SPLINE_CURVE((1.,1.,1.))
REPRESENTATION_ITEM('')
);
#45=(
BOUNDED_CURVE()
B_SPLINE_CURVE(2,(#2670,#2671,#2672),.UNSPECIFIED.,.F.,.F.)
B_SPLINE_CURVE_WITH_KNOTS((3,3),(0.000458844386238121,0.424824951952608),
 .UNSPECIFIED.)
CURVE()
GEOMETRIC_REPRESENTATION_ITEM()
RATIONAL_B_SPLINE_CURVE((1.,1.,1.))
REPRESENTATION_ITEM('')
);
#46=(
BOUNDED_CURVE()
B_SPLINE_CURVE(2,(#2676,#2677,#2678),.UNSPECIFIED.,.F.,.F.)
B_SPLINE_CURVE_WITH_KNOTS((3,3),(0.000458844386238446,0.424824951952606),
 .UNSPECIFIED.)
CURVE()
GEOMETRIC_REPRESENTATION_ITEM()
RATIONAL_B_SPLINE_CURVE((1.,1.,1.))
REPRESENTATION_ITEM('')
);
#47=(
BOUNDED_CURVE()
B_SPLINE_CURVE(2,(#2682,#2683,#2684),.UNSPECIFIED.,.F.,.F.)
B_SPLINE_CURVE_WITH_KNOTS((3,3),(0.000458844386238445,0.424824951952606),
 .UNSPECIFIED.)
CURVE()
GEOMETRIC_REPRESENTATION_ITEM()
RATIONAL_B_SPLINE_CURVE((1.,1.,1.))
REPRESENTATION_ITEM('')
);
#48=(
BOUNDED_CURVE()
B_SPLINE_CURVE(2,(#2688,#2689,#2690),.UNSPECIFIED.,.F.,.F.)
B_SPLINE_CURVE_WITH_KNOTS((3,3),(0.159596134723557,0.424824951952607),
 .UNSPECIFIED.)
CURVE()
GEOMETRIC_REPRESENTATION_ITEM()
RATIONAL_B_SPLINE_CURVE((1.,1.,1.))
REPRESENTATION_ITEM('')
);
#49=(
BOUNDED_CURVE()
B_SPLINE_CURVE(2,(#2719,#2720,#2721),.UNSPECIFIED.,.F.,.F.)
B_SPLINE_CURVE_WITH_KNOTS((3,3),(0.,0.424264068711933),.UNSPECIFIED.)
CURVE()
GEOMETRIC_REPRESENTATION_ITEM()
RATIONAL_B_SPLINE_CURVE((1.,1.,1.))
REPRESENTATION_ITEM('')
);
#50=(
BOUNDED_CURVE()
B_SPLINE_CURVE(2,(#2732,#2733,#2734),.UNSPECIFIED.,.F.,.F.)
B_SPLINE_CURVE_WITH_KNOTS((3,3),(0.,0.424264068711931),.UNSPECIFIED.)
CURVE()
GEOMETRIC_REPRESENTATION_ITEM()
RATIONAL_B_SPLINE_CURVE((1.,1.,1.))
REPRESENTATION_ITEM('')
);
#51=(
BOUNDED_CURVE()
B_SPLINE_CURVE(2,(#2738,#2739,#2740),.UNSPECIFIED.,.F.,.F.)
B_SPLINE_CURVE_WITH_KNOTS((3,3),(0.,0.424264068711931),.UNSPECIFIED.)
CURVE()
GEOMETRIC_REPRESENTATION_ITEM()
RATIONAL_B_SPLINE_CURVE((1.,1.,1.))
REPRESENTATION_ITEM('')
);
#52=(
BOUNDED_CURVE()
B_SPLINE_CURVE(2,(#2744,#2745,#2746),.UNSPECIFIED.,.F.,.F.)
B_SPLINE_CURVE_WITH_KNOTS((3,3),(0.159099025766976,0.424264068711927),
 .UNSPECIFIED.)
CURVE()
GEOMETRIC_REPRESENTATION_ITEM()
RATIONAL_B_SPLINE_CURVE((1.,1.,1.))
REPRESENTATION_ITEM('')
);
#53=(
BOUNDED_CURVE()
B_SPLINE_CURVE(2,(#2754,#2755,#2756),.UNSPECIFIED.,.F.,.F.)
B_SPLINE_CURVE_WITH_KNOTS((3,3),(0.,0.265165042944953),.UNSPECIFIED.)
CURVE()
GEOMETRIC_REPRESENTATION_ITEM()
RATIONAL_B_SPLINE_CURVE((1.,1.,1.))
REPRESENTATION_ITEM('')
);
#54=(
BOUNDED_CURVE()
B_SPLINE_CURVE(2,(#2760,#2761,#2762),.UNSPECIFIED.,.F.,.F.)
B_SPLINE_CURVE_WITH_KNOTS((3,3),(0.,0.42426406871193),.UNSPECIFIED.)
CURVE()
GEOMETRIC_REPRESENTATION_ITEM()
RATIONAL_B_SPLINE_CURVE((1.,1.,1.))
REPRESENTATION_ITEM('')
);
#55=CONICAL_SURFACE('',#1809,2.,0.785398163397448);
#56=CONICAL_SURFACE('',#1816,2.,0.785398163397447);
#57=CONICAL_SURFACE('',#1823,2.,0.785398163397447);
#58=CONICAL_SURFACE('',#1829,2.,0.785398163397447);
#59=CONICAL_SURFACE('',#1853,2.,0.785398163397448);
#60=CONICAL_SURFACE('',#1857,2.,0.785398163397448);
#61=CONICAL_SURFACE('',#1861,2.,0.785398163397448);
#62=CONICAL_SURFACE('',#1865,2.,0.785398163397448);
#63=CONICAL_SURFACE('',#1873,2.5,0.785398163397448);
#64=CONICAL_SURFACE('',#1877,2.,0.785398163397447);
#65=CONICAL_SURFACE('',#1881,2.,0.785398163397447);
#66=CONICAL_SURFACE('',#1885,2.,0.785398163397447);
#67=CONICAL_SURFACE('',#1887,2.50000000000001,0.785398163397444);
#68=CONICAL_SURFACE('',#1892,2.5,0.785398163397449);
#69=CONICAL_SURFACE('',#1895,2.5,0.785398163397447);
#70=PLANE('',#1732);
#71=PLANE('',#1736);
#72=PLANE('',#1740);
#73=PLANE('',#1744);
#74=PLANE('',#1748);
#75=PLANE('',#1752);
#76=PLANE('',#1756);
#77=PLANE('',#1760);
#78=PLANE('',#1764);
#79=PLANE('',#1768);
#80=PLANE('',#1772);
#81=PLANE('',#1776);
#82=PLANE('',#1780);
#83=PLANE('',#1784);
#84=PLANE('',#1788);
#85=PLANE('',#1792);
#86=PLANE('',#1796);
#87=PLANE('',#1800);
#88=PLANE('',#1804);
#89=PLANE('',#1808);
#90=PLANE('',#1813);
#91=PLANE('',#1820);
#92=PLANE('',#1832);
#93=PLANE('',#1891);
#94=PLANE('',#1894);
#95=PLANE('',#1897);
#96=PLANE('',#1900);
#97=PLANE('',#1903);
#98=PLANE('',#1906);
#99=PLANE('',#1909);
#100=FACE_OUTER_BOUND('',#182,.T.);
#101=FACE_OUTER_BOUND('',#183,.T.);
#102=FACE_OUTER_BOUND('',#184,.T.);
#103=FACE_OUTER_BOUND('',#185,.T.);
#104=FACE_OUTER_BOUND('',#186,.T.);
#105=FACE_OUTER_BOUND('',#187,.T.);
#106=FACE_OUTER_BOUND('',#188,.T.);
#107=FACE_OUTER_BOUND('',#189,.T.);
#108=FACE_OUTER_BOUND('',#190,.T.);
#109=FACE_OUTER_BOUND('',#191,.T.);
#110=FACE_OUTER_BOUND('',#192,.T.);
#111=FACE_OUTER_BOUND('',#193,.T.);
#112=FACE_OUTER_BOUND('',#194,.T.);
#113=FACE_OUTER_BOUND('',#195,.T.);
#114=FACE_OUTER_BOUND('',#196,.T.);
#115=FACE_OUTER_BOUND('',#197,.T.);
#116=FACE_OUTER_BOUND('',#198,.T.);
#117=FACE_OUTER_BOUND('',#199,.T.);
#118=FACE_OUTER_BOUND('',#200,.T.);
#119=FACE_OUTER_BOUND('',#201,.T.);
#120=FACE_OUTER_BOUND('',#202,.T.);
#121=FACE_OUTER_BOUND('',#203,.T.);
#122=FACE_OUTER_BOUND('',#204,.T.);
#123=FACE_OUTER_BOUND('',#205,.T.);
#124=FACE_OUTER_BOUND('',#206,.T.);
#125=FACE_OUTER_BOUND('',#207,.T.);
#126=FACE_OUTER_BOUND('',#208,.T.);
#127=FACE_OUTER_BOUND('',#209,.T.);
#128=FACE_OUTER_BOUND('',#210,.T.);
#129=FACE_OUTER_BOUND('',#211,.T.);
#130=FACE_OUTER_BOUND('',#212,.T.);
#131=FACE_OUTER_BOUND('',#213,.T.);
#132=FACE_OUTER_BOUND('',#214,.T.);
#133=FACE_OUTER_BOUND('',#215,.T.);
#134=FACE_OUTER_BOUND('',#216,.T.);
#135=FACE_OUTER_BOUND('',#217,.T.);
#136=FACE_OUTER_BOUND('',#218,.T.);
#137=FACE_OUTER_BOUND('',#219,.T.);
#138=FACE_OUTER_BOUND('',#220,.T.);
#139=FACE_OUTER_BOUND('',#221,.T.);
#140=FACE_OUTER_BOUND('',#222,.T.);
#141=FACE_OUTER_BOUND('',#223,.T.);
#142=FACE_OUTER_BOUND('',#224,.T.);
#143=FACE_OUTER_BOUND('',#225,.T.);
#144=FACE_OUTER_BOUND('',#226,.T.);
#145=FACE_OUTER_BOUND('',#227,.T.);
#146=FACE_OUTER_BOUND('',#228,.T.);
#147=FACE_OUTER_BOUND('',#229,.T.);
#148=FACE_OUTER_BOUND('',#230,.T.);
#149=FACE_OUTER_BOUND('',#231,.T.);
#150=FACE_OUTER_BOUND('',#236,.T.);
#151=FACE_OUTER_BOUND('',#237,.T.);
#152=FACE_OUTER_BOUND('',#238,.T.);
#153=FACE_OUTER_BOUND('',#239,.T.);
#154=FACE_OUTER_BOUND('',#240,.T.);
#155=FACE_OUTER_BOUND('',#241,.T.);
#156=FACE_OUTER_BOUND('',#242,.T.);
#157=FACE_OUTER_BOUND('',#243,.T.);
#158=FACE_OUTER_BOUND('',#244,.T.);
#159=FACE_OUTER_BOUND('',#245,.T.);
#160=FACE_OUTER_BOUND('',#246,.T.);
#161=FACE_OUTER_BOUND('',#247,.T.);
#162=FACE_OUTER_BOUND('',#248,.T.);
#163=FACE_OUTER_BOUND('',#249,.T.);
#164=FACE_OUTER_BOUND('',#250,.T.);
#165=FACE_OUTER_BOUND('',#251,.T.);
#166=FACE_OUTER_BOUND('',#252,.T.);
#167=FACE_OUTER_BOUND('',#253,.T.);
#168=FACE_OUTER_BOUND('',#254,.T.);
#169=FACE_OUTER_BOUND('',#255,.T.);
#170=FACE_OUTER_BOUND('',#256,.T.);
#171=FACE_OUTER_BOUND('',#257,.T.);
#172=FACE_OUTER_BOUND('',#258,.T.);
#173=FACE_OUTER_BOUND('',#259,.T.);
#174=FACE_OUTER_BOUND('',#260,.T.);
#175=FACE_OUTER_BOUND('',#261,.T.);
#176=FACE_OUTER_BOUND('',#262,.T.);
#177=FACE_OUTER_BOUND('',#263,.T.);
#178=FACE_OUTER_BOUND('',#264,.T.);
#179=FACE_OUTER_BOUND('',#265,.T.);
#180=FACE_OUTER_BOUND('',#266,.T.);
#181=FACE_OUTER_BOUND('',#267,.T.);
#182=EDGE_LOOP('',(#1083,#1084,#1085,#1086));
#183=EDGE_LOOP('',(#1087,#1088,#1089,#1090));
#184=EDGE_LOOP('',(#1091,#1092,#1093,#1094));
#185=EDGE_LOOP('',(#1095,#1096,#1097,#1098));
#186=EDGE_LOOP('',(#1099,#1100,#1101,#1102));
#187=EDGE_LOOP('',(#1103,#1104,#1105,#1106));
#188=EDGE_LOOP('',(#1107,#1108,#1109,#1110));
#189=EDGE_LOOP('',(#1111,#1112,#1113,#1114));
#190=EDGE_LOOP('',(#1115,#1116,#1117,#1118));
#191=EDGE_LOOP('',(#1119,#1120,#1121,#1122));
#192=EDGE_LOOP('',(#1123,#1124,#1125,#1126));
#193=EDGE_LOOP('',(#1127,#1128,#1129,#1130));
#194=EDGE_LOOP('',(#1131,#1132,#1133,#1134));
#195=EDGE_LOOP('',(#1135,#1136,#1137,#1138));
#196=EDGE_LOOP('',(#1139,#1140,#1141,#1142));
#197=EDGE_LOOP('',(#1143,#1144,#1145,#1146));
#198=EDGE_LOOP('',(#1147,#1148,#1149,#1150));
#199=EDGE_LOOP('',(#1151,#1152,#1153,#1154));
#200=EDGE_LOOP('',(#1155,#1156,#1157,#1158));
#201=EDGE_LOOP('',(#1159,#1160,#1161,#1162));
#202=EDGE_LOOP('',(#1163,#1164,#1165,#1166));
#203=EDGE_LOOP('',(#1167,#1168,#1169,#1170));
#204=EDGE_LOOP('',(#1171,#1172,#1173,#1174));
#205=EDGE_LOOP('',(#1175,#1176,#1177,#1178));
#206=EDGE_LOOP('',(#1179,#1180,#1181,#1182));
#207=EDGE_LOOP('',(#1183,#1184,#1185,#1186));
#208=EDGE_LOOP('',(#1187,#1188,#1189,#1190));
#209=EDGE_LOOP('',(#1191,#1192,#1193,#1194));
#210=EDGE_LOOP('',(#1195,#1196,#1197,#1198));
#211=EDGE_LOOP('',(#1199,#1200,#1201,#1202));
#212=EDGE_LOOP('',(#1203,#1204,#1205,#1206));
#213=EDGE_LOOP('',(#1207,#1208,#1209,#1210));
#214=EDGE_LOOP('',(#1211,#1212,#1213,#1214));
#215=EDGE_LOOP('',(#1215,#1216,#1217,#1218));
#216=EDGE_LOOP('',(#1219,#1220,#1221,#1222));
#217=EDGE_LOOP('',(#1223,#1224,#1225,#1226));
#218=EDGE_LOOP('',(#1227,#1228,#1229,#1230));
#219=EDGE_LOOP('',(#1231,#1232,#1233,#1234));
#220=EDGE_LOOP('',(#1235,#1236,#1237,#1238));
#221=EDGE_LOOP('',(#1239,#1240,#1241,#1242));
#222=EDGE_LOOP('',(#1243,#1244,#1245,#1246,#1247,#1248));
#223=EDGE_LOOP('',(#1249,#1250,#1251,#1252,#1253,#1254,#1255,#1256,#1257,
#1258,#1259,#1260,#1261,#1262,#1263));
#224=EDGE_LOOP('',(#1264,#1265,#1266,#1267));
#225=EDGE_LOOP('',(#1268,#1269,#1270,#1271,#1272,#1273));
#226=EDGE_LOOP('',(#1274,#1275,#1276,#1277,#1278,#1279,#1280,#1281,#1282,
#1283,#1284,#1285,#1286,#1287));
#227=EDGE_LOOP('',(#1288,#1289,#1290,#1291));
#228=EDGE_LOOP('',(#1292,#1293,#1294,#1295,#1296,#1297));
#229=EDGE_LOOP('',(#1298,#1299,#1300,#1301));
#230=EDGE_LOOP('',(#1302,#1303,#1304,#1305,#1306,#1307,#1308));
#231=EDGE_LOOP('',(#1309,#1310,#1311,#1312,#1313,#1314,#1315,#1316,#1317,
#1318,#1319,#1320,#1321,#1322,#1323,#1324,#1325,#1326,#1327,#1328,#1329,
#1330,#1331,#1332,#1333,#1334,#1335,#1336,#1337,#1338,#1339,#1340,#1341,
#1342,#1343,#1344,#1345));
#232=EDGE_LOOP('',(#1346,#1347,#1348,#1349,#1350,#1351,#1352,#1353,#1354,
#1355));
#233=EDGE_LOOP('',(#1356,#1357,#1358,#1359,#1360,#1361,#1362,#1363,#1364,
#1365));
#234=EDGE_LOOP('',(#1366,#1367,#1368,#1369,#1370,#1371,#1372,#1373,#1374,
#1375));
#235=EDGE_LOOP('',(#1376,#1377,#1378,#1379,#1380,#1381,#1382,#1383,#1384,
#1385));
#236=EDGE_LOOP('',(#1386,#1387,#1388,#1389));
#237=EDGE_LOOP('',(#1390,#1391,#1392,#1393,#1394,#1395,#1396));
#238=EDGE_LOOP('',(#1397,#1398,#1399,#1400));
#239=EDGE_LOOP('',(#1401,#1402,#1403,#1404,#1405,#1406));
#240=EDGE_LOOP('',(#1407,#1408,#1409,#1410));
#241=EDGE_LOOP('',(#1411,#1412,#1413,#1414,#1415,#1416));
#242=EDGE_LOOP('',(#1417,#1418,#1419,#1420));
#243=EDGE_LOOP('',(#1421,#1422,#1423,#1424,#1425,#1426));
#244=EDGE_LOOP('',(#1427,#1428,#1429,#1430));
#245=EDGE_LOOP('',(#1431,#1432,#1433,#1434,#1435,#1436,#1437,#1438));
#246=EDGE_LOOP('',(#1439,#1440,#1441,#1442,#1443));
#247=EDGE_LOOP('',(#1444,#1445,#1446,#1447,#1448));
#248=EDGE_LOOP('',(#1449,#1450,#1451,#1452,#1453,#1454));
#249=EDGE_LOOP('',(#1455,#1456,#1457,#1458));
#250=EDGE_LOOP('',(#1459,#1460,#1461,#1462,#1463,#1464));
#251=EDGE_LOOP('',(#1465,#1466,#1467,#1468));
#252=EDGE_LOOP('',(#1469,#1470,#1471,#1472,#1473,#1474,#1475));
#253=EDGE_LOOP('',(#1476,#1477,#1478,#1479,#1480));
#254=EDGE_LOOP('',(#1481,#1482,#1483,#1484));
#255=EDGE_LOOP('',(#1485,#1486,#1487,#1488));
#256=EDGE_LOOP('',(#1489,#1490,#1491,#1492,#1493,#1494));
#257=EDGE_LOOP('',(#1495,#1496,#1497,#1498));
#258=EDGE_LOOP('',(#1499,#1500,#1501,#1502,#1503,#1504));
#259=EDGE_LOOP('',(#1505,#1506,#1507,#1508));
#260=EDGE_LOOP('',(#1509,#1510,#1511,#1512));
#261=EDGE_LOOP('',(#1513,#1514,#1515,#1516));
#262=EDGE_LOOP('',(#1517,#1518,#1519,#1520));
#263=EDGE_LOOP('',(#1521,#1522,#1523,#1524));
#264=EDGE_LOOP('',(#1525,#1526,#1527,#1528));
#265=EDGE_LOOP('',(#1529,#1530,#1531,#1532));
#266=EDGE_LOOP('',(#1533,#1534,#1535,#1536));
#267=EDGE_LOOP('',(#1537,#1538,#1539,#1540,#1541,#1542,#1543,#1544));
#268=EDGE_LOOP('',(#1545,#1546,#1547,#1548,#1549,#1550,#1551,#1552,#1553,
#1554));
#269=EDGE_LOOP('',(#1555,#1556,#1557,#1558,#1559,#1560,#1561,#1562,#1563,
#1564));
#270=EDGE_LOOP('',(#1565,#1566,#1567,#1568,#1569,#1570,#1571,#1572,#1573,
#1574));
#271=EDGE_LOOP('',(#1575,#1576,#1577,#1578,#1579,#1580,#1581,#1582,#1583,
#1584));
#272=EDGE_LOOP('',(#1585));
#273=EDGE_LOOP('',(#1586));
#274=EDGE_LOOP('',(#1587));
#275=EDGE_LOOP('',(#1588));
#276=EDGE_LOOP('',(#1589));
#277=EDGE_LOOP('',(#1590));
#278=EDGE_LOOP('',(#1591));
#279=EDGE_LOOP('',(#1592));
#280=EDGE_LOOP('',(#1593));
#281=EDGE_LOOP('',(#1594));
#282=EDGE_LOOP('',(#1595));
#283=EDGE_LOOP('',(#1596));
#284=LINE('',#2419,#423);
#285=LINE('',#2422,#424);
#286=LINE('',#2425,#425);
#287=LINE('',#2427,#426);
#288=LINE('',#2428,#427);
#289=LINE('',#2433,#428);
#290=LINE('',#2437,#429);
#291=LINE('',#2439,#430);
#292=LINE('',#2440,#431);
#293=LINE('',#2446,#432);
#294=LINE('',#2449,#433);
#295=LINE('',#2452,#434);
#296=LINE('',#2454,#435);
#297=LINE('',#2455,#436);
#298=LINE('',#2460,#437);
#299=LINE('',#2464,#438);
#300=LINE('',#2466,#439);
#301=LINE('',#2467,#440);
#302=LINE('',#2473,#441);
#303=LINE('',#2476,#442);
#304=LINE('',#2478,#443);
#305=LINE('',#2479,#444);
#306=LINE('',#2484,#445);
#307=LINE('',#2488,#446);
#308=LINE('',#2490,#447);
#309=LINE('',#2491,#448);
#310=LINE('',#2496,#449);
#311=LINE('',#2500,#450);
#312=LINE('',#2502,#451);
#313=LINE('',#2503,#452);
#314=LINE('',#2509,#453);
#315=LINE('',#2512,#454);
#316=LINE('',#2514,#455);
#317=LINE('',#2515,#456);
#318=LINE('',#2521,#457);
#319=LINE('',#2524,#458);
#320=LINE('',#2527,#459);
#321=LINE('',#2529,#460);
#322=LINE('',#2530,#461);
#323=LINE('',#2536,#462);
#324=LINE('',#2539,#463);
#325=LINE('',#2541,#464);
#326=LINE('',#2542,#465);
#327=LINE('',#2548,#466);
#328=LINE('',#2551,#467);
#329=LINE('',#2554,#468);
#330=LINE('',#2556,#469);
#331=LINE('',#2557,#470);
#332=LINE('',#2562,#471);
#333=LINE('',#2566,#472);
#334=LINE('',#2568,#473);
#335=LINE('',#2569,#474);
#336=LINE('',#2574,#475);
#337=LINE('',#2578,#476);
#338=LINE('',#2580,#477);
#339=LINE('',#2581,#478);
#340=LINE('',#2587,#479);
#341=LINE('',#2590,#480);
#342=LINE('',#2592,#481);
#343=LINE('',#2593,#482);
#344=LINE('',#2598,#483);
#345=LINE('',#2602,#484);
#346=LINE('',#2604,#485);
#347=LINE('',#2605,#486);
#348=LINE('',#2611,#487);
#349=LINE('',#2614,#488);
#350=LINE('',#2616,#489);
#351=LINE('',#2617,#490);
#352=LINE('',#2622,#491);
#353=LINE('',#2625,#492);
#354=LINE('',#2626,#493);
#355=LINE('',#2631,#494);
#356=LINE('',#2634,#495);
#357=LINE('',#2635,#496);
#358=LINE('',#2640,#497);
#359=LINE('',#2643,#498);
#360=LINE('',#2644,#499);
#361=LINE('',#2649,#500);
#362=LINE('',#2652,#501);
#363=LINE('',#2653,#502);
#364=LINE('',#2663,#503);
#365=LINE('',#2668,#504);
#366=LINE('',#2674,#505);
#367=LINE('',#2680,#506);
#368=LINE('',#2686,#507);
#369=LINE('',#2692,#508);
#370=LINE('',#2694,#509);
#371=LINE('',#2696,#510);
#372=LINE('',#2711,#511);
#373=LINE('',#2714,#512);
#374=LINE('',#2725,#513);
#375=LINE('',#2730,#514);
#376=LINE('',#2736,#515);
#377=LINE('',#2742,#516);
#378=LINE('',#2748,#517);
#379=LINE('',#2750,#518);
#380=LINE('',#2752,#519);
#381=LINE('',#2758,#520);
#382=LINE('',#2763,#521);
#383=LINE('',#2766,#522);
#384=LINE('',#2772,#523);
#385=LINE('',#2777,#524);
#386=LINE('',#2792,#525);
#387=LINE('',#2806,#526);
#388=LINE('',#2821,#527);
#389=LINE('',#2836,#528);
#390=LINE('',#2845,#529);
#391=LINE('',#2859,#530);
#392=LINE('',#2863,#531);
#393=LINE('',#2867,#532);
#394=LINE('',#2871,#533);
#395=LINE('',#2875,#534);
#396=LINE('',#2879,#535);
#397=LINE('',#2883,#536);
#398=LINE('',#2904,#537);
#399=LINE('',#2907,#538);
#400=LINE('',#2911,#539);
#401=LINE('',#2915,#540);
#402=LINE('',#2919,#541);
#403=LINE('',#2923,#542);
#404=LINE('',#2927,#543);
#405=LINE('',#2944,#544);
#406=LINE('',#2948,#545);
#407=LINE('',#2951,#546);
#408=LINE('',#2954,#547);
#409=LINE('',#2958,#548);
#410=LINE('',#2959,#549);
#411=LINE('',#2964,#550);
#412=LINE('',#2966,#551);
#413=LINE('',#2967,#552);
#414=LINE('',#2970,#553);
#415=LINE('',#2974,#554);
#416=LINE('',#2975,#555);
#417=LINE('',#2978,#556);
#418=LINE('',#2982,#557);
#419=LINE('',#2983,#558);
#420=LINE('',#2986,#559);
#421=LINE('',#2990,#560);
#422=LINE('',#2991,#561);
#423=VECTOR('',#1916,10.);
#424=VECTOR('',#1919,10.);
#425=VECTOR('',#1922,10.);
#426=VECTOR('',#1923,10.);
#427=VECTOR('',#1924,10.);
#428=VECTOR('',#1929,10.);
#429=VECTOR('',#1934,10.);
#430=VECTOR('',#1935,10.);
#431=VECTOR('',#1936,10.);
#432=VECTOR('',#1941,10.);
#433=VECTOR('',#1944,10.);
#434=VECTOR('',#1947,10.);
#435=VECTOR('',#1948,10.);
#436=VECTOR('',#1949,10.);
#437=VECTOR('',#1954,10.);
#438=VECTOR('',#1959,10.);
#439=VECTOR('',#1960,10.);
#440=VECTOR('',#1961,10.);
#441=VECTOR('',#1966,10.);
#442=VECTOR('',#1969,10.);
#443=VECTOR('',#1972,10.);
#444=VECTOR('',#1973,10.);
#445=VECTOR('',#1978,10.);
#446=VECTOR('',#1983,10.);
#447=VECTOR('',#1984,10.);
#448=VECTOR('',#1985,10.);
#449=VECTOR('',#1990,10.);
#450=VECTOR('',#1995,10.);
#451=VECTOR('',#1996,10.);
#452=VECTOR('',#1997,10.);
#453=VECTOR('',#2002,10.);
#454=VECTOR('',#2005,10.);
#455=VECTOR('',#2008,10.);
#456=VECTOR('',#2009,10.);
#457=VECTOR('',#2014,10.);
#458=VECTOR('',#2017,10.);
#459=VECTOR('',#2020,10.);
#460=VECTOR('',#2021,10.);
#461=VECTOR('',#2022,10.);
#462=VECTOR('',#2027,10.);
#463=VECTOR('',#2030,10.);
#464=VECTOR('',#2033,10.);
#465=VECTOR('',#2034,10.);
#466=VECTOR('',#2039,10.);
#467=VECTOR('',#2042,10.);
#468=VECTOR('',#2045,10.);
#469=VECTOR('',#2046,10.);
#470=VECTOR('',#2047,10.);
#471=VECTOR('',#2052,10.);
#472=VECTOR('',#2057,10.);
#473=VECTOR('',#2058,10.);
#474=VECTOR('',#2059,10.);
#475=VECTOR('',#2064,10.);
#476=VECTOR('',#2069,10.);
#477=VECTOR('',#2070,10.);
#478=VECTOR('',#2071,10.);
#479=VECTOR('',#2076,10.);
#480=VECTOR('',#2079,10.);
#481=VECTOR('',#2082,10.);
#482=VECTOR('',#2083,10.);
#483=VECTOR('',#2088,10.);
#484=VECTOR('',#2093,10.);
#485=VECTOR('',#2094,10.);
#486=VECTOR('',#2095,10.);
#487=VECTOR('',#2100,10.);
#488=VECTOR('',#2103,10.);
#489=VECTOR('',#2106,10.);
#490=VECTOR('',#2107,10.);
#491=VECTOR('',#2112,10.);
#492=VECTOR('',#2117,10.);
#493=VECTOR('',#2118,10.);
#494=VECTOR('',#2123,10.);
#495=VECTOR('',#2128,10.);
#496=VECTOR('',#2129,10.);
#497=VECTOR('',#2134,10.);
#498=VECTOR('',#2139,10.);
#499=VECTOR('',#2140,10.);
#500=VECTOR('',#2145,10.);
#501=VECTOR('',#2150,10.);
#502=VECTOR('',#2151,10.);
#503=VECTOR('',#2156,2.);
#504=VECTOR('',#2163,10.);
#505=VECTOR('',#2164,10.);
#506=VECTOR('',#2165,10.);
#507=VECTOR('',#2166,10.);
#508=VECTOR('',#2167,10.);
#509=VECTOR('',#2168,10.);
#510=VECTOR('',#2169,10.);
#511=VECTOR('',#2170,10.);
#512=VECTOR('',#2173,1.5);
#513=VECTOR('',#2180,2.);
#514=VECTOR('',#2187,10.);
#515=VECTOR('',#2188,10.);
#516=VECTOR('',#2189,10.);
#517=VECTOR('',#2190,10.);
#518=VECTOR('',#2191,10.);
#519=VECTOR('',#2192,10.);
#520=VECTOR('',#2193,10.);
#521=VECTOR('',#2194,10.);
#522=VECTOR('',#2197,1.5);
#523=VECTOR('',#2204,2.);
#524=VECTOR('',#2211,1.5);
#525=VECTOR('',#2216,2.);
#526=VECTOR('',#2227,10.);
#527=VECTOR('',#2244,10.);
#528=VECTOR('',#2263,1.5);
#529=VECTOR('',#2268,2.);
#530=VECTOR('',#2273,1.5);
#531=VECTOR('',#2278,2.);
#532=VECTOR('',#2283,1.5);
#533=VECTOR('',#2288,2.);
#534=VECTOR('',#2293,1.5);
#535=VECTOR('',#2298,2.);
#536=VECTOR('',#2303,1.5);
#537=VECTOR('',#2318,10.);
#538=VECTOR('',#2321,1.5);
#539=VECTOR('',#2326,2.);
#540=VECTOR('',#2331,1.5);
#541=VECTOR('',#2336,2.);
#542=VECTOR('',#2341,1.5);
#543=VECTOR('',#2346,2.);
#544=VECTOR('',#2351,10.);
#545=VECTOR('',#2356,1.5);
#546=VECTOR('',#2361,10.);
#547=VECTOR('',#2364,10.);
#548=VECTOR('',#2369,10.);
#549=VECTOR('',#2370,10.);
#550=VECTOR('',#2377,10.);
#551=VECTOR('',#2378,10.);
#552=VECTOR('',#2379,10.);
#553=VECTOR('',#2382,10.);
#554=VECTOR('',#2387,10.);
#555=VECTOR('',#2388,10.);
#556=VECTOR('',#2391,10.);
#557=VECTOR('',#2396,10.);
#558=VECTOR('',#2397,10.);
#559=VECTOR('',#2400,10.);
#560=VECTOR('',#2405,10.);
#561=VECTOR('',#2406,10.);
#562=CIRCLE('',#1730,2.);
#563=CIRCLE('',#1731,2.);
#564=CIRCLE('',#1734,2.);
#565=CIRCLE('',#1735,2.);
#566=CIRCLE('',#1738,2.);
#567=CIRCLE('',#1739,2.);
#568=CIRCLE('',#1742,2.);
#569=CIRCLE('',#1743,2.);
#570=CIRCLE('',#1746,1.);
#571=CIRCLE('',#1747,1.);
#572=CIRCLE('',#1750,1.);
#573=CIRCLE('',#1751,1.);
#574=CIRCLE('',#1754,1.);
#575=CIRCLE('',#1755,1.);
#576=CIRCLE('',#1758,1.);
#577=CIRCLE('',#1759,1.);
#578=CIRCLE('',#1762,2.);
#579=CIRCLE('',#1763,2.);
#580=CIRCLE('',#1766,2.);
#581=CIRCLE('',#1767,2.);
#582=CIRCLE('',#1770,2.);
#583=CIRCLE('',#1771,2.);
#584=CIRCLE('',#1774,2.);
#585=CIRCLE('',#1775,2.);
#586=CIRCLE('',#1778,2.);
#587=CIRCLE('',#1779,2.);
#588=CIRCLE('',#1782,2.);
#589=CIRCLE('',#1783,2.);
#590=CIRCLE('',#1786,2.);
#591=CIRCLE('',#1787,2.);
#592=CIRCLE('',#1790,2.);
#593=CIRCLE('',#1791,2.);
#594=CIRCLE('',#1794,2.);
#595=CIRCLE('',#1795,2.);
#596=CIRCLE('',#1798,2.);
#597=CIRCLE('',#1799,2.);
#598=CIRCLE('',#1802,2.);
#599=CIRCLE('',#1803,2.);
#600=CIRCLE('',#1806,2.);
#601=CIRCLE('',#1807,2.);
#602=CIRCLE('',#1810,2.5);
#603=CIRCLE('',#1811,1.5);
#604=CIRCLE('',#1812,2.5);
#605=CIRCLE('',#1815,1.5);
#606=CIRCLE('',#1817,2.5);
#607=CIRCLE('',#1818,1.5);
#608=CIRCLE('',#1819,2.5);
#609=CIRCLE('',#1822,1.5);
#610=CIRCLE('',#1824,2.5);
#611=CIRCLE('',#1825,1.5);
#612=CIRCLE('',#1826,2.5);
#613=CIRCLE('',#1828,1.5);
#614=CIRCLE('',#1830,1.5);
#615=CIRCLE('',#1831,2.5);
#616=CIRCLE('',#1833,2.5);
#617=CIRCLE('',#1834,2.);
#618=CIRCLE('',#1835,2.00000000000001);
#619=CIRCLE('',#1836,2.5);
#620=CIRCLE('',#1837,2.5);
#621=CIRCLE('',#1838,2.5);
#622=CIRCLE('',#1839,2.5);
#623=CIRCLE('',#1840,2.5);
#624=CIRCLE('',#1841,2.5);
#625=CIRCLE('',#1842,2.);
#626=CIRCLE('',#1843,2.);
#627=CIRCLE('',#1844,2.5);
#628=CIRCLE('',#1845,2.5);
#629=CIRCLE('',#1846,2.5);
#630=CIRCLE('',#1847,2.5);
#631=CIRCLE('',#1848,2.5);
#632=CIRCLE('',#1849,2.5);
#633=CIRCLE('',#1850,2.5);
#634=CIRCLE('',#1852,1.5);
#635=CIRCLE('',#1854,1.5);
#636=CIRCLE('',#1856,1.5);
#637=CIRCLE('',#1858,1.5);
#638=CIRCLE('',#1860,1.5);
#639=CIRCLE('',#1862,1.5);
#640=CIRCLE('',#1864,1.5);
#641=CIRCLE('',#1866,1.5);
#642=CIRCLE('',#1868,1.5);
#643=CIRCLE('',#1870,1.);
#644=CIRCLE('',#1871,1.5);
#645=CIRCLE('',#1872,1.5);
#646=CIRCLE('',#1874,3.);
#647=CIRCLE('',#1876,1.5);
#648=CIRCLE('',#1878,1.5);
#649=CIRCLE('',#1880,1.5);
#650=CIRCLE('',#1882,1.5);
#651=CIRCLE('',#1884,1.5);
#652=CIRCLE('',#1886,1.5);
#653=CIRCLE('',#1888,3.);
#654=CIRCLE('',#1890,1.5);
#655=CIRCLE('',#1893,3.);
#656=CIRCLE('',#1896,3.);
#657=CIRCLE('',#1899,3.);
#658=CIRCLE('',#1902,3.);
#659=CIRCLE('',#1905,3.);
#660=CIRCLE('',#1908,3.);
#661=VERTEX_POINT('',#2415);
#662=VERTEX_POINT('',#2416);
#663=VERTEX_POINT('',#2418);
#664=VERTEX_POINT('',#2420);
#665=VERTEX_POINT('',#2424);
#666=VERTEX_POINT('',#2426);
#667=VERTEX_POINT('',#2430);
#668=VERTEX_POINT('',#2432);
#669=VERTEX_POINT('',#2436);
#670=VERTEX_POINT('',#2438);
#671=VERTEX_POINT('',#2442);
#672=VERTEX_POINT('',#2443);
#673=VERTEX_POINT('',#2445);
#674=VERTEX_POINT('',#2447);
#675=VERTEX_POINT('',#2451);
#676=VERTEX_POINT('',#2453);
#677=VERTEX_POINT('',#2457);
#678=VERTEX_POINT('',#2459);
#679=VERTEX_POINT('',#2463);
#680=VERTEX_POINT('',#2465);
#681=VERTEX_POINT('',#2469);
#682=VERTEX_POINT('',#2470);
#683=VERTEX_POINT('',#2472);
#684=VERTEX_POINT('',#2474);
#685=VERTEX_POINT('',#2481);
#686=VERTEX_POINT('',#2483);
#687=VERTEX_POINT('',#2487);
#688=VERTEX_POINT('',#2489);
#689=VERTEX_POINT('',#2493);
#690=VERTEX_POINT('',#2495);
#691=VERTEX_POINT('',#2499);
#692=VERTEX_POINT('',#2501);
#693=VERTEX_POINT('',#2505);
#694=VERTEX_POINT('',#2506);
#695=VERTEX_POINT('',#2508);
#696=VERTEX_POINT('',#2510);
#697=VERTEX_POINT('',#2517);
#698=VERTEX_POINT('',#2518);
#699=VERTEX_POINT('',#2520);
#700=VERTEX_POINT('',#2522);
#701=VERTEX_POINT('',#2526);
#702=VERTEX_POINT('',#2528);
#703=VERTEX_POINT('',#2532);
#704=VERTEX_POINT('',#2533);
#705=VERTEX_POINT('',#2535);
#706=VERTEX_POINT('',#2537);
#707=VERTEX_POINT('',#2544);
#708=VERTEX_POINT('',#2545);
#709=VERTEX_POINT('',#2547);
#710=VERTEX_POINT('',#2549);
#711=VERTEX_POINT('',#2553);
#712=VERTEX_POINT('',#2555);
#713=VERTEX_POINT('',#2559);
#714=VERTEX_POINT('',#2561);
#715=VERTEX_POINT('',#2565);
#716=VERTEX_POINT('',#2567);
#717=VERTEX_POINT('',#2571);
#718=VERTEX_POINT('',#2573);
#719=VERTEX_POINT('',#2577);
#720=VERTEX_POINT('',#2579);
#721=VERTEX_POINT('',#2583);
#722=VERTEX_POINT('',#2584);
#723=VERTEX_POINT('',#2586);
#724=VERTEX_POINT('',#2588);
#725=VERTEX_POINT('',#2595);
#726=VERTEX_POINT('',#2597);
#727=VERTEX_POINT('',#2601);
#728=VERTEX_POINT('',#2603);
#729=VERTEX_POINT('',#2607);
#730=VERTEX_POINT('',#2608);
#731=VERTEX_POINT('',#2610);
#732=VERTEX_POINT('',#2612);
#733=VERTEX_POINT('',#2619);
#734=VERTEX_POINT('',#2621);
#735=VERTEX_POINT('',#2628);
#736=VERTEX_POINT('',#2630);
#737=VERTEX_POINT('',#2637);
#738=VERTEX_POINT('',#2639);
#739=VERTEX_POINT('',#2646);
#740=VERTEX_POINT('',#2648);
#741=VERTEX_POINT('',#2655);
#742=VERTEX_POINT('',#2656);
#743=VERTEX_POINT('',#2660);
#744=VERTEX_POINT('',#2662);
#745=VERTEX_POINT('',#2667);
#746=VERTEX_POINT('',#2669);
#747=VERTEX_POINT('',#2673);
#748=VERTEX_POINT('',#2675);
#749=VERTEX_POINT('',#2679);
#750=VERTEX_POINT('',#2681);
#751=VERTEX_POINT('',#2685);
#752=VERTEX_POINT('',#2687);
#753=VERTEX_POINT('',#2691);
#754=VERTEX_POINT('',#2693);
#755=VERTEX_POINT('',#2695);
#756=VERTEX_POINT('',#2697);
#757=VERTEX_POINT('',#2702);
#758=VERTEX_POINT('',#2713);
#759=VERTEX_POINT('',#2717);
#760=VERTEX_POINT('',#2718);
#761=VERTEX_POINT('',#2722);
#762=VERTEX_POINT('',#2724);
#763=VERTEX_POINT('',#2729);
#764=VERTEX_POINT('',#2731);
#765=VERTEX_POINT('',#2735);
#766=VERTEX_POINT('',#2737);
#767=VERTEX_POINT('',#2741);
#768=VERTEX_POINT('',#2743);
#769=VERTEX_POINT('',#2747);
#770=VERTEX_POINT('',#2749);
#771=VERTEX_POINT('',#2751);
#772=VERTEX_POINT('',#2753);
#773=VERTEX_POINT('',#2757);
#774=VERTEX_POINT('',#2759);
#775=VERTEX_POINT('',#2765);
#776=VERTEX_POINT('',#2769);
#777=VERTEX_POINT('',#2771);
#778=VERTEX_POINT('',#2776);
#779=VERTEX_POINT('',#2780);
#780=VERTEX_POINT('',#2791);
#781=VERTEX_POINT('',#2794);
#782=VERTEX_POINT('',#2801);
#783=VERTEX_POINT('',#2803);
#784=VERTEX_POINT('',#2805);
#785=VERTEX_POINT('',#2807);
#786=VERTEX_POINT('',#2809);
#787=VERTEX_POINT('',#2812);
#788=VERTEX_POINT('',#2815);
#789=VERTEX_POINT('',#2818);
#790=VERTEX_POINT('',#2820);
#791=VERTEX_POINT('',#2822);
#792=VERTEX_POINT('',#2825);
#793=VERTEX_POINT('',#2828);
#794=VERTEX_POINT('',#2831);
#795=VERTEX_POINT('',#2835);
#796=VERTEX_POINT('',#2839);
#797=VERTEX_POINT('',#2844);
#798=VERTEX_POINT('',#2858);
#799=VERTEX_POINT('',#2862);
#800=VERTEX_POINT('',#2866);
#801=VERTEX_POINT('',#2870);
#802=VERTEX_POINT('',#2874);
#803=VERTEX_POINT('',#2878);
#804=VERTEX_POINT('',#2882);
#805=VERTEX_POINT('',#2896);
#806=VERTEX_POINT('',#2898);
#807=VERTEX_POINT('',#2902);
#808=VERTEX_POINT('',#2906);
#809=VERTEX_POINT('',#2910);
#810=VERTEX_POINT('',#2914);
#811=VERTEX_POINT('',#2918);
#812=VERTEX_POINT('',#2922);
#813=VERTEX_POINT('',#2926);
#814=VERTEX_POINT('',#2943);
#815=VERTEX_POINT('',#2947);
#816=VERTEX_POINT('',#2953);
#817=VERTEX_POINT('',#2957);
#818=VERTEX_POINT('',#2963);
#819=VERTEX_POINT('',#2965);
#820=VERTEX_POINT('',#2969);
#821=VERTEX_POINT('',#2973);
#822=VERTEX_POINT('',#2977);
#823=VERTEX_POINT('',#2981);
#824=VERTEX_POINT('',#2985);
#825=VERTEX_POINT('',#2989);
#826=EDGE_CURVE('',#661,#662,#562,.T.);
#827=EDGE_CURVE('',#662,#663,#284,.T.);
#828=EDGE_CURVE('',#663,#664,#563,.T.);
#829=EDGE_CURVE('',#664,#661,#285,.T.);
#830=EDGE_CURVE('',#665,#662,#286,.T.);
#831=EDGE_CURVE('',#666,#665,#287,.T.);
#832=EDGE_CURVE('',#663,#666,#288,.T.);
#833=EDGE_CURVE('',#665,#667,#564,.T.);
#834=EDGE_CURVE('',#667,#668,#289,.T.);
#835=EDGE_CURVE('',#668,#666,#565,.T.);
#836=EDGE_CURVE('',#669,#667,#290,.T.);
#837=EDGE_CURVE('',#670,#669,#291,.T.);
#838=EDGE_CURVE('',#668,#670,#292,.T.);
#839=EDGE_CURVE('',#671,#672,#566,.T.);
#840=EDGE_CURVE('',#672,#673,#293,.T.);
#841=EDGE_CURVE('',#673,#674,#567,.T.);
#842=EDGE_CURVE('',#674,#671,#294,.T.);
#843=EDGE_CURVE('',#675,#672,#295,.T.);
#844=EDGE_CURVE('',#676,#675,#296,.T.);
#845=EDGE_CURVE('',#673,#676,#297,.T.);
#846=EDGE_CURVE('',#675,#677,#568,.T.);
#847=EDGE_CURVE('',#677,#678,#298,.T.);
#848=EDGE_CURVE('',#678,#676,#569,.T.);
#849=EDGE_CURVE('',#679,#677,#299,.T.);
#850=EDGE_CURVE('',#680,#679,#300,.T.);
#851=EDGE_CURVE('',#678,#680,#301,.T.);
#852=EDGE_CURVE('',#681,#682,#570,.T.);
#853=EDGE_CURVE('',#682,#683,#302,.T.);
#854=EDGE_CURVE('',#683,#684,#571,.T.);
#855=EDGE_CURVE('',#684,#681,#303,.T.);
#856=EDGE_CURVE('',#683,#674,#304,.T.);
#857=EDGE_CURVE('',#671,#682,#305,.T.);
#858=EDGE_CURVE('',#669,#685,#572,.T.);
#859=EDGE_CURVE('',#685,#686,#306,.T.);
#860=EDGE_CURVE('',#686,#670,#573,.T.);
#861=EDGE_CURVE('',#687,#685,#307,.T.);
#862=EDGE_CURVE('',#688,#687,#308,.T.);
#863=EDGE_CURVE('',#686,#688,#309,.T.);
#864=EDGE_CURVE('',#679,#689,#574,.T.);
#865=EDGE_CURVE('',#689,#690,#310,.T.);
#866=EDGE_CURVE('',#690,#680,#575,.T.);
#867=EDGE_CURVE('',#691,#689,#311,.T.);
#868=EDGE_CURVE('',#692,#691,#312,.T.);
#869=EDGE_CURVE('',#690,#692,#313,.T.);
#870=EDGE_CURVE('',#693,#694,#576,.T.);
#871=EDGE_CURVE('',#694,#695,#314,.T.);
#872=EDGE_CURVE('',#695,#696,#577,.T.);
#873=EDGE_CURVE('',#696,#693,#315,.T.);
#874=EDGE_CURVE('',#695,#664,#316,.T.);
#875=EDGE_CURVE('',#661,#694,#317,.T.);
#876=EDGE_CURVE('',#697,#698,#578,.T.);
#877=EDGE_CURVE('',#698,#699,#318,.T.);
#878=EDGE_CURVE('',#699,#700,#579,.T.);
#879=EDGE_CURVE('',#700,#697,#319,.T.);
#880=EDGE_CURVE('',#701,#698,#320,.T.);
#881=EDGE_CURVE('',#702,#701,#321,.T.);
#882=EDGE_CURVE('',#699,#702,#322,.T.);
#883=EDGE_CURVE('',#703,#704,#580,.T.);
#884=EDGE_CURVE('',#704,#705,#323,.T.);
#885=EDGE_CURVE('',#705,#706,#581,.T.);
#886=EDGE_CURVE('',#706,#703,#324,.T.);
#887=EDGE_CURVE('',#705,#700,#325,.T.);
#888=EDGE_CURVE('',#697,#704,#326,.T.);
#889=EDGE_CURVE('',#707,#708,#582,.T.);
#890=EDGE_CURVE('',#708,#709,#327,.T.);
#891=EDGE_CURVE('',#709,#710,#583,.T.);
#892=EDGE_CURVE('',#710,#707,#328,.T.);
#893=EDGE_CURVE('',#711,#708,#329,.T.);
#894=EDGE_CURVE('',#712,#711,#330,.T.);
#895=EDGE_CURVE('',#709,#712,#331,.T.);
#896=EDGE_CURVE('',#711,#713,#584,.T.);
#897=EDGE_CURVE('',#713,#714,#332,.T.);
#898=EDGE_CURVE('',#714,#712,#585,.T.);
#899=EDGE_CURVE('',#715,#713,#333,.T.);
#900=EDGE_CURVE('',#716,#715,#334,.T.);
#901=EDGE_CURVE('',#714,#716,#335,.T.);
#902=EDGE_CURVE('',#701,#717,#586,.T.);
#903=EDGE_CURVE('',#717,#718,#336,.T.);
#904=EDGE_CURVE('',#718,#702,#587,.T.);
#905=EDGE_CURVE('',#719,#717,#337,.T.);
#906=EDGE_CURVE('',#720,#719,#338,.T.);
#907=EDGE_CURVE('',#718,#720,#339,.T.);
#908=EDGE_CURVE('',#721,#722,#588,.T.);
#909=EDGE_CURVE('',#722,#723,#340,.T.);
#910=EDGE_CURVE('',#723,#724,#589,.T.);
#911=EDGE_CURVE('',#724,#721,#341,.T.);
#912=EDGE_CURVE('',#723,#706,#342,.T.);
#913=EDGE_CURVE('',#703,#722,#343,.T.);
#914=EDGE_CURVE('',#715,#725,#590,.T.);
#915=EDGE_CURVE('',#725,#726,#344,.T.);
#916=EDGE_CURVE('',#726,#716,#591,.T.);
#917=EDGE_CURVE('',#727,#725,#345,.T.);
#918=EDGE_CURVE('',#728,#727,#346,.T.);
#919=EDGE_CURVE('',#726,#728,#347,.T.);
#920=EDGE_CURVE('',#729,#730,#592,.T.);
#921=EDGE_CURVE('',#730,#731,#348,.T.);
#922=EDGE_CURVE('',#731,#732,#593,.T.);
#923=EDGE_CURVE('',#732,#729,#349,.T.);
#924=EDGE_CURVE('',#731,#710,#350,.T.);
#925=EDGE_CURVE('',#707,#730,#351,.T.);
#926=EDGE_CURVE('',#691,#733,#594,.T.);
#927=EDGE_CURVE('',#733,#734,#352,.T.);
#928=EDGE_CURVE('',#734,#692,#595,.T.);
#929=EDGE_CURVE('',#734,#684,#353,.T.);
#930=EDGE_CURVE('',#681,#733,#354,.T.);
#931=EDGE_CURVE('',#719,#735,#596,.T.);
#932=EDGE_CURVE('',#735,#736,#355,.T.);
#933=EDGE_CURVE('',#736,#720,#597,.T.);
#934=EDGE_CURVE('',#736,#724,#356,.T.);
#935=EDGE_CURVE('',#721,#735,#357,.T.);
#936=EDGE_CURVE('',#687,#737,#598,.T.);
#937=EDGE_CURVE('',#737,#738,#358,.T.);
#938=EDGE_CURVE('',#738,#688,#599,.T.);
#939=EDGE_CURVE('',#738,#696,#359,.T.);
#940=EDGE_CURVE('',#693,#737,#360,.T.);
#941=EDGE_CURVE('',#727,#739,#600,.T.);
#942=EDGE_CURVE('',#739,#740,#361,.T.);
#943=EDGE_CURVE('',#740,#728,#601,.T.);
#944=EDGE_CURVE('',#740,#732,#362,.T.);
#945=EDGE_CURVE('',#729,#739,#363,.T.);
#946=EDGE_CURVE('',#741,#742,#44,.T.);
#947=EDGE_CURVE('',#742,#743,#602,.T.);
#948=EDGE_CURVE('',#743,#744,#364,.T.);
#949=EDGE_CURVE('',#744,#744,#603,.T.);
#950=EDGE_CURVE('',#743,#741,#604,.T.);
#951=EDGE_CURVE('',#741,#745,#365,.T.);
#952=EDGE_CURVE('',#746,#745,#45,.T.);
#953=EDGE_CURVE('',#746,#747,#366,.T.);
#954=EDGE_CURVE('',#748,#747,#46,.T.);
#955=EDGE_CURVE('',#748,#749,#367,.T.);
#956=EDGE_CURVE('',#750,#749,#47,.T.);
#957=EDGE_CURVE('',#750,#751,#368,.T.);
#958=EDGE_CURVE('',#752,#751,#48,.T.);
#959=EDGE_CURVE('',#752,#753,#369,.T.);
#960=EDGE_CURVE('',#753,#754,#370,.T.);
#961=EDGE_CURVE('',#755,#754,#371,.T.);
#962=EDGE_CURVE('',#756,#755,#36,.T.);
#963=EDGE_CURVE('',#757,#756,#37,.T.);
#964=EDGE_CURVE('',#757,#742,#372,.T.);
#965=EDGE_CURVE('',#744,#758,#373,.T.);
#966=EDGE_CURVE('',#758,#758,#605,.T.);
#967=EDGE_CURVE('',#759,#760,#49,.T.);
#968=EDGE_CURVE('',#760,#761,#606,.T.);
#969=EDGE_CURVE('',#761,#762,#374,.T.);
#970=EDGE_CURVE('',#762,#762,#607,.T.);
#971=EDGE_CURVE('',#761,#759,#608,.T.);
#972=EDGE_CURVE('',#759,#763,#375,.T.);
#973=EDGE_CURVE('',#764,#763,#50,.T.);
#974=EDGE_CURVE('',#764,#765,#376,.T.);
#975=EDGE_CURVE('',#766,#765,#51,.T.);
#976=EDGE_CURVE('',#766,#767,#377,.T.);
#977=EDGE_CURVE('',#768,#767,#52,.T.);
#978=EDGE_CURVE('',#769,#768,#378,.T.);
#979=EDGE_CURVE('',#769,#770,#379,.T.);
#980=EDGE_CURVE('',#771,#770,#380,.T.);
#981=EDGE_CURVE('',#772,#771,#53,.T.);
#982=EDGE_CURVE('',#772,#773,#381,.T.);
#983=EDGE_CURVE('',#774,#773,#54,.T.);
#984=EDGE_CURVE('',#774,#760,#382,.T.);
#985=EDGE_CURVE('',#762,#775,#383,.T.);
#986=EDGE_CURVE('',#775,#775,#609,.T.);
#987=EDGE_CURVE('',#773,#776,#610,.T.);
#988=EDGE_CURVE('',#776,#777,#384,.T.);
#989=EDGE_CURVE('',#777,#777,#611,.T.);
#990=EDGE_CURVE('',#776,#774,#612,.T.);
#991=EDGE_CURVE('',#777,#778,#385,.T.);
#992=EDGE_CURVE('',#778,#778,#613,.T.);
#993=EDGE_CURVE('',#771,#779,#38,.T.);
#994=EDGE_CURVE('',#779,#780,#386,.T.);
#995=EDGE_CURVE('',#780,#780,#614,.T.);
#996=EDGE_CURVE('',#779,#781,#39,.T.);
#997=EDGE_CURVE('',#781,#772,#615,.T.);
#998=EDGE_CURVE('',#782,#757,#616,.T.);
#999=EDGE_CURVE('',#783,#782,#617,.T.);
#1000=EDGE_CURVE('',#784,#783,#387,.T.);
#1001=EDGE_CURVE('',#785,#784,#618,.T.);
#1002=EDGE_CURVE('',#786,#785,#619,.T.);
#1003=EDGE_CURVE('',#767,#786,#620,.T.);
#1004=EDGE_CURVE('',#787,#766,#621,.T.);
#1005=EDGE_CURVE('',#765,#787,#622,.T.);
#1006=EDGE_CURVE('',#788,#764,#623,.T.);
#1007=EDGE_CURVE('',#763,#788,#624,.T.);
#1008=EDGE_CURVE('',#789,#781,#625,.T.);
#1009=EDGE_CURVE('',#790,#789,#388,.T.);
#1010=EDGE_CURVE('',#791,#790,#626,.T.);
#1011=EDGE_CURVE('',#751,#791,#627,.T.);
#1012=EDGE_CURVE('',#792,#750,#628,.T.);
#1013=EDGE_CURVE('',#749,#792,#629,.T.);
#1014=EDGE_CURVE('',#793,#748,#630,.T.);
#1015=EDGE_CURVE('',#747,#793,#631,.T.);
#1016=EDGE_CURVE('',#794,#746,#632,.T.);
#1017=EDGE_CURVE('',#745,#794,#633,.T.);
#1018=EDGE_CURVE('',#780,#795,#389,.T.);
#1019=EDGE_CURVE('',#795,#795,#634,.T.);
#1020=EDGE_CURVE('',#791,#796,#40,.T.);
#1021=EDGE_CURVE('',#796,#797,#390,.T.);
#1022=EDGE_CURVE('',#797,#797,#635,.T.);
#1023=EDGE_CURVE('',#796,#752,#41,.T.);
#1024=EDGE_CURVE('',#797,#798,#391,.T.);
#1025=EDGE_CURVE('',#798,#798,#636,.T.);
#1026=EDGE_CURVE('',#792,#799,#392,.T.);
#1027=EDGE_CURVE('',#799,#799,#637,.T.);
#1028=EDGE_CURVE('',#799,#800,#393,.T.);
#1029=EDGE_CURVE('',#800,#800,#638,.T.);
#1030=EDGE_CURVE('',#793,#801,#394,.T.);
#1031=EDGE_CURVE('',#801,#801,#639,.T.);
#1032=EDGE_CURVE('',#801,#802,#395,.T.);
#1033=EDGE_CURVE('',#802,#802,#640,.T.);
#1034=EDGE_CURVE('',#794,#803,#396,.T.);
#1035=EDGE_CURVE('',#803,#803,#641,.T.);
#1036=EDGE_CURVE('',#803,#804,#397,.T.);
#1037=EDGE_CURVE('',#804,#804,#642,.T.);
#1038=EDGE_CURVE('',#755,#782,#42,.T.);
#1039=EDGE_CURVE('',#756,#805,#643,.T.);
#1040=EDGE_CURVE('',#805,#806,#644,.T.);
#1041=EDGE_CURVE('',#806,#805,#645,.T.);
#1042=EDGE_CURVE('',#754,#807,#646,.T.);
#1043=EDGE_CURVE('',#783,#807,#398,.T.);
#1044=EDGE_CURVE('',#806,#808,#399,.T.);
#1045=EDGE_CURVE('',#808,#808,#647,.T.);
#1046=EDGE_CURVE('',#788,#809,#400,.T.);
#1047=EDGE_CURVE('',#809,#809,#648,.T.);
#1048=EDGE_CURVE('',#809,#810,#401,.T.);
#1049=EDGE_CURVE('',#810,#810,#649,.T.);
#1050=EDGE_CURVE('',#787,#811,#402,.T.);
#1051=EDGE_CURVE('',#811,#811,#650,.T.);
#1052=EDGE_CURVE('',#811,#812,#403,.T.);
#1053=EDGE_CURVE('',#812,#812,#651,.T.);
#1054=EDGE_CURVE('',#786,#813,#404,.T.);
#1055=EDGE_CURVE('',#813,#813,#652,.T.);
#1056=EDGE_CURVE('',#785,#768,#43,.T.);
#1057=EDGE_CURVE('',#784,#814,#405,.T.);
#1058=EDGE_CURVE('',#814,#769,#653,.T.);
#1059=EDGE_CURVE('',#813,#815,#406,.T.);
#1060=EDGE_CURVE('',#815,#815,#654,.T.);
#1061=EDGE_CURVE('',#807,#814,#407,.T.);
#1062=EDGE_CURVE('',#790,#816,#408,.T.);
#1063=EDGE_CURVE('',#816,#753,#655,.T.);
#1064=EDGE_CURVE('',#789,#817,#409,.T.);
#1065=EDGE_CURVE('',#817,#816,#410,.T.);
#1066=EDGE_CURVE('',#770,#817,#656,.T.);
#1067=EDGE_CURVE('',#818,#817,#411,.T.);
#1068=EDGE_CURVE('',#818,#819,#412,.T.);
#1069=EDGE_CURVE('',#816,#819,#413,.T.);
#1070=EDGE_CURVE('',#770,#820,#414,.T.);
#1071=EDGE_CURVE('',#820,#818,#657,.T.);
#1072=EDGE_CURVE('',#821,#769,#415,.T.);
#1073=EDGE_CURVE('',#821,#820,#416,.T.);
#1074=EDGE_CURVE('',#814,#822,#417,.T.);
#1075=EDGE_CURVE('',#822,#821,#658,.T.);
#1076=EDGE_CURVE('',#823,#807,#418,.T.);
#1077=EDGE_CURVE('',#823,#822,#419,.T.);
#1078=EDGE_CURVE('',#754,#824,#420,.T.);
#1079=EDGE_CURVE('',#824,#823,#659,.T.);
#1080=EDGE_CURVE('',#825,#753,#421,.T.);
#1081=EDGE_CURVE('',#825,#824,#422,.T.);
#1082=EDGE_CURVE('',#819,#825,#660,.T.);
#1083=ORIENTED_EDGE('',*,*,#826,.T.);
#1084=ORIENTED_EDGE('',*,*,#827,.T.);
#1085=ORIENTED_EDGE('',*,*,#828,.T.);
#1086=ORIENTED_EDGE('',*,*,#829,.T.);
#1087=ORIENTED_EDGE('',*,*,#827,.F.);
#1088=ORIENTED_EDGE('',*,*,#830,.F.);
#1089=ORIENTED_EDGE('',*,*,#831,.F.);
#1090=ORIENTED_EDGE('',*,*,#832,.F.);
#1091=ORIENTED_EDGE('',*,*,#833,.T.);
#1092=ORIENTED_EDGE('',*,*,#834,.T.);
#1093=ORIENTED_EDGE('',*,*,#835,.T.);
#1094=ORIENTED_EDGE('',*,*,#831,.T.);
#1095=ORIENTED_EDGE('',*,*,#834,.F.);
#1096=ORIENTED_EDGE('',*,*,#836,.F.);
#1097=ORIENTED_EDGE('',*,*,#837,.F.);
#1098=ORIENTED_EDGE('',*,*,#838,.F.);
#1099=ORIENTED_EDGE('',*,*,#839,.T.);
#1100=ORIENTED_EDGE('',*,*,#840,.T.);
#1101=ORIENTED_EDGE('',*,*,#841,.T.);
#1102=ORIENTED_EDGE('',*,*,#842,.T.);
#1103=ORIENTED_EDGE('',*,*,#840,.F.);
#1104=ORIENTED_EDGE('',*,*,#843,.F.);
#1105=ORIENTED_EDGE('',*,*,#844,.F.);
#1106=ORIENTED_EDGE('',*,*,#845,.F.);
#1107=ORIENTED_EDGE('',*,*,#846,.T.);
#1108=ORIENTED_EDGE('',*,*,#847,.T.);
#1109=ORIENTED_EDGE('',*,*,#848,.T.);
#1110=ORIENTED_EDGE('',*,*,#844,.T.);
#1111=ORIENTED_EDGE('',*,*,#847,.F.);
#1112=ORIENTED_EDGE('',*,*,#849,.F.);
#1113=ORIENTED_EDGE('',*,*,#850,.F.);
#1114=ORIENTED_EDGE('',*,*,#851,.F.);
#1115=ORIENTED_EDGE('',*,*,#852,.T.);
#1116=ORIENTED_EDGE('',*,*,#853,.T.);
#1117=ORIENTED_EDGE('',*,*,#854,.T.);
#1118=ORIENTED_EDGE('',*,*,#855,.T.);
#1119=ORIENTED_EDGE('',*,*,#842,.F.);
#1120=ORIENTED_EDGE('',*,*,#856,.F.);
#1121=ORIENTED_EDGE('',*,*,#853,.F.);
#1122=ORIENTED_EDGE('',*,*,#857,.F.);
#1123=ORIENTED_EDGE('',*,*,#858,.T.);
#1124=ORIENTED_EDGE('',*,*,#859,.T.);
#1125=ORIENTED_EDGE('',*,*,#860,.T.);
#1126=ORIENTED_EDGE('',*,*,#837,.T.);
#1127=ORIENTED_EDGE('',*,*,#859,.F.);
#1128=ORIENTED_EDGE('',*,*,#861,.F.);
#1129=ORIENTED_EDGE('',*,*,#862,.F.);
#1130=ORIENTED_EDGE('',*,*,#863,.F.);
#1131=ORIENTED_EDGE('',*,*,#864,.T.);
#1132=ORIENTED_EDGE('',*,*,#865,.T.);
#1133=ORIENTED_EDGE('',*,*,#866,.T.);
#1134=ORIENTED_EDGE('',*,*,#850,.T.);
#1135=ORIENTED_EDGE('',*,*,#865,.F.);
#1136=ORIENTED_EDGE('',*,*,#867,.F.);
#1137=ORIENTED_EDGE('',*,*,#868,.F.);
#1138=ORIENTED_EDGE('',*,*,#869,.F.);
#1139=ORIENTED_EDGE('',*,*,#870,.T.);
#1140=ORIENTED_EDGE('',*,*,#871,.T.);
#1141=ORIENTED_EDGE('',*,*,#872,.T.);
#1142=ORIENTED_EDGE('',*,*,#873,.T.);
#1143=ORIENTED_EDGE('',*,*,#829,.F.);
#1144=ORIENTED_EDGE('',*,*,#874,.F.);
#1145=ORIENTED_EDGE('',*,*,#871,.F.);
#1146=ORIENTED_EDGE('',*,*,#875,.F.);
#1147=ORIENTED_EDGE('',*,*,#876,.T.);
#1148=ORIENTED_EDGE('',*,*,#877,.T.);
#1149=ORIENTED_EDGE('',*,*,#878,.T.);
#1150=ORIENTED_EDGE('',*,*,#879,.T.);
#1151=ORIENTED_EDGE('',*,*,#877,.F.);
#1152=ORIENTED_EDGE('',*,*,#880,.F.);
#1153=ORIENTED_EDGE('',*,*,#881,.F.);
#1154=ORIENTED_EDGE('',*,*,#882,.F.);
#1155=ORIENTED_EDGE('',*,*,#883,.T.);
#1156=ORIENTED_EDGE('',*,*,#884,.T.);
#1157=ORIENTED_EDGE('',*,*,#885,.T.);
#1158=ORIENTED_EDGE('',*,*,#886,.T.);
#1159=ORIENTED_EDGE('',*,*,#879,.F.);
#1160=ORIENTED_EDGE('',*,*,#887,.F.);
#1161=ORIENTED_EDGE('',*,*,#884,.F.);
#1162=ORIENTED_EDGE('',*,*,#888,.F.);
#1163=ORIENTED_EDGE('',*,*,#889,.T.);
#1164=ORIENTED_EDGE('',*,*,#890,.T.);
#1165=ORIENTED_EDGE('',*,*,#891,.T.);
#1166=ORIENTED_EDGE('',*,*,#892,.T.);
#1167=ORIENTED_EDGE('',*,*,#890,.F.);
#1168=ORIENTED_EDGE('',*,*,#893,.F.);
#1169=ORIENTED_EDGE('',*,*,#894,.F.);
#1170=ORIENTED_EDGE('',*,*,#895,.F.);
#1171=ORIENTED_EDGE('',*,*,#896,.T.);
#1172=ORIENTED_EDGE('',*,*,#897,.T.);
#1173=ORIENTED_EDGE('',*,*,#898,.T.);
#1174=ORIENTED_EDGE('',*,*,#894,.T.);
#1175=ORIENTED_EDGE('',*,*,#897,.F.);
#1176=ORIENTED_EDGE('',*,*,#899,.F.);
#1177=ORIENTED_EDGE('',*,*,#900,.F.);
#1178=ORIENTED_EDGE('',*,*,#901,.F.);
#1179=ORIENTED_EDGE('',*,*,#902,.T.);
#1180=ORIENTED_EDGE('',*,*,#903,.T.);
#1181=ORIENTED_EDGE('',*,*,#904,.T.);
#1182=ORIENTED_EDGE('',*,*,#881,.T.);
#1183=ORIENTED_EDGE('',*,*,#903,.F.);
#1184=ORIENTED_EDGE('',*,*,#905,.F.);
#1185=ORIENTED_EDGE('',*,*,#906,.F.);
#1186=ORIENTED_EDGE('',*,*,#907,.F.);
#1187=ORIENTED_EDGE('',*,*,#908,.T.);
#1188=ORIENTED_EDGE('',*,*,#909,.T.);
#1189=ORIENTED_EDGE('',*,*,#910,.T.);
#1190=ORIENTED_EDGE('',*,*,#911,.T.);
#1191=ORIENTED_EDGE('',*,*,#886,.F.);
#1192=ORIENTED_EDGE('',*,*,#912,.F.);
#1193=ORIENTED_EDGE('',*,*,#909,.F.);
#1194=ORIENTED_EDGE('',*,*,#913,.F.);
#1195=ORIENTED_EDGE('',*,*,#914,.T.);
#1196=ORIENTED_EDGE('',*,*,#915,.T.);
#1197=ORIENTED_EDGE('',*,*,#916,.T.);
#1198=ORIENTED_EDGE('',*,*,#900,.T.);
#1199=ORIENTED_EDGE('',*,*,#915,.F.);
#1200=ORIENTED_EDGE('',*,*,#917,.F.);
#1201=ORIENTED_EDGE('',*,*,#918,.F.);
#1202=ORIENTED_EDGE('',*,*,#919,.F.);
#1203=ORIENTED_EDGE('',*,*,#920,.T.);
#1204=ORIENTED_EDGE('',*,*,#921,.T.);
#1205=ORIENTED_EDGE('',*,*,#922,.T.);
#1206=ORIENTED_EDGE('',*,*,#923,.T.);
#1207=ORIENTED_EDGE('',*,*,#892,.F.);
#1208=ORIENTED_EDGE('',*,*,#924,.F.);
#1209=ORIENTED_EDGE('',*,*,#921,.F.);
#1210=ORIENTED_EDGE('',*,*,#925,.F.);
#1211=ORIENTED_EDGE('',*,*,#926,.T.);
#1212=ORIENTED_EDGE('',*,*,#927,.T.);
#1213=ORIENTED_EDGE('',*,*,#928,.T.);
#1214=ORIENTED_EDGE('',*,*,#868,.T.);
#1215=ORIENTED_EDGE('',*,*,#855,.F.);
#1216=ORIENTED_EDGE('',*,*,#929,.F.);
#1217=ORIENTED_EDGE('',*,*,#927,.F.);
#1218=ORIENTED_EDGE('',*,*,#930,.F.);
#1219=ORIENTED_EDGE('',*,*,#931,.T.);
#1220=ORIENTED_EDGE('',*,*,#932,.T.);
#1221=ORIENTED_EDGE('',*,*,#933,.T.);
#1222=ORIENTED_EDGE('',*,*,#906,.T.);
#1223=ORIENTED_EDGE('',*,*,#911,.F.);
#1224=ORIENTED_EDGE('',*,*,#934,.F.);
#1225=ORIENTED_EDGE('',*,*,#932,.F.);
#1226=ORIENTED_EDGE('',*,*,#935,.F.);
#1227=ORIENTED_EDGE('',*,*,#936,.T.);
#1228=ORIENTED_EDGE('',*,*,#937,.T.);
#1229=ORIENTED_EDGE('',*,*,#938,.T.);
#1230=ORIENTED_EDGE('',*,*,#862,.T.);
#1231=ORIENTED_EDGE('',*,*,#873,.F.);
#1232=ORIENTED_EDGE('',*,*,#939,.F.);
#1233=ORIENTED_EDGE('',*,*,#937,.F.);
#1234=ORIENTED_EDGE('',*,*,#940,.F.);
#1235=ORIENTED_EDGE('',*,*,#941,.T.);
#1236=ORIENTED_EDGE('',*,*,#942,.T.);
#1237=ORIENTED_EDGE('',*,*,#943,.T.);
#1238=ORIENTED_EDGE('',*,*,#918,.T.);
#1239=ORIENTED_EDGE('',*,*,#923,.F.);
#1240=ORIENTED_EDGE('',*,*,#944,.F.);
#1241=ORIENTED_EDGE('',*,*,#942,.F.);
#1242=ORIENTED_EDGE('',*,*,#945,.F.);
#1243=ORIENTED_EDGE('',*,*,#946,.T.);
#1244=ORIENTED_EDGE('',*,*,#947,.T.);
#1245=ORIENTED_EDGE('',*,*,#948,.T.);
#1246=ORIENTED_EDGE('',*,*,#949,.T.);
#1247=ORIENTED_EDGE('',*,*,#948,.F.);
#1248=ORIENTED_EDGE('',*,*,#950,.T.);
#1249=ORIENTED_EDGE('',*,*,#946,.F.);
#1250=ORIENTED_EDGE('',*,*,#951,.T.);
#1251=ORIENTED_EDGE('',*,*,#952,.F.);
#1252=ORIENTED_EDGE('',*,*,#953,.T.);
#1253=ORIENTED_EDGE('',*,*,#954,.F.);
#1254=ORIENTED_EDGE('',*,*,#955,.T.);
#1255=ORIENTED_EDGE('',*,*,#956,.F.);
#1256=ORIENTED_EDGE('',*,*,#957,.T.);
#1257=ORIENTED_EDGE('',*,*,#958,.F.);
#1258=ORIENTED_EDGE('',*,*,#959,.T.);
#1259=ORIENTED_EDGE('',*,*,#960,.T.);
#1260=ORIENTED_EDGE('',*,*,#961,.F.);
#1261=ORIENTED_EDGE('',*,*,#962,.F.);
#1262=ORIENTED_EDGE('',*,*,#963,.F.);
#1263=ORIENTED_EDGE('',*,*,#964,.T.);
#1264=ORIENTED_EDGE('',*,*,#949,.F.);
#1265=ORIENTED_EDGE('',*,*,#965,.T.);
#1266=ORIENTED_EDGE('',*,*,#966,.T.);
#1267=ORIENTED_EDGE('',*,*,#965,.F.);
#1268=ORIENTED_EDGE('',*,*,#967,.T.);
#1269=ORIENTED_EDGE('',*,*,#968,.T.);
#1270=ORIENTED_EDGE('',*,*,#969,.T.);
#1271=ORIENTED_EDGE('',*,*,#970,.T.);
#1272=ORIENTED_EDGE('',*,*,#969,.F.);
#1273=ORIENTED_EDGE('',*,*,#971,.T.);
#1274=ORIENTED_EDGE('',*,*,#967,.F.);
#1275=ORIENTED_EDGE('',*,*,#972,.T.);
#1276=ORIENTED_EDGE('',*,*,#973,.F.);
#1277=ORIENTED_EDGE('',*,*,#974,.T.);
#1278=ORIENTED_EDGE('',*,*,#975,.F.);
#1279=ORIENTED_EDGE('',*,*,#976,.T.);
#1280=ORIENTED_EDGE('',*,*,#977,.F.);
#1281=ORIENTED_EDGE('',*,*,#978,.F.);
#1282=ORIENTED_EDGE('',*,*,#979,.T.);
#1283=ORIENTED_EDGE('',*,*,#980,.F.);
#1284=ORIENTED_EDGE('',*,*,#981,.F.);
#1285=ORIENTED_EDGE('',*,*,#982,.T.);
#1286=ORIENTED_EDGE('',*,*,#983,.F.);
#1287=ORIENTED_EDGE('',*,*,#984,.T.);
#1288=ORIENTED_EDGE('',*,*,#970,.F.);
#1289=ORIENTED_EDGE('',*,*,#985,.T.);
#1290=ORIENTED_EDGE('',*,*,#986,.T.);
#1291=ORIENTED_EDGE('',*,*,#985,.F.);
#1292=ORIENTED_EDGE('',*,*,#983,.T.);
#1293=ORIENTED_EDGE('',*,*,#987,.T.);
#1294=ORIENTED_EDGE('',*,*,#988,.T.);
#1295=ORIENTED_EDGE('',*,*,#989,.T.);
#1296=ORIENTED_EDGE('',*,*,#988,.F.);
#1297=ORIENTED_EDGE('',*,*,#990,.T.);
#1298=ORIENTED_EDGE('',*,*,#989,.F.);
#1299=ORIENTED_EDGE('',*,*,#991,.T.);
#1300=ORIENTED_EDGE('',*,*,#992,.T.);
#1301=ORIENTED_EDGE('',*,*,#991,.F.);
#1302=ORIENTED_EDGE('',*,*,#993,.T.);
#1303=ORIENTED_EDGE('',*,*,#994,.T.);
#1304=ORIENTED_EDGE('',*,*,#995,.T.);
#1305=ORIENTED_EDGE('',*,*,#994,.F.);
#1306=ORIENTED_EDGE('',*,*,#996,.T.);
#1307=ORIENTED_EDGE('',*,*,#997,.T.);
#1308=ORIENTED_EDGE('',*,*,#981,.T.);
#1309=ORIENTED_EDGE('',*,*,#947,.F.);
#1310=ORIENTED_EDGE('',*,*,#964,.F.);
#1311=ORIENTED_EDGE('',*,*,#998,.F.);
#1312=ORIENTED_EDGE('',*,*,#999,.F.);
#1313=ORIENTED_EDGE('',*,*,#1000,.F.);
#1314=ORIENTED_EDGE('',*,*,#1001,.F.);
#1315=ORIENTED_EDGE('',*,*,#1002,.F.);
#1316=ORIENTED_EDGE('',*,*,#1003,.F.);
#1317=ORIENTED_EDGE('',*,*,#976,.F.);
#1318=ORIENTED_EDGE('',*,*,#1004,.F.);
#1319=ORIENTED_EDGE('',*,*,#1005,.F.);
#1320=ORIENTED_EDGE('',*,*,#974,.F.);
#1321=ORIENTED_EDGE('',*,*,#1006,.F.);
#1322=ORIENTED_EDGE('',*,*,#1007,.F.);
#1323=ORIENTED_EDGE('',*,*,#972,.F.);
#1324=ORIENTED_EDGE('',*,*,#971,.F.);
#1325=ORIENTED_EDGE('',*,*,#968,.F.);
#1326=ORIENTED_EDGE('',*,*,#984,.F.);
#1327=ORIENTED_EDGE('',*,*,#990,.F.);
#1328=ORIENTED_EDGE('',*,*,#987,.F.);
#1329=ORIENTED_EDGE('',*,*,#982,.F.);
#1330=ORIENTED_EDGE('',*,*,#997,.F.);
#1331=ORIENTED_EDGE('',*,*,#1008,.F.);
#1332=ORIENTED_EDGE('',*,*,#1009,.F.);
#1333=ORIENTED_EDGE('',*,*,#1010,.F.);
#1334=ORIENTED_EDGE('',*,*,#1011,.F.);
#1335=ORIENTED_EDGE('',*,*,#957,.F.);
#1336=ORIENTED_EDGE('',*,*,#1012,.F.);
#1337=ORIENTED_EDGE('',*,*,#1013,.F.);
#1338=ORIENTED_EDGE('',*,*,#955,.F.);
#1339=ORIENTED_EDGE('',*,*,#1014,.F.);
#1340=ORIENTED_EDGE('',*,*,#1015,.F.);
#1341=ORIENTED_EDGE('',*,*,#953,.F.);
#1342=ORIENTED_EDGE('',*,*,#1016,.F.);
#1343=ORIENTED_EDGE('',*,*,#1017,.F.);
#1344=ORIENTED_EDGE('',*,*,#951,.F.);
#1345=ORIENTED_EDGE('',*,*,#950,.F.);
#1346=ORIENTED_EDGE('',*,*,#861,.T.);
#1347=ORIENTED_EDGE('',*,*,#858,.F.);
#1348=ORIENTED_EDGE('',*,*,#836,.T.);
#1349=ORIENTED_EDGE('',*,*,#833,.F.);
#1350=ORIENTED_EDGE('',*,*,#830,.T.);
#1351=ORIENTED_EDGE('',*,*,#826,.F.);
#1352=ORIENTED_EDGE('',*,*,#875,.T.);
#1353=ORIENTED_EDGE('',*,*,#870,.F.);
#1354=ORIENTED_EDGE('',*,*,#940,.T.);
#1355=ORIENTED_EDGE('',*,*,#936,.F.);
#1356=ORIENTED_EDGE('',*,*,#880,.T.);
#1357=ORIENTED_EDGE('',*,*,#876,.F.);
#1358=ORIENTED_EDGE('',*,*,#888,.T.);
#1359=ORIENTED_EDGE('',*,*,#883,.F.);
#1360=ORIENTED_EDGE('',*,*,#913,.T.);
#1361=ORIENTED_EDGE('',*,*,#908,.F.);
#1362=ORIENTED_EDGE('',*,*,#935,.T.);
#1363=ORIENTED_EDGE('',*,*,#931,.F.);
#1364=ORIENTED_EDGE('',*,*,#905,.T.);
#1365=ORIENTED_EDGE('',*,*,#902,.F.);
#1366=ORIENTED_EDGE('',*,*,#893,.T.);
#1367=ORIENTED_EDGE('',*,*,#889,.F.);
#1368=ORIENTED_EDGE('',*,*,#925,.T.);
#1369=ORIENTED_EDGE('',*,*,#920,.F.);
#1370=ORIENTED_EDGE('',*,*,#945,.T.);
#1371=ORIENTED_EDGE('',*,*,#941,.F.);
#1372=ORIENTED_EDGE('',*,*,#917,.T.);
#1373=ORIENTED_EDGE('',*,*,#914,.F.);
#1374=ORIENTED_EDGE('',*,*,#899,.T.);
#1375=ORIENTED_EDGE('',*,*,#896,.F.);
#1376=ORIENTED_EDGE('',*,*,#849,.T.);
#1377=ORIENTED_EDGE('',*,*,#846,.F.);
#1378=ORIENTED_EDGE('',*,*,#843,.T.);
#1379=ORIENTED_EDGE('',*,*,#839,.F.);
#1380=ORIENTED_EDGE('',*,*,#857,.T.);
#1381=ORIENTED_EDGE('',*,*,#852,.F.);
#1382=ORIENTED_EDGE('',*,*,#930,.T.);
#1383=ORIENTED_EDGE('',*,*,#926,.F.);
#1384=ORIENTED_EDGE('',*,*,#867,.T.);
#1385=ORIENTED_EDGE('',*,*,#864,.F.);
#1386=ORIENTED_EDGE('',*,*,#995,.F.);
#1387=ORIENTED_EDGE('',*,*,#1018,.T.);
#1388=ORIENTED_EDGE('',*,*,#1019,.T.);
#1389=ORIENTED_EDGE('',*,*,#1018,.F.);
#1390=ORIENTED_EDGE('',*,*,#958,.T.);
#1391=ORIENTED_EDGE('',*,*,#1011,.T.);
#1392=ORIENTED_EDGE('',*,*,#1020,.T.);
#1393=ORIENTED_EDGE('',*,*,#1021,.T.);
#1394=ORIENTED_EDGE('',*,*,#1022,.T.);
#1395=ORIENTED_EDGE('',*,*,#1021,.F.);
#1396=ORIENTED_EDGE('',*,*,#1023,.T.);
#1397=ORIENTED_EDGE('',*,*,#1022,.F.);
#1398=ORIENTED_EDGE('',*,*,#1024,.T.);
#1399=ORIENTED_EDGE('',*,*,#1025,.T.);
#1400=ORIENTED_EDGE('',*,*,#1024,.F.);
#1401=ORIENTED_EDGE('',*,*,#956,.T.);
#1402=ORIENTED_EDGE('',*,*,#1013,.T.);
#1403=ORIENTED_EDGE('',*,*,#1026,.T.);
#1404=ORIENTED_EDGE('',*,*,#1027,.T.);
#1405=ORIENTED_EDGE('',*,*,#1026,.F.);
#1406=ORIENTED_EDGE('',*,*,#1012,.T.);
#1407=ORIENTED_EDGE('',*,*,#1027,.F.);
#1408=ORIENTED_EDGE('',*,*,#1028,.T.);
#1409=ORIENTED_EDGE('',*,*,#1029,.T.);
#1410=ORIENTED_EDGE('',*,*,#1028,.F.);
#1411=ORIENTED_EDGE('',*,*,#954,.T.);
#1412=ORIENTED_EDGE('',*,*,#1015,.T.);
#1413=ORIENTED_EDGE('',*,*,#1030,.T.);
#1414=ORIENTED_EDGE('',*,*,#1031,.T.);
#1415=ORIENTED_EDGE('',*,*,#1030,.F.);
#1416=ORIENTED_EDGE('',*,*,#1014,.T.);
#1417=ORIENTED_EDGE('',*,*,#1031,.F.);
#1418=ORIENTED_EDGE('',*,*,#1032,.T.);
#1419=ORIENTED_EDGE('',*,*,#1033,.T.);
#1420=ORIENTED_EDGE('',*,*,#1032,.F.);
#1421=ORIENTED_EDGE('',*,*,#952,.T.);
#1422=ORIENTED_EDGE('',*,*,#1017,.T.);
#1423=ORIENTED_EDGE('',*,*,#1034,.T.);
#1424=ORIENTED_EDGE('',*,*,#1035,.T.);
#1425=ORIENTED_EDGE('',*,*,#1034,.F.);
#1426=ORIENTED_EDGE('',*,*,#1016,.T.);
#1427=ORIENTED_EDGE('',*,*,#1035,.F.);
#1428=ORIENTED_EDGE('',*,*,#1036,.T.);
#1429=ORIENTED_EDGE('',*,*,#1037,.T.);
#1430=ORIENTED_EDGE('',*,*,#1036,.F.);
#1431=ORIENTED_EDGE('',*,*,#1038,.T.);
#1432=ORIENTED_EDGE('',*,*,#998,.T.);
#1433=ORIENTED_EDGE('',*,*,#963,.T.);
#1434=ORIENTED_EDGE('',*,*,#1039,.T.);
#1435=ORIENTED_EDGE('',*,*,#1040,.T.);
#1436=ORIENTED_EDGE('',*,*,#1041,.T.);
#1437=ORIENTED_EDGE('',*,*,#1039,.F.);
#1438=ORIENTED_EDGE('',*,*,#962,.T.);
#1439=ORIENTED_EDGE('',*,*,#1038,.F.);
#1440=ORIENTED_EDGE('',*,*,#961,.T.);
#1441=ORIENTED_EDGE('',*,*,#1042,.T.);
#1442=ORIENTED_EDGE('',*,*,#1043,.F.);
#1443=ORIENTED_EDGE('',*,*,#999,.T.);
#1444=ORIENTED_EDGE('',*,*,#1040,.F.);
#1445=ORIENTED_EDGE('',*,*,#1041,.F.);
#1446=ORIENTED_EDGE('',*,*,#1044,.T.);
#1447=ORIENTED_EDGE('',*,*,#1045,.T.);
#1448=ORIENTED_EDGE('',*,*,#1044,.F.);
#1449=ORIENTED_EDGE('',*,*,#973,.T.);
#1450=ORIENTED_EDGE('',*,*,#1007,.T.);
#1451=ORIENTED_EDGE('',*,*,#1046,.T.);
#1452=ORIENTED_EDGE('',*,*,#1047,.T.);
#1453=ORIENTED_EDGE('',*,*,#1046,.F.);
#1454=ORIENTED_EDGE('',*,*,#1006,.T.);
#1455=ORIENTED_EDGE('',*,*,#1047,.F.);
#1456=ORIENTED_EDGE('',*,*,#1048,.T.);
#1457=ORIENTED_EDGE('',*,*,#1049,.T.);
#1458=ORIENTED_EDGE('',*,*,#1048,.F.);
#1459=ORIENTED_EDGE('',*,*,#975,.T.);
#1460=ORIENTED_EDGE('',*,*,#1005,.T.);
#1461=ORIENTED_EDGE('',*,*,#1050,.T.);
#1462=ORIENTED_EDGE('',*,*,#1051,.T.);
#1463=ORIENTED_EDGE('',*,*,#1050,.F.);
#1464=ORIENTED_EDGE('',*,*,#1004,.T.);
#1465=ORIENTED_EDGE('',*,*,#1051,.F.);
#1466=ORIENTED_EDGE('',*,*,#1052,.T.);
#1467=ORIENTED_EDGE('',*,*,#1053,.T.);
#1468=ORIENTED_EDGE('',*,*,#1052,.F.);
#1469=ORIENTED_EDGE('',*,*,#977,.T.);
#1470=ORIENTED_EDGE('',*,*,#1003,.T.);
#1471=ORIENTED_EDGE('',*,*,#1054,.T.);
#1472=ORIENTED_EDGE('',*,*,#1055,.T.);
#1473=ORIENTED_EDGE('',*,*,#1054,.F.);
#1474=ORIENTED_EDGE('',*,*,#1002,.T.);
#1475=ORIENTED_EDGE('',*,*,#1056,.T.);
#1476=ORIENTED_EDGE('',*,*,#1056,.F.);
#1477=ORIENTED_EDGE('',*,*,#1001,.T.);
#1478=ORIENTED_EDGE('',*,*,#1057,.T.);
#1479=ORIENTED_EDGE('',*,*,#1058,.T.);
#1480=ORIENTED_EDGE('',*,*,#978,.T.);
#1481=ORIENTED_EDGE('',*,*,#1055,.F.);
#1482=ORIENTED_EDGE('',*,*,#1059,.T.);
#1483=ORIENTED_EDGE('',*,*,#1060,.T.);
#1484=ORIENTED_EDGE('',*,*,#1059,.F.);
#1485=ORIENTED_EDGE('',*,*,#1057,.F.);
#1486=ORIENTED_EDGE('',*,*,#1000,.T.);
#1487=ORIENTED_EDGE('',*,*,#1043,.T.);
#1488=ORIENTED_EDGE('',*,*,#1061,.T.);
#1489=ORIENTED_EDGE('',*,*,#1020,.F.);
#1490=ORIENTED_EDGE('',*,*,#1010,.T.);
#1491=ORIENTED_EDGE('',*,*,#1062,.T.);
#1492=ORIENTED_EDGE('',*,*,#1063,.T.);
#1493=ORIENTED_EDGE('',*,*,#959,.F.);
#1494=ORIENTED_EDGE('',*,*,#1023,.F.);
#1495=ORIENTED_EDGE('',*,*,#1062,.F.);
#1496=ORIENTED_EDGE('',*,*,#1009,.T.);
#1497=ORIENTED_EDGE('',*,*,#1064,.T.);
#1498=ORIENTED_EDGE('',*,*,#1065,.T.);
#1499=ORIENTED_EDGE('',*,*,#993,.F.);
#1500=ORIENTED_EDGE('',*,*,#980,.T.);
#1501=ORIENTED_EDGE('',*,*,#1066,.T.);
#1502=ORIENTED_EDGE('',*,*,#1064,.F.);
#1503=ORIENTED_EDGE('',*,*,#1008,.T.);
#1504=ORIENTED_EDGE('',*,*,#996,.F.);
#1505=ORIENTED_EDGE('',*,*,#1065,.F.);
#1506=ORIENTED_EDGE('',*,*,#1067,.F.);
#1507=ORIENTED_EDGE('',*,*,#1068,.T.);
#1508=ORIENTED_EDGE('',*,*,#1069,.F.);
#1509=ORIENTED_EDGE('',*,*,#1066,.F.);
#1510=ORIENTED_EDGE('',*,*,#1070,.T.);
#1511=ORIENTED_EDGE('',*,*,#1071,.T.);
#1512=ORIENTED_EDGE('',*,*,#1067,.T.);
#1513=ORIENTED_EDGE('',*,*,#979,.F.);
#1514=ORIENTED_EDGE('',*,*,#1072,.F.);
#1515=ORIENTED_EDGE('',*,*,#1073,.T.);
#1516=ORIENTED_EDGE('',*,*,#1070,.F.);
#1517=ORIENTED_EDGE('',*,*,#1058,.F.);
#1518=ORIENTED_EDGE('',*,*,#1074,.T.);
#1519=ORIENTED_EDGE('',*,*,#1075,.T.);
#1520=ORIENTED_EDGE('',*,*,#1072,.T.);
#1521=ORIENTED_EDGE('',*,*,#1061,.F.);
#1522=ORIENTED_EDGE('',*,*,#1076,.F.);
#1523=ORIENTED_EDGE('',*,*,#1077,.T.);
#1524=ORIENTED_EDGE('',*,*,#1074,.F.);
#1525=ORIENTED_EDGE('',*,*,#1042,.F.);
#1526=ORIENTED_EDGE('',*,*,#1078,.T.);
#1527=ORIENTED_EDGE('',*,*,#1079,.T.);
#1528=ORIENTED_EDGE('',*,*,#1076,.T.);
#1529=ORIENTED_EDGE('',*,*,#960,.F.);
#1530=ORIENTED_EDGE('',*,*,#1080,.F.);
#1531=ORIENTED_EDGE('',*,*,#1081,.T.);
#1532=ORIENTED_EDGE('',*,*,#1078,.F.);
#1533=ORIENTED_EDGE('',*,*,#1063,.F.);
#1534=ORIENTED_EDGE('',*,*,#1069,.T.);
#1535=ORIENTED_EDGE('',*,*,#1082,.T.);
#1536=ORIENTED_EDGE('',*,*,#1080,.T.);
#1537=ORIENTED_EDGE('',*,*,#1075,.F.);
#1538=ORIENTED_EDGE('',*,*,#1077,.F.);
#1539=ORIENTED_EDGE('',*,*,#1079,.F.);
#1540=ORIENTED_EDGE('',*,*,#1081,.F.);
#1541=ORIENTED_EDGE('',*,*,#1082,.F.);
#1542=ORIENTED_EDGE('',*,*,#1068,.F.);
#1543=ORIENTED_EDGE('',*,*,#1071,.F.);
#1544=ORIENTED_EDGE('',*,*,#1073,.F.);
#1545=ORIENTED_EDGE('',*,*,#863,.T.);
#1546=ORIENTED_EDGE('',*,*,#938,.F.);
#1547=ORIENTED_EDGE('',*,*,#939,.T.);
#1548=ORIENTED_EDGE('',*,*,#872,.F.);
#1549=ORIENTED_EDGE('',*,*,#874,.T.);
#1550=ORIENTED_EDGE('',*,*,#828,.F.);
#1551=ORIENTED_EDGE('',*,*,#832,.T.);
#1552=ORIENTED_EDGE('',*,*,#835,.F.);
#1553=ORIENTED_EDGE('',*,*,#838,.T.);
#1554=ORIENTED_EDGE('',*,*,#860,.F.);
#1555=ORIENTED_EDGE('',*,*,#882,.T.);
#1556=ORIENTED_EDGE('',*,*,#904,.F.);
#1557=ORIENTED_EDGE('',*,*,#907,.T.);
#1558=ORIENTED_EDGE('',*,*,#933,.F.);
#1559=ORIENTED_EDGE('',*,*,#934,.T.);
#1560=ORIENTED_EDGE('',*,*,#910,.F.);
#1561=ORIENTED_EDGE('',*,*,#912,.T.);
#1562=ORIENTED_EDGE('',*,*,#885,.F.);
#1563=ORIENTED_EDGE('',*,*,#887,.T.);
#1564=ORIENTED_EDGE('',*,*,#878,.F.);
#1565=ORIENTED_EDGE('',*,*,#895,.T.);
#1566=ORIENTED_EDGE('',*,*,#898,.F.);
#1567=ORIENTED_EDGE('',*,*,#901,.T.);
#1568=ORIENTED_EDGE('',*,*,#916,.F.);
#1569=ORIENTED_EDGE('',*,*,#919,.T.);
#1570=ORIENTED_EDGE('',*,*,#943,.F.);
#1571=ORIENTED_EDGE('',*,*,#944,.T.);
#1572=ORIENTED_EDGE('',*,*,#922,.F.);
#1573=ORIENTED_EDGE('',*,*,#924,.T.);
#1574=ORIENTED_EDGE('',*,*,#891,.F.);
#1575=ORIENTED_EDGE('',*,*,#851,.T.);
#1576=ORIENTED_EDGE('',*,*,#866,.F.);
#1577=ORIENTED_EDGE('',*,*,#869,.T.);
#1578=ORIENTED_EDGE('',*,*,#928,.F.);
#1579=ORIENTED_EDGE('',*,*,#929,.T.);
#1580=ORIENTED_EDGE('',*,*,#854,.F.);
#1581=ORIENTED_EDGE('',*,*,#856,.T.);
#1582=ORIENTED_EDGE('',*,*,#841,.F.);
#1583=ORIENTED_EDGE('',*,*,#845,.T.);
#1584=ORIENTED_EDGE('',*,*,#848,.F.);
#1585=ORIENTED_EDGE('',*,*,#1037,.F.);
#1586=ORIENTED_EDGE('',*,*,#1033,.F.);
#1587=ORIENTED_EDGE('',*,*,#1049,.F.);
#1588=ORIENTED_EDGE('',*,*,#1053,.F.);
#1589=ORIENTED_EDGE('',*,*,#986,.F.);
#1590=ORIENTED_EDGE('',*,*,#966,.F.);
#1591=ORIENTED_EDGE('',*,*,#992,.F.);
#1592=ORIENTED_EDGE('',*,*,#1029,.F.);
#1593=ORIENTED_EDGE('',*,*,#1045,.F.);
#1594=ORIENTED_EDGE('',*,*,#1060,.F.);
#1595=ORIENTED_EDGE('',*,*,#1019,.F.);
#1596=ORIENTED_EDGE('',*,*,#1025,.F.);
#1597=CYLINDRICAL_SURFACE('',#1729,2.);
#1598=CYLINDRICAL_SURFACE('',#1733,2.);
#1599=CYLINDRICAL_SURFACE('',#1737,2.);
#1600=CYLINDRICAL_SURFACE('',#1741,2.);
#1601=CYLINDRICAL_SURFACE('',#1745,1.);
#1602=CYLINDRICAL_SURFACE('',#1749,1.);
#1603=CYLINDRICAL_SURFACE('',#1753,1.);
#1604=CYLINDRICAL_SURFACE('',#1757,1.);
#1605=CYLINDRICAL_SURFACE('',#1761,2.);
#1606=CYLINDRICAL_SURFACE('',#1765,2.);
#1607=CYLINDRICAL_SURFACE('',#1769,2.);
#1608=CYLINDRICAL_SURFACE('',#1773,2.);
#1609=CYLINDRICAL_SURFACE('',#1777,2.);
#1610=CYLINDRICAL_SURFACE('',#1781,2.);
#1611=CYLINDRICAL_SURFACE('',#1785,2.);
#1612=CYLINDRICAL_SURFACE('',#1789,2.);
#1613=CYLINDRICAL_SURFACE('',#1793,2.);
#1614=CYLINDRICAL_SURFACE('',#1797,2.);
#1615=CYLINDRICAL_SURFACE('',#1801,2.);
#1616=CYLINDRICAL_SURFACE('',#1805,2.);
#1617=CYLINDRICAL_SURFACE('',#1814,1.5);
#1618=CYLINDRICAL_SURFACE('',#1821,1.5);
#1619=CYLINDRICAL_SURFACE('',#1827,1.5);
#1620=CYLINDRICAL_SURFACE('',#1851,1.5);
#1621=CYLINDRICAL_SURFACE('',#1855,1.5);
#1622=CYLINDRICAL_SURFACE('',#1859,1.5);
#1623=CYLINDRICAL_SURFACE('',#1863,1.5);
#1624=CYLINDRICAL_SURFACE('',#1867,1.5);
#1625=CYLINDRICAL_SURFACE('',#1875,1.5);
#1626=CYLINDRICAL_SURFACE('',#1879,1.5);
#1627=CYLINDRICAL_SURFACE('',#1883,1.5);
#1628=CYLINDRICAL_SURFACE('',#1889,1.5);
#1629=CYLINDRICAL_SURFACE('',#1898,3.);
#1630=CYLINDRICAL_SURFACE('',#1901,3.);
#1631=CYLINDRICAL_SURFACE('',#1904,3.);
#1632=CYLINDRICAL_SURFACE('',#1907,3.);
#1633=ADVANCED_FACE('',(#100),#1597,.F.);
#1634=ADVANCED_FACE('',(#101),#70,.F.);
#1635=ADVANCED_FACE('',(#102),#1598,.F.);
#1636=ADVANCED_FACE('',(#103),#71,.F.);
#1637=ADVANCED_FACE('',(#104),#1599,.F.);
#1638=ADVANCED_FACE('',(#105),#72,.F.);
#1639=ADVANCED_FACE('',(#106),#1600,.F.);
#1640=ADVANCED_FACE('',(#107),#73,.F.);
#1641=ADVANCED_FACE('',(#108),#1601,.F.);
#1642=ADVANCED_FACE('',(#109),#74,.F.);
#1643=ADVANCED_FACE('',(#110),#1602,.F.);
#1644=ADVANCED_FACE('',(#111),#75,.F.);
#1645=ADVANCED_FACE('',(#112),#1603,.F.);
#1646=ADVANCED_FACE('',(#113),#76,.F.);
#1647=ADVANCED_FACE('',(#114),#1604,.F.);
#1648=ADVANCED_FACE('',(#115),#77,.F.);
#1649=ADVANCED_FACE('',(#116),#1605,.F.);
#1650=ADVANCED_FACE('',(#117),#78,.F.);
#1651=ADVANCED_FACE('',(#118),#1606,.F.);
#1652=ADVANCED_FACE('',(#119),#79,.F.);
#1653=ADVANCED_FACE('',(#120),#1607,.F.);
#1654=ADVANCED_FACE('',(#121),#80,.F.);
#1655=ADVANCED_FACE('',(#122),#1608,.F.);
#1656=ADVANCED_FACE('',(#123),#81,.F.);
#1657=ADVANCED_FACE('',(#124),#1609,.F.);
#1658=ADVANCED_FACE('',(#125),#82,.F.);
#1659=ADVANCED_FACE('',(#126),#1610,.F.);
#1660=ADVANCED_FACE('',(#127),#83,.F.);
#1661=ADVANCED_FACE('',(#128),#1611,.F.);
#1662=ADVANCED_FACE('',(#129),#84,.F.);
#1663=ADVANCED_FACE('',(#130),#1612,.F.);
#1664=ADVANCED_FACE('',(#131),#85,.F.);
#1665=ADVANCED_FACE('',(#132),#1613,.F.);
#1666=ADVANCED_FACE('',(#133),#86,.F.);
#1667=ADVANCED_FACE('',(#134),#1614,.F.);
#1668=ADVANCED_FACE('',(#135),#87,.F.);
#1669=ADVANCED_FACE('',(#136),#1615,.F.);
#1670=ADVANCED_FACE('',(#137),#88,.F.);
#1671=ADVANCED_FACE('',(#138),#1616,.F.);
#1672=ADVANCED_FACE('',(#139),#89,.F.);
#1673=ADVANCED_FACE('',(#140),#55,.F.);
#1674=ADVANCED_FACE('',(#141),#90,.T.);
#1675=ADVANCED_FACE('',(#142),#1617,.F.);
#1676=ADVANCED_FACE('',(#143),#56,.F.);
#1677=ADVANCED_FACE('',(#144),#91,.T.);
#1678=ADVANCED_FACE('',(#145),#1618,.F.);
#1679=ADVANCED_FACE('',(#146),#57,.F.);
#1680=ADVANCED_FACE('',(#147),#1619,.F.);
#1681=ADVANCED_FACE('',(#148),#58,.F.);
#1682=ADVANCED_FACE('',(#149,#16,#17,#18,#19),#92,.T.);
#1683=ADVANCED_FACE('',(#150),#1620,.F.);
#1684=ADVANCED_FACE('',(#151),#59,.F.);
#1685=ADVANCED_FACE('',(#152),#1621,.F.);
#1686=ADVANCED_FACE('',(#153),#60,.F.);
#1687=ADVANCED_FACE('',(#154),#1622,.F.);
#1688=ADVANCED_FACE('',(#155),#61,.F.);
#1689=ADVANCED_FACE('',(#156),#1623,.F.);
#1690=ADVANCED_FACE('',(#157),#62,.F.);
#1691=ADVANCED_FACE('',(#158),#1624,.F.);
#1692=ADVANCED_FACE('',(#159),#15,.T.);
#1693=ADVANCED_FACE('',(#160),#63,.T.);
#1694=ADVANCED_FACE('',(#161),#1625,.F.);
#1695=ADVANCED_FACE('',(#162),#64,.F.);
#1696=ADVANCED_FACE('',(#163),#1626,.F.);
#1697=ADVANCED_FACE('',(#164),#65,.F.);
#1698=ADVANCED_FACE('',(#165),#1627,.F.);
#1699=ADVANCED_FACE('',(#166),#66,.F.);
#1700=ADVANCED_FACE('',(#167),#67,.T.);
#1701=ADVANCED_FACE('',(#168),#1628,.F.);
#1702=ADVANCED_FACE('',(#169),#93,.T.);
#1703=ADVANCED_FACE('',(#170),#68,.T.);
#1704=ADVANCED_FACE('',(#171),#94,.T.);
#1705=ADVANCED_FACE('',(#172),#69,.T.);
#1706=ADVANCED_FACE('',(#173),#95,.T.);
#1707=ADVANCED_FACE('',(#174),#1629,.T.);
#1708=ADVANCED_FACE('',(#175),#96,.T.);
#1709=ADVANCED_FACE('',(#176),#1630,.T.);
#1710=ADVANCED_FACE('',(#177),#97,.T.);
#1711=ADVANCED_FACE('',(#178),#1631,.T.);
#1712=ADVANCED_FACE('',(#179),#98,.T.);
#1713=ADVANCED_FACE('',(#180),#1632,.T.);
#1714=ADVANCED_FACE('',(#181,#20,#21,#22,#23,#24,#25,#26,#27,#28,#29,#30,
#31,#32,#33,#34,#35),#99,.F.);
#1715=CLOSED_SHELL('',(#1633,#1634,#1635,#1636,#1637,#1638,#1639,#1640,
#1641,#1642,#1643,#1644,#1645,#1646,#1647,#1648,#1649,#1650,#1651,#1652,
#1653,#1654,#1655,#1656,#1657,#1658,#1659,#1660,#1661,#1662,#1663,#1664,
#1665,#1666,#1667,#1668,#1669,#1670,#1671,#1672,#1673,#1674,#1675,#1676,
#1677,#1678,#1679,#1680,#1681,#1682,#1683,#1684,#1685,#1686,#1687,#1688,
#1689,#1690,#1691,#1692,#1693,#1694,#1695,#1696,#1697,#1698,#1699,#1700,
#1701,#1702,#1703,#1704,#1705,#1706,#1707,#1708,#1709,#1710,#1711,#1712,
#1713,#1714));
#1716=DERIVED_UNIT_ELEMENT(#1718,1.);
#1717=DERIVED_UNIT_ELEMENT(#3000,-3.);
#1718=(
MASS_UNIT()
NAMED_UNIT(*)
SI_UNIT(.KILO.,.GRAM.)
);
#1719=DERIVED_UNIT((#1716,#1717));
#1720=MEASURE_REPRESENTATION_ITEM('density measure',
POSITIVE_RATIO_MEASURE(7850.),#1719);
#1721=PROPERTY_DEFINITION_REPRESENTATION(#1726,#1723);
#1722=PROPERTY_DEFINITION_REPRESENTATION(#1727,#1724);
#1723=REPRESENTATION('material name',(#1725),#2997);
#1724=REPRESENTATION('density',(#1720),#2997);
#1725=DESCRIPTIVE_REPRESENTATION_ITEM('Steel','Steel');
#1726=PROPERTY_DEFINITION('material property','material name',#3007);
#1727=PROPERTY_DEFINITION('material property','density of part',#3007);
#1728=AXIS2_PLACEMENT_3D('',#2413,#1910,#1911);
#1729=AXIS2_PLACEMENT_3D('',#2414,#1912,#1913);
#1730=AXIS2_PLACEMENT_3D('',#2417,#1914,#1915);
#1731=AXIS2_PLACEMENT_3D('',#2421,#1917,#1918);
#1732=AXIS2_PLACEMENT_3D('',#2423,#1920,#1921);
#1733=AXIS2_PLACEMENT_3D('',#2429,#1925,#1926);
#1734=AXIS2_PLACEMENT_3D('',#2431,#1927,#1928);
#1735=AXIS2_PLACEMENT_3D('',#2434,#1930,#1931);
#1736=AXIS2_PLACEMENT_3D('',#2435,#1932,#1933);
#1737=AXIS2_PLACEMENT_3D('',#2441,#1937,#1938);
#1738=AXIS2_PLACEMENT_3D('',#2444,#1939,#1940);
#1739=AXIS2_PLACEMENT_3D('',#2448,#1942,#1943);
#1740=AXIS2_PLACEMENT_3D('',#2450,#1945,#1946);
#1741=AXIS2_PLACEMENT_3D('',#2456,#1950,#1951);
#1742=AXIS2_PLACEMENT_3D('',#2458,#1952,#1953);
#1743=AXIS2_PLACEMENT_3D('',#2461,#1955,#1956);
#1744=AXIS2_PLACEMENT_3D('',#2462,#1957,#1958);
#1745=AXIS2_PLACEMENT_3D('',#2468,#1962,#1963);
#1746=AXIS2_PLACEMENT_3D('',#2471,#1964,#1965);
#1747=AXIS2_PLACEMENT_3D('',#2475,#1967,#1968);
#1748=AXIS2_PLACEMENT_3D('',#2477,#1970,#1971);
#1749=AXIS2_PLACEMENT_3D('',#2480,#1974,#1975);
#1750=AXIS2_PLACEMENT_3D('',#2482,#1976,#1977);
#1751=AXIS2_PLACEMENT_3D('',#2485,#1979,#1980);
#1752=AXIS2_PLACEMENT_3D('',#2486,#1981,#1982);
#1753=AXIS2_PLACEMENT_3D('',#2492,#1986,#1987);
#1754=AXIS2_PLACEMENT_3D('',#2494,#1988,#1989);
#1755=AXIS2_PLACEMENT_3D('',#2497,#1991,#1992);
#1756=AXIS2_PLACEMENT_3D('',#2498,#1993,#1994);
#1757=AXIS2_PLACEMENT_3D('',#2504,#1998,#1999);
#1758=AXIS2_PLACEMENT_3D('',#2507,#2000,#2001);
#1759=AXIS2_PLACEMENT_3D('',#2511,#2003,#2004);
#1760=AXIS2_PLACEMENT_3D('',#2513,#2006,#2007);
#1761=AXIS2_PLACEMENT_3D('',#2516,#2010,#2011);
#1762=AXIS2_PLACEMENT_3D('',#2519,#2012,#2013);
#1763=AXIS2_PLACEMENT_3D('',#2523,#2015,#2016);
#1764=AXIS2_PLACEMENT_3D('',#2525,#2018,#2019);
#1765=AXIS2_PLACEMENT_3D('',#2531,#2023,#2024);
#1766=AXIS2_PLACEMENT_3D('',#2534,#2025,#2026);
#1767=AXIS2_PLACEMENT_3D('',#2538,#2028,#2029);
#1768=AXIS2_PLACEMENT_3D('',#2540,#2031,#2032);
#1769=AXIS2_PLACEMENT_3D('',#2543,#2035,#2036);
#1770=AXIS2_PLACEMENT_3D('',#2546,#2037,#2038);
#1771=AXIS2_PLACEMENT_3D('',#2550,#2040,#2041);
#1772=AXIS2_PLACEMENT_3D('',#2552,#2043,#2044);
#1773=AXIS2_PLACEMENT_3D('',#2558,#2048,#2049);
#1774=AXIS2_PLACEMENT_3D('',#2560,#2050,#2051);
#1775=AXIS2_PLACEMENT_3D('',#2563,#2053,#2054);
#1776=AXIS2_PLACEMENT_3D('',#2564,#2055,#2056);
#1777=AXIS2_PLACEMENT_3D('',#2570,#2060,#2061);
#1778=AXIS2_PLACEMENT_3D('',#2572,#2062,#2063);
#1779=AXIS2_PLACEMENT_3D('',#2575,#2065,#2066);
#1780=AXIS2_PLACEMENT_3D('',#2576,#2067,#2068);
#1781=AXIS2_PLACEMENT_3D('',#2582,#2072,#2073);
#1782=AXIS2_PLACEMENT_3D('',#2585,#2074,#2075);
#1783=AXIS2_PLACEMENT_3D('',#2589,#2077,#2078);
#1784=AXIS2_PLACEMENT_3D('',#2591,#2080,#2081);
#1785=AXIS2_PLACEMENT_3D('',#2594,#2084,#2085);
#1786=AXIS2_PLACEMENT_3D('',#2596,#2086,#2087);
#1787=AXIS2_PLACEMENT_3D('',#2599,#2089,#2090);
#1788=AXIS2_PLACEMENT_3D('',#2600,#2091,#2092);
#1789=AXIS2_PLACEMENT_3D('',#2606,#2096,#2097);
#1790=AXIS2_PLACEMENT_3D('',#2609,#2098,#2099);
#1791=AXIS2_PLACEMENT_3D('',#2613,#2101,#2102);
#1792=AXIS2_PLACEMENT_3D('',#2615,#2104,#2105);
#1793=AXIS2_PLACEMENT_3D('',#2618,#2108,#2109);
#1794=AXIS2_PLACEMENT_3D('',#2620,#2110,#2111);
#1795=AXIS2_PLACEMENT_3D('',#2623,#2113,#2114);
#1796=AXIS2_PLACEMENT_3D('',#2624,#2115,#2116);
#1797=AXIS2_PLACEMENT_3D('',#2627,#2119,#2120);
#1798=AXIS2_PLACEMENT_3D('',#2629,#2121,#2122);
#1799=AXIS2_PLACEMENT_3D('',#2632,#2124,#2125);
#1800=AXIS2_PLACEMENT_3D('',#2633,#2126,#2127);
#1801=AXIS2_PLACEMENT_3D('',#2636,#2130,#2131);
#1802=AXIS2_PLACEMENT_3D('',#2638,#2132,#2133);
#1803=AXIS2_PLACEMENT_3D('',#2641,#2135,#2136);
#1804=AXIS2_PLACEMENT_3D('',#2642,#2137,#2138);
#1805=AXIS2_PLACEMENT_3D('',#2645,#2141,#2142);
#1806=AXIS2_PLACEMENT_3D('',#2647,#2143,#2144);
#1807=AXIS2_PLACEMENT_3D('',#2650,#2146,#2147);
#1808=AXIS2_PLACEMENT_3D('',#2651,#2148,#2149);
#1809=AXIS2_PLACEMENT_3D('',#2654,#2152,#2153);
#1810=AXIS2_PLACEMENT_3D('',#2661,#2154,#2155);
#1811=AXIS2_PLACEMENT_3D('',#2664,#2157,#2158);
#1812=AXIS2_PLACEMENT_3D('',#2665,#2159,#2160);
#1813=AXIS2_PLACEMENT_3D('',#2666,#2161,#2162);
#1814=AXIS2_PLACEMENT_3D('',#2712,#2171,#2172);
#1815=AXIS2_PLACEMENT_3D('',#2715,#2174,#2175);
#1816=AXIS2_PLACEMENT_3D('',#2716,#2176,#2177);
#1817=AXIS2_PLACEMENT_3D('',#2723,#2178,#2179);
#1818=AXIS2_PLACEMENT_3D('',#2726,#2181,#2182);
#1819=AXIS2_PLACEMENT_3D('',#2727,#2183,#2184);
#1820=AXIS2_PLACEMENT_3D('',#2728,#2185,#2186);
#1821=AXIS2_PLACEMENT_3D('',#2764,#2195,#2196);
#1822=AXIS2_PLACEMENT_3D('',#2767,#2198,#2199);
#1823=AXIS2_PLACEMENT_3D('',#2768,#2200,#2201);
#1824=AXIS2_PLACEMENT_3D('',#2770,#2202,#2203);
#1825=AXIS2_PLACEMENT_3D('',#2773,#2205,#2206);
#1826=AXIS2_PLACEMENT_3D('',#2774,#2207,#2208);
#1827=AXIS2_PLACEMENT_3D('',#2775,#2209,#2210);
#1828=AXIS2_PLACEMENT_3D('',#2778,#2212,#2213);
#1829=AXIS2_PLACEMENT_3D('',#2779,#2214,#2215);
#1830=AXIS2_PLACEMENT_3D('',#2793,#2217,#2218);
#1831=AXIS2_PLACEMENT_3D('',#2799,#2219,#2220);
#1832=AXIS2_PLACEMENT_3D('',#2800,#2221,#2222);
#1833=AXIS2_PLACEMENT_3D('',#2802,#2223,#2224);
#1834=AXIS2_PLACEMENT_3D('',#2804,#2225,#2226);
#1835=AXIS2_PLACEMENT_3D('',#2808,#2228,#2229);
#1836=AXIS2_PLACEMENT_3D('',#2810,#2230,#2231);
#1837=AXIS2_PLACEMENT_3D('',#2811,#2232,#2233);
#1838=AXIS2_PLACEMENT_3D('',#2813,#2234,#2235);
#1839=AXIS2_PLACEMENT_3D('',#2814,#2236,#2237);
#1840=AXIS2_PLACEMENT_3D('',#2816,#2238,#2239);
#1841=AXIS2_PLACEMENT_3D('',#2817,#2240,#2241);
#1842=AXIS2_PLACEMENT_3D('',#2819,#2242,#2243);
#1843=AXIS2_PLACEMENT_3D('',#2823,#2245,#2246);
#1844=AXIS2_PLACEMENT_3D('',#2824,#2247,#2248);
#1845=AXIS2_PLACEMENT_3D('',#2826,#2249,#2250);
#1846=AXIS2_PLACEMENT_3D('',#2827,#2251,#2252);
#1847=AXIS2_PLACEMENT_3D('',#2829,#2253,#2254);
#1848=AXIS2_PLACEMENT_3D('',#2830,#2255,#2256);
#1849=AXIS2_PLACEMENT_3D('',#2832,#2257,#2258);
#1850=AXIS2_PLACEMENT_3D('',#2833,#2259,#2260);
#1851=AXIS2_PLACEMENT_3D('',#2834,#2261,#2262);
#1852=AXIS2_PLACEMENT_3D('',#2837,#2264,#2265);
#1853=AXIS2_PLACEMENT_3D('',#2838,#2266,#2267);
#1854=AXIS2_PLACEMENT_3D('',#2846,#2269,#2270);
#1855=AXIS2_PLACEMENT_3D('',#2857,#2271,#2272);
#1856=AXIS2_PLACEMENT_3D('',#2860,#2274,#2275);
#1857=AXIS2_PLACEMENT_3D('',#2861,#2276,#2277);
#1858=AXIS2_PLACEMENT_3D('',#2864,#2279,#2280);
#1859=AXIS2_PLACEMENT_3D('',#2865,#2281,#2282);
#1860=AXIS2_PLACEMENT_3D('',#2868,#2284,#2285);
#1861=AXIS2_PLACEMENT_3D('',#2869,#2286,#2287);
#1862=AXIS2_PLACEMENT_3D('',#2872,#2289,#2290);
#1863=AXIS2_PLACEMENT_3D('',#2873,#2291,#2292);
#1864=AXIS2_PLACEMENT_3D('',#2876,#2294,#2295);
#1865=AXIS2_PLACEMENT_3D('',#2877,#2296,#2297);
#1866=AXIS2_PLACEMENT_3D('',#2880,#2299,#2300);
#1867=AXIS2_PLACEMENT_3D('',#2881,#2301,#2302);
#1868=AXIS2_PLACEMENT_3D('',#2884,#2304,#2305);
#1869=AXIS2_PLACEMENT_3D('',#2885,#2306,#2307);
#1870=AXIS2_PLACEMENT_3D('',#2897,#2308,#2309);
#1871=AXIS2_PLACEMENT_3D('',#2899,#2310,#2311);
#1872=AXIS2_PLACEMENT_3D('',#2900,#2312,#2313);
#1873=AXIS2_PLACEMENT_3D('',#2901,#2314,#2315);
#1874=AXIS2_PLACEMENT_3D('',#2903,#2316,#2317);
#1875=AXIS2_PLACEMENT_3D('',#2905,#2319,#2320);
#1876=AXIS2_PLACEMENT_3D('',#2908,#2322,#2323);
#1877=AXIS2_PLACEMENT_3D('',#2909,#2324,#2325);
#1878=AXIS2_PLACEMENT_3D('',#2912,#2327,#2328);
#1879=AXIS2_PLACEMENT_3D('',#2913,#2329,#2330);
#1880=AXIS2_PLACEMENT_3D('',#2916,#2332,#2333);
#1881=AXIS2_PLACEMENT_3D('',#2917,#2334,#2335);
#1882=AXIS2_PLACEMENT_3D('',#2920,#2337,#2338);
#1883=AXIS2_PLACEMENT_3D('',#2921,#2339,#2340);
#1884=AXIS2_PLACEMENT_3D('',#2924,#2342,#2343);
#1885=AXIS2_PLACEMENT_3D('',#2925,#2344,#2345);
#1886=AXIS2_PLACEMENT_3D('',#2928,#2347,#2348);
#1887=AXIS2_PLACEMENT_3D('',#2942,#2349,#2350);
#1888=AXIS2_PLACEMENT_3D('',#2945,#2352,#2353);
#1889=AXIS2_PLACEMENT_3D('',#2946,#2354,#2355);
#1890=AXIS2_PLACEMENT_3D('',#2949,#2357,#2358);
#1891=AXIS2_PLACEMENT_3D('',#2950,#2359,#2360);
#1892=AXIS2_PLACEMENT_3D('',#2952,#2362,#2363);
#1893=AXIS2_PLACEMENT_3D('',#2955,#2365,#2366);
#1894=AXIS2_PLACEMENT_3D('',#2956,#2367,#2368);
#1895=AXIS2_PLACEMENT_3D('',#2960,#2371,#2372);
#1896=AXIS2_PLACEMENT_3D('',#2961,#2373,#2374);
#1897=AXIS2_PLACEMENT_3D('',#2962,#2375,#2376);
#1898=AXIS2_PLACEMENT_3D('',#2968,#2380,#2381);
#1899=AXIS2_PLACEMENT_3D('',#2971,#2383,#2384);
#1900=AXIS2_PLACEMENT_3D('',#2972,#2385,#2386);
#1901=AXIS2_PLACEMENT_3D('',#2976,#2389,#2390);
#1902=AXIS2_PLACEMENT_3D('',#2979,#2392,#2393);
#1903=AXIS2_PLACEMENT_3D('',#2980,#2394,#2395);
#1904=AXIS2_PLACEMENT_3D('',#2984,#2398,#2399);
#1905=AXIS2_PLACEMENT_3D('',#2987,#2401,#2402);
#1906=AXIS2_PLACEMENT_3D('',#2988,#2403,#2404);
#1907=AXIS2_PLACEMENT_3D('',#2992,#2407,#2408);
#1908=AXIS2_PLACEMENT_3D('',#2993,#2409,#2410);
#1909=AXIS2_PLACEMENT_3D('',#2994,#2411,#2412);
#1910=DIRECTION('axis',(0.,0.,1.));
#1911=DIRECTION('refdir',(1.,0.,0.));
#1912=DIRECTION('center_axis',(-1.,0.,0.));
#1913=DIRECTION('ref_axis',(0.,0.460204162935968,0.887813115704203));
#1914=DIRECTION('center_axis',(1.,0.,0.));
#1915=DIRECTION('ref_axis',(0.,0.460204162935968,0.887813115704203));
#1916=DIRECTION('',(-1.,0.,0.));
#1917=DIRECTION('center_axis',(-1.,0.,0.));
#1918=DIRECTION('ref_axis',(0.,0.460204162935968,0.887813115704203));
#1919=DIRECTION('',(1.,0.,0.));
#1920=DIRECTION('center_axis',(0.,1.24344978758018E-15,1.));
#1921=DIRECTION('ref_axis',(0.,1.,-1.24344978758018E-15));
#1922=DIRECTION('',(0.,1.,-1.24344978758018E-15));
#1923=DIRECTION('',(1.,0.,0.));
#1924=DIRECTION('',(0.,-1.,1.24344978758018E-15));
#1925=DIRECTION('center_axis',(-1.,0.,0.));
#1926=DIRECTION('ref_axis',(0.,-0.460204162935946,0.887813115704215));
#1927=DIRECTION('center_axis',(1.,0.,0.));
#1928=DIRECTION('ref_axis',(0.,-0.460204162935946,0.887813115704215));
#1929=DIRECTION('',(-1.,0.,0.));
#1930=DIRECTION('center_axis',(-1.,0.,0.));
#1931=DIRECTION('ref_axis',(0.,-0.460204162935946,0.887813115704215));
#1932=DIRECTION('center_axis',(0.,-0.817150583512428,0.576424256832846));
#1933=DIRECTION('ref_axis',(0.,0.576424256832846,0.817150583512428));
#1934=DIRECTION('',(0.,0.576424256832846,0.817150583512428));
#1935=DIRECTION('',(1.,0.,0.));
#1936=DIRECTION('',(0.,-0.576424256832846,-0.817150583512428));
#1937=DIRECTION('center_axis',(-1.,0.,0.));
#1938=DIRECTION('ref_axis',(0.,-0.460204162935945,-0.887813115704215));
#1939=DIRECTION('center_axis',(1.,0.,0.));
#1940=DIRECTION('ref_axis',(0.,-0.460204162935945,-0.887813115704215));
#1941=DIRECTION('',(-1.,0.,0.));
#1942=DIRECTION('center_axis',(-1.,0.,0.));
#1943=DIRECTION('ref_axis',(0.,-0.460204162935945,-0.887813115704215));
#1944=DIRECTION('',(1.,0.,0.));
#1945=DIRECTION('center_axis',(0.,-5.32907051820075E-16,-1.));
#1946=DIRECTION('ref_axis',(0.,-1.,5.32907051820075E-16));
#1947=DIRECTION('',(0.,-1.,5.32907051820075E-16));
#1948=DIRECTION('',(1.,0.,0.));
#1949=DIRECTION('',(0.,1.,-5.32907051820075E-16));
#1950=DIRECTION('center_axis',(-1.,0.,0.));
#1951=DIRECTION('ref_axis',(0.,0.460204162935966,-0.887813115704205));
#1952=DIRECTION('center_axis',(1.,0.,0.));
#1953=DIRECTION('ref_axis',(0.,0.460204162935966,-0.887813115704205));
#1954=DIRECTION('',(-1.,0.,0.));
#1955=DIRECTION('center_axis',(-1.,0.,0.));
#1956=DIRECTION('ref_axis',(0.,0.460204162935966,-0.887813115704205));
#1957=DIRECTION('center_axis',(0.,0.817150583512456,-0.576424256832807));
#1958=DIRECTION('ref_axis',(0.,-0.576424256832807,-0.817150583512456));
#1959=DIRECTION('',(0.,-0.576424256832807,-0.817150583512456));
#1960=DIRECTION('',(1.,0.,0.));
#1961=DIRECTION('',(0.,0.576424256832807,0.817150583512456));
#1962=DIRECTION('center_axis',(-1.,0.,0.));
#1963=DIRECTION('ref_axis',(0.,-0.95628829740486,0.292425532822486));
#1964=DIRECTION('center_axis',(1.,0.,0.));
#1965=DIRECTION('ref_axis',(0.,-0.95628829740486,0.292425532822486));
#1966=DIRECTION('',(-1.,0.,0.));
#1967=DIRECTION('center_axis',(-1.,0.,0.));
#1968=DIRECTION('ref_axis',(0.,-0.95628829740486,0.292425532822486));
#1969=DIRECTION('',(1.,0.,0.));
#1970=DIRECTION('center_axis',(0.,-0.817150583512427,-0.576424256832847));
#1971=DIRECTION('ref_axis',(0.,-0.576424256832847,0.817150583512427));
#1972=DIRECTION('',(0.,0.576424256832847,-0.817150583512427));
#1973=DIRECTION('',(0.,-0.576424256832847,0.817150583512427));
#1974=DIRECTION('center_axis',(-1.,0.,0.));
#1975=DIRECTION('ref_axis',(0.,-0.956288297404862,-0.292425532822477));
#1976=DIRECTION('center_axis',(1.,0.,0.));
#1977=DIRECTION('ref_axis',(0.,-0.956288297404862,-0.292425532822477));
#1978=DIRECTION('',(-1.,0.,0.));
#1979=DIRECTION('center_axis',(-1.,0.,0.));
#1980=DIRECTION('ref_axis',(0.,-0.956288297404862,-0.292425532822477));
#1981=DIRECTION('center_axis',(0.,-0.355010941408597,-0.934862145709292));
#1982=DIRECTION('ref_axis',(0.,-0.934862145709292,0.355010941408597));
#1983=DIRECTION('',(0.,-0.934862145709292,0.355010941408597));
#1984=DIRECTION('',(1.,0.,0.));
#1985=DIRECTION('',(0.,0.934862145709292,-0.355010941408597));
#1986=DIRECTION('center_axis',(-1.,0.,0.));
#1987=DIRECTION('ref_axis',(0.,0.95628829740485,0.292425532822518));
#1988=DIRECTION('center_axis',(1.,0.,0.));
#1989=DIRECTION('ref_axis',(0.,0.95628829740485,0.292425532822518));
#1990=DIRECTION('',(-1.,0.,0.));
#1991=DIRECTION('center_axis',(-1.,0.,0.));
#1992=DIRECTION('ref_axis',(0.,0.95628829740485,0.292425532822518));
#1993=DIRECTION('center_axis',(0.,0.355010941408593,0.934862145709293));
#1994=DIRECTION('ref_axis',(0.,0.934862145709294,-0.355010941408593));
#1995=DIRECTION('',(0.,0.934862145709294,-0.355010941408593));
#1996=DIRECTION('',(1.,0.,0.));
#1997=DIRECTION('',(0.,-0.934862145709294,0.355010941408593));
#1998=DIRECTION('center_axis',(-1.,0.,0.));
#1999=DIRECTION('ref_axis',(0.,0.956288297404853,-0.292425532822508));
#2000=DIRECTION('center_axis',(1.,0.,0.));
#2001=DIRECTION('ref_axis',(0.,0.956288297404853,-0.292425532822508));
#2002=DIRECTION('',(-1.,0.,0.));
#2003=DIRECTION('center_axis',(-1.,0.,0.));
#2004=DIRECTION('ref_axis',(0.,0.956288297404853,-0.292425532822508));
#2005=DIRECTION('',(1.,0.,0.));
#2006=DIRECTION('center_axis',(0.,0.817150583512458,0.576424256832803));
#2007=DIRECTION('ref_axis',(0.,0.576424256832803,-0.817150583512458));
#2008=DIRECTION('',(0.,-0.576424256832803,0.817150583512458));
#2009=DIRECTION('',(0.,0.576424256832803,-0.817150583512458));
#2010=DIRECTION('center_axis',(-1.,0.,0.));
#2011=DIRECTION('ref_axis',(0.,-0.707106781186546,-0.707106781186549));
#2012=DIRECTION('center_axis',(1.,0.,0.));
#2013=DIRECTION('ref_axis',(0.,-0.707106781186546,-0.707106781186549));
#2014=DIRECTION('',(-1.,0.,0.));
#2015=DIRECTION('center_axis',(-1.,0.,0.));
#2016=DIRECTION('ref_axis',(0.,-0.707106781186546,-0.707106781186549));
#2017=DIRECTION('',(1.,0.,0.));
#2018=DIRECTION('center_axis',(0.,3.5649131266555E-15,-1.));
#2019=DIRECTION('ref_axis',(0.,-1.,-3.5649131266555E-15));
#2020=DIRECTION('',(0.,-1.,-3.5649131266555E-15));
#2021=DIRECTION('',(1.,0.,0.));
#2022=DIRECTION('',(0.,1.,3.5649131266555E-15));
#2023=DIRECTION('center_axis',(-1.,0.,0.));
#2024=DIRECTION('ref_axis',(0.,-0.707106781186549,0.707106781186546));
#2025=DIRECTION('center_axis',(1.,0.,0.));
#2026=DIRECTION('ref_axis',(0.,-0.707106781186549,0.707106781186546));
#2027=DIRECTION('',(-1.,0.,0.));
#2028=DIRECTION('center_axis',(-1.,0.,0.));
#2029=DIRECTION('ref_axis',(0.,-0.707106781186549,0.707106781186546));
#2030=DIRECTION('',(1.,0.,0.));
#2031=DIRECTION('center_axis',(0.,-1.,0.));
#2032=DIRECTION('ref_axis',(0.,0.,1.));
#2033=DIRECTION('',(0.,0.,-1.));
#2034=DIRECTION('',(0.,0.,1.));
#2035=DIRECTION('center_axis',(-1.,0.,0.));
#2036=DIRECTION('ref_axis',(0.,0.707106781186546,-0.707106781186549));
#2037=DIRECTION('center_axis',(1.,0.,0.));
#2038=DIRECTION('ref_axis',(0.,0.707106781186546,-0.707106781186549));
#2039=DIRECTION('',(-1.,0.,0.));
#2040=DIRECTION('center_axis',(-1.,0.,0.));
#2041=DIRECTION('ref_axis',(0.,0.707106781186546,-0.707106781186549));
#2042=DIRECTION('',(1.,0.,0.));
#2043=DIRECTION('center_axis',(0.,1.,0.));
#2044=DIRECTION('ref_axis',(0.,0.,-1.));
#2045=DIRECTION('',(0.,0.,-1.));
#2046=DIRECTION('',(1.,0.,0.));
#2047=DIRECTION('',(0.,0.,1.));
#2048=DIRECTION('center_axis',(-1.,0.,0.));
#2049=DIRECTION('ref_axis',(0.,0.707106781186548,0.707106781186548));
#2050=DIRECTION('center_axis',(1.,0.,0.));
#2051=DIRECTION('ref_axis',(0.,0.707106781186548,0.707106781186548));
#2052=DIRECTION('',(-1.,0.,0.));
#2053=DIRECTION('center_axis',(-1.,0.,0.));
#2054=DIRECTION('ref_axis',(0.,0.707106781186548,0.707106781186548));
#2055=DIRECTION('center_axis',(0.,0.,1.));
#2056=DIRECTION('ref_axis',(0.,1.,0.));
#2057=DIRECTION('',(0.,1.,0.));
#2058=DIRECTION('',(1.,0.,0.));
#2059=DIRECTION('',(0.,-1.,0.));
#2060=DIRECTION('center_axis',(-1.,0.,0.));
#2061=DIRECTION('ref_axis',(0.,0.180468632026051,-0.983580740384157));
#2062=DIRECTION('center_axis',(1.,0.,0.));
#2063=DIRECTION('ref_axis',(0.,0.180468632026051,-0.983580740384157));
#2064=DIRECTION('',(-1.,0.,0.));
#2065=DIRECTION('center_axis',(-1.,0.,0.));
#2066=DIRECTION('ref_axis',(0.,0.180468632026051,-0.983580740384157));
#2067=DIRECTION('center_axis',(0.,0.355010941408595,-0.934862145709293));
#2068=DIRECTION('ref_axis',(0.,-0.934862145709293,-0.355010941408595));
#2069=DIRECTION('',(0.,-0.934862145709293,-0.355010941408595));
#2070=DIRECTION('',(1.,0.,0.));
#2071=DIRECTION('',(0.,0.934862145709293,0.355010941408595));
#2072=DIRECTION('center_axis',(-1.,0.,0.));
#2073=DIRECTION('ref_axis',(0.,0.180468632026048,0.983580740384157));
#2074=DIRECTION('center_axis',(1.,0.,0.));
#2075=DIRECTION('ref_axis',(0.,0.180468632026048,0.983580740384157));
#2076=DIRECTION('',(-1.,0.,0.));
#2077=DIRECTION('center_axis',(-1.,0.,0.));
#2078=DIRECTION('ref_axis',(0.,0.180468632026048,0.983580740384157));
#2079=DIRECTION('',(1.,0.,0.));
#2080=DIRECTION('center_axis',(0.,0.,1.));
#2081=DIRECTION('ref_axis',(0.,1.,0.));
#2082=DIRECTION('',(0.,-1.,0.));
#2083=DIRECTION('',(0.,1.,0.));
#2084=DIRECTION('center_axis',(-1.,0.,0.));
#2085=DIRECTION('ref_axis',(0.,-0.180468632026045,0.983580740384158));
#2086=DIRECTION('center_axis',(1.,0.,0.));
#2087=DIRECTION('ref_axis',(0.,-0.180468632026045,0.983580740384158));
#2088=DIRECTION('',(-1.,0.,0.));
#2089=DIRECTION('center_axis',(-1.,0.,0.));
#2090=DIRECTION('ref_axis',(0.,-0.180468632026045,0.983580740384158));
#2091=DIRECTION('center_axis',(0.,-0.355010941408593,0.934862145709294));
#2092=DIRECTION('ref_axis',(0.,0.934862145709294,0.355010941408592));
#2093=DIRECTION('',(0.,0.934862145709294,0.355010941408593));
#2094=DIRECTION('',(1.,0.,0.));
#2095=DIRECTION('',(0.,-0.934862145709294,-0.355010941408593));
#2096=DIRECTION('center_axis',(-1.,0.,0.));
#2097=DIRECTION('ref_axis',(0.,-0.180468632026045,-0.983580740384158));
#2098=DIRECTION('center_axis',(1.,0.,0.));
#2099=DIRECTION('ref_axis',(0.,-0.180468632026045,-0.983580740384158));
#2100=DIRECTION('',(-1.,0.,0.));
#2101=DIRECTION('center_axis',(-1.,0.,0.));
#2102=DIRECTION('ref_axis',(0.,-0.180468632026045,-0.983580740384158));
#2103=DIRECTION('',(1.,0.,0.));
#2104=DIRECTION('center_axis',(0.,-3.5649131266555E-15,-1.));
#2105=DIRECTION('ref_axis',(0.,-1.,3.5649131266555E-15));
#2106=DIRECTION('',(0.,1.,-3.5649131266555E-15));
#2107=DIRECTION('',(0.,-1.,3.5649131266555E-15));
#2108=DIRECTION('center_axis',(-1.,0.,0.));
#2109=DIRECTION('ref_axis',(0.,0.,1.));
#2110=DIRECTION('center_axis',(1.,0.,0.));
#2111=DIRECTION('ref_axis',(0.,0.,1.));
#2112=DIRECTION('',(-1.,0.,0.));
#2113=DIRECTION('center_axis',(-1.,0.,0.));
#2114=DIRECTION('ref_axis',(0.,0.,1.));
#2115=DIRECTION('center_axis',(0.,-0.355010941408595,0.934862145709293));
#2116=DIRECTION('ref_axis',(0.,0.934862145709293,0.355010941408595));
#2117=DIRECTION('',(0.,-0.934862145709293,-0.355010941408595));
#2118=DIRECTION('',(0.,0.934862145709293,0.355010941408595));
#2119=DIRECTION('center_axis',(-1.,0.,0.));
#2120=DIRECTION('ref_axis',(0.,1.,6.25458483178049E-15));
#2121=DIRECTION('center_axis',(1.,0.,0.));
#2122=DIRECTION('ref_axis',(0.,1.,6.25458483178049E-15));
#2123=DIRECTION('',(-1.,0.,0.));
#2124=DIRECTION('center_axis',(-1.,0.,0.));
#2125=DIRECTION('ref_axis',(0.,1.,6.25458483178049E-15));
#2126=DIRECTION('center_axis',(0.,0.355010941408593,0.934862145709294));
#2127=DIRECTION('ref_axis',(0.,0.934862145709294,-0.355010941408592));
#2128=DIRECTION('',(0.,-0.934862145709294,0.355010941408593));
#2129=DIRECTION('',(0.,0.934862145709294,-0.355010941408593));
#2130=DIRECTION('center_axis',(-1.,0.,0.));
#2131=DIRECTION('ref_axis',(0.,0.,-1.));
#2132=DIRECTION('center_axis',(1.,0.,0.));
#2133=DIRECTION('ref_axis',(0.,0.,-1.));
#2134=DIRECTION('',(-1.,0.,0.));
#2135=DIRECTION('center_axis',(-1.,0.,0.));
#2136=DIRECTION('ref_axis',(0.,0.,-1.));
#2137=DIRECTION('center_axis',(0.,0.355010941408592,-0.934862145709294));
#2138=DIRECTION('ref_axis',(0.,-0.934862145709294,-0.355010941408592));
#2139=DIRECTION('',(0.,0.934862145709294,0.355010941408592));
#2140=DIRECTION('',(0.,-0.934862145709294,-0.355010941408592));
#2141=DIRECTION('center_axis',(-1.,0.,0.));
#2142=DIRECTION('ref_axis',(0.,-1.,0.));
#2143=DIRECTION('center_axis',(1.,0.,0.));
#2144=DIRECTION('ref_axis',(0.,-1.,0.));
#2145=DIRECTION('',(-1.,0.,0.));
#2146=DIRECTION('center_axis',(-1.,0.,0.));
#2147=DIRECTION('ref_axis',(0.,-1.,0.));
#2148=DIRECTION('center_axis',(0.,-0.355010941408595,-0.934862145709293));
#2149=DIRECTION('ref_axis',(0.,-0.934862145709293,0.355010941408595));
#2150=DIRECTION('',(0.,0.934862145709293,-0.355010941408595));
#2151=DIRECTION('',(0.,-0.934862145709293,0.355010941408595));
#2152=DIRECTION('center_axis',(1.,0.,0.));
#2153=DIRECTION('ref_axis',(0.,1.,0.));
#2154=DIRECTION('center_axis',(1.,0.,0.));
#2155=DIRECTION('ref_axis',(0.,1.,0.));
#2156=DIRECTION('',(-0.707106781186548,0.707106781186547,8.65956056235493E-17));
#2157=DIRECTION('center_axis',(-1.,0.,0.));
#2158=DIRECTION('ref_axis',(0.,1.,0.));
#2159=DIRECTION('center_axis',(1.,0.,0.));
#2160=DIRECTION('ref_axis',(0.,1.,0.));
#2161=DIRECTION('center_axis',(0.707106781186548,-3.999322084985E-33,-0.707106781186547));
#2162=DIRECTION('ref_axis',(-0.707106781186547,0.,-0.707106781186548));
#2163=DIRECTION('',(0.,-1.,5.65589553288404E-33));
#2164=DIRECTION('',(0.,-1.,5.65589553288404E-33));
#2165=DIRECTION('',(0.,-1.,5.65589553288404E-33));
#2166=DIRECTION('',(0.,-1.,5.65589553288404E-33));
#2167=DIRECTION('',(-0.707106781186547,1.57009245868377E-15,-0.707106781186548));
#2168=DIRECTION('',(0.,1.,-5.65589553288404E-33));
#2169=DIRECTION('',(-0.707106781186548,0.,-0.707106781186547));
#2170=DIRECTION('',(0.,-1.,5.65589553288404E-33));
#2171=DIRECTION('center_axis',(1.,0.,0.));
#2172=DIRECTION('ref_axis',(0.,1.,0.));
#2173=DIRECTION('',(-1.,0.,0.));
#2174=DIRECTION('center_axis',(-1.,0.,0.));
#2175=DIRECTION('ref_axis',(0.,1.,0.));
#2176=DIRECTION('center_axis',(1.,0.,0.));
#2177=DIRECTION('ref_axis',(0.,1.,0.));
#2178=DIRECTION('center_axis',(1.,0.,0.));
#2179=DIRECTION('ref_axis',(0.,1.,0.));
#2180=DIRECTION('',(-0.707106781186549,0.707106781186546,8.65956056235492E-17));
#2181=DIRECTION('center_axis',(-1.,0.,0.));
#2182=DIRECTION('ref_axis',(0.,1.,0.));
#2183=DIRECTION('center_axis',(1.,0.,0.));
#2184=DIRECTION('ref_axis',(0.,1.,0.));
#2185=DIRECTION('center_axis',(0.707106781186546,0.,0.707106781186549));
#2186=DIRECTION('ref_axis',(0.707106781186549,0.,-0.707106781186546));
#2187=DIRECTION('',(0.,1.,0.));
#2188=DIRECTION('',(0.,1.,0.));
#2189=DIRECTION('',(0.,1.,0.));
#2190=DIRECTION('',(0.707106781186552,0.,-0.707106781186543));
#2191=DIRECTION('',(0.,-1.,0.));
#2192=DIRECTION('',(-0.707106781186546,0.,0.707106781186549));
#2193=DIRECTION('',(0.,1.,0.));
#2194=DIRECTION('',(0.,1.,0.));
#2195=DIRECTION('center_axis',(1.,0.,0.));
#2196=DIRECTION('ref_axis',(0.,1.,0.));
#2197=DIRECTION('',(-1.,0.,0.));
#2198=DIRECTION('center_axis',(-1.,0.,0.));
#2199=DIRECTION('ref_axis',(0.,1.,0.));
#2200=DIRECTION('center_axis',(1.,0.,0.));
#2201=DIRECTION('ref_axis',(0.,1.,0.));
#2202=DIRECTION('center_axis',(1.,0.,0.));
#2203=DIRECTION('ref_axis',(0.,1.,0.));
#2204=DIRECTION('',(-0.707106781186549,0.707106781186546,8.65956056235492E-17));
#2205=DIRECTION('center_axis',(-1.,0.,0.));
#2206=DIRECTION('ref_axis',(0.,1.,0.));
#2207=DIRECTION('center_axis',(1.,0.,0.));
#2208=DIRECTION('ref_axis',(0.,1.,0.));
#2209=DIRECTION('center_axis',(1.,0.,0.));
#2210=DIRECTION('ref_axis',(0.,1.,0.));
#2211=DIRECTION('',(-1.,0.,0.));
#2212=DIRECTION('center_axis',(-1.,0.,0.));
#2213=DIRECTION('ref_axis',(0.,1.,0.));
#2214=DIRECTION('center_axis',(1.,0.,0.));
#2215=DIRECTION('ref_axis',(0.,1.,0.));
#2216=DIRECTION('',(-0.707106781186549,0.707106781186546,8.65956056235492E-17));
#2217=DIRECTION('center_axis',(-1.,0.,0.));
#2218=DIRECTION('ref_axis',(0.,1.,0.));
#2219=DIRECTION('center_axis',(1.,0.,0.));
#2220=DIRECTION('ref_axis',(0.,1.,0.));
#2221=DIRECTION('center_axis',(1.,0.,0.));
#2222=DIRECTION('ref_axis',(0.,1.,0.));
#2223=DIRECTION('center_axis',(1.,0.,0.));
#2224=DIRECTION('ref_axis',(0.,0.,1.));
#2225=DIRECTION('center_axis',(-1.,0.,0.));
#2226=DIRECTION('ref_axis',(0.,0.707106781186548,-0.707106781186547));
#2227=DIRECTION('',(0.,0.,-1.));
#2228=DIRECTION('center_axis',(-1.,0.,0.));
#2229=DIRECTION('ref_axis',(0.,0.70710678118655,0.707106781186545));
#2230=DIRECTION('center_axis',(1.,0.,0.));
#2231=DIRECTION('ref_axis',(0.,1.,0.));
#2232=DIRECTION('center_axis',(1.,0.,0.));
#2233=DIRECTION('ref_axis',(0.,1.,0.));
#2234=DIRECTION('center_axis',(1.,0.,0.));
#2235=DIRECTION('ref_axis',(0.,1.,0.));
#2236=DIRECTION('center_axis',(1.,0.,0.));
#2237=DIRECTION('ref_axis',(0.,1.,0.));
#2238=DIRECTION('center_axis',(1.,0.,0.));
#2239=DIRECTION('ref_axis',(0.,1.,0.));
#2240=DIRECTION('center_axis',(1.,0.,0.));
#2241=DIRECTION('ref_axis',(0.,1.,0.));
#2242=DIRECTION('center_axis',(-1.,0.,0.));
#2243=DIRECTION('ref_axis',(0.,-0.707106781186547,0.707106781186549));
#2244=DIRECTION('',(0.,2.05432527401305E-33,1.));
#2245=DIRECTION('center_axis',(-1.,0.,0.));
#2246=DIRECTION('ref_axis',(0.,-0.707106781186547,-0.707106781186548));
#2247=DIRECTION('center_axis',(1.,0.,0.));
#2248=DIRECTION('ref_axis',(0.,1.,0.));
#2249=DIRECTION('center_axis',(1.,0.,0.));
#2250=DIRECTION('ref_axis',(0.,1.,0.));
#2251=DIRECTION('center_axis',(1.,0.,0.));
#2252=DIRECTION('ref_axis',(0.,1.,0.));
#2253=DIRECTION('center_axis',(1.,0.,0.));
#2254=DIRECTION('ref_axis',(0.,1.,0.));
#2255=DIRECTION('center_axis',(1.,0.,0.));
#2256=DIRECTION('ref_axis',(0.,1.,0.));
#2257=DIRECTION('center_axis',(1.,0.,0.));
#2258=DIRECTION('ref_axis',(0.,1.,0.));
#2259=DIRECTION('center_axis',(1.,0.,0.));
#2260=DIRECTION('ref_axis',(0.,1.,0.));
#2261=DIRECTION('center_axis',(1.,0.,0.));
#2262=DIRECTION('ref_axis',(0.,1.,0.));
#2263=DIRECTION('',(-1.,0.,0.));
#2264=DIRECTION('center_axis',(-1.,0.,0.));
#2265=DIRECTION('ref_axis',(0.,1.,0.));
#2266=DIRECTION('center_axis',(1.,0.,0.));
#2267=DIRECTION('ref_axis',(0.,1.,0.));
#2268=DIRECTION('',(-0.707106781186548,0.707106781186547,8.65956056235493E-17));
#2269=DIRECTION('center_axis',(-1.,0.,0.));
#2270=DIRECTION('ref_axis',(0.,1.,0.));
#2271=DIRECTION('center_axis',(1.,0.,0.));
#2272=DIRECTION('ref_axis',(0.,1.,0.));
#2273=DIRECTION('',(-1.,0.,0.));
#2274=DIRECTION('center_axis',(-1.,0.,0.));
#2275=DIRECTION('ref_axis',(0.,1.,0.));
#2276=DIRECTION('center_axis',(1.,0.,0.));
#2277=DIRECTION('ref_axis',(0.,1.,0.));
#2278=DIRECTION('',(-0.707106781186548,0.707106781186547,8.65956056235493E-17));
#2279=DIRECTION('center_axis',(-1.,0.,0.));
#2280=DIRECTION('ref_axis',(0.,1.,0.));
#2281=DIRECTION('center_axis',(1.,0.,0.));
#2282=DIRECTION('ref_axis',(0.,1.,0.));
#2283=DIRECTION('',(-1.,0.,0.));
#2284=DIRECTION('center_axis',(-1.,0.,0.));
#2285=DIRECTION('ref_axis',(0.,1.,0.));
#2286=DIRECTION('center_axis',(1.,0.,0.));
#2287=DIRECTION('ref_axis',(0.,1.,0.));
#2288=DIRECTION('',(-0.707106781186548,0.707106781186547,8.65956056235493E-17));
#2289=DIRECTION('center_axis',(-1.,0.,0.));
#2290=DIRECTION('ref_axis',(0.,1.,0.));
#2291=DIRECTION('center_axis',(1.,0.,0.));
#2292=DIRECTION('ref_axis',(0.,1.,0.));
#2293=DIRECTION('',(-1.,0.,0.));
#2294=DIRECTION('center_axis',(-1.,0.,0.));
#2295=DIRECTION('ref_axis',(0.,1.,0.));
#2296=DIRECTION('center_axis',(1.,0.,0.));
#2297=DIRECTION('ref_axis',(0.,1.,0.));
#2298=DIRECTION('',(-0.707106781186548,0.707106781186547,8.65956056235493E-17));
#2299=DIRECTION('center_axis',(-1.,0.,0.));
#2300=DIRECTION('ref_axis',(0.,1.,0.));
#2301=DIRECTION('center_axis',(1.,0.,0.));
#2302=DIRECTION('ref_axis',(0.,1.,0.));
#2303=DIRECTION('',(-1.,0.,0.));
#2304=DIRECTION('center_axis',(-1.,0.,0.));
#2305=DIRECTION('ref_axis',(0.,1.,0.));
#2306=DIRECTION('center_axis',(-1.,0.,0.));
#2307=DIRECTION('ref_axis',(0.,0.,1.));
#2308=DIRECTION('center_axis',(0.,-1.,0.));
#2309=DIRECTION('ref_axis',(0.,0.,-1.));
#2310=DIRECTION('center_axis',(-1.,0.,0.));
#2311=DIRECTION('ref_axis',(0.,0.,1.));
#2312=DIRECTION('center_axis',(-1.,0.,0.));
#2313=DIRECTION('ref_axis',(0.,0.,1.));
#2314=DIRECTION('center_axis',(-1.,0.,0.));
#2315=DIRECTION('ref_axis',(0.,0.707106781186548,-0.707106781186547));
#2316=DIRECTION('center_axis',(1.,0.,0.));
#2317=DIRECTION('ref_axis',(0.,0.707106781186548,-0.707106781186547));
#2318=DIRECTION('',(-0.707106781186549,0.707106781186546,0.));
#2319=DIRECTION('center_axis',(1.,0.,0.));
#2320=DIRECTION('ref_axis',(0.,1.,0.));
#2321=DIRECTION('',(-1.,0.,0.));
#2322=DIRECTION('center_axis',(-1.,0.,0.));
#2323=DIRECTION('ref_axis',(0.,1.,0.));
#2324=DIRECTION('center_axis',(1.,0.,0.));
#2325=DIRECTION('ref_axis',(0.,1.,0.));
#2326=DIRECTION('',(-0.707106781186549,0.707106781186546,8.65956056235492E-17));
#2327=DIRECTION('center_axis',(-1.,0.,0.));
#2328=DIRECTION('ref_axis',(0.,1.,0.));
#2329=DIRECTION('center_axis',(1.,0.,0.));
#2330=DIRECTION('ref_axis',(0.,1.,0.));
#2331=DIRECTION('',(-1.,0.,0.));
#2332=DIRECTION('center_axis',(-1.,0.,0.));
#2333=DIRECTION('ref_axis',(0.,1.,0.));
#2334=DIRECTION('center_axis',(1.,0.,0.));
#2335=DIRECTION('ref_axis',(0.,1.,0.));
#2336=DIRECTION('',(-0.707106781186549,0.707106781186546,8.65956056235492E-17));
#2337=DIRECTION('center_axis',(-1.,0.,0.));
#2338=DIRECTION('ref_axis',(0.,1.,0.));
#2339=DIRECTION('center_axis',(1.,0.,0.));
#2340=DIRECTION('ref_axis',(0.,1.,0.));
#2341=DIRECTION('',(-1.,0.,0.));
#2342=DIRECTION('center_axis',(-1.,0.,0.));
#2343=DIRECTION('ref_axis',(0.,1.,0.));
#2344=DIRECTION('center_axis',(1.,0.,0.));
#2345=DIRECTION('ref_axis',(0.,1.,0.));
#2346=DIRECTION('',(-0.707106781186549,0.707106781186546,8.65956056235492E-17));
#2347=DIRECTION('center_axis',(-1.,0.,0.));
#2348=DIRECTION('ref_axis',(0.,1.,0.));
#2349=DIRECTION('center_axis',(-1.,0.,0.));
#2350=DIRECTION('ref_axis',(0.,0.70710678118655,0.707106781186545));
#2351=DIRECTION('',(-0.707106781186549,0.707106781186546,0.));
#2352=DIRECTION('center_axis',(1.,0.,0.));
#2353=DIRECTION('ref_axis',(0.,0.70710678118655,0.707106781186545));
#2354=DIRECTION('center_axis',(1.,0.,0.));
#2355=DIRECTION('ref_axis',(0.,1.,0.));
#2356=DIRECTION('',(-1.,0.,0.));
#2357=DIRECTION('center_axis',(-1.,0.,0.));
#2358=DIRECTION('ref_axis',(0.,1.,0.));
#2359=DIRECTION('center_axis',(0.707106781186546,0.707106781186549,0.));
#2360=DIRECTION('ref_axis',(0.,0.,-1.));
#2361=DIRECTION('',(0.,0.,1.));
#2362=DIRECTION('center_axis',(-1.,0.,0.));
#2363=DIRECTION('ref_axis',(0.,-0.707106781186547,-0.707106781186548));
#2364=DIRECTION('',(-0.707106781186547,-0.707106781186548,0.));
#2365=DIRECTION('center_axis',(1.,0.,0.));
#2366=DIRECTION('ref_axis',(0.,-0.707106781186547,-0.707106781186548));
#2367=DIRECTION('center_axis',(0.707106781186548,-0.707106781186547,1.45262733201754E-33));
#2368=DIRECTION('ref_axis',(2.05432527401305E-33,0.,-1.));
#2369=DIRECTION('',(-0.707106781186547,-0.707106781186548,0.));
#2370=DIRECTION('',(0.,-2.05432527401305E-33,-1.));
#2371=DIRECTION('center_axis',(-1.,0.,0.));
#2372=DIRECTION('ref_axis',(0.,-0.707106781186546,0.707106781186549));
#2373=DIRECTION('center_axis',(1.,0.,0.));
#2374=DIRECTION('ref_axis',(0.,-0.707106781186546,0.707106781186549));
#2375=DIRECTION('center_axis',(0.,-1.,2.05432527401305E-33));
#2376=DIRECTION('ref_axis',(0.,-2.05432527401305E-33,-1.));
#2377=DIRECTION('',(1.,0.,0.));
#2378=DIRECTION('',(0.,-2.05432527401305E-33,-1.));
#2379=DIRECTION('',(-1.,0.,0.));
#2380=DIRECTION('center_axis',(1.,0.,0.));
#2381=DIRECTION('ref_axis',(0.,-0.707106781186546,0.707106781186549));
#2382=DIRECTION('',(-1.,0.,0.));
#2383=DIRECTION('center_axis',(1.,0.,0.));
#2384=DIRECTION('ref_axis',(0.,-0.707106781186546,0.707106781186549));
#2385=DIRECTION('center_axis',(0.,0.,1.));
#2386=DIRECTION('ref_axis',(0.,-1.,0.));
#2387=DIRECTION('',(1.,0.,0.));
#2388=DIRECTION('',(0.,-1.,0.));
#2389=DIRECTION('center_axis',(1.,0.,0.));
#2390=DIRECTION('ref_axis',(0.,0.70710678118655,0.707106781186545));
#2391=DIRECTION('',(-1.,0.,0.));
#2392=DIRECTION('center_axis',(1.,0.,0.));
#2393=DIRECTION('ref_axis',(0.,0.70710678118655,0.707106781186545));
#2394=DIRECTION('center_axis',(0.,1.,0.));
#2395=DIRECTION('ref_axis',(0.,0.,1.));
#2396=DIRECTION('',(1.,0.,0.));
#2397=DIRECTION('',(0.,0.,1.));
#2398=DIRECTION('center_axis',(1.,0.,0.));
#2399=DIRECTION('ref_axis',(0.,0.707106781186548,-0.707106781186547));
#2400=DIRECTION('',(-1.,0.,0.));
#2401=DIRECTION('center_axis',(1.,0.,0.));
#2402=DIRECTION('ref_axis',(0.,0.707106781186548,-0.707106781186547));
#2403=DIRECTION('center_axis',(0.,-5.65589553288403E-33,-1.));
#2404=DIRECTION('ref_axis',(0.,1.,-5.65589553288404E-33));
#2405=DIRECTION('',(1.,0.,0.));
#2406=DIRECTION('',(0.,1.,-5.65589553288404E-33));
#2407=DIRECTION('center_axis',(1.,0.,0.));
#2408=DIRECTION('ref_axis',(0.,-0.707106781186547,-0.707106781186548));
#2409=DIRECTION('center_axis',(1.,0.,0.));
#2410=DIRECTION('ref_axis',(0.,-0.707106781186547,-0.707106781186548));
#2411=DIRECTION('center_axis',(1.,0.,0.));
#2412=DIRECTION('ref_axis',(0.,1.,0.));
#2413=CARTESIAN_POINT('',(0.,0.,0.));
#2414=CARTESIAN_POINT('Origin',(3.,127.963285955579,53.9999999999999));
#2415=CARTESIAN_POINT('',(3.,129.597587122604,55.1528485136655));
#2416=CARTESIAN_POINT('',(3.,127.963285955579,55.9999999999999));
#2417=CARTESIAN_POINT('Origin',(3.,127.963285955579,53.9999999999999));
#2418=CARTESIAN_POINT('',(0.,127.963285955579,55.9999999999999));
#2419=CARTESIAN_POINT('',(3.,127.963285955579,55.9999999999999));
#2420=CARTESIAN_POINT('',(0.,129.597587122604,55.1528485136655));
#2421=CARTESIAN_POINT('Origin',(0.,127.963285955579,53.9999999999999));
#2422=CARTESIAN_POINT('',(3.,129.597587122604,55.1528485136655));
#2423=CARTESIAN_POINT('Origin',(3.,29.0000000000002,56.));
#2424=CARTESIAN_POINT('',(3.,30.0367140444214,56.));
#2425=CARTESIAN_POINT('',(3.,54.0000000000001,56.));
#2426=CARTESIAN_POINT('',(0.,30.0367140444214,56.));
#2427=CARTESIAN_POINT('',(3.,30.0367140444214,56.));
#2428=CARTESIAN_POINT('',(0.,54.0000000000001,56.));
#2429=CARTESIAN_POINT('Origin',(3.,30.0367140444214,54.));
#2430=CARTESIAN_POINT('',(3.,28.4024128773965,55.1528485136657));
#2431=CARTESIAN_POINT('Origin',(3.,30.0367140444214,54.));
#2432=CARTESIAN_POINT('',(0.,28.4024128773965,55.1528485136657));
#2433=CARTESIAN_POINT('',(3.,28.4024128773965,55.1528485136657));
#2434=CARTESIAN_POINT('Origin',(0.,30.0367140444214,54.));
#2435=CARTESIAN_POINT('Origin',(3.,26.8837771086631,53.0000000000001));
#2436=CARTESIAN_POINT('',(3.,27.6269700244224,54.0535651780373));
#2437=CARTESIAN_POINT('',(3.,30.1251812192823,57.5950794557909));
#2438=CARTESIAN_POINT('',(0.,27.6269700244224,54.0535651780373));
#2439=CARTESIAN_POINT('',(3.,27.6269700244224,54.0535651780373));
#2440=CARTESIAN_POINT('',(0.,30.1251812192823,57.5950794557909));
#2441=CARTESIAN_POINT('Origin',(3.,30.0367140444213,6.00000000000007));
#2442=CARTESIAN_POINT('',(3.,28.4024128773965,4.84715148633438));
#2443=CARTESIAN_POINT('',(3.,30.0367140444213,4.00000000000006));
#2444=CARTESIAN_POINT('Origin',(3.,30.0367140444213,6.00000000000007));
#2445=CARTESIAN_POINT('',(0.,30.0367140444213,4.00000000000006));
#2446=CARTESIAN_POINT('',(3.,30.0367140444213,4.00000000000006));
#2447=CARTESIAN_POINT('',(0.,28.4024128773965,4.84715148633438));
#2448=CARTESIAN_POINT('Origin',(0.,30.0367140444213,6.00000000000007));
#2449=CARTESIAN_POINT('',(3.,28.4024128773965,4.84715148633439));
#2450=CARTESIAN_POINT('Origin',(3.,129.,4.00000000000001));
#2451=CARTESIAN_POINT('',(3.,127.963285955579,4.00000000000001));
#2452=CARTESIAN_POINT('',(3.,104.,4.00000000000003));
#2453=CARTESIAN_POINT('',(0.,127.963285955579,4.00000000000001));
#2454=CARTESIAN_POINT('',(3.,127.963285955579,4.00000000000001));
#2455=CARTESIAN_POINT('',(0.,104.,4.00000000000003));
#2456=CARTESIAN_POINT('Origin',(3.,127.963285955579,6.00000000000001));
#2457=CARTESIAN_POINT('',(3.,129.597587122604,4.84715148633439));
#2458=CARTESIAN_POINT('Origin',(3.,127.963285955579,6.00000000000001));
#2459=CARTESIAN_POINT('',(0.,129.597587122604,4.84715148633439));
#2460=CARTESIAN_POINT('',(3.,129.597587122604,4.8471514863344));
#2461=CARTESIAN_POINT('Origin',(0.,127.963285955579,6.00000000000001));
#2462=CARTESIAN_POINT('Origin',(3.,131.116222891337,7.00000000000001));
#2463=CARTESIAN_POINT('',(3.,130.373029975578,5.94643482196286));
#2464=CARTESIAN_POINT('',(3.,127.874818780719,2.40492054421015));
#2465=CARTESIAN_POINT('',(0.,130.373029975578,5.94643482196286));
#2466=CARTESIAN_POINT('',(3.,130.373029975578,5.94643482196287));
#2467=CARTESIAN_POINT('',(0.,127.874818780719,2.40492054421015));
#2468=CARTESIAN_POINT('Origin',(3.,28.4441206079348,6.52285907879564));
#2469=CARTESIAN_POINT('',(3.,28.0891096665262,7.45772122450494));
#2470=CARTESIAN_POINT('',(3.,27.6269700244224,5.94643482196279));
#2471=CARTESIAN_POINT('Origin',(3.,28.4441206079348,6.52285907879564));
#2472=CARTESIAN_POINT('',(0.,27.6269700244224,5.94643482196279));
#2473=CARTESIAN_POINT('',(3.,27.6269700244224,5.94643482196279));
#2474=CARTESIAN_POINT('',(-2.77555756156289E-16,28.0891096665262,7.45772122450494));
#2475=CARTESIAN_POINT('Origin',(0.,28.4441206079348,6.52285907879564));
#2476=CARTESIAN_POINT('',(3.,28.0891096665262,7.45772122450494));
#2477=CARTESIAN_POINT('Origin',(3.,29.0000000000002,4.00000000000007));
#2478=CARTESIAN_POINT('',(0.,31.1832926649508,0.904920544209231));
#2479=CARTESIAN_POINT('',(3.,31.1832926649508,0.904920544209231));
#2480=CARTESIAN_POINT('Origin',(3.,28.4441206079348,53.4771409212044));
#2481=CARTESIAN_POINT('',(3.,28.0891096665262,52.5422787754952));
#2482=CARTESIAN_POINT('Origin',(3.,28.4441206079348,53.4771409212044));
#2483=CARTESIAN_POINT('',(0.,28.0891096665262,52.5422787754952));
#2484=CARTESIAN_POINT('',(3.,28.0891096665262,52.5422787754952));
#2485=CARTESIAN_POINT('Origin',(0.,28.4441206079348,53.4771409212044));
#2486=CARTESIAN_POINT('Origin',(3.,79.,33.2090292817707));
#2487=CARTESIAN_POINT('',(3.,78.2899781171828,33.4786578448658));
#2488=CARTESIAN_POINT('',(3.,79.5325164121129,33.0068078594493));
#2489=CARTESIAN_POINT('',(0.,78.2899781171828,33.4786578448658));
#2490=CARTESIAN_POINT('',(3.,78.2899781171828,33.4786578448658));
#2491=CARTESIAN_POINT('',(0.,79.5325164121129,33.0068078594493));
#2492=CARTESIAN_POINT('Origin',(3.,129.555879392065,6.52285907879568));
#2493=CARTESIAN_POINT('',(3.,129.910890333474,7.45772122450497));
#2494=CARTESIAN_POINT('Origin',(3.,129.555879392065,6.52285907879568));
#2495=CARTESIAN_POINT('',(-2.77555756156289E-16,129.910890333474,7.45772122450497));
#2496=CARTESIAN_POINT('',(3.,129.910890333474,7.45772122450497));
#2497=CARTESIAN_POINT('Origin',(0.,129.555879392065,6.52285907879568));
#2498=CARTESIAN_POINT('Origin',(3.,79.,26.7909707182293));
#2499=CARTESIAN_POINT('',(3.,79.7100218828172,26.5213421551342));
#2500=CARTESIAN_POINT('',(3.,78.4674835878871,26.9931921405507));
#2501=CARTESIAN_POINT('',(-2.77555756156289E-16,79.7100218828172,26.5213421551342));
#2502=CARTESIAN_POINT('',(3.,79.7100218828172,26.5213421551342));
#2503=CARTESIAN_POINT('',(-2.77555756156289E-16,78.4674835878871,26.9931921405507));
#2504=CARTESIAN_POINT('Origin',(3.,129.555879392065,53.4771409212042));
#2505=CARTESIAN_POINT('',(3.,129.910890333474,52.5422787754949));
#2506=CARTESIAN_POINT('',(3.,130.373029975578,54.053565178037));
#2507=CARTESIAN_POINT('Origin',(3.,129.555879392065,53.4771409212042));
#2508=CARTESIAN_POINT('',(0.,130.373029975578,54.053565178037));
#2509=CARTESIAN_POINT('',(3.,130.373029975578,54.053565178037));
#2510=CARTESIAN_POINT('',(-2.77555756156289E-16,129.910890333474,52.5422787754949));
#2511=CARTESIAN_POINT('Origin',(0.,129.555879392065,53.4771409212042));
#2512=CARTESIAN_POINT('',(3.,129.910890333474,52.5422787754949));
#2513=CARTESIAN_POINT('Origin',(3.,129.,55.9999999999999));
#2514=CARTESIAN_POINT('',(0.,126.81670733505,59.0950794557897));
#2515=CARTESIAN_POINT('',(3.,126.81670733505,59.0950794557897));
#2516=CARTESIAN_POINT('Origin',(3.,7.,8.99999999999988));
#2517=CARTESIAN_POINT('',(3.,5.,8.99999999999988));
#2518=CARTESIAN_POINT('',(3.,7.00000000000001,6.99999999999988));
#2519=CARTESIAN_POINT('Origin',(3.,7.,8.99999999999988));
#2520=CARTESIAN_POINT('',(0.,7.00000000000001,6.99999999999988));
#2521=CARTESIAN_POINT('',(3.,7.00000000000001,6.99999999999988));
#2522=CARTESIAN_POINT('',(0.,5.,8.99999999999988));
#2523=CARTESIAN_POINT('Origin',(0.,7.,8.99999999999988));
#2524=CARTESIAN_POINT('',(3.,5.,8.99999999999988));
#2525=CARTESIAN_POINT('Origin',(3.,9.98288955800383,6.99999999999989));
#2526=CARTESIAN_POINT('',(3.,9.6159270411177,6.99999999999988));
#2527=CARTESIAN_POINT('',(3.,44.491444779002,7.00000000000001));
#2528=CARTESIAN_POINT('',(0.,9.6159270411177,6.99999999999988));
#2529=CARTESIAN_POINT('',(3.,9.6159270411177,6.99999999999989));
#2530=CARTESIAN_POINT('',(0.,44.491444779002,7.00000000000001));
#2531=CARTESIAN_POINT('Origin',(3.,7.,51.));
#2532=CARTESIAN_POINT('',(3.,7.,53.));
#2533=CARTESIAN_POINT('',(3.,5.,51.));
#2534=CARTESIAN_POINT('Origin',(3.,7.,51.));
#2535=CARTESIAN_POINT('',(0.,5.,51.));
#2536=CARTESIAN_POINT('',(3.,5.,51.));
#2537=CARTESIAN_POINT('',(0.,7.,53.));
#2538=CARTESIAN_POINT('Origin',(0.,7.,51.));
#2539=CARTESIAN_POINT('',(3.,7.,53.));
#2540=CARTESIAN_POINT('Origin',(3.,5.,6.99999999999987));
#2541=CARTESIAN_POINT('',(0.,5.,18.4999999999999));
#2542=CARTESIAN_POINT('',(3.,5.,18.4999999999999));
#2543=CARTESIAN_POINT('Origin',(3.,151.,8.99999999999988));
#2544=CARTESIAN_POINT('',(3.,151.,6.99999999999988));
#2545=CARTESIAN_POINT('',(3.,153.,8.99999999999988));
#2546=CARTESIAN_POINT('Origin',(3.,151.,8.99999999999988));
#2547=CARTESIAN_POINT('',(0.,153.,8.99999999999988));
#2548=CARTESIAN_POINT('',(3.,153.,8.99999999999988));
#2549=CARTESIAN_POINT('',(0.,151.,6.99999999999988));
#2550=CARTESIAN_POINT('Origin',(0.,151.,8.99999999999988));
#2551=CARTESIAN_POINT('',(3.,151.,6.99999999999988));
#2552=CARTESIAN_POINT('Origin',(3.,153.,53.));
#2553=CARTESIAN_POINT('',(3.,153.,51.));
#2554=CARTESIAN_POINT('',(3.,153.,41.5));
#2555=CARTESIAN_POINT('',(0.,153.,51.));
#2556=CARTESIAN_POINT('',(3.,153.,51.));
#2557=CARTESIAN_POINT('',(0.,153.,41.5));
#2558=CARTESIAN_POINT('Origin',(3.,151.,51.));
#2559=CARTESIAN_POINT('',(3.,151.,53.));
#2560=CARTESIAN_POINT('Origin',(3.,151.,51.));
#2561=CARTESIAN_POINT('',(0.,151.,53.));
#2562=CARTESIAN_POINT('',(3.,151.,53.));
#2563=CARTESIAN_POINT('Origin',(0.,151.,51.));
#2564=CARTESIAN_POINT('Origin',(3.,148.017110441996,53.));
#2565=CARTESIAN_POINT('',(3.,148.384072958882,53.));
#2566=CARTESIAN_POINT('',(3.,113.508555220998,53.));
#2567=CARTESIAN_POINT('',(0.,148.384072958882,53.));
#2568=CARTESIAN_POINT('',(3.,148.384072958882,53.));
#2569=CARTESIAN_POINT('',(0.,113.508555220998,53.));
#2570=CARTESIAN_POINT('Origin',(3.,9.6159270411177,8.99999999999989));
#2571=CARTESIAN_POINT('',(3.,10.3259489239349,7.1302757085813));
#2572=CARTESIAN_POINT('Origin',(3.,9.6159270411177,8.99999999999989));
#2573=CARTESIAN_POINT('',(0.,10.3259489239349,7.1302757085813));
#2574=CARTESIAN_POINT('',(3.,10.3259489239349,7.1302757085813));
#2575=CARTESIAN_POINT('Origin',(0.,9.6159270411177,8.99999999999989));
#2576=CARTESIAN_POINT('Origin',(3.,70.5495562246704,30.));
#2577=CARTESIAN_POINT('',(3.,65.6259489239348,28.1302757085814));
#2578=CARTESIAN_POINT('',(3.,74.2422617002223,31.402293218564));
#2579=CARTESIAN_POINT('',(0.,65.6259489239348,28.1302757085814));
#2580=CARTESIAN_POINT('',(3.,65.6259489239348,28.1302757085814));
#2581=CARTESIAN_POINT('',(0.,74.2422617002223,31.402293218564));
#2582=CARTESIAN_POINT('Origin',(3.,9.61592704111767,51.));
#2583=CARTESIAN_POINT('',(3.,10.3259489239348,52.8697242914186));
#2584=CARTESIAN_POINT('',(3.,9.61592704111767,53.));
#2585=CARTESIAN_POINT('Origin',(3.,9.61592704111767,51.));
#2586=CARTESIAN_POINT('',(0.,9.61592704111767,53.));
#2587=CARTESIAN_POINT('',(3.,9.61592704111767,53.));
#2588=CARTESIAN_POINT('',(0.,10.3259489239348,52.8697242914186));
#2589=CARTESIAN_POINT('Origin',(0.,9.61592704111767,51.));
#2590=CARTESIAN_POINT('',(3.,10.3259489239348,52.8697242914186));
#2591=CARTESIAN_POINT('Origin',(3.,5.,53.));
#2592=CARTESIAN_POINT('',(0.,42.,53.));
#2593=CARTESIAN_POINT('',(3.,42.,53.));
#2594=CARTESIAN_POINT('Origin',(3.,148.384072958882,51.));
#2595=CARTESIAN_POINT('',(3.,147.674051076065,52.8697242914186));
#2596=CARTESIAN_POINT('Origin',(3.,148.384072958882,51.));
#2597=CARTESIAN_POINT('',(0.,147.674051076065,52.8697242914186));
#2598=CARTESIAN_POINT('',(3.,147.674051076065,52.8697242914186));
#2599=CARTESIAN_POINT('Origin',(0.,148.384072958882,51.));
#2600=CARTESIAN_POINT('Origin',(3.,87.4504437753296,30.));
#2601=CARTESIAN_POINT('',(3.,92.3740510760652,31.8697242914186));
#2602=CARTESIAN_POINT('',(3.,83.7577382997777,28.597706781436));
#2603=CARTESIAN_POINT('',(0.,92.3740510760652,31.8697242914186));
#2604=CARTESIAN_POINT('',(3.,92.3740510760652,31.8697242914186));
#2605=CARTESIAN_POINT('',(0.,83.7577382997777,28.597706781436));
#2606=CARTESIAN_POINT('Origin',(3.,148.384072958882,8.99999999999989));
#2607=CARTESIAN_POINT('',(3.,147.674051076065,7.1302757085813));
#2608=CARTESIAN_POINT('',(3.,148.384072958882,6.99999999999988));
#2609=CARTESIAN_POINT('Origin',(3.,148.384072958882,8.99999999999989));
#2610=CARTESIAN_POINT('',(0.,148.384072958882,6.99999999999988));
#2611=CARTESIAN_POINT('',(3.,148.384072958882,6.99999999999989));
#2612=CARTESIAN_POINT('',(0.,147.674051076065,7.1302757085813));
#2613=CARTESIAN_POINT('Origin',(0.,148.384072958882,8.99999999999989));
#2614=CARTESIAN_POINT('',(3.,147.674051076065,7.1302757085813));
#2615=CARTESIAN_POINT('Origin',(3.,153.,6.99999999999987));
#2616=CARTESIAN_POINT('',(0.,116.,7.));
#2617=CARTESIAN_POINT('',(3.,116.,7.));
#2618=CARTESIAN_POINT('Origin',(3.,79.,24.6516178637156));
#2619=CARTESIAN_POINT('',(3.,78.2899781171828,26.5213421551342));
#2620=CARTESIAN_POINT('Origin',(3.,79.,24.6516178637156));
#2621=CARTESIAN_POINT('',(-2.77555756156289E-16,78.2899781171828,26.5213421551342));
#2622=CARTESIAN_POINT('',(3.,78.2899781171828,26.5213421551342));
#2623=CARTESIAN_POINT('Origin',(0.,79.,24.6516178637156));
#2624=CARTESIAN_POINT('Origin',(3.,26.8837771086631,6.99999999999994));
#2625=CARTESIAN_POINT('',(-2.77555756156289E-16,53.4744049664444,17.097706781436));
#2626=CARTESIAN_POINT('',(3.,53.4744049664444,17.097706781436));
#2627=CARTESIAN_POINT('Origin',(3.,64.9159270411176,30.));
#2628=CARTESIAN_POINT('',(3.,65.6259489239348,31.8697242914186));
#2629=CARTESIAN_POINT('Origin',(3.,64.9159270411176,30.));
#2630=CARTESIAN_POINT('',(0.,65.6259489239348,31.8697242914186));
#2631=CARTESIAN_POINT('',(3.,65.6259489239348,31.8697242914186));
#2632=CARTESIAN_POINT('Origin',(0.,64.9159270411176,30.));
#2633=CARTESIAN_POINT('Origin',(3.,9.98288955800378,53.));
#2634=CARTESIAN_POINT('',(0.,43.958928366889,40.097706781436));
#2635=CARTESIAN_POINT('',(3.,43.958928366889,40.097706781436));
#2636=CARTESIAN_POINT('Origin',(3.,79.,35.3483821362844));
#2637=CARTESIAN_POINT('',(3.,79.7100218828172,33.4786578448658));
#2638=CARTESIAN_POINT('Origin',(3.,79.,35.3483821362844));
#2639=CARTESIAN_POINT('',(-2.77555756156289E-16,79.7100218828172,33.4786578448658));
#2640=CARTESIAN_POINT('',(3.,79.7100218828172,33.4786578448658));
#2641=CARTESIAN_POINT('Origin',(0.,79.,35.3483821362844));
#2642=CARTESIAN_POINT('Origin',(3.,131.116222891337,52.9999999999999));
#2643=CARTESIAN_POINT('',(-2.77555756156289E-16,104.525595033556,42.9022932185639));
#2644=CARTESIAN_POINT('',(3.,104.525595033556,42.9022932185639));
#2645=CARTESIAN_POINT('Origin',(3.,93.0840729588824,30.));
#2646=CARTESIAN_POINT('',(3.,92.3740510760652,28.1302757085814));
#2647=CARTESIAN_POINT('Origin',(3.,93.0840729588824,30.));
#2648=CARTESIAN_POINT('',(0.,92.3740510760652,28.1302757085814));
#2649=CARTESIAN_POINT('',(3.,92.3740510760652,28.1302757085814));
#2650=CARTESIAN_POINT('Origin',(0.,93.0840729588824,30.));
#2651=CARTESIAN_POINT('Origin',(3.,148.017110441996,6.99999999999989));
#2652=CARTESIAN_POINT('',(0.,114.041071633111,19.902293218564));
#2653=CARTESIAN_POINT('',(3.,114.041071633111,19.902293218564));
#2654=CARTESIAN_POINT('Origin',(2.5,144.5,2.5));
#2655=CARTESIAN_POINT('',(3.,142.5,1.));
#2656=CARTESIAN_POINT('',(3.,146.5,1.));
#2657=CARTESIAN_POINT('Ctrl Pts',(3.,142.5,1.));
#2658=CARTESIAN_POINT('Ctrl Pts',(1.99999999999863,144.499999999999,-1.36959887875321E-12));
#2659=CARTESIAN_POINT('Ctrl Pts',(3.,146.5,1.));
#2660=CARTESIAN_POINT('',(3.,142.,2.5));
#2661=CARTESIAN_POINT('Origin',(3.,144.5,2.5));
#2662=CARTESIAN_POINT('',(2.,143.,2.5));
#2663=CARTESIAN_POINT('',(2.5,142.5,2.5));
#2664=CARTESIAN_POINT('Origin',(2.,144.5,2.5));
#2665=CARTESIAN_POINT('Origin',(3.,144.5,2.5));
#2666=CARTESIAN_POINT('Origin',(2.5,39.5,0.5));
#2667=CARTESIAN_POINT('',(3.,136.5,1.));
#2668=CARTESIAN_POINT('',(3.,39.5,1.));
#2669=CARTESIAN_POINT('',(3.,132.5,1.));
#2670=CARTESIAN_POINT('Ctrl Pts',(3.,132.5,1.));
#2671=CARTESIAN_POINT('Ctrl Pts',(1.99999999999861,134.499999999999,-1.38736244714721E-12));
#2672=CARTESIAN_POINT('Ctrl Pts',(3.,136.5,1.));
#2673=CARTESIAN_POINT('',(3.,25.5,1.));
#2674=CARTESIAN_POINT('',(3.,39.5,1.));
#2675=CARTESIAN_POINT('',(3.,21.5,1.));
#2676=CARTESIAN_POINT('Ctrl Pts',(3.,21.5,1.));
#2677=CARTESIAN_POINT('Ctrl Pts',(1.99999999999864,23.4999999999991,-1.36418654150816E-12));
#2678=CARTESIAN_POINT('Ctrl Pts',(3.,25.5,1.));
#2679=CARTESIAN_POINT('',(3.,15.5,1.));
#2680=CARTESIAN_POINT('',(3.,39.5,1.));
#2681=CARTESIAN_POINT('',(3.,11.5,1.));
#2682=CARTESIAN_POINT('Ctrl Pts',(3.,11.5,1.));
#2683=CARTESIAN_POINT('Ctrl Pts',(1.99999999999863,13.4999999999991,-1.36821109997243E-12));
#2684=CARTESIAN_POINT('Ctrl Pts',(3.,15.5,1.));
#2685=CARTESIAN_POINT('',(3.,5.5,1.));
#2686=CARTESIAN_POINT('',(3.,39.5,1.));
#2687=CARTESIAN_POINT('',(2.53125,3.,0.53125));
#2688=CARTESIAN_POINT('Ctrl Pts',(2.53125,3.,0.53125));
#2689=CARTESIAN_POINT('Ctrl Pts',(2.37499999999898,4.24999999999908,0.374999999998983));
#2690=CARTESIAN_POINT('Ctrl Pts',(3.,5.5,1.));
#2691=CARTESIAN_POINT('',(2.,3.,0.));
#2692=CARTESIAN_POINT('',(3.,3.,1.));
#2693=CARTESIAN_POINT('',(2.,155.,0.));
#2694=CARTESIAN_POINT('',(2.,39.5,0.));
#2695=CARTESIAN_POINT('',(2.74109096211828,155.,0.741090962118281));
#2696=CARTESIAN_POINT('',(3.,155.,0.999999999999999));
#2697=CARTESIAN_POINT('',(2.70710678118655,154.5,0.707106781186546));
#2698=CARTESIAN_POINT('Ctrl Pts',(2.70710678118655,154.5,0.707106781186546));
#2699=CARTESIAN_POINT('Ctrl Pts',(2.70710678118655,154.660433787993,0.707106781186547));
#2700=CARTESIAN_POINT('Ctrl Pts',(2.71857203822706,154.829878641738,0.718572038227056));
#2701=CARTESIAN_POINT('Ctrl Pts',(2.74109096211828,155.,0.741090962118284));
#2702=CARTESIAN_POINT('',(3.,152.5,1.));
#2703=CARTESIAN_POINT('Ctrl Pts',(3.,152.5,1.));
#2704=CARTESIAN_POINT('Ctrl Pts',(3.,152.687684804988,1.));
#2705=CARTESIAN_POINT('Ctrl Pts',(2.96189409265558,152.90636430454,0.961894092655584));
#2706=CARTESIAN_POINT('Ctrl Pts',(2.87761457375287,153.305031969065,0.877614573752875));
#2707=CARTESIAN_POINT('Ctrl Pts',(2.81795213710867,153.542320689584,0.817952137108673));
#2708=CARTESIAN_POINT('Ctrl Pts',(2.73179899217046,154.025276393227,0.731798992170464));
#2709=CARTESIAN_POINT('Ctrl Pts',(2.70710678118655,154.271581474851,0.707106781186547));
#2710=CARTESIAN_POINT('Ctrl Pts',(2.70710678118655,154.5,0.707106781186547));
#2711=CARTESIAN_POINT('',(3.,39.5,1.));
#2712=CARTESIAN_POINT('Origin',(0.,144.5,2.5));
#2713=CARTESIAN_POINT('',(0.,143.,2.5));
#2714=CARTESIAN_POINT('',(0.,143.,2.5));
#2715=CARTESIAN_POINT('Origin',(0.,144.5,2.5));
#2716=CARTESIAN_POINT('Origin',(2.5,23.5,57.5));
#2717=CARTESIAN_POINT('',(3.,25.5,59.));
#2718=CARTESIAN_POINT('',(3.,21.5,59.));
#2719=CARTESIAN_POINT('Ctrl Pts',(3.00000000000001,25.5,59.));
#2720=CARTESIAN_POINT('Ctrl Pts',(1.99999999999998,23.5,60.));
#2721=CARTESIAN_POINT('Ctrl Pts',(3.00000000000001,21.5,59.));
#2722=CARTESIAN_POINT('',(3.00000000000001,21.,57.5));
#2723=CARTESIAN_POINT('Origin',(3.,23.5,57.5));
#2724=CARTESIAN_POINT('',(2.,22.,57.5));
#2725=CARTESIAN_POINT('',(2.5,21.5,57.5));
#2726=CARTESIAN_POINT('Origin',(2.,23.5,57.5));
#2727=CARTESIAN_POINT('Origin',(3.,23.5,57.5));
#2728=CARTESIAN_POINT('Origin',(2.5,118.5,59.5));
#2729=CARTESIAN_POINT('',(3.,132.5,59.));
#2730=CARTESIAN_POINT('',(3.,118.5,59.));
#2731=CARTESIAN_POINT('',(3.,136.5,59.));
#2732=CARTESIAN_POINT('Ctrl Pts',(3.,136.5,59.));
#2733=CARTESIAN_POINT('Ctrl Pts',(1.99999999999999,134.5,60.));
#2734=CARTESIAN_POINT('Ctrl Pts',(3.,132.5,59.));
#2735=CARTESIAN_POINT('',(3.,142.5,59.));
#2736=CARTESIAN_POINT('',(3.,118.5,59.));
#2737=CARTESIAN_POINT('',(3.,146.5,59.));
#2738=CARTESIAN_POINT('Ctrl Pts',(3.,146.5,59.));
#2739=CARTESIAN_POINT('Ctrl Pts',(1.99999999999999,144.5,60.));
#2740=CARTESIAN_POINT('Ctrl Pts',(3.,142.5,59.));
#2741=CARTESIAN_POINT('',(3.,152.5,59.));
#2742=CARTESIAN_POINT('',(3.,118.5,59.));
#2743=CARTESIAN_POINT('',(2.53125,155.,59.46875));
#2744=CARTESIAN_POINT('Ctrl Pts',(2.53125,155.,59.46875));
#2745=CARTESIAN_POINT('Ctrl Pts',(2.37500000000001,153.75,59.625));
#2746=CARTESIAN_POINT('Ctrl Pts',(3.,152.5,59.));
#2747=CARTESIAN_POINT('',(2.,155.,60.));
#2748=CARTESIAN_POINT('',(2.,155.,60.));
#2749=CARTESIAN_POINT('',(2.,3.,60.));
#2750=CARTESIAN_POINT('',(2.,118.5,60.));
#2751=CARTESIAN_POINT('',(2.53125,3.,59.46875));
#2752=CARTESIAN_POINT('',(3.,3.,59.));
#2753=CARTESIAN_POINT('',(3.,5.49999999999999,59.));
#2754=CARTESIAN_POINT('Ctrl Pts',(3.,5.49999999999999,59.));
#2755=CARTESIAN_POINT('Ctrl Pts',(2.37500000000001,4.24999999999999,59.625));
#2756=CARTESIAN_POINT('Ctrl Pts',(2.53125,3.,59.46875));
#2757=CARTESIAN_POINT('',(3.,11.5,59.));
#2758=CARTESIAN_POINT('',(3.,118.5,59.));
#2759=CARTESIAN_POINT('',(3.,15.5,59.));
#2760=CARTESIAN_POINT('Ctrl Pts',(3.00000000000001,15.5,59.));
#2761=CARTESIAN_POINT('Ctrl Pts',(2.,13.5,60.));
#2762=CARTESIAN_POINT('Ctrl Pts',(3.00000000000001,11.5,59.));
#2763=CARTESIAN_POINT('',(3.,118.5,59.));
#2764=CARTESIAN_POINT('Origin',(0.,23.5,57.5));
#2765=CARTESIAN_POINT('',(0.,22.,57.5));
#2766=CARTESIAN_POINT('',(0.,22.,57.5));
#2767=CARTESIAN_POINT('Origin',(0.,23.5,57.5));
#2768=CARTESIAN_POINT('Origin',(2.5,13.5,57.5));
#2769=CARTESIAN_POINT('',(3.00000000000001,11.,57.5));
#2770=CARTESIAN_POINT('Origin',(3.,13.5,57.5));
#2771=CARTESIAN_POINT('',(2.,12.,57.5));
#2772=CARTESIAN_POINT('',(2.5,11.5,57.5));
#2773=CARTESIAN_POINT('Origin',(2.,13.5,57.5));
#2774=CARTESIAN_POINT('Origin',(3.,13.5,57.5));
#2775=CARTESIAN_POINT('Origin',(0.,13.5,57.5));
#2776=CARTESIAN_POINT('',(0.,12.,57.5));
#2777=CARTESIAN_POINT('',(0.,12.,57.5));
#2778=CARTESIAN_POINT('Origin',(0.,13.5,57.5));
#2779=CARTESIAN_POINT('Origin',(2.5,3.5,57.5));
#2780=CARTESIAN_POINT('',(2.96875,1.03125,57.5));
#2781=CARTESIAN_POINT('Ctrl Pts',(2.53125,3.,59.46875));
#2782=CARTESIAN_POINT('Ctrl Pts',(2.54446420848977,2.89428633208182,59.4555357915102));
#2783=CARTESIAN_POINT('Ctrl Pts',(2.55852324099295,2.7886571558894,59.434633690578));
#2784=CARTESIAN_POINT('Ctrl Pts',(2.61128144098726,2.41582205492778,59.3326449360991));
#2785=CARTESIAN_POINT('Ctrl Pts',(2.65358653221497,2.16124207703108,59.2064791330341));
#2786=CARTESIAN_POINT('Ctrl Pts',(2.74014766778208,1.7100894937984,58.8785814961628));
#2787=CARTESIAN_POINT('Ctrl Pts',(2.79068837724578,1.49069932712831,58.6431053674132));
#2788=CARTESIAN_POINT('Ctrl Pts',(2.88650055767287,1.16975872186092,58.1017361693296));
#2789=CARTESIAN_POINT('Ctrl Pts',(2.93177115545571,1.06822884454429,57.7958307563543));
#2790=CARTESIAN_POINT('Ctrl Pts',(2.96875,1.03125,57.5));
#2791=CARTESIAN_POINT('',(2.,2.,57.5));
#2792=CARTESIAN_POINT('',(2.5,1.5,57.5));
#2793=CARTESIAN_POINT('Origin',(2.,3.5,57.5));
#2794=CARTESIAN_POINT('',(3.,1.01397569783555,57.2360243021645));
#2795=CARTESIAN_POINT('Ctrl Pts',(2.96875,1.03125,57.5));
#2796=CARTESIAN_POINT('Ctrl Pts',(2.97953914725592,1.02046085274408,57.4136868219526));
#2797=CARTESIAN_POINT('Ctrl Pts',(2.99001356997761,1.01453396714935,57.3253439030522));
#2798=CARTESIAN_POINT('Ctrl Pts',(3.,1.01397569783555,57.2360243021645));
#2799=CARTESIAN_POINT('Origin',(3.,3.5,57.5));
#2800=CARTESIAN_POINT('Origin',(3.,79.,30.));
#2801=CARTESIAN_POINT('',(3.,156.986024302165,2.76397569783561));
#2802=CARTESIAN_POINT('Origin',(3.,154.5,2.5));
#2803=CARTESIAN_POINT('',(3.,157.,3.));
#2804=CARTESIAN_POINT('Origin',(3.,155.,3.));
#2805=CARTESIAN_POINT('',(3.,157.,57.));
#2806=CARTESIAN_POINT('',(3.,157.,15.));
#2807=CARTESIAN_POINT('',(3.,156.986024302164,57.2360243021644));
#2808=CARTESIAN_POINT('Origin',(3.,155.,57.));
#2809=CARTESIAN_POINT('',(3.00000000000001,152.,57.5));
#2810=CARTESIAN_POINT('Origin',(3.,154.5,57.5));
#2811=CARTESIAN_POINT('Origin',(3.,154.5,57.5));
#2812=CARTESIAN_POINT('',(3.00000000000001,142.,57.5));
#2813=CARTESIAN_POINT('Origin',(3.,144.5,57.5));
#2814=CARTESIAN_POINT('Origin',(3.,144.5,57.5));
#2815=CARTESIAN_POINT('',(3.00000000000001,132.,57.5));
#2816=CARTESIAN_POINT('Origin',(3.,134.5,57.5));
#2817=CARTESIAN_POINT('Origin',(3.,134.5,57.5));
#2818=CARTESIAN_POINT('',(3.,1.,57.));
#2819=CARTESIAN_POINT('Origin',(3.,3.,57.));
#2820=CARTESIAN_POINT('',(3.,1.,3.));
#2821=CARTESIAN_POINT('',(3.,1.,45.));
#2822=CARTESIAN_POINT('',(3.,1.01397569783555,2.76397569783557));
#2823=CARTESIAN_POINT('Origin',(3.,3.,3.));
#2824=CARTESIAN_POINT('Origin',(3.,3.5,2.5));
#2825=CARTESIAN_POINT('',(3.,11.,2.5));
#2826=CARTESIAN_POINT('Origin',(3.,13.5,2.5));
#2827=CARTESIAN_POINT('Origin',(3.,13.5,2.5));
#2828=CARTESIAN_POINT('',(3.,21.,2.5));
#2829=CARTESIAN_POINT('Origin',(3.,23.5,2.5));
#2830=CARTESIAN_POINT('Origin',(3.,23.5,2.5));
#2831=CARTESIAN_POINT('',(3.,132.,2.5));
#2832=CARTESIAN_POINT('Origin',(3.,134.5,2.5));
#2833=CARTESIAN_POINT('Origin',(3.,134.5,2.5));
#2834=CARTESIAN_POINT('Origin',(0.,3.5,57.5));
#2835=CARTESIAN_POINT('',(0.,2.,57.5));
#2836=CARTESIAN_POINT('',(0.,2.,57.5));
#2837=CARTESIAN_POINT('Origin',(0.,3.5,57.5));
#2838=CARTESIAN_POINT('Origin',(2.5,3.5,2.5));
#2839=CARTESIAN_POINT('',(2.96875,1.03125,2.5));
#2840=CARTESIAN_POINT('Ctrl Pts',(3.,1.01397569783555,2.76397569783557));
#2841=CARTESIAN_POINT('Ctrl Pts',(2.99001356997761,1.01453396714934,2.67465609694782));
#2842=CARTESIAN_POINT('Ctrl Pts',(2.97953914725592,1.02046085274408,2.58631317804738));
#2843=CARTESIAN_POINT('Ctrl Pts',(2.96875,1.03125,2.5));
#2844=CARTESIAN_POINT('',(2.,2.,2.5));
#2845=CARTESIAN_POINT('',(2.5,1.5,2.5));
#2846=CARTESIAN_POINT('Origin',(2.,3.5,2.5));
#2847=CARTESIAN_POINT('Ctrl Pts',(2.96875,1.03125,2.5));
#2848=CARTESIAN_POINT('Ctrl Pts',(2.93177115545571,1.06822884454429,2.20416924364569));
#2849=CARTESIAN_POINT('Ctrl Pts',(2.88650055767287,1.16975872186091,1.89826383067037));
#2850=CARTESIAN_POINT('Ctrl Pts',(2.79068837724578,1.4906993271283,1.35689463258679));
#2851=CARTESIAN_POINT('Ctrl Pts',(2.74014766778209,1.71008949379839,1.12141850383718));
#2852=CARTESIAN_POINT('Ctrl Pts',(2.65358653221497,2.16124207703107,0.793520866965854));
#2853=CARTESIAN_POINT('Ctrl Pts',(2.61128144098726,2.41582205492777,0.667355063900911));
#2854=CARTESIAN_POINT('Ctrl Pts',(2.55852324099295,2.78865715588939,0.565366309422051));
#2855=CARTESIAN_POINT('Ctrl Pts',(2.54446420848977,2.89428633208181,0.544464208489774));
#2856=CARTESIAN_POINT('Ctrl Pts',(2.53125,3.,0.531250000000001));
#2857=CARTESIAN_POINT('Origin',(0.,3.5,2.5));
#2858=CARTESIAN_POINT('',(0.,2.,2.5));
#2859=CARTESIAN_POINT('',(0.,2.,2.5));
#2860=CARTESIAN_POINT('Origin',(0.,3.5,2.5));
#2861=CARTESIAN_POINT('Origin',(2.5,13.5,2.5));
#2862=CARTESIAN_POINT('',(2.,12.,2.5));
#2863=CARTESIAN_POINT('',(2.5,11.5,2.5));
#2864=CARTESIAN_POINT('Origin',(2.,13.5,2.5));
#2865=CARTESIAN_POINT('Origin',(0.,13.5,2.5));
#2866=CARTESIAN_POINT('',(0.,12.,2.5));
#2867=CARTESIAN_POINT('',(0.,12.,2.5));
#2868=CARTESIAN_POINT('Origin',(0.,13.5,2.5));
#2869=CARTESIAN_POINT('Origin',(2.5,23.5,2.5));
#2870=CARTESIAN_POINT('',(2.,22.,2.5));
#2871=CARTESIAN_POINT('',(2.5,21.5,2.5));
#2872=CARTESIAN_POINT('Origin',(2.,23.5,2.5));
#2873=CARTESIAN_POINT('Origin',(0.,23.5,2.5));
#2874=CARTESIAN_POINT('',(0.,22.,2.5));
#2875=CARTESIAN_POINT('',(0.,22.,2.5));
#2876=CARTESIAN_POINT('Origin',(0.,23.5,2.5));
#2877=CARTESIAN_POINT('Origin',(2.5,134.5,2.5));
#2878=CARTESIAN_POINT('',(2.,133.,2.5));
#2879=CARTESIAN_POINT('',(2.5,132.5,2.5));
#2880=CARTESIAN_POINT('Origin',(2.,134.5,2.5));
#2881=CARTESIAN_POINT('Origin',(0.,134.5,2.5));
#2882=CARTESIAN_POINT('',(0.,133.,2.5));
#2883=CARTESIAN_POINT('',(0.,133.,2.5));
#2884=CARTESIAN_POINT('Origin',(0.,134.5,2.5));
#2885=CARTESIAN_POINT('Origin',(2.,154.5,2.5));
#2886=CARTESIAN_POINT('Ctrl Pts',(2.74109096211828,155.,0.741090962118281));
#2887=CARTESIAN_POINT('Ctrl Pts',(2.77257407022642,155.23784214288,0.77257407022642));
#2888=CARTESIAN_POINT('Ctrl Pts',(2.80572529445019,155.469459319849,0.843291097328714));
#2889=CARTESIAN_POINT('Ctrl Pts',(2.87716463089737,155.96440454628,1.08409716114442));
#2890=CARTESIAN_POINT('Ctrl Pts',(2.91346912067553,156.214375564316,1.27514888842561));
#2891=CARTESIAN_POINT('Ctrl Pts',(2.96753967951312,156.622246443391,1.7382651856648));
#2892=CARTESIAN_POINT('Ctrl Pts',(2.98519524891739,156.778911877775,2.00559302328621));
#2893=CARTESIAN_POINT('Ctrl Pts',(2.99807316226525,156.930972826115,2.44777364440158));
#2894=CARTESIAN_POINT('Ctrl Pts',(3.,156.967116872215,2.60487930383442));
#2895=CARTESIAN_POINT('Ctrl Pts',(3.,156.986024302164,2.76397569783562));
#2896=CARTESIAN_POINT('',(2.,154.5,0.999999999999996));
#2897=CARTESIAN_POINT('Origin',(2.,154.5,-3.33066907387547E-15));
#2898=CARTESIAN_POINT('',(2.,153.,2.5));
#2899=CARTESIAN_POINT('Origin',(2.,154.5,2.5));
#2900=CARTESIAN_POINT('Origin',(2.,154.5,2.5));
#2901=CARTESIAN_POINT('Origin',(2.5,155.,3.));
#2902=CARTESIAN_POINT('',(2.,158.,3.));
#2903=CARTESIAN_POINT('Origin',(2.,155.,3.));
#2904=CARTESIAN_POINT('',(3.,157.,3.));
#2905=CARTESIAN_POINT('Origin',(0.,154.5,2.5));
#2906=CARTESIAN_POINT('',(0.,153.,2.5));
#2907=CARTESIAN_POINT('',(0.,153.,2.5));
#2908=CARTESIAN_POINT('Origin',(0.,154.5,2.5));
#2909=CARTESIAN_POINT('Origin',(2.5,134.5,57.5));
#2910=CARTESIAN_POINT('',(2.,133.,57.5));
#2911=CARTESIAN_POINT('',(2.5,132.5,57.5));
#2912=CARTESIAN_POINT('Origin',(2.,134.5,57.5));
#2913=CARTESIAN_POINT('Origin',(0.,134.5,57.5));
#2914=CARTESIAN_POINT('',(0.,133.,57.5));
#2915=CARTESIAN_POINT('',(0.,133.,57.5));
#2916=CARTESIAN_POINT('Origin',(0.,134.5,57.5));
#2917=CARTESIAN_POINT('Origin',(2.5,144.5,57.5));
#2918=CARTESIAN_POINT('',(2.,143.,57.5));
#2919=CARTESIAN_POINT('',(2.5,142.5,57.5));
#2920=CARTESIAN_POINT('Origin',(2.,144.5,57.5));
#2921=CARTESIAN_POINT('Origin',(0.,144.5,57.5));
#2922=CARTESIAN_POINT('',(0.,143.,57.5));
#2923=CARTESIAN_POINT('',(0.,143.,57.5));
#2924=CARTESIAN_POINT('Origin',(0.,144.5,57.5));
#2925=CARTESIAN_POINT('Origin',(2.5,154.5,57.5));
#2926=CARTESIAN_POINT('',(2.,153.,57.5));
#2927=CARTESIAN_POINT('',(2.5,152.5,57.5));
#2928=CARTESIAN_POINT('Origin',(2.,154.5,57.5));
#2929=CARTESIAN_POINT('Ctrl Pts',(3.00000000000001,156.986024302164,57.2360243021644));
#2930=CARTESIAN_POINT('Ctrl Pts',(2.99001356997838,156.985466032851,57.3253439030453));
#2931=CARTESIAN_POINT('Ctrl Pts',(2.97953914725724,156.979539147257,57.4136868219421));
#2932=CARTESIAN_POINT('Ctrl Pts',(2.96875,156.96875,57.5));
#2933=CARTESIAN_POINT('Ctrl Pts',(2.93177115545571,156.931771155456,57.7958307563543));
#2934=CARTESIAN_POINT('Ctrl Pts',(2.88650055767287,156.830241278139,58.1017361693296));
#2935=CARTESIAN_POINT('Ctrl Pts',(2.79068837724578,156.509300672872,58.6431053674132));
#2936=CARTESIAN_POINT('Ctrl Pts',(2.74014766778208,156.289910506202,58.8785814961628));
#2937=CARTESIAN_POINT('Ctrl Pts',(2.65358653221497,155.838757922969,59.2064791330342));
#2938=CARTESIAN_POINT('Ctrl Pts',(2.61128144098726,155.584177945072,59.3326449360991));
#2939=CARTESIAN_POINT('Ctrl Pts',(2.55852324099295,155.211342844111,59.434633690578));
#2940=CARTESIAN_POINT('Ctrl Pts',(2.54446420848978,155.105713667918,59.4555357915102));
#2941=CARTESIAN_POINT('Ctrl Pts',(2.53125,155.,59.46875));
#2942=CARTESIAN_POINT('Origin',(2.5,155.,57.));
#2943=CARTESIAN_POINT('',(2.,158.,57.));
#2944=CARTESIAN_POINT('',(3.,157.,57.));
#2945=CARTESIAN_POINT('Origin',(2.,155.,57.));
#2946=CARTESIAN_POINT('Origin',(0.,154.5,57.5));
#2947=CARTESIAN_POINT('',(0.,153.,57.5));
#2948=CARTESIAN_POINT('',(0.,153.,57.5));
#2949=CARTESIAN_POINT('Origin',(0.,154.5,57.5));
#2950=CARTESIAN_POINT('Origin',(2.5,157.5,15.));
#2951=CARTESIAN_POINT('',(2.,158.,15.));
#2952=CARTESIAN_POINT('Origin',(2.5,3.,3.));
#2953=CARTESIAN_POINT('',(2.,0.,3.));
#2954=CARTESIAN_POINT('',(3.,1.,3.));
#2955=CARTESIAN_POINT('Origin',(2.,3.,3.));
#2956=CARTESIAN_POINT('Origin',(2.5,0.5,45.));
#2957=CARTESIAN_POINT('',(2.,0.,57.));
#2958=CARTESIAN_POINT('',(3.,1.,57.));
#2959=CARTESIAN_POINT('',(2.,0.,45.));
#2960=CARTESIAN_POINT('Origin',(2.5,3.,57.));
#2961=CARTESIAN_POINT('Origin',(2.,3.,57.));
#2962=CARTESIAN_POINT('Origin',(0.,1.23259516440783E-31,60.));
#2963=CARTESIAN_POINT('',(0.,1.17096540618744E-31,57.));
#2964=CARTESIAN_POINT('',(0.,0.,57.));
#2965=CARTESIAN_POINT('',(0.,6.16297582203917E-33,3.00000000000001));
#2966=CARTESIAN_POINT('',(0.,1.23259516440783E-31,60.));
#2967=CARTESIAN_POINT('',(0.,0.,3.));
#2968=CARTESIAN_POINT('Origin',(0.,3.,57.));
#2969=CARTESIAN_POINT('',(0.,3.00000000000001,60.));
#2970=CARTESIAN_POINT('',(0.,3.,60.));
#2971=CARTESIAN_POINT('Origin',(0.,3.,57.));
#2972=CARTESIAN_POINT('Origin',(0.,158.,60.));
#2973=CARTESIAN_POINT('',(0.,155.,60.));
#2974=CARTESIAN_POINT('',(0.,155.,60.));
#2975=CARTESIAN_POINT('',(0.,158.,60.));
#2976=CARTESIAN_POINT('Origin',(0.,155.,57.));
#2977=CARTESIAN_POINT('',(0.,158.,57.));
#2978=CARTESIAN_POINT('',(0.,158.,57.));
#2979=CARTESIAN_POINT('Origin',(0.,155.,57.));
#2980=CARTESIAN_POINT('Origin',(0.,158.,-8.93631494195677E-31));
#2981=CARTESIAN_POINT('',(0.,158.,3.));
#2982=CARTESIAN_POINT('',(0.,158.,3.));
#2983=CARTESIAN_POINT('',(0.,158.,-8.93631494195677E-31));
#2984=CARTESIAN_POINT('Origin',(0.,155.,3.));
#2985=CARTESIAN_POINT('',(0.,155.,-8.76663807597025E-31));
#2986=CARTESIAN_POINT('',(0.,155.,0.));
#2987=CARTESIAN_POINT('Origin',(0.,155.,3.));
#2988=CARTESIAN_POINT('Origin',(0.,0.,0.));
#2989=CARTESIAN_POINT('',(0.,3.,-1.69676865986521E-32));
#2990=CARTESIAN_POINT('',(0.,3.,0.));
#2991=CARTESIAN_POINT('',(0.,0.,0.));
#2992=CARTESIAN_POINT('Origin',(0.,3.,3.));
#2993=CARTESIAN_POINT('Origin',(0.,3.,3.));
#2994=CARTESIAN_POINT('Origin',(0.,79.,30.));
#2995=UNCERTAINTY_MEASURE_WITH_UNIT(LENGTH_MEASURE(0.01),#2999,
'DISTANCE_ACCURACY_VALUE',
'Maximum model space distance between geometric entities at asserted c
onnectivities');
#2996=UNCERTAINTY_MEASURE_WITH_UNIT(LENGTH_MEASURE(0.01),#2999,
'DISTANCE_ACCURACY_VALUE',
'Maximum model space distance between geometric entities at asserted c
onnectivities');
#2997=(
GEOMETRIC_REPRESENTATION_CONTEXT(3)
GLOBAL_UNCERTAINTY_ASSIGNED_CONTEXT((#2995))
GLOBAL_UNIT_ASSIGNED_CONTEXT((#2999,#3001,#3002))
REPRESENTATION_CONTEXT('','3D')
);
#2998=(
GEOMETRIC_REPRESENTATION_CONTEXT(3)
GLOBAL_UNCERTAINTY_ASSIGNED_CONTEXT((#2996))
GLOBAL_UNIT_ASSIGNED_CONTEXT((#2999,#3001,#3002))
REPRESENTATION_CONTEXT('','3D')
);
#2999=(
LENGTH_UNIT()
NAMED_UNIT(*)
SI_UNIT(.MILLI.,.METRE.)
);
#3000=(
LENGTH_UNIT()
NAMED_UNIT(*)
SI_UNIT($,.METRE.)
);
#3001=(
NAMED_UNIT(*)
PLANE_ANGLE_UNIT()
SI_UNIT($,.RADIAN.)
);
#3002=(
NAMED_UNIT(*)
SI_UNIT($,.STERADIAN.)
SOLID_ANGLE_UNIT()
);
#3003=SHAPE_DEFINITION_REPRESENTATION(#3004,#3005);
#3004=PRODUCT_DEFINITION_SHAPE('',$,#3007);
#3005=SHAPE_REPRESENTATION('',(#1728),#2997);
#3006=PRODUCT_DEFINITION_CONTEXT('part definition',#3011,'design');
#3007=PRODUCT_DEFINITION('Seitenplatte','Seitenplatte v4',#3008,#3006);
#3008=PRODUCT_DEFINITION_FORMATION('',$,#3013);
#3009=PRODUCT_RELATED_PRODUCT_CATEGORY('Seitenplatte v4',
'Seitenplatte v4',(#3013));
#3010=APPLICATION_PROTOCOL_DEFINITION('international standard',
'automotive_design',2009,#3011);
#3011=APPLICATION_CONTEXT(
'Core Data for Automotive Mechanical Design Process');
#3012=PRODUCT_CONTEXT('part definition',#3011,'mechanical');
#3013=PRODUCT('Seitenplatte','Seitenplatte v4',$,(#3012));
#3014=PRESENTATION_STYLE_ASSIGNMENT((#3015));
#3015=SURFACE_STYLE_USAGE(.BOTH.,#3016);
#3016=SURFACE_SIDE_STYLE('',(#3017));
#3017=SURFACE_STYLE_FILL_AREA(#3018);
#3018=FILL_AREA_STYLE('Steel - Satin',(#3019));
#3019=FILL_AREA_STYLE_COLOUR('Steel - Satin',#3020);
#3020=COLOUR_RGB('Steel - Satin',0.627450980392157,0.627450980392157,0.627450980392157);
ENDSEC;
END-ISO-10303-21;
