ISO-10303-21;
HEADER;
/* Generated by software containing ST-Developer
 * from STEP Tools, Inc. (www.steptools.com) 
 */

FILE_DESCRIPTION(
/* description */ (''),
/* implementation_level */ '2;1');

FILE_NAME(
/* name */ 'ServotreiberHalterung.stp',
/* time_stamp */ '2024-02-14T22:02:40+01:00',
/* author */ (''),
/* organization */ (''),
/* preprocessor_version */ 'ST-DEVELOPER v20',
/* originating_system */ 'Autodesk Translation Framework v12.20.1.177',

/* authorisation */ '');

FILE_SCHEMA (('AUTOMOTIVE_DESIGN { 1 0 10303 214 3 1 1 }'));
ENDSEC;

DATA;
#10=MECHANICAL_DESIGN_GEOMETRIC_PRESENTATION_REPRESENTATION('',(#13),#2427);
#11=SHAPE_REPRESENTATION_RELATIONSHIP('SRR','None',#2434,#12);
#12=ADVANCED_BREP_SHAPE_REPRESENTATION('',(#1367),#2426);
#13=STYLED_ITEM('',(#2443),#1367);
#14=FACE_BOUND('',#464,.T.);
#15=FACE_BOUND('',#465,.T.);
#16=FACE_BOUND('',#466,.T.);
#17=FACE_BOUND('',#467,.T.);
#18=FACE_BOUND('',#469,.T.);
#19=FACE_BOUND('',#471,.T.);
#20=FACE_BOUND('',#473,.T.);
#21=FACE_BOUND('',#475,.T.);
#22=ELLIPSE('',#1422,0.707106781186669,0.5);
#23=ELLIPSE('',#1424,0.707106781186541,0.5);
#24=ELLIPSE('',#1435,0.707106781186556,0.5);
#25=ELLIPSE('',#1471,0.707106781186554,0.5);
#26=ELLIPSE('',#1473,0.707106781186546,0.5);
#27=ELLIPSE('',#1490,0.707106781186536,0.5);
#28=ELLIPSE('',#1502,0.707106781186545,0.5);
#29=ELLIPSE('',#1511,0.707106781186541,0.5);
#30=ELLIPSE('',#1525,1.25064255774873,1.24999999999999);
#31=ELLIPSE('',#1526,1.25064255774874,1.25);
#32=ELLIPSE('',#1527,1.25064255774874,1.25);
#33=ELLIPSE('',#1528,1.25064255774874,1.25);
#34=SPHERICAL_SURFACE('',#1401,0.500000000000003);
#35=SPHERICAL_SURFACE('',#1407,0.500000000000003);
#36=SPHERICAL_SURFACE('',#1413,0.499999999999998);
#37=SPHERICAL_SURFACE('',#1417,0.499999999999998);
#38=SPHERICAL_SURFACE('',#1425,0.500000000000003);
#39=SPHERICAL_SURFACE('',#1430,0.500000000000003);
#40=SPHERICAL_SURFACE('',#1436,0.499999999999998);
#41=SPHERICAL_SURFACE('',#1443,0.499999999999998);
#42=SPHERICAL_SURFACE('',#1449,0.499999999999998);
#43=SPHERICAL_SURFACE('',#1455,0.499999999999998);
#44=SPHERICAL_SURFACE('',#1462,0.500000000000003);
#45=SPHERICAL_SURFACE('',#1466,0.500000000000003);
#46=SPHERICAL_SURFACE('',#1474,0.500000000000003);
#47=SPHERICAL_SURFACE('',#1480,0.499999999999998);
#48=SPHERICAL_SURFACE('',#1485,0.499999999999998);
#49=SPHERICAL_SURFACE('',#1492,0.500000000000012);
#50=ORIENTED_CLOSED_SHELL('',*,#1362,.F.);
#51=ORIENTED_CLOSED_SHELL('',*,#1363,.F.);
#52=ORIENTED_CLOSED_SHELL('',*,#1364,.F.);
#53=ORIENTED_CLOSED_SHELL('',*,#1365,.F.);
#54=LINE('',#2043,#150);
#55=LINE('',#2051,#151);
#56=LINE('',#2061,#152);
#57=LINE('',#2069,#153);
#58=LINE('',#2081,#154);
#59=LINE('',#2082,#155);
#60=LINE('',#2094,#156);
#61=LINE('',#2095,#157);
#62=LINE('',#2112,#158);
#63=LINE('',#2114,#159);
#64=LINE('',#2118,#160);
#65=LINE('',#2121,#161);
#66=LINE('',#2130,#162);
#67=LINE('',#2131,#163);
#68=LINE('',#2141,#164);
#69=LINE('',#2143,#165);
#70=LINE('',#2156,#166);
#71=LINE('',#2157,#167);
#72=LINE('',#2159,#168);
#73=LINE('',#2160,#169);
#74=LINE('',#2172,#170);
#75=LINE('',#2173,#171);
#76=LINE('',#2185,#172);
#77=LINE('',#2186,#173);
#78=LINE('',#2198,#174);
#79=LINE('',#2199,#175);
#80=LINE('',#2201,#176);
#81=LINE('',#2202,#177);
#82=LINE('',#2219,#178);
#83=LINE('',#2221,#179);
#84=LINE('',#2225,#180);
#85=LINE('',#2228,#181);
#86=LINE('',#2240,#182);
#87=LINE('',#2241,#183);
#88=LINE('',#2250,#184);
#89=LINE('',#2251,#185);
#90=LINE('',#2261,#186);
#91=LINE('',#2263,#187);
#92=LINE('',#2266,#188);
#93=LINE('',#2267,#189);
#94=LINE('',#2279,#190);
#95=LINE('',#2280,#191);
#96=LINE('',#2282,#192);
#97=LINE('',#2283,#193);
#98=LINE('',#2285,#194);
#99=LINE('',#2286,#195);
#100=LINE('',#2288,#196);
#101=LINE('',#2289,#197);
#102=LINE('',#2292,#198);
#103=LINE('',#2294,#199);
#104=LINE('',#2297,#200);
#105=LINE('',#2298,#201);
#106=LINE('',#2300,#202);
#107=LINE('',#2301,#203);
#108=LINE('',#2303,#204);
#109=LINE('',#2304,#205);
#110=LINE('',#2306,#206);
#111=LINE('',#2307,#207);
#112=LINE('',#2309,#208);
#113=LINE('',#2310,#209);
#114=LINE('',#2312,#210);
#115=LINE('',#2313,#211);
#116=LINE('',#2315,#212);
#117=LINE('',#2316,#213);
#118=LINE('',#2319,#214);
#119=LINE('',#2321,#215);
#120=LINE('',#2324,#216);
#121=LINE('',#2325,#217);
#122=LINE('',#2327,#218);
#123=LINE('',#2328,#219);
#124=LINE('',#2330,#220);
#125=LINE('',#2331,#221);
#126=LINE('',#2333,#222);
#127=LINE('',#2334,#223);
#128=LINE('',#2336,#224);
#129=LINE('',#2337,#225);
#130=LINE('',#2339,#226);
#131=LINE('',#2341,#227);
#132=LINE('',#2343,#228);
#133=LINE('',#2345,#229);
#134=LINE('',#2347,#230);
#135=LINE('',#2348,#231);
#136=LINE('',#2349,#232);
#137=LINE('',#2350,#233);
#138=LINE('',#2352,#234);
#139=LINE('',#2354,#235);
#140=LINE('',#2356,#236);
#141=LINE('',#2357,#237);
#142=LINE('',#2381,#238);
#143=LINE('',#2386,#239);
#144=LINE('',#2391,#240);
#145=LINE('',#2396,#241);
#146=LINE('',#2400,#242);
#147=LINE('',#2405,#243);
#148=LINE('',#2410,#244);
#149=LINE('',#2415,#245);
#150=VECTOR('',#1575,1.25);
#151=VECTOR('',#1586,1.25);
#152=VECTOR('',#1601,1.25);
#153=VECTOR('',#1612,1.25);
#154=VECTOR('',#1625,10.);
#155=VECTOR('',#1626,10.);
#156=VECTOR('',#1639,10.);
#157=VECTOR('',#1640,10.);
#158=VECTOR('',#1659,10.);
#159=VECTOR('',#1660,10.);
#160=VECTOR('',#1665,10.);
#161=VECTOR('',#1668,10.);
#162=VECTOR('',#1679,10.);
#163=VECTOR('',#1680,10.);
#164=VECTOR('',#1691,10.);
#165=VECTOR('',#1692,10.);
#166=VECTOR('',#1707,10.);
#167=VECTOR('',#1708,10.);
#168=VECTOR('',#1711,10.);
#169=VECTOR('',#1712,10.);
#170=VECTOR('',#1725,10.);
#171=VECTOR('',#1726,10.);
#172=VECTOR('',#1739,10.);
#173=VECTOR('',#1740,10.);
#174=VECTOR('',#1753,10.);
#175=VECTOR('',#1754,10.);
#176=VECTOR('',#1757,10.);
#177=VECTOR('',#1758,10.);
#178=VECTOR('',#1777,10.);
#179=VECTOR('',#1778,10.);
#180=VECTOR('',#1783,10.);
#181=VECTOR('',#1786,10.);
#182=VECTOR('',#1799,10.);
#183=VECTOR('',#1800,10.);
#184=VECTOR('',#1811,10.);
#185=VECTOR('',#1812,10.);
#186=VECTOR('',#1823,10.);
#187=VECTOR('',#1824,10.);
#188=VECTOR('',#1829,10.);
#189=VECTOR('',#1830,10.);
#190=VECTOR('',#1843,10.);
#191=VECTOR('',#1844,10.);
#192=VECTOR('',#1847,10.);
#193=VECTOR('',#1848,10.);
#194=VECTOR('',#1851,10.);
#195=VECTOR('',#1852,10.);
#196=VECTOR('',#1855,10.);
#197=VECTOR('',#1856,10.);
#198=VECTOR('',#1859,10.);
#199=VECTOR('',#1860,10.);
#200=VECTOR('',#1865,10.);
#201=VECTOR('',#1866,10.);
#202=VECTOR('',#1869,10.);
#203=VECTOR('',#1870,10.);
#204=VECTOR('',#1873,10.);
#205=VECTOR('',#1874,10.);
#206=VECTOR('',#1877,10.);
#207=VECTOR('',#1878,10.);
#208=VECTOR('',#1881,10.);
#209=VECTOR('',#1882,10.);
#210=VECTOR('',#1885,10.);
#211=VECTOR('',#1886,10.);
#212=VECTOR('',#1889,10.);
#213=VECTOR('',#1890,10.);
#214=VECTOR('',#1893,10.);
#215=VECTOR('',#1894,10.);
#216=VECTOR('',#1899,10.);
#217=VECTOR('',#1900,10.);
#218=VECTOR('',#1903,10.);
#219=VECTOR('',#1904,10.);
#220=VECTOR('',#1907,10.);
#221=VECTOR('',#1908,10.);
#222=VECTOR('',#1911,10.);
#223=VECTOR('',#1912,10.);
#224=VECTOR('',#1915,10.);
#225=VECTOR('',#1916,10.);
#226=VECTOR('',#1919,10.);
#227=VECTOR('',#1922,10.);
#228=VECTOR('',#1925,10.);
#229=VECTOR('',#1928,10.);
#230=VECTOR('',#1931,10.);
#231=VECTOR('',#1932,10.);
#232=VECTOR('',#1933,10.);
#233=VECTOR('',#1934,10.);
#234=VECTOR('',#1937,10.);
#235=VECTOR('',#1940,10.);
#236=VECTOR('',#1943,10.);
#237=VECTOR('',#1944,10.);
#238=VECTOR('',#1973,1.35000000000002);
#239=VECTOR('',#1980,1.35000000000002);
#240=VECTOR('',#1987,1.35000000000002);
#241=VECTOR('',#1994,1.35000000000002);
#242=VECTOR('',#1999,1.25);
#243=VECTOR('',#2006,1.25);
#244=VECTOR('',#2013,1.25);
#245=VECTOR('',#2020,1.24999999999999);
#246=CYLINDRICAL_SURFACE('',#1383,1.25);
#247=CYLINDRICAL_SURFACE('',#1388,1.25);
#248=CYLINDRICAL_SURFACE('',#1395,1.25);
#249=CYLINDRICAL_SURFACE('',#1400,1.25);
#250=CYLINDRICAL_SURFACE('',#1405,0.5);
#251=CYLINDRICAL_SURFACE('',#1411,0.5);
#252=CYLINDRICAL_SURFACE('',#1421,0.5);
#253=CYLINDRICAL_SURFACE('',#1423,0.5);
#254=CYLINDRICAL_SURFACE('',#1429,0.5);
#255=CYLINDRICAL_SURFACE('',#1434,0.5);
#256=CYLINDRICAL_SURFACE('',#1440,0.5);
#257=CYLINDRICAL_SURFACE('',#1442,0.5);
#258=CYLINDRICAL_SURFACE('',#1447,0.5);
#259=CYLINDRICAL_SURFACE('',#1453,0.5);
#260=CYLINDRICAL_SURFACE('',#1459,0.5);
#261=CYLINDRICAL_SURFACE('',#1461,0.5);
#262=CYLINDRICAL_SURFACE('',#1470,0.5);
#263=CYLINDRICAL_SURFACE('',#1472,0.5);
#264=CYLINDRICAL_SURFACE('',#1478,0.5);
#265=CYLINDRICAL_SURFACE('',#1484,0.5);
#266=CYLINDRICAL_SURFACE('',#1489,0.5);
#267=CYLINDRICAL_SURFACE('',#1491,0.5);
#268=CYLINDRICAL_SURFACE('',#1496,0.5);
#269=CYLINDRICAL_SURFACE('',#1498,0.5);
#270=CYLINDRICAL_SURFACE('',#1499,0.5);
#271=CYLINDRICAL_SURFACE('',#1500,0.5);
#272=CYLINDRICAL_SURFACE('',#1501,0.5);
#273=CYLINDRICAL_SURFACE('',#1503,0.5);
#274=CYLINDRICAL_SURFACE('',#1504,0.5);
#275=CYLINDRICAL_SURFACE('',#1505,0.5);
#276=CYLINDRICAL_SURFACE('',#1506,0.5);
#277=CYLINDRICAL_SURFACE('',#1507,0.5);
#278=CYLINDRICAL_SURFACE('',#1508,0.5);
#279=CYLINDRICAL_SURFACE('',#1509,0.5);
#280=CYLINDRICAL_SURFACE('',#1510,0.5);
#281=CYLINDRICAL_SURFACE('',#1512,0.5);
#282=CYLINDRICAL_SURFACE('',#1513,0.5);
#283=CYLINDRICAL_SURFACE('',#1514,0.5);
#284=CYLINDRICAL_SURFACE('',#1515,0.5);
#285=CYLINDRICAL_SURFACE('',#1516,0.5);
#286=CYLINDRICAL_SURFACE('',#1537,1.35000000000002);
#287=CYLINDRICAL_SURFACE('',#1540,1.35000000000002);
#288=CYLINDRICAL_SURFACE('',#1543,1.35000000000002);
#289=CYLINDRICAL_SURFACE('',#1546,1.35000000000002);
#290=CYLINDRICAL_SURFACE('',#1549,1.25);
#291=CYLINDRICAL_SURFACE('',#1552,1.25);
#292=CYLINDRICAL_SURFACE('',#1555,1.25);
#293=CYLINDRICAL_SURFACE('',#1558,1.24999999999999);
#294=FACE_OUTER_BOUND('',#392,.T.);
#295=FACE_OUTER_BOUND('',#393,.T.);
#296=FACE_OUTER_BOUND('',#394,.T.);
#297=FACE_OUTER_BOUND('',#395,.T.);
#298=FACE_OUTER_BOUND('',#396,.T.);
#299=FACE_OUTER_BOUND('',#397,.T.);
#300=FACE_OUTER_BOUND('',#398,.T.);
#301=FACE_OUTER_BOUND('',#399,.T.);
#302=FACE_OUTER_BOUND('',#400,.T.);
#303=FACE_OUTER_BOUND('',#401,.T.);
#304=FACE_OUTER_BOUND('',#402,.T.);
#305=FACE_OUTER_BOUND('',#403,.T.);
#306=FACE_OUTER_BOUND('',#404,.T.);
#307=FACE_OUTER_BOUND('',#405,.T.);
#308=FACE_OUTER_BOUND('',#406,.T.);
#309=FACE_OUTER_BOUND('',#407,.T.);
#310=FACE_OUTER_BOUND('',#408,.T.);
#311=FACE_OUTER_BOUND('',#409,.T.);
#312=FACE_OUTER_BOUND('',#410,.T.);
#313=FACE_OUTER_BOUND('',#411,.T.);
#314=FACE_OUTER_BOUND('',#412,.T.);
#315=FACE_OUTER_BOUND('',#413,.T.);
#316=FACE_OUTER_BOUND('',#414,.T.);
#317=FACE_OUTER_BOUND('',#415,.T.);
#318=FACE_OUTER_BOUND('',#416,.T.);
#319=FACE_OUTER_BOUND('',#417,.T.);
#320=FACE_OUTER_BOUND('',#418,.T.);
#321=FACE_OUTER_BOUND('',#419,.T.);
#322=FACE_OUTER_BOUND('',#420,.T.);
#323=FACE_OUTER_BOUND('',#421,.T.);
#324=FACE_OUTER_BOUND('',#422,.T.);
#325=FACE_OUTER_BOUND('',#423,.T.);
#326=FACE_OUTER_BOUND('',#424,.T.);
#327=FACE_OUTER_BOUND('',#425,.T.);
#328=FACE_OUTER_BOUND('',#426,.T.);
#329=FACE_OUTER_BOUND('',#427,.T.);
#330=FACE_OUTER_BOUND('',#428,.T.);
#331=FACE_OUTER_BOUND('',#429,.T.);
#332=FACE_OUTER_BOUND('',#430,.T.);
#333=FACE_OUTER_BOUND('',#431,.T.);
#334=FACE_OUTER_BOUND('',#432,.T.);
#335=FACE_OUTER_BOUND('',#433,.T.);
#336=FACE_OUTER_BOUND('',#434,.T.);
#337=FACE_OUTER_BOUND('',#435,.T.);
#338=FACE_OUTER_BOUND('',#436,.T.);
#339=FACE_OUTER_BOUND('',#437,.T.);
#340=FACE_OUTER_BOUND('',#438,.T.);
#341=FACE_OUTER_BOUND('',#439,.T.);
#342=FACE_OUTER_BOUND('',#440,.T.);
#343=FACE_OUTER_BOUND('',#441,.T.);
#344=FACE_OUTER_BOUND('',#442,.T.);
#345=FACE_OUTER_BOUND('',#443,.T.);
#346=FACE_OUTER_BOUND('',#444,.T.);
#347=FACE_OUTER_BOUND('',#445,.T.);
#348=FACE_OUTER_BOUND('',#446,.T.);
#349=FACE_OUTER_BOUND('',#447,.T.);
#350=FACE_OUTER_BOUND('',#448,.T.);
#351=FACE_OUTER_BOUND('',#449,.T.);
#352=FACE_OUTER_BOUND('',#450,.T.);
#353=FACE_OUTER_BOUND('',#451,.T.);
#354=FACE_OUTER_BOUND('',#452,.T.);
#355=FACE_OUTER_BOUND('',#453,.T.);
#356=FACE_OUTER_BOUND('',#454,.T.);
#357=FACE_OUTER_BOUND('',#455,.T.);
#358=FACE_OUTER_BOUND('',#456,.T.);
#359=FACE_OUTER_BOUND('',#457,.T.);
#360=FACE_OUTER_BOUND('',#458,.T.);
#361=FACE_OUTER_BOUND('',#459,.T.);
#362=FACE_OUTER_BOUND('',#460,.T.);
#363=FACE_OUTER_BOUND('',#461,.T.);
#364=FACE_OUTER_BOUND('',#462,.T.);
#365=FACE_OUTER_BOUND('',#463,.T.);
#366=FACE_OUTER_BOUND('',#468,.T.);
#367=FACE_OUTER_BOUND('',#470,.T.);
#368=FACE_OUTER_BOUND('',#472,.T.);
#369=FACE_OUTER_BOUND('',#474,.T.);
#370=FACE_OUTER_BOUND('',#476,.T.);
#371=FACE_OUTER_BOUND('',#477,.T.);
#372=FACE_OUTER_BOUND('',#478,.T.);
#373=FACE_OUTER_BOUND('',#479,.T.);
#374=FACE_OUTER_BOUND('',#480,.T.);
#375=FACE_OUTER_BOUND('',#481,.T.);
#376=FACE_OUTER_BOUND('',#482,.T.);
#377=FACE_OUTER_BOUND('',#483,.T.);
#378=FACE_OUTER_BOUND('',#484,.T.);
#379=FACE_OUTER_BOUND('',#485,.T.);
#380=FACE_OUTER_BOUND('',#486,.T.);
#381=FACE_OUTER_BOUND('',#487,.T.);
#382=FACE_OUTER_BOUND('',#488,.T.);
#383=FACE_OUTER_BOUND('',#489,.T.);
#384=FACE_OUTER_BOUND('',#490,.T.);
#385=FACE_OUTER_BOUND('',#491,.T.);
#386=FACE_OUTER_BOUND('',#492,.T.);
#387=FACE_OUTER_BOUND('',#493,.T.);
#388=FACE_OUTER_BOUND('',#494,.T.);
#389=FACE_OUTER_BOUND('',#495,.T.);
#390=FACE_OUTER_BOUND('',#496,.T.);
#391=FACE_OUTER_BOUND('',#497,.T.);
#392=EDGE_LOOP('',(#862));
#393=EDGE_LOOP('',(#863,#864,#865,#866));
#394=EDGE_LOOP('',(#867));
#395=EDGE_LOOP('',(#868));
#396=EDGE_LOOP('',(#869,#870,#871,#872));
#397=EDGE_LOOP('',(#873));
#398=EDGE_LOOP('',(#874));
#399=EDGE_LOOP('',(#875));
#400=EDGE_LOOP('',(#876,#877,#878,#879));
#401=EDGE_LOOP('',(#880));
#402=EDGE_LOOP('',(#881));
#403=EDGE_LOOP('',(#882,#883,#884,#885));
#404=EDGE_LOOP('',(#886,#887,#888));
#405=EDGE_LOOP('',(#889,#890,#891,#892));
#406=EDGE_LOOP('',(#893,#894,#895));
#407=EDGE_LOOP('',(#896,#897,#898,#899));
#408=EDGE_LOOP('',(#900,#901,#902));
#409=EDGE_LOOP('',(#903,#904,#905));
#410=EDGE_LOOP('',(#906,#907,#908,#909));
#411=EDGE_LOOP('',(#910,#911,#912,#913));
#412=EDGE_LOOP('',(#914,#915,#916));
#413=EDGE_LOOP('',(#917,#918,#919,#920));
#414=EDGE_LOOP('',(#921,#922,#923));
#415=EDGE_LOOP('',(#924,#925,#926,#927));
#416=EDGE_LOOP('',(#928,#929,#930));
#417=EDGE_LOOP('',(#931,#932,#933,#934));
#418=EDGE_LOOP('',(#935,#936,#937,#938));
#419=EDGE_LOOP('',(#939,#940,#941));
#420=EDGE_LOOP('',(#942,#943,#944,#945));
#421=EDGE_LOOP('',(#946,#947,#948));
#422=EDGE_LOOP('',(#949,#950,#951,#952));
#423=EDGE_LOOP('',(#953,#954,#955));
#424=EDGE_LOOP('',(#956,#957,#958,#959));
#425=EDGE_LOOP('',(#960,#961,#962,#963));
#426=EDGE_LOOP('',(#964,#965,#966));
#427=EDGE_LOOP('',(#967,#968,#969));
#428=EDGE_LOOP('',(#970,#971,#972,#973));
#429=EDGE_LOOP('',(#974,#975,#976,#977));
#430=EDGE_LOOP('',(#978,#979,#980));
#431=EDGE_LOOP('',(#981,#982,#983,#984));
#432=EDGE_LOOP('',(#985,#986,#987));
#433=EDGE_LOOP('',(#988,#989,#990,#991));
#434=EDGE_LOOP('',(#992,#993,#994));
#435=EDGE_LOOP('',(#995,#996,#997,#998));
#436=EDGE_LOOP('',(#999,#1000,#1001,#1002));
#437=EDGE_LOOP('',(#1003,#1004,#1005));
#438=EDGE_LOOP('',(#1006,#1007,#1008,#1009));
#439=EDGE_LOOP('',(#1010,#1011,#1012,#1013));
#440=EDGE_LOOP('',(#1014,#1015,#1016,#1017));
#441=EDGE_LOOP('',(#1018,#1019,#1020,#1021));
#442=EDGE_LOOP('',(#1022,#1023,#1024,#1025));
#443=EDGE_LOOP('',(#1026,#1027,#1028,#1029));
#444=EDGE_LOOP('',(#1030,#1031,#1032,#1033));
#445=EDGE_LOOP('',(#1034,#1035,#1036,#1037));
#446=EDGE_LOOP('',(#1038,#1039,#1040,#1041));
#447=EDGE_LOOP('',(#1042,#1043,#1044,#1045));
#448=EDGE_LOOP('',(#1046,#1047,#1048,#1049));
#449=EDGE_LOOP('',(#1050,#1051,#1052,#1053));
#450=EDGE_LOOP('',(#1054,#1055,#1056,#1057));
#451=EDGE_LOOP('',(#1058,#1059,#1060,#1061));
#452=EDGE_LOOP('',(#1062,#1063,#1064,#1065));
#453=EDGE_LOOP('',(#1066,#1067,#1068,#1069));
#454=EDGE_LOOP('',(#1070,#1071,#1072,#1073));
#455=EDGE_LOOP('',(#1074,#1075,#1076,#1077));
#456=EDGE_LOOP('',(#1078,#1079,#1080,#1081));
#457=EDGE_LOOP('',(#1082,#1083,#1084,#1085));
#458=EDGE_LOOP('',(#1086,#1087,#1088,#1089));
#459=EDGE_LOOP('',(#1090,#1091,#1092,#1093));
#460=EDGE_LOOP('',(#1094,#1095,#1096,#1097,#1098,#1099,#1100,#1101,#1102,
#1103,#1104,#1105,#1106,#1107,#1108,#1109));
#461=EDGE_LOOP('',(#1110,#1111,#1112,#1113,#1114,#1115,#1116,#1117));
#462=EDGE_LOOP('',(#1118,#1119,#1120,#1121,#1122,#1123,#1124,#1125));
#463=EDGE_LOOP('',(#1126,#1127,#1128,#1129,#1130,#1131,#1132,#1133));
#464=EDGE_LOOP('',(#1134));
#465=EDGE_LOOP('',(#1135));
#466=EDGE_LOOP('',(#1136));
#467=EDGE_LOOP('',(#1137));
#468=EDGE_LOOP('',(#1138,#1139,#1140,#1141));
#469=EDGE_LOOP('',(#1142));
#470=EDGE_LOOP('',(#1143,#1144,#1145,#1146));
#471=EDGE_LOOP('',(#1147));
#472=EDGE_LOOP('',(#1148,#1149,#1150,#1151));
#473=EDGE_LOOP('',(#1152));
#474=EDGE_LOOP('',(#1153,#1154,#1155,#1156));
#475=EDGE_LOOP('',(#1157));
#476=EDGE_LOOP('',(#1158,#1159,#1160,#1161));
#477=EDGE_LOOP('',(#1162));
#478=EDGE_LOOP('',(#1163,#1164,#1165,#1166));
#479=EDGE_LOOP('',(#1167));
#480=EDGE_LOOP('',(#1168,#1169,#1170,#1171));
#481=EDGE_LOOP('',(#1172));
#482=EDGE_LOOP('',(#1173,#1174,#1175,#1176));
#483=EDGE_LOOP('',(#1177));
#484=EDGE_LOOP('',(#1178,#1179,#1180,#1181));
#485=EDGE_LOOP('',(#1182));
#486=EDGE_LOOP('',(#1183,#1184,#1185,#1186));
#487=EDGE_LOOP('',(#1187));
#488=EDGE_LOOP('',(#1188,#1189,#1190,#1191));
#489=EDGE_LOOP('',(#1192));
#490=EDGE_LOOP('',(#1193,#1194,#1195,#1196));
#491=EDGE_LOOP('',(#1197));
#492=EDGE_LOOP('',(#1198,#1199,#1200,#1201,#1202,#1203,#1204,#1205));
#493=EDGE_LOOP('',(#1206,#1207,#1208,#1209,#1210,#1211,#1212,#1213));
#494=EDGE_LOOP('',(#1214,#1215,#1216,#1217));
#495=EDGE_LOOP('',(#1218,#1219,#1220,#1221));
#496=EDGE_LOOP('',(#1222,#1223,#1224,#1225));
#497=EDGE_LOOP('',(#1226,#1227,#1228,#1229));
#498=CIRCLE('',#1382,1.25);
#499=CIRCLE('',#1384,1.25);
#500=CIRCLE('',#1387,1.25);
#501=CIRCLE('',#1389,1.25);
#502=CIRCLE('',#1392,1.25);
#503=CIRCLE('',#1394,1.25);
#504=CIRCLE('',#1397,1.25);
#505=CIRCLE('',#1399,1.25);
#506=CIRCLE('',#1402,0.499999999999998);
#507=CIRCLE('',#1403,0.500000000000003);
#508=CIRCLE('',#1404,0.499999999999999);
#509=CIRCLE('',#1406,0.5);
#510=CIRCLE('',#1408,0.499999999999998);
#511=CIRCLE('',#1409,0.500000000000003);
#512=CIRCLE('',#1410,0.499999999999997);
#513=CIRCLE('',#1412,0.5);
#514=CIRCLE('',#1414,0.500000000000003);
#515=CIRCLE('',#1415,0.499999999999998);
#516=CIRCLE('',#1416,0.5);
#517=CIRCLE('',#1418,0.500000000000003);
#518=CIRCLE('',#1419,0.499999999999998);
#519=CIRCLE('',#1420,0.5);
#520=CIRCLE('',#1426,0.499999999999998);
#521=CIRCLE('',#1427,0.500000000000003);
#522=CIRCLE('',#1428,0.5);
#523=CIRCLE('',#1431,0.499999999999998);
#524=CIRCLE('',#1432,0.500000000000003);
#525=CIRCLE('',#1433,0.5);
#526=CIRCLE('',#1437,0.500000000000003);
#527=CIRCLE('',#1438,0.499999999999998);
#528=CIRCLE('',#1439,0.5);
#529=CIRCLE('',#1441,0.5);
#530=CIRCLE('',#1444,0.500000000000003);
#531=CIRCLE('',#1445,0.499999999999998);
#532=CIRCLE('',#1446,0.499999999999999);
#533=CIRCLE('',#1448,0.5);
#534=CIRCLE('',#1450,0.500000000000003);
#535=CIRCLE('',#1451,0.499999999999998);
#536=CIRCLE('',#1452,0.499999999999999);
#537=CIRCLE('',#1454,0.5);
#538=CIRCLE('',#1456,0.500000000000012);
#539=CIRCLE('',#1457,0.499999999999998);
#540=CIRCLE('',#1458,0.5);
#541=CIRCLE('',#1460,0.5);
#542=CIRCLE('',#1463,0.499999999999998);
#543=CIRCLE('',#1464,0.500000000000003);
#544=CIRCLE('',#1465,0.499999999999999);
#545=CIRCLE('',#1467,0.499999999999998);
#546=CIRCLE('',#1468,0.500000000000003);
#547=CIRCLE('',#1469,0.499999999999999);
#548=CIRCLE('',#1475,0.499999999999998);
#549=CIRCLE('',#1476,0.500000000000003);
#550=CIRCLE('',#1477,0.500000000000001);
#551=CIRCLE('',#1479,0.5);
#552=CIRCLE('',#1481,0.500000000000003);
#553=CIRCLE('',#1482,0.499999999999998);
#554=CIRCLE('',#1483,0.5);
#555=CIRCLE('',#1486,0.500000000000003);
#556=CIRCLE('',#1487,0.499999999999998);
#557=CIRCLE('',#1488,0.5);
#558=CIRCLE('',#1493,0.499999999999998);
#559=CIRCLE('',#1494,0.500000000000012);
#560=CIRCLE('',#1495,0.5);
#561=CIRCLE('',#1497,0.5);
#562=CIRCLE('',#1530,1.35000000000002);
#563=CIRCLE('',#1532,1.35000000000002);
#564=CIRCLE('',#1534,1.35000000000002);
#565=CIRCLE('',#1536,1.35000000000002);
#566=CIRCLE('',#1538,1.35000000000002);
#567=CIRCLE('',#1541,1.35000000000002);
#568=CIRCLE('',#1544,1.35000000000002);
#569=CIRCLE('',#1547,1.35000000000002);
#570=CIRCLE('',#1550,1.25);
#571=CIRCLE('',#1553,1.25);
#572=CIRCLE('',#1556,1.25);
#573=CIRCLE('',#1559,1.24999999999999);
#574=VERTEX_POINT('',#2039);
#575=VERTEX_POINT('',#2042);
#576=VERTEX_POINT('',#2047);
#577=VERTEX_POINT('',#2050);
#578=VERTEX_POINT('',#2055);
#579=VERTEX_POINT('',#2058);
#580=VERTEX_POINT('',#2063);
#581=VERTEX_POINT('',#2066);
#582=VERTEX_POINT('',#2071);
#583=VERTEX_POINT('',#2072);
#584=VERTEX_POINT('',#2074);
#585=VERTEX_POINT('',#2078);
#586=VERTEX_POINT('',#2079);
#587=VERTEX_POINT('',#2084);
#588=VERTEX_POINT('',#2085);
#589=VERTEX_POINT('',#2087);
#590=VERTEX_POINT('',#2091);
#591=VERTEX_POINT('',#2092);
#592=VERTEX_POINT('',#2097);
#593=VERTEX_POINT('',#2098);
#594=VERTEX_POINT('',#2100);
#595=VERTEX_POINT('',#2104);
#596=VERTEX_POINT('',#2105);
#597=VERTEX_POINT('',#2107);
#598=VERTEX_POINT('',#2111);
#599=VERTEX_POINT('',#2113);
#600=VERTEX_POINT('',#2117);
#601=VERTEX_POINT('',#2119);
#602=VERTEX_POINT('',#2123);
#603=VERTEX_POINT('',#2124);
#604=VERTEX_POINT('',#2126);
#605=VERTEX_POINT('',#2133);
#606=VERTEX_POINT('',#2134);
#607=VERTEX_POINT('',#2136);
#608=VERTEX_POINT('',#2140);
#609=VERTEX_POINT('',#2142);
#610=VERTEX_POINT('',#2146);
#611=VERTEX_POINT('',#2147);
#612=VERTEX_POINT('',#2149);
#613=VERTEX_POINT('',#2153);
#614=VERTEX_POINT('',#2154);
#615=VERTEX_POINT('',#2162);
#616=VERTEX_POINT('',#2163);
#617=VERTEX_POINT('',#2165);
#618=VERTEX_POINT('',#2169);
#619=VERTEX_POINT('',#2170);
#620=VERTEX_POINT('',#2175);
#621=VERTEX_POINT('',#2176);
#622=VERTEX_POINT('',#2178);
#623=VERTEX_POINT('',#2182);
#624=VERTEX_POINT('',#2183);
#625=VERTEX_POINT('',#2188);
#626=VERTEX_POINT('',#2189);
#627=VERTEX_POINT('',#2191);
#628=VERTEX_POINT('',#2195);
#629=VERTEX_POINT('',#2196);
#630=VERTEX_POINT('',#2204);
#631=VERTEX_POINT('',#2205);
#632=VERTEX_POINT('',#2207);
#633=VERTEX_POINT('',#2211);
#634=VERTEX_POINT('',#2212);
#635=VERTEX_POINT('',#2214);
#636=VERTEX_POINT('',#2218);
#637=VERTEX_POINT('',#2220);
#638=VERTEX_POINT('',#2224);
#639=VERTEX_POINT('',#2226);
#640=VERTEX_POINT('',#2230);
#641=VERTEX_POINT('',#2231);
#642=VERTEX_POINT('',#2233);
#643=VERTEX_POINT('',#2237);
#644=VERTEX_POINT('',#2238);
#645=VERTEX_POINT('',#2243);
#646=VERTEX_POINT('',#2244);
#647=VERTEX_POINT('',#2246);
#648=VERTEX_POINT('',#2253);
#649=VERTEX_POINT('',#2254);
#650=VERTEX_POINT('',#2256);
#651=VERTEX_POINT('',#2260);
#652=VERTEX_POINT('',#2262);
#653=VERTEX_POINT('',#2269);
#654=VERTEX_POINT('',#2270);
#655=VERTEX_POINT('',#2272);
#656=VERTEX_POINT('',#2276);
#657=VERTEX_POINT('',#2277);
#658=VERTEX_POINT('',#2291);
#659=VERTEX_POINT('',#2293);
#660=VERTEX_POINT('',#2318);
#661=VERTEX_POINT('',#2320);
#662=VERTEX_POINT('',#2358);
#663=VERTEX_POINT('',#2360);
#664=VERTEX_POINT('',#2362);
#665=VERTEX_POINT('',#2364);
#666=VERTEX_POINT('',#2367);
#667=VERTEX_POINT('',#2370);
#668=VERTEX_POINT('',#2373);
#669=VERTEX_POINT('',#2376);
#670=VERTEX_POINT('',#2379);
#671=VERTEX_POINT('',#2384);
#672=VERTEX_POINT('',#2389);
#673=VERTEX_POINT('',#2394);
#674=VERTEX_POINT('',#2399);
#675=VERTEX_POINT('',#2404);
#676=VERTEX_POINT('',#2409);
#677=VERTEX_POINT('',#2414);
#678=EDGE_CURVE('',#574,#574,#498,.T.);
#679=EDGE_CURVE('',#574,#575,#54,.T.);
#680=EDGE_CURVE('',#575,#575,#499,.T.);
#681=EDGE_CURVE('',#576,#576,#500,.T.);
#682=EDGE_CURVE('',#576,#577,#55,.T.);
#683=EDGE_CURVE('',#577,#577,#501,.T.);
#684=EDGE_CURVE('',#578,#578,#502,.T.);
#685=EDGE_CURVE('',#579,#579,#503,.T.);
#686=EDGE_CURVE('',#578,#579,#56,.T.);
#687=EDGE_CURVE('',#580,#580,#504,.T.);
#688=EDGE_CURVE('',#581,#581,#505,.T.);
#689=EDGE_CURVE('',#580,#581,#57,.T.);
#690=EDGE_CURVE('',#582,#583,#506,.F.);
#691=EDGE_CURVE('',#584,#582,#507,.F.);
#692=EDGE_CURVE('',#583,#584,#508,.F.);
#693=EDGE_CURVE('',#585,#586,#509,.F.);
#694=EDGE_CURVE('',#586,#584,#58,.T.);
#695=EDGE_CURVE('',#582,#585,#59,.T.);
#696=EDGE_CURVE('',#587,#588,#510,.F.);
#697=EDGE_CURVE('',#589,#587,#511,.F.);
#698=EDGE_CURVE('',#588,#589,#512,.F.);
#699=EDGE_CURVE('',#590,#591,#513,.T.);
#700=EDGE_CURVE('',#591,#589,#60,.T.);
#701=EDGE_CURVE('',#587,#590,#61,.T.);
#702=EDGE_CURVE('',#592,#593,#514,.F.);
#703=EDGE_CURVE('',#594,#592,#515,.F.);
#704=EDGE_CURVE('',#593,#594,#516,.F.);
#705=EDGE_CURVE('',#595,#596,#517,.F.);
#706=EDGE_CURVE('',#597,#595,#518,.F.);
#707=EDGE_CURVE('',#596,#597,#519,.F.);
#708=EDGE_CURVE('',#598,#594,#62,.T.);
#709=EDGE_CURVE('',#592,#599,#63,.T.);
#710=EDGE_CURVE('',#599,#598,#22,.T.);
#711=EDGE_CURVE('',#599,#600,#64,.T.);
#712=EDGE_CURVE('',#600,#601,#23,.T.);
#713=EDGE_CURVE('',#601,#598,#65,.T.);
#714=EDGE_CURVE('',#602,#603,#520,.F.);
#715=EDGE_CURVE('',#604,#602,#521,.F.);
#716=EDGE_CURVE('',#603,#604,#522,.F.);
#717=EDGE_CURVE('',#600,#604,#66,.T.);
#718=EDGE_CURVE('',#602,#601,#67,.T.);
#719=EDGE_CURVE('',#605,#606,#523,.F.);
#720=EDGE_CURVE('',#607,#605,#524,.F.);
#721=EDGE_CURVE('',#606,#607,#525,.F.);
#722=EDGE_CURVE('',#608,#607,#68,.T.);
#723=EDGE_CURVE('',#605,#609,#69,.T.);
#724=EDGE_CURVE('',#609,#608,#24,.T.);
#725=EDGE_CURVE('',#610,#611,#526,.F.);
#726=EDGE_CURVE('',#612,#610,#527,.F.);
#727=EDGE_CURVE('',#611,#612,#528,.F.);
#728=EDGE_CURVE('',#613,#614,#529,.F.);
#729=EDGE_CURVE('',#614,#612,#70,.T.);
#730=EDGE_CURVE('',#610,#613,#71,.T.);
#731=EDGE_CURVE('',#603,#611,#72,.T.);
#732=EDGE_CURVE('',#612,#602,#73,.T.);
#733=EDGE_CURVE('',#615,#616,#530,.F.);
#734=EDGE_CURVE('',#617,#615,#531,.F.);
#735=EDGE_CURVE('',#616,#617,#532,.F.);
#736=EDGE_CURVE('',#618,#619,#533,.T.);
#737=EDGE_CURVE('',#619,#617,#74,.T.);
#738=EDGE_CURVE('',#615,#618,#75,.T.);
#739=EDGE_CURVE('',#620,#621,#534,.F.);
#740=EDGE_CURVE('',#622,#620,#535,.F.);
#741=EDGE_CURVE('',#621,#622,#536,.F.);
#742=EDGE_CURVE('',#623,#624,#537,.F.);
#743=EDGE_CURVE('',#624,#622,#76,.T.);
#744=EDGE_CURVE('',#620,#623,#77,.T.);
#745=EDGE_CURVE('',#625,#626,#538,.F.);
#746=EDGE_CURVE('',#627,#625,#539,.F.);
#747=EDGE_CURVE('',#626,#627,#540,.F.);
#748=EDGE_CURVE('',#628,#629,#541,.T.);
#749=EDGE_CURVE('',#629,#627,#78,.T.);
#750=EDGE_CURVE('',#625,#628,#79,.T.);
#751=EDGE_CURVE('',#606,#626,#80,.T.);
#752=EDGE_CURVE('',#627,#605,#81,.T.);
#753=EDGE_CURVE('',#630,#631,#542,.F.);
#754=EDGE_CURVE('',#632,#630,#543,.F.);
#755=EDGE_CURVE('',#631,#632,#544,.F.);
#756=EDGE_CURVE('',#633,#634,#545,.F.);
#757=EDGE_CURVE('',#635,#633,#546,.F.);
#758=EDGE_CURVE('',#634,#635,#547,.F.);
#759=EDGE_CURVE('',#636,#632,#82,.T.);
#760=EDGE_CURVE('',#630,#637,#83,.T.);
#761=EDGE_CURVE('',#637,#636,#25,.T.);
#762=EDGE_CURVE('',#637,#638,#84,.T.);
#763=EDGE_CURVE('',#638,#639,#26,.T.);
#764=EDGE_CURVE('',#639,#636,#85,.T.);
#765=EDGE_CURVE('',#640,#641,#548,.F.);
#766=EDGE_CURVE('',#642,#640,#549,.F.);
#767=EDGE_CURVE('',#641,#642,#550,.F.);
#768=EDGE_CURVE('',#643,#644,#551,.F.);
#769=EDGE_CURVE('',#644,#642,#86,.T.);
#770=EDGE_CURVE('',#640,#643,#87,.T.);
#771=EDGE_CURVE('',#645,#646,#552,.F.);
#772=EDGE_CURVE('',#647,#645,#553,.F.);
#773=EDGE_CURVE('',#646,#647,#554,.F.);
#774=EDGE_CURVE('',#638,#647,#88,.T.);
#775=EDGE_CURVE('',#645,#639,#89,.T.);
#776=EDGE_CURVE('',#648,#649,#555,.F.);
#777=EDGE_CURVE('',#650,#648,#556,.F.);
#778=EDGE_CURVE('',#649,#650,#557,.F.);
#779=EDGE_CURVE('',#651,#650,#90,.T.);
#780=EDGE_CURVE('',#648,#652,#91,.T.);
#781=EDGE_CURVE('',#652,#651,#27,.T.);
#782=EDGE_CURVE('',#641,#649,#92,.T.);
#783=EDGE_CURVE('',#650,#640,#93,.T.);
#784=EDGE_CURVE('',#653,#654,#558,.F.);
#785=EDGE_CURVE('',#655,#653,#559,.F.);
#786=EDGE_CURVE('',#654,#655,#560,.F.);
#787=EDGE_CURVE('',#656,#657,#561,.T.);
#788=EDGE_CURVE('',#657,#655,#94,.T.);
#789=EDGE_CURVE('',#653,#656,#95,.T.);
#790=EDGE_CURVE('',#649,#654,#96,.T.);
#791=EDGE_CURVE('',#655,#648,#97,.T.);
#792=EDGE_CURVE('',#654,#646,#98,.T.);
#793=EDGE_CURVE('',#647,#653,#99,.T.);
#794=EDGE_CURVE('',#646,#641,#100,.T.);
#795=EDGE_CURVE('',#642,#645,#101,.T.);
#796=EDGE_CURVE('',#658,#651,#102,.T.);
#797=EDGE_CURVE('',#652,#659,#103,.T.);
#798=EDGE_CURVE('',#659,#658,#28,.T.);
#799=EDGE_CURVE('',#659,#635,#104,.T.);
#800=EDGE_CURVE('',#633,#658,#105,.T.);
#801=EDGE_CURVE('',#626,#634,#106,.T.);
#802=EDGE_CURVE('',#635,#625,#107,.T.);
#803=EDGE_CURVE('',#634,#621,#108,.T.);
#804=EDGE_CURVE('',#622,#633,#109,.T.);
#805=EDGE_CURVE('',#611,#631,#110,.T.);
#806=EDGE_CURVE('',#632,#610,#111,.T.);
#807=EDGE_CURVE('',#631,#616,#112,.T.);
#808=EDGE_CURVE('',#617,#630,#113,.T.);
#809=EDGE_CURVE('',#621,#606,#114,.T.);
#810=EDGE_CURVE('',#607,#620,#115,.T.);
#811=EDGE_CURVE('',#616,#603,#116,.T.);
#812=EDGE_CURVE('',#604,#615,#117,.T.);
#813=EDGE_CURVE('',#660,#608,#118,.T.);
#814=EDGE_CURVE('',#609,#661,#119,.T.);
#815=EDGE_CURVE('',#661,#660,#29,.T.);
#816=EDGE_CURVE('',#661,#597,#120,.T.);
#817=EDGE_CURVE('',#595,#660,#121,.T.);
#818=EDGE_CURVE('',#588,#596,#122,.T.);
#819=EDGE_CURVE('',#597,#587,#123,.T.);
#820=EDGE_CURVE('',#596,#583,#124,.T.);
#821=EDGE_CURVE('',#584,#595,#125,.T.);
#822=EDGE_CURVE('',#583,#593,#126,.T.);
#823=EDGE_CURVE('',#594,#582,#127,.T.);
#824=EDGE_CURVE('',#593,#588,#128,.T.);
#825=EDGE_CURVE('',#589,#592,#129,.T.);
#826=EDGE_CURVE('',#601,#614,#130,.T.);
#827=EDGE_CURVE('',#613,#636,#131,.T.);
#828=EDGE_CURVE('',#639,#644,#132,.T.);
#829=EDGE_CURVE('',#643,#651,#133,.T.);
#830=EDGE_CURVE('',#658,#624,#134,.T.);
#831=EDGE_CURVE('',#623,#608,#135,.T.);
#832=EDGE_CURVE('',#660,#586,#136,.T.);
#833=EDGE_CURVE('',#585,#598,#137,.T.);
#834=EDGE_CURVE('',#590,#629,#138,.T.);
#835=EDGE_CURVE('',#628,#657,#139,.T.);
#836=EDGE_CURVE('',#656,#619,#140,.T.);
#837=EDGE_CURVE('',#618,#591,#141,.T.);
#838=EDGE_CURVE('',#662,#662,#30,.T.);
#839=EDGE_CURVE('',#663,#663,#31,.T.);
#840=EDGE_CURVE('',#664,#664,#32,.T.);
#841=EDGE_CURVE('',#665,#665,#33,.T.);
#842=EDGE_CURVE('',#666,#666,#562,.T.);
#843=EDGE_CURVE('',#667,#667,#563,.T.);
#844=EDGE_CURVE('',#668,#668,#564,.T.);
#845=EDGE_CURVE('',#669,#669,#565,.T.);
#846=EDGE_CURVE('',#670,#670,#566,.T.);
#847=EDGE_CURVE('',#670,#667,#142,.T.);
#848=EDGE_CURVE('',#671,#671,#567,.T.);
#849=EDGE_CURVE('',#671,#666,#143,.T.);
#850=EDGE_CURVE('',#672,#672,#568,.T.);
#851=EDGE_CURVE('',#672,#669,#144,.T.);
#852=EDGE_CURVE('',#673,#673,#569,.T.);
#853=EDGE_CURVE('',#673,#668,#145,.T.);
#854=EDGE_CURVE('',#665,#674,#146,.T.);
#855=EDGE_CURVE('',#674,#674,#570,.T.);
#856=EDGE_CURVE('',#664,#675,#147,.T.);
#857=EDGE_CURVE('',#675,#675,#571,.T.);
#858=EDGE_CURVE('',#663,#676,#148,.T.);
#859=EDGE_CURVE('',#676,#676,#572,.T.);
#860=EDGE_CURVE('',#662,#677,#149,.T.);
#861=EDGE_CURVE('',#677,#677,#573,.T.);
#862=ORIENTED_EDGE('',*,*,#678,.T.);
#863=ORIENTED_EDGE('',*,*,#678,.F.);
#864=ORIENTED_EDGE('',*,*,#679,.T.);
#865=ORIENTED_EDGE('',*,*,#680,.T.);
#866=ORIENTED_EDGE('',*,*,#679,.F.);
#867=ORIENTED_EDGE('',*,*,#680,.F.);
#868=ORIENTED_EDGE('',*,*,#681,.T.);
#869=ORIENTED_EDGE('',*,*,#681,.F.);
#870=ORIENTED_EDGE('',*,*,#682,.T.);
#871=ORIENTED_EDGE('',*,*,#683,.T.);
#872=ORIENTED_EDGE('',*,*,#682,.F.);
#873=ORIENTED_EDGE('',*,*,#683,.F.);
#874=ORIENTED_EDGE('',*,*,#684,.T.);
#875=ORIENTED_EDGE('',*,*,#685,.F.);
#876=ORIENTED_EDGE('',*,*,#684,.F.);
#877=ORIENTED_EDGE('',*,*,#686,.T.);
#878=ORIENTED_EDGE('',*,*,#685,.T.);
#879=ORIENTED_EDGE('',*,*,#686,.F.);
#880=ORIENTED_EDGE('',*,*,#687,.T.);
#881=ORIENTED_EDGE('',*,*,#688,.F.);
#882=ORIENTED_EDGE('',*,*,#687,.F.);
#883=ORIENTED_EDGE('',*,*,#689,.T.);
#884=ORIENTED_EDGE('',*,*,#688,.T.);
#885=ORIENTED_EDGE('',*,*,#689,.F.);
#886=ORIENTED_EDGE('',*,*,#690,.F.);
#887=ORIENTED_EDGE('',*,*,#691,.F.);
#888=ORIENTED_EDGE('',*,*,#692,.F.);
#889=ORIENTED_EDGE('',*,*,#693,.T.);
#890=ORIENTED_EDGE('',*,*,#694,.T.);
#891=ORIENTED_EDGE('',*,*,#691,.T.);
#892=ORIENTED_EDGE('',*,*,#695,.T.);
#893=ORIENTED_EDGE('',*,*,#696,.F.);
#894=ORIENTED_EDGE('',*,*,#697,.F.);
#895=ORIENTED_EDGE('',*,*,#698,.F.);
#896=ORIENTED_EDGE('',*,*,#699,.T.);
#897=ORIENTED_EDGE('',*,*,#700,.T.);
#898=ORIENTED_EDGE('',*,*,#697,.T.);
#899=ORIENTED_EDGE('',*,*,#701,.T.);
#900=ORIENTED_EDGE('',*,*,#702,.F.);
#901=ORIENTED_EDGE('',*,*,#703,.F.);
#902=ORIENTED_EDGE('',*,*,#704,.F.);
#903=ORIENTED_EDGE('',*,*,#705,.F.);
#904=ORIENTED_EDGE('',*,*,#706,.F.);
#905=ORIENTED_EDGE('',*,*,#707,.F.);
#906=ORIENTED_EDGE('',*,*,#708,.T.);
#907=ORIENTED_EDGE('',*,*,#703,.T.);
#908=ORIENTED_EDGE('',*,*,#709,.T.);
#909=ORIENTED_EDGE('',*,*,#710,.T.);
#910=ORIENTED_EDGE('',*,*,#711,.T.);
#911=ORIENTED_EDGE('',*,*,#712,.T.);
#912=ORIENTED_EDGE('',*,*,#713,.T.);
#913=ORIENTED_EDGE('',*,*,#710,.F.);
#914=ORIENTED_EDGE('',*,*,#714,.F.);
#915=ORIENTED_EDGE('',*,*,#715,.F.);
#916=ORIENTED_EDGE('',*,*,#716,.F.);
#917=ORIENTED_EDGE('',*,*,#717,.T.);
#918=ORIENTED_EDGE('',*,*,#715,.T.);
#919=ORIENTED_EDGE('',*,*,#718,.T.);
#920=ORIENTED_EDGE('',*,*,#712,.F.);
#921=ORIENTED_EDGE('',*,*,#719,.F.);
#922=ORIENTED_EDGE('',*,*,#720,.F.);
#923=ORIENTED_EDGE('',*,*,#721,.F.);
#924=ORIENTED_EDGE('',*,*,#722,.T.);
#925=ORIENTED_EDGE('',*,*,#720,.T.);
#926=ORIENTED_EDGE('',*,*,#723,.T.);
#927=ORIENTED_EDGE('',*,*,#724,.T.);
#928=ORIENTED_EDGE('',*,*,#725,.F.);
#929=ORIENTED_EDGE('',*,*,#726,.F.);
#930=ORIENTED_EDGE('',*,*,#727,.F.);
#931=ORIENTED_EDGE('',*,*,#728,.T.);
#932=ORIENTED_EDGE('',*,*,#729,.T.);
#933=ORIENTED_EDGE('',*,*,#726,.T.);
#934=ORIENTED_EDGE('',*,*,#730,.T.);
#935=ORIENTED_EDGE('',*,*,#714,.T.);
#936=ORIENTED_EDGE('',*,*,#731,.T.);
#937=ORIENTED_EDGE('',*,*,#727,.T.);
#938=ORIENTED_EDGE('',*,*,#732,.T.);
#939=ORIENTED_EDGE('',*,*,#733,.F.);
#940=ORIENTED_EDGE('',*,*,#734,.F.);
#941=ORIENTED_EDGE('',*,*,#735,.F.);
#942=ORIENTED_EDGE('',*,*,#736,.T.);
#943=ORIENTED_EDGE('',*,*,#737,.T.);
#944=ORIENTED_EDGE('',*,*,#734,.T.);
#945=ORIENTED_EDGE('',*,*,#738,.T.);
#946=ORIENTED_EDGE('',*,*,#739,.F.);
#947=ORIENTED_EDGE('',*,*,#740,.F.);
#948=ORIENTED_EDGE('',*,*,#741,.F.);
#949=ORIENTED_EDGE('',*,*,#742,.T.);
#950=ORIENTED_EDGE('',*,*,#743,.T.);
#951=ORIENTED_EDGE('',*,*,#740,.T.);
#952=ORIENTED_EDGE('',*,*,#744,.T.);
#953=ORIENTED_EDGE('',*,*,#745,.F.);
#954=ORIENTED_EDGE('',*,*,#746,.F.);
#955=ORIENTED_EDGE('',*,*,#747,.F.);
#956=ORIENTED_EDGE('',*,*,#748,.T.);
#957=ORIENTED_EDGE('',*,*,#749,.T.);
#958=ORIENTED_EDGE('',*,*,#746,.T.);
#959=ORIENTED_EDGE('',*,*,#750,.T.);
#960=ORIENTED_EDGE('',*,*,#719,.T.);
#961=ORIENTED_EDGE('',*,*,#751,.T.);
#962=ORIENTED_EDGE('',*,*,#747,.T.);
#963=ORIENTED_EDGE('',*,*,#752,.T.);
#964=ORIENTED_EDGE('',*,*,#753,.F.);
#965=ORIENTED_EDGE('',*,*,#754,.F.);
#966=ORIENTED_EDGE('',*,*,#755,.F.);
#967=ORIENTED_EDGE('',*,*,#756,.F.);
#968=ORIENTED_EDGE('',*,*,#757,.F.);
#969=ORIENTED_EDGE('',*,*,#758,.F.);
#970=ORIENTED_EDGE('',*,*,#759,.T.);
#971=ORIENTED_EDGE('',*,*,#754,.T.);
#972=ORIENTED_EDGE('',*,*,#760,.T.);
#973=ORIENTED_EDGE('',*,*,#761,.T.);
#974=ORIENTED_EDGE('',*,*,#762,.T.);
#975=ORIENTED_EDGE('',*,*,#763,.T.);
#976=ORIENTED_EDGE('',*,*,#764,.T.);
#977=ORIENTED_EDGE('',*,*,#761,.F.);
#978=ORIENTED_EDGE('',*,*,#765,.F.);
#979=ORIENTED_EDGE('',*,*,#766,.F.);
#980=ORIENTED_EDGE('',*,*,#767,.F.);
#981=ORIENTED_EDGE('',*,*,#768,.T.);
#982=ORIENTED_EDGE('',*,*,#769,.T.);
#983=ORIENTED_EDGE('',*,*,#766,.T.);
#984=ORIENTED_EDGE('',*,*,#770,.T.);
#985=ORIENTED_EDGE('',*,*,#771,.F.);
#986=ORIENTED_EDGE('',*,*,#772,.F.);
#987=ORIENTED_EDGE('',*,*,#773,.F.);
#988=ORIENTED_EDGE('',*,*,#774,.T.);
#989=ORIENTED_EDGE('',*,*,#772,.T.);
#990=ORIENTED_EDGE('',*,*,#775,.T.);
#991=ORIENTED_EDGE('',*,*,#763,.F.);
#992=ORIENTED_EDGE('',*,*,#776,.F.);
#993=ORIENTED_EDGE('',*,*,#777,.F.);
#994=ORIENTED_EDGE('',*,*,#778,.F.);
#995=ORIENTED_EDGE('',*,*,#779,.T.);
#996=ORIENTED_EDGE('',*,*,#777,.T.);
#997=ORIENTED_EDGE('',*,*,#780,.T.);
#998=ORIENTED_EDGE('',*,*,#781,.T.);
#999=ORIENTED_EDGE('',*,*,#765,.T.);
#1000=ORIENTED_EDGE('',*,*,#782,.T.);
#1001=ORIENTED_EDGE('',*,*,#778,.T.);
#1002=ORIENTED_EDGE('',*,*,#783,.T.);
#1003=ORIENTED_EDGE('',*,*,#784,.F.);
#1004=ORIENTED_EDGE('',*,*,#785,.F.);
#1005=ORIENTED_EDGE('',*,*,#786,.F.);
#1006=ORIENTED_EDGE('',*,*,#787,.T.);
#1007=ORIENTED_EDGE('',*,*,#788,.T.);
#1008=ORIENTED_EDGE('',*,*,#785,.T.);
#1009=ORIENTED_EDGE('',*,*,#789,.T.);
#1010=ORIENTED_EDGE('',*,*,#776,.T.);
#1011=ORIENTED_EDGE('',*,*,#790,.T.);
#1012=ORIENTED_EDGE('',*,*,#786,.T.);
#1013=ORIENTED_EDGE('',*,*,#791,.T.);
#1014=ORIENTED_EDGE('',*,*,#784,.T.);
#1015=ORIENTED_EDGE('',*,*,#792,.T.);
#1016=ORIENTED_EDGE('',*,*,#773,.T.);
#1017=ORIENTED_EDGE('',*,*,#793,.T.);
#1018=ORIENTED_EDGE('',*,*,#771,.T.);
#1019=ORIENTED_EDGE('',*,*,#794,.T.);
#1020=ORIENTED_EDGE('',*,*,#767,.T.);
#1021=ORIENTED_EDGE('',*,*,#795,.T.);
#1022=ORIENTED_EDGE('',*,*,#796,.T.);
#1023=ORIENTED_EDGE('',*,*,#781,.F.);
#1024=ORIENTED_EDGE('',*,*,#797,.T.);
#1025=ORIENTED_EDGE('',*,*,#798,.T.);
#1026=ORIENTED_EDGE('',*,*,#799,.T.);
#1027=ORIENTED_EDGE('',*,*,#757,.T.);
#1028=ORIENTED_EDGE('',*,*,#800,.T.);
#1029=ORIENTED_EDGE('',*,*,#798,.F.);
#1030=ORIENTED_EDGE('',*,*,#745,.T.);
#1031=ORIENTED_EDGE('',*,*,#801,.T.);
#1032=ORIENTED_EDGE('',*,*,#758,.T.);
#1033=ORIENTED_EDGE('',*,*,#802,.T.);
#1034=ORIENTED_EDGE('',*,*,#756,.T.);
#1035=ORIENTED_EDGE('',*,*,#803,.T.);
#1036=ORIENTED_EDGE('',*,*,#741,.T.);
#1037=ORIENTED_EDGE('',*,*,#804,.T.);
#1038=ORIENTED_EDGE('',*,*,#725,.T.);
#1039=ORIENTED_EDGE('',*,*,#805,.T.);
#1040=ORIENTED_EDGE('',*,*,#755,.T.);
#1041=ORIENTED_EDGE('',*,*,#806,.T.);
#1042=ORIENTED_EDGE('',*,*,#753,.T.);
#1043=ORIENTED_EDGE('',*,*,#807,.T.);
#1044=ORIENTED_EDGE('',*,*,#735,.T.);
#1045=ORIENTED_EDGE('',*,*,#808,.T.);
#1046=ORIENTED_EDGE('',*,*,#739,.T.);
#1047=ORIENTED_EDGE('',*,*,#809,.T.);
#1048=ORIENTED_EDGE('',*,*,#721,.T.);
#1049=ORIENTED_EDGE('',*,*,#810,.T.);
#1050=ORIENTED_EDGE('',*,*,#733,.T.);
#1051=ORIENTED_EDGE('',*,*,#811,.T.);
#1052=ORIENTED_EDGE('',*,*,#716,.T.);
#1053=ORIENTED_EDGE('',*,*,#812,.T.);
#1054=ORIENTED_EDGE('',*,*,#813,.T.);
#1055=ORIENTED_EDGE('',*,*,#724,.F.);
#1056=ORIENTED_EDGE('',*,*,#814,.T.);
#1057=ORIENTED_EDGE('',*,*,#815,.T.);
#1058=ORIENTED_EDGE('',*,*,#816,.T.);
#1059=ORIENTED_EDGE('',*,*,#706,.T.);
#1060=ORIENTED_EDGE('',*,*,#817,.T.);
#1061=ORIENTED_EDGE('',*,*,#815,.F.);
#1062=ORIENTED_EDGE('',*,*,#696,.T.);
#1063=ORIENTED_EDGE('',*,*,#818,.T.);
#1064=ORIENTED_EDGE('',*,*,#707,.T.);
#1065=ORIENTED_EDGE('',*,*,#819,.T.);
#1066=ORIENTED_EDGE('',*,*,#705,.T.);
#1067=ORIENTED_EDGE('',*,*,#820,.T.);
#1068=ORIENTED_EDGE('',*,*,#692,.T.);
#1069=ORIENTED_EDGE('',*,*,#821,.T.);
#1070=ORIENTED_EDGE('',*,*,#690,.T.);
#1071=ORIENTED_EDGE('',*,*,#822,.T.);
#1072=ORIENTED_EDGE('',*,*,#704,.T.);
#1073=ORIENTED_EDGE('',*,*,#823,.T.);
#1074=ORIENTED_EDGE('',*,*,#702,.T.);
#1075=ORIENTED_EDGE('',*,*,#824,.T.);
#1076=ORIENTED_EDGE('',*,*,#698,.T.);
#1077=ORIENTED_EDGE('',*,*,#825,.T.);
#1078=ORIENTED_EDGE('',*,*,#718,.F.);
#1079=ORIENTED_EDGE('',*,*,#732,.F.);
#1080=ORIENTED_EDGE('',*,*,#729,.F.);
#1081=ORIENTED_EDGE('',*,*,#826,.F.);
#1082=ORIENTED_EDGE('',*,*,#730,.F.);
#1083=ORIENTED_EDGE('',*,*,#806,.F.);
#1084=ORIENTED_EDGE('',*,*,#759,.F.);
#1085=ORIENTED_EDGE('',*,*,#827,.F.);
#1086=ORIENTED_EDGE('',*,*,#775,.F.);
#1087=ORIENTED_EDGE('',*,*,#795,.F.);
#1088=ORIENTED_EDGE('',*,*,#769,.F.);
#1089=ORIENTED_EDGE('',*,*,#828,.F.);
#1090=ORIENTED_EDGE('',*,*,#770,.F.);
#1091=ORIENTED_EDGE('',*,*,#783,.F.);
#1092=ORIENTED_EDGE('',*,*,#779,.F.);
#1093=ORIENTED_EDGE('',*,*,#829,.F.);
#1094=ORIENTED_EDGE('',*,*,#713,.F.);
#1095=ORIENTED_EDGE('',*,*,#826,.T.);
#1096=ORIENTED_EDGE('',*,*,#728,.F.);
#1097=ORIENTED_EDGE('',*,*,#827,.T.);
#1098=ORIENTED_EDGE('',*,*,#764,.F.);
#1099=ORIENTED_EDGE('',*,*,#828,.T.);
#1100=ORIENTED_EDGE('',*,*,#768,.F.);
#1101=ORIENTED_EDGE('',*,*,#829,.T.);
#1102=ORIENTED_EDGE('',*,*,#796,.F.);
#1103=ORIENTED_EDGE('',*,*,#830,.T.);
#1104=ORIENTED_EDGE('',*,*,#742,.F.);
#1105=ORIENTED_EDGE('',*,*,#831,.T.);
#1106=ORIENTED_EDGE('',*,*,#813,.F.);
#1107=ORIENTED_EDGE('',*,*,#832,.T.);
#1108=ORIENTED_EDGE('',*,*,#693,.F.);
#1109=ORIENTED_EDGE('',*,*,#833,.T.);
#1110=ORIENTED_EDGE('',*,*,#701,.F.);
#1111=ORIENTED_EDGE('',*,*,#819,.F.);
#1112=ORIENTED_EDGE('',*,*,#816,.F.);
#1113=ORIENTED_EDGE('',*,*,#814,.F.);
#1114=ORIENTED_EDGE('',*,*,#723,.F.);
#1115=ORIENTED_EDGE('',*,*,#752,.F.);
#1116=ORIENTED_EDGE('',*,*,#749,.F.);
#1117=ORIENTED_EDGE('',*,*,#834,.F.);
#1118=ORIENTED_EDGE('',*,*,#750,.F.);
#1119=ORIENTED_EDGE('',*,*,#802,.F.);
#1120=ORIENTED_EDGE('',*,*,#799,.F.);
#1121=ORIENTED_EDGE('',*,*,#797,.F.);
#1122=ORIENTED_EDGE('',*,*,#780,.F.);
#1123=ORIENTED_EDGE('',*,*,#791,.F.);
#1124=ORIENTED_EDGE('',*,*,#788,.F.);
#1125=ORIENTED_EDGE('',*,*,#835,.F.);
#1126=ORIENTED_EDGE('',*,*,#699,.F.);
#1127=ORIENTED_EDGE('',*,*,#834,.T.);
#1128=ORIENTED_EDGE('',*,*,#748,.F.);
#1129=ORIENTED_EDGE('',*,*,#835,.T.);
#1130=ORIENTED_EDGE('',*,*,#787,.F.);
#1131=ORIENTED_EDGE('',*,*,#836,.T.);
#1132=ORIENTED_EDGE('',*,*,#736,.F.);
#1133=ORIENTED_EDGE('',*,*,#837,.T.);
#1134=ORIENTED_EDGE('',*,*,#838,.T.);
#1135=ORIENTED_EDGE('',*,*,#839,.T.);
#1136=ORIENTED_EDGE('',*,*,#840,.T.);
#1137=ORIENTED_EDGE('',*,*,#841,.T.);
#1138=ORIENTED_EDGE('',*,*,#731,.F.);
#1139=ORIENTED_EDGE('',*,*,#811,.F.);
#1140=ORIENTED_EDGE('',*,*,#807,.F.);
#1141=ORIENTED_EDGE('',*,*,#805,.F.);
#1142=ORIENTED_EDGE('',*,*,#842,.T.);
#1143=ORIENTED_EDGE('',*,*,#751,.F.);
#1144=ORIENTED_EDGE('',*,*,#809,.F.);
#1145=ORIENTED_EDGE('',*,*,#803,.F.);
#1146=ORIENTED_EDGE('',*,*,#801,.F.);
#1147=ORIENTED_EDGE('',*,*,#843,.T.);
#1148=ORIENTED_EDGE('',*,*,#782,.F.);
#1149=ORIENTED_EDGE('',*,*,#794,.F.);
#1150=ORIENTED_EDGE('',*,*,#792,.F.);
#1151=ORIENTED_EDGE('',*,*,#790,.F.);
#1152=ORIENTED_EDGE('',*,*,#844,.T.);
#1153=ORIENTED_EDGE('',*,*,#818,.F.);
#1154=ORIENTED_EDGE('',*,*,#824,.F.);
#1155=ORIENTED_EDGE('',*,*,#822,.F.);
#1156=ORIENTED_EDGE('',*,*,#820,.F.);
#1157=ORIENTED_EDGE('',*,*,#845,.T.);
#1158=ORIENTED_EDGE('',*,*,#846,.T.);
#1159=ORIENTED_EDGE('',*,*,#847,.T.);
#1160=ORIENTED_EDGE('',*,*,#843,.F.);
#1161=ORIENTED_EDGE('',*,*,#847,.F.);
#1162=ORIENTED_EDGE('',*,*,#846,.F.);
#1163=ORIENTED_EDGE('',*,*,#848,.T.);
#1164=ORIENTED_EDGE('',*,*,#849,.T.);
#1165=ORIENTED_EDGE('',*,*,#842,.F.);
#1166=ORIENTED_EDGE('',*,*,#849,.F.);
#1167=ORIENTED_EDGE('',*,*,#848,.F.);
#1168=ORIENTED_EDGE('',*,*,#850,.T.);
#1169=ORIENTED_EDGE('',*,*,#851,.T.);
#1170=ORIENTED_EDGE('',*,*,#845,.F.);
#1171=ORIENTED_EDGE('',*,*,#851,.F.);
#1172=ORIENTED_EDGE('',*,*,#850,.F.);
#1173=ORIENTED_EDGE('',*,*,#852,.T.);
#1174=ORIENTED_EDGE('',*,*,#853,.T.);
#1175=ORIENTED_EDGE('',*,*,#844,.F.);
#1176=ORIENTED_EDGE('',*,*,#853,.F.);
#1177=ORIENTED_EDGE('',*,*,#852,.F.);
#1178=ORIENTED_EDGE('',*,*,#841,.F.);
#1179=ORIENTED_EDGE('',*,*,#854,.T.);
#1180=ORIENTED_EDGE('',*,*,#855,.T.);
#1181=ORIENTED_EDGE('',*,*,#854,.F.);
#1182=ORIENTED_EDGE('',*,*,#855,.F.);
#1183=ORIENTED_EDGE('',*,*,#840,.F.);
#1184=ORIENTED_EDGE('',*,*,#856,.T.);
#1185=ORIENTED_EDGE('',*,*,#857,.T.);
#1186=ORIENTED_EDGE('',*,*,#856,.F.);
#1187=ORIENTED_EDGE('',*,*,#857,.F.);
#1188=ORIENTED_EDGE('',*,*,#839,.F.);
#1189=ORIENTED_EDGE('',*,*,#858,.T.);
#1190=ORIENTED_EDGE('',*,*,#859,.T.);
#1191=ORIENTED_EDGE('',*,*,#858,.F.);
#1192=ORIENTED_EDGE('',*,*,#859,.F.);
#1193=ORIENTED_EDGE('',*,*,#838,.F.);
#1194=ORIENTED_EDGE('',*,*,#860,.T.);
#1195=ORIENTED_EDGE('',*,*,#861,.T.);
#1196=ORIENTED_EDGE('',*,*,#860,.F.);
#1197=ORIENTED_EDGE('',*,*,#861,.F.);
#1198=ORIENTED_EDGE('',*,*,#700,.F.);
#1199=ORIENTED_EDGE('',*,*,#837,.F.);
#1200=ORIENTED_EDGE('',*,*,#738,.F.);
#1201=ORIENTED_EDGE('',*,*,#812,.F.);
#1202=ORIENTED_EDGE('',*,*,#717,.F.);
#1203=ORIENTED_EDGE('',*,*,#711,.F.);
#1204=ORIENTED_EDGE('',*,*,#709,.F.);
#1205=ORIENTED_EDGE('',*,*,#825,.F.);
#1206=ORIENTED_EDGE('',*,*,#737,.F.);
#1207=ORIENTED_EDGE('',*,*,#836,.F.);
#1208=ORIENTED_EDGE('',*,*,#789,.F.);
#1209=ORIENTED_EDGE('',*,*,#793,.F.);
#1210=ORIENTED_EDGE('',*,*,#774,.F.);
#1211=ORIENTED_EDGE('',*,*,#762,.F.);
#1212=ORIENTED_EDGE('',*,*,#760,.F.);
#1213=ORIENTED_EDGE('',*,*,#808,.F.);
#1214=ORIENTED_EDGE('',*,*,#708,.F.);
#1215=ORIENTED_EDGE('',*,*,#833,.F.);
#1216=ORIENTED_EDGE('',*,*,#695,.F.);
#1217=ORIENTED_EDGE('',*,*,#823,.F.);
#1218=ORIENTED_EDGE('',*,*,#694,.F.);
#1219=ORIENTED_EDGE('',*,*,#832,.F.);
#1220=ORIENTED_EDGE('',*,*,#817,.F.);
#1221=ORIENTED_EDGE('',*,*,#821,.F.);
#1222=ORIENTED_EDGE('',*,*,#722,.F.);
#1223=ORIENTED_EDGE('',*,*,#831,.F.);
#1224=ORIENTED_EDGE('',*,*,#744,.F.);
#1225=ORIENTED_EDGE('',*,*,#810,.F.);
#1226=ORIENTED_EDGE('',*,*,#743,.F.);
#1227=ORIENTED_EDGE('',*,*,#830,.F.);
#1228=ORIENTED_EDGE('',*,*,#800,.F.);
#1229=ORIENTED_EDGE('',*,*,#804,.F.);
#1230=PLANE('',#1381);
#1231=PLANE('',#1385);
#1232=PLANE('',#1386);
#1233=PLANE('',#1390);
#1234=PLANE('',#1391);
#1235=PLANE('',#1393);
#1236=PLANE('',#1396);
#1237=PLANE('',#1398);
#1238=PLANE('',#1517);
#1239=PLANE('',#1518);
#1240=PLANE('',#1519);
#1241=PLANE('',#1520);
#1242=PLANE('',#1521);
#1243=PLANE('',#1522);
#1244=PLANE('',#1523);
#1245=PLANE('',#1524);
#1246=PLANE('',#1529);
#1247=PLANE('',#1531);
#1248=PLANE('',#1533);
#1249=PLANE('',#1535);
#1250=PLANE('',#1539);
#1251=PLANE('',#1542);
#1252=PLANE('',#1545);
#1253=PLANE('',#1548);
#1254=PLANE('',#1551);
#1255=PLANE('',#1554);
#1256=PLANE('',#1557);
#1257=PLANE('',#1560);
#1258=PLANE('',#1561);
#1259=PLANE('',#1562);
#1260=PLANE('',#1563);
#1261=PLANE('',#1564);
#1262=PLANE('',#1565);
#1263=PLANE('',#1566);
#1264=ADVANCED_FACE('',(#294),#1230,.F.);
#1265=ADVANCED_FACE('',(#295),#246,.F.);
#1266=ADVANCED_FACE('',(#296),#1231,.F.);
#1267=ADVANCED_FACE('',(#297),#1232,.F.);
#1268=ADVANCED_FACE('',(#298),#247,.F.);
#1269=ADVANCED_FACE('',(#299),#1233,.F.);
#1270=ADVANCED_FACE('',(#300),#1234,.F.);
#1271=ADVANCED_FACE('',(#301),#1235,.F.);
#1272=ADVANCED_FACE('',(#302),#248,.F.);
#1273=ADVANCED_FACE('',(#303),#1236,.F.);
#1274=ADVANCED_FACE('',(#304),#1237,.F.);
#1275=ADVANCED_FACE('',(#305),#249,.F.);
#1276=ADVANCED_FACE('',(#306),#34,.T.);
#1277=ADVANCED_FACE('',(#307),#250,.T.);
#1278=ADVANCED_FACE('',(#308),#35,.T.);
#1279=ADVANCED_FACE('',(#309),#251,.T.);
#1280=ADVANCED_FACE('',(#310),#36,.T.);
#1281=ADVANCED_FACE('',(#311),#37,.T.);
#1282=ADVANCED_FACE('',(#312),#252,.T.);
#1283=ADVANCED_FACE('',(#313),#253,.T.);
#1284=ADVANCED_FACE('',(#314),#38,.T.);
#1285=ADVANCED_FACE('',(#315),#254,.T.);
#1286=ADVANCED_FACE('',(#316),#39,.T.);
#1287=ADVANCED_FACE('',(#317),#255,.T.);
#1288=ADVANCED_FACE('',(#318),#40,.T.);
#1289=ADVANCED_FACE('',(#319),#256,.T.);
#1290=ADVANCED_FACE('',(#320),#257,.T.);
#1291=ADVANCED_FACE('',(#321),#41,.T.);
#1292=ADVANCED_FACE('',(#322),#258,.T.);
#1293=ADVANCED_FACE('',(#323),#42,.T.);
#1294=ADVANCED_FACE('',(#324),#259,.T.);
#1295=ADVANCED_FACE('',(#325),#43,.T.);
#1296=ADVANCED_FACE('',(#326),#260,.T.);
#1297=ADVANCED_FACE('',(#327),#261,.T.);
#1298=ADVANCED_FACE('',(#328),#44,.T.);
#1299=ADVANCED_FACE('',(#329),#45,.T.);
#1300=ADVANCED_FACE('',(#330),#262,.T.);
#1301=ADVANCED_FACE('',(#331),#263,.T.);
#1302=ADVANCED_FACE('',(#332),#46,.T.);
#1303=ADVANCED_FACE('',(#333),#264,.T.);
#1304=ADVANCED_FACE('',(#334),#47,.T.);
#1305=ADVANCED_FACE('',(#335),#265,.T.);
#1306=ADVANCED_FACE('',(#336),#48,.T.);
#1307=ADVANCED_FACE('',(#337),#266,.T.);
#1308=ADVANCED_FACE('',(#338),#267,.T.);
#1309=ADVANCED_FACE('',(#339),#49,.T.);
#1310=ADVANCED_FACE('',(#340),#268,.T.);
#1311=ADVANCED_FACE('',(#341),#269,.T.);
#1312=ADVANCED_FACE('',(#342),#270,.T.);
#1313=ADVANCED_FACE('',(#343),#271,.T.);
#1314=ADVANCED_FACE('',(#344),#272,.T.);
#1315=ADVANCED_FACE('',(#345),#273,.T.);
#1316=ADVANCED_FACE('',(#346),#274,.T.);
#1317=ADVANCED_FACE('',(#347),#275,.T.);
#1318=ADVANCED_FACE('',(#348),#276,.T.);
#1319=ADVANCED_FACE('',(#349),#277,.T.);
#1320=ADVANCED_FACE('',(#350),#278,.T.);
#1321=ADVANCED_FACE('',(#351),#279,.T.);
#1322=ADVANCED_FACE('',(#352),#280,.T.);
#1323=ADVANCED_FACE('',(#353),#281,.T.);
#1324=ADVANCED_FACE('',(#354),#282,.T.);
#1325=ADVANCED_FACE('',(#355),#283,.T.);
#1326=ADVANCED_FACE('',(#356),#284,.T.);
#1327=ADVANCED_FACE('',(#357),#285,.T.);
#1328=ADVANCED_FACE('',(#358),#1238,.T.);
#1329=ADVANCED_FACE('',(#359),#1239,.T.);
#1330=ADVANCED_FACE('',(#360),#1240,.T.);
#1331=ADVANCED_FACE('',(#361),#1241,.T.);
#1332=ADVANCED_FACE('',(#362),#1242,.F.);
#1333=ADVANCED_FACE('',(#363),#1243,.T.);
#1334=ADVANCED_FACE('',(#364),#1244,.T.);
#1335=ADVANCED_FACE('',(#365,#14,#15,#16,#17),#1245,.T.);
#1336=ADVANCED_FACE('',(#366,#18),#1246,.T.);
#1337=ADVANCED_FACE('',(#367,#19),#1247,.T.);
#1338=ADVANCED_FACE('',(#368,#20),#1248,.T.);
#1339=ADVANCED_FACE('',(#369,#21),#1249,.T.);
#1340=ADVANCED_FACE('',(#370),#286,.F.);
#1341=ADVANCED_FACE('',(#371),#1250,.F.);
#1342=ADVANCED_FACE('',(#372),#287,.F.);
#1343=ADVANCED_FACE('',(#373),#1251,.F.);
#1344=ADVANCED_FACE('',(#374),#288,.F.);
#1345=ADVANCED_FACE('',(#375),#1252,.F.);
#1346=ADVANCED_FACE('',(#376),#289,.F.);
#1347=ADVANCED_FACE('',(#377),#1253,.F.);
#1348=ADVANCED_FACE('',(#378),#290,.F.);
#1349=ADVANCED_FACE('',(#379),#1254,.F.);
#1350=ADVANCED_FACE('',(#380),#291,.F.);
#1351=ADVANCED_FACE('',(#381),#1255,.F.);
#1352=ADVANCED_FACE('',(#382),#292,.F.);
#1353=ADVANCED_FACE('',(#383),#1256,.F.);
#1354=ADVANCED_FACE('',(#384),#293,.F.);
#1355=ADVANCED_FACE('',(#385),#1257,.F.);
#1356=ADVANCED_FACE('',(#386),#1258,.T.);
#1357=ADVANCED_FACE('',(#387),#1259,.T.);
#1358=ADVANCED_FACE('',(#388),#1260,.T.);
#1359=ADVANCED_FACE('',(#389),#1261,.T.);
#1360=ADVANCED_FACE('',(#390),#1262,.T.);
#1361=ADVANCED_FACE('',(#391),#1263,.T.);
#1362=CLOSED_SHELL('',(#1264,#1265,#1266));
#1363=CLOSED_SHELL('',(#1267,#1268,#1269));
#1364=CLOSED_SHELL('',(#1270,#1271,#1272));
#1365=CLOSED_SHELL('',(#1273,#1274,#1275));
#1366=CLOSED_SHELL('',(#1276,#1277,#1278,#1279,#1280,#1281,#1282,#1283,
#1284,#1285,#1286,#1287,#1288,#1289,#1290,#1291,#1292,#1293,#1294,#1295,
#1296,#1297,#1298,#1299,#1300,#1301,#1302,#1303,#1304,#1305,#1306,#1307,
#1308,#1309,#1310,#1311,#1312,#1313,#1314,#1315,#1316,#1317,#1318,#1319,
#1320,#1321,#1322,#1323,#1324,#1325,#1326,#1327,#1328,#1329,#1330,#1331,
#1332,#1333,#1334,#1335,#1336,#1337,#1338,#1339,#1340,#1341,#1342,#1343,
#1344,#1345,#1346,#1347,#1348,#1349,#1350,#1351,#1352,#1353,#1354,#1355,
#1356,#1357,#1358,#1359,#1360,#1361));
#1367=BREP_WITH_VOIDS('Body1',#1366,(#50,#51,#52,#53));
#1368=DERIVED_UNIT_ELEMENT(#1370,1.);
#1369=DERIVED_UNIT_ELEMENT(#2429,-3.);
#1370=(
MASS_UNIT()
NAMED_UNIT(*)
SI_UNIT(.KILO.,.GRAM.)
);
#1371=DERIVED_UNIT((#1368,#1369));
#1372=MEASURE_REPRESENTATION_ITEM('density measure',
POSITIVE_RATIO_MEASURE(7850.),#1371);
#1373=PROPERTY_DEFINITION_REPRESENTATION(#1378,#1375);
#1374=PROPERTY_DEFINITION_REPRESENTATION(#1379,#1376);
#1375=REPRESENTATION('material name',(#1377),#2426);
#1376=REPRESENTATION('density',(#1372),#2426);
#1377=DESCRIPTIVE_REPRESENTATION_ITEM('Steel','Steel');
#1378=PROPERTY_DEFINITION('material property','material name',#2436);
#1379=PROPERTY_DEFINITION('material property','density of part',#2436);
#1380=AXIS2_PLACEMENT_3D('',#2037,#1567,#1568);
#1381=AXIS2_PLACEMENT_3D('',#2038,#1569,#1570);
#1382=AXIS2_PLACEMENT_3D('',#2040,#1571,#1572);
#1383=AXIS2_PLACEMENT_3D('',#2041,#1573,#1574);
#1384=AXIS2_PLACEMENT_3D('',#2044,#1576,#1577);
#1385=AXIS2_PLACEMENT_3D('',#2045,#1578,#1579);
#1386=AXIS2_PLACEMENT_3D('',#2046,#1580,#1581);
#1387=AXIS2_PLACEMENT_3D('',#2048,#1582,#1583);
#1388=AXIS2_PLACEMENT_3D('',#2049,#1584,#1585);
#1389=AXIS2_PLACEMENT_3D('',#2052,#1587,#1588);
#1390=AXIS2_PLACEMENT_3D('',#2053,#1589,#1590);
#1391=AXIS2_PLACEMENT_3D('',#2054,#1591,#1592);
#1392=AXIS2_PLACEMENT_3D('',#2056,#1593,#1594);
#1393=AXIS2_PLACEMENT_3D('',#2057,#1595,#1596);
#1394=AXIS2_PLACEMENT_3D('',#2059,#1597,#1598);
#1395=AXIS2_PLACEMENT_3D('',#2060,#1599,#1600);
#1396=AXIS2_PLACEMENT_3D('',#2062,#1602,#1603);
#1397=AXIS2_PLACEMENT_3D('',#2064,#1604,#1605);
#1398=AXIS2_PLACEMENT_3D('',#2065,#1606,#1607);
#1399=AXIS2_PLACEMENT_3D('',#2067,#1608,#1609);
#1400=AXIS2_PLACEMENT_3D('',#2068,#1610,#1611);
#1401=AXIS2_PLACEMENT_3D('',#2070,#1613,#1614);
#1402=AXIS2_PLACEMENT_3D('',#2073,#1615,#1616);
#1403=AXIS2_PLACEMENT_3D('',#2075,#1617,#1618);
#1404=AXIS2_PLACEMENT_3D('',#2076,#1619,#1620);
#1405=AXIS2_PLACEMENT_3D('',#2077,#1621,#1622);
#1406=AXIS2_PLACEMENT_3D('',#2080,#1623,#1624);
#1407=AXIS2_PLACEMENT_3D('',#2083,#1627,#1628);
#1408=AXIS2_PLACEMENT_3D('',#2086,#1629,#1630);
#1409=AXIS2_PLACEMENT_3D('',#2088,#1631,#1632);
#1410=AXIS2_PLACEMENT_3D('',#2089,#1633,#1634);
#1411=AXIS2_PLACEMENT_3D('',#2090,#1635,#1636);
#1412=AXIS2_PLACEMENT_3D('',#2093,#1637,#1638);
#1413=AXIS2_PLACEMENT_3D('',#2096,#1641,#1642);
#1414=AXIS2_PLACEMENT_3D('',#2099,#1643,#1644);
#1415=AXIS2_PLACEMENT_3D('',#2101,#1645,#1646);
#1416=AXIS2_PLACEMENT_3D('',#2102,#1647,#1648);
#1417=AXIS2_PLACEMENT_3D('',#2103,#1649,#1650);
#1418=AXIS2_PLACEMENT_3D('',#2106,#1651,#1652);
#1419=AXIS2_PLACEMENT_3D('',#2108,#1653,#1654);
#1420=AXIS2_PLACEMENT_3D('',#2109,#1655,#1656);
#1421=AXIS2_PLACEMENT_3D('',#2110,#1657,#1658);
#1422=AXIS2_PLACEMENT_3D('',#2115,#1661,#1662);
#1423=AXIS2_PLACEMENT_3D('',#2116,#1663,#1664);
#1424=AXIS2_PLACEMENT_3D('',#2120,#1666,#1667);
#1425=AXIS2_PLACEMENT_3D('',#2122,#1669,#1670);
#1426=AXIS2_PLACEMENT_3D('',#2125,#1671,#1672);
#1427=AXIS2_PLACEMENT_3D('',#2127,#1673,#1674);
#1428=AXIS2_PLACEMENT_3D('',#2128,#1675,#1676);
#1429=AXIS2_PLACEMENT_3D('',#2129,#1677,#1678);
#1430=AXIS2_PLACEMENT_3D('',#2132,#1681,#1682);
#1431=AXIS2_PLACEMENT_3D('',#2135,#1683,#1684);
#1432=AXIS2_PLACEMENT_3D('',#2137,#1685,#1686);
#1433=AXIS2_PLACEMENT_3D('',#2138,#1687,#1688);
#1434=AXIS2_PLACEMENT_3D('',#2139,#1689,#1690);
#1435=AXIS2_PLACEMENT_3D('',#2144,#1693,#1694);
#1436=AXIS2_PLACEMENT_3D('',#2145,#1695,#1696);
#1437=AXIS2_PLACEMENT_3D('',#2148,#1697,#1698);
#1438=AXIS2_PLACEMENT_3D('',#2150,#1699,#1700);
#1439=AXIS2_PLACEMENT_3D('',#2151,#1701,#1702);
#1440=AXIS2_PLACEMENT_3D('',#2152,#1703,#1704);
#1441=AXIS2_PLACEMENT_3D('',#2155,#1705,#1706);
#1442=AXIS2_PLACEMENT_3D('',#2158,#1709,#1710);
#1443=AXIS2_PLACEMENT_3D('',#2161,#1713,#1714);
#1444=AXIS2_PLACEMENT_3D('',#2164,#1715,#1716);
#1445=AXIS2_PLACEMENT_3D('',#2166,#1717,#1718);
#1446=AXIS2_PLACEMENT_3D('',#2167,#1719,#1720);
#1447=AXIS2_PLACEMENT_3D('',#2168,#1721,#1722);
#1448=AXIS2_PLACEMENT_3D('',#2171,#1723,#1724);
#1449=AXIS2_PLACEMENT_3D('',#2174,#1727,#1728);
#1450=AXIS2_PLACEMENT_3D('',#2177,#1729,#1730);
#1451=AXIS2_PLACEMENT_3D('',#2179,#1731,#1732);
#1452=AXIS2_PLACEMENT_3D('',#2180,#1733,#1734);
#1453=AXIS2_PLACEMENT_3D('',#2181,#1735,#1736);
#1454=AXIS2_PLACEMENT_3D('',#2184,#1737,#1738);
#1455=AXIS2_PLACEMENT_3D('',#2187,#1741,#1742);
#1456=AXIS2_PLACEMENT_3D('',#2190,#1743,#1744);
#1457=AXIS2_PLACEMENT_3D('',#2192,#1745,#1746);
#1458=AXIS2_PLACEMENT_3D('',#2193,#1747,#1748);
#1459=AXIS2_PLACEMENT_3D('',#2194,#1749,#1750);
#1460=AXIS2_PLACEMENT_3D('',#2197,#1751,#1752);
#1461=AXIS2_PLACEMENT_3D('',#2200,#1755,#1756);
#1462=AXIS2_PLACEMENT_3D('',#2203,#1759,#1760);
#1463=AXIS2_PLACEMENT_3D('',#2206,#1761,#1762);
#1464=AXIS2_PLACEMENT_3D('',#2208,#1763,#1764);
#1465=AXIS2_PLACEMENT_3D('',#2209,#1765,#1766);
#1466=AXIS2_PLACEMENT_3D('',#2210,#1767,#1768);
#1467=AXIS2_PLACEMENT_3D('',#2213,#1769,#1770);
#1468=AXIS2_PLACEMENT_3D('',#2215,#1771,#1772);
#1469=AXIS2_PLACEMENT_3D('',#2216,#1773,#1774);
#1470=AXIS2_PLACEMENT_3D('',#2217,#1775,#1776);
#1471=AXIS2_PLACEMENT_3D('',#2222,#1779,#1780);
#1472=AXIS2_PLACEMENT_3D('',#2223,#1781,#1782);
#1473=AXIS2_PLACEMENT_3D('',#2227,#1784,#1785);
#1474=AXIS2_PLACEMENT_3D('',#2229,#1787,#1788);
#1475=AXIS2_PLACEMENT_3D('',#2232,#1789,#1790);
#1476=AXIS2_PLACEMENT_3D('',#2234,#1791,#1792);
#1477=AXIS2_PLACEMENT_3D('',#2235,#1793,#1794);
#1478=AXIS2_PLACEMENT_3D('',#2236,#1795,#1796);
#1479=AXIS2_PLACEMENT_3D('',#2239,#1797,#1798);
#1480=AXIS2_PLACEMENT_3D('',#2242,#1801,#1802);
#1481=AXIS2_PLACEMENT_3D('',#2245,#1803,#1804);
#1482=AXIS2_PLACEMENT_3D('',#2247,#1805,#1806);
#1483=AXIS2_PLACEMENT_3D('',#2248,#1807,#1808);
#1484=AXIS2_PLACEMENT_3D('',#2249,#1809,#1810);
#1485=AXIS2_PLACEMENT_3D('',#2252,#1813,#1814);
#1486=AXIS2_PLACEMENT_3D('',#2255,#1815,#1816);
#1487=AXIS2_PLACEMENT_3D('',#2257,#1817,#1818);
#1488=AXIS2_PLACEMENT_3D('',#2258,#1819,#1820);
#1489=AXIS2_PLACEMENT_3D('',#2259,#1821,#1822);
#1490=AXIS2_PLACEMENT_3D('',#2264,#1825,#1826);
#1491=AXIS2_PLACEMENT_3D('',#2265,#1827,#1828);
#1492=AXIS2_PLACEMENT_3D('',#2268,#1831,#1832);
#1493=AXIS2_PLACEMENT_3D('',#2271,#1833,#1834);
#1494=AXIS2_PLACEMENT_3D('',#2273,#1835,#1836);
#1495=AXIS2_PLACEMENT_3D('',#2274,#1837,#1838);
#1496=AXIS2_PLACEMENT_3D('',#2275,#1839,#1840);
#1497=AXIS2_PLACEMENT_3D('',#2278,#1841,#1842);
#1498=AXIS2_PLACEMENT_3D('',#2281,#1845,#1846);
#1499=AXIS2_PLACEMENT_3D('',#2284,#1849,#1850);
#1500=AXIS2_PLACEMENT_3D('',#2287,#1853,#1854);
#1501=AXIS2_PLACEMENT_3D('',#2290,#1857,#1858);
#1502=AXIS2_PLACEMENT_3D('',#2295,#1861,#1862);
#1503=AXIS2_PLACEMENT_3D('',#2296,#1863,#1864);
#1504=AXIS2_PLACEMENT_3D('',#2299,#1867,#1868);
#1505=AXIS2_PLACEMENT_3D('',#2302,#1871,#1872);
#1506=AXIS2_PLACEMENT_3D('',#2305,#1875,#1876);
#1507=AXIS2_PLACEMENT_3D('',#2308,#1879,#1880);
#1508=AXIS2_PLACEMENT_3D('',#2311,#1883,#1884);
#1509=AXIS2_PLACEMENT_3D('',#2314,#1887,#1888);
#1510=AXIS2_PLACEMENT_3D('',#2317,#1891,#1892);
#1511=AXIS2_PLACEMENT_3D('',#2322,#1895,#1896);
#1512=AXIS2_PLACEMENT_3D('',#2323,#1897,#1898);
#1513=AXIS2_PLACEMENT_3D('',#2326,#1901,#1902);
#1514=AXIS2_PLACEMENT_3D('',#2329,#1905,#1906);
#1515=AXIS2_PLACEMENT_3D('',#2332,#1909,#1910);
#1516=AXIS2_PLACEMENT_3D('',#2335,#1913,#1914);
#1517=AXIS2_PLACEMENT_3D('',#2338,#1917,#1918);
#1518=AXIS2_PLACEMENT_3D('',#2340,#1920,#1921);
#1519=AXIS2_PLACEMENT_3D('',#2342,#1923,#1924);
#1520=AXIS2_PLACEMENT_3D('',#2344,#1926,#1927);
#1521=AXIS2_PLACEMENT_3D('',#2346,#1929,#1930);
#1522=AXIS2_PLACEMENT_3D('',#2351,#1935,#1936);
#1523=AXIS2_PLACEMENT_3D('',#2353,#1938,#1939);
#1524=AXIS2_PLACEMENT_3D('',#2355,#1941,#1942);
#1525=AXIS2_PLACEMENT_3D('',#2359,#1945,#1946);
#1526=AXIS2_PLACEMENT_3D('',#2361,#1947,#1948);
#1527=AXIS2_PLACEMENT_3D('',#2363,#1949,#1950);
#1528=AXIS2_PLACEMENT_3D('',#2365,#1951,#1952);
#1529=AXIS2_PLACEMENT_3D('',#2366,#1953,#1954);
#1530=AXIS2_PLACEMENT_3D('',#2368,#1955,#1956);
#1531=AXIS2_PLACEMENT_3D('',#2369,#1957,#1958);
#1532=AXIS2_PLACEMENT_3D('',#2371,#1959,#1960);
#1533=AXIS2_PLACEMENT_3D('',#2372,#1961,#1962);
#1534=AXIS2_PLACEMENT_3D('',#2374,#1963,#1964);
#1535=AXIS2_PLACEMENT_3D('',#2375,#1965,#1966);
#1536=AXIS2_PLACEMENT_3D('',#2377,#1967,#1968);
#1537=AXIS2_PLACEMENT_3D('',#2378,#1969,#1970);
#1538=AXIS2_PLACEMENT_3D('',#2380,#1971,#1972);
#1539=AXIS2_PLACEMENT_3D('',#2382,#1974,#1975);
#1540=AXIS2_PLACEMENT_3D('',#2383,#1976,#1977);
#1541=AXIS2_PLACEMENT_3D('',#2385,#1978,#1979);
#1542=AXIS2_PLACEMENT_3D('',#2387,#1981,#1982);
#1543=AXIS2_PLACEMENT_3D('',#2388,#1983,#1984);
#1544=AXIS2_PLACEMENT_3D('',#2390,#1985,#1986);
#1545=AXIS2_PLACEMENT_3D('',#2392,#1988,#1989);
#1546=AXIS2_PLACEMENT_3D('',#2393,#1990,#1991);
#1547=AXIS2_PLACEMENT_3D('',#2395,#1992,#1993);
#1548=AXIS2_PLACEMENT_3D('',#2397,#1995,#1996);
#1549=AXIS2_PLACEMENT_3D('',#2398,#1997,#1998);
#1550=AXIS2_PLACEMENT_3D('',#2401,#2000,#2001);
#1551=AXIS2_PLACEMENT_3D('',#2402,#2002,#2003);
#1552=AXIS2_PLACEMENT_3D('',#2403,#2004,#2005);
#1553=AXIS2_PLACEMENT_3D('',#2406,#2007,#2008);
#1554=AXIS2_PLACEMENT_3D('',#2407,#2009,#2010);
#1555=AXIS2_PLACEMENT_3D('',#2408,#2011,#2012);
#1556=AXIS2_PLACEMENT_3D('',#2411,#2014,#2015);
#1557=AXIS2_PLACEMENT_3D('',#2412,#2016,#2017);
#1558=AXIS2_PLACEMENT_3D('',#2413,#2018,#2019);
#1559=AXIS2_PLACEMENT_3D('',#2416,#2021,#2022);
#1560=AXIS2_PLACEMENT_3D('',#2417,#2023,#2024);
#1561=AXIS2_PLACEMENT_3D('',#2418,#2025,#2026);
#1562=AXIS2_PLACEMENT_3D('',#2419,#2027,#2028);
#1563=AXIS2_PLACEMENT_3D('',#2420,#2029,#2030);
#1564=AXIS2_PLACEMENT_3D('',#2421,#2031,#2032);
#1565=AXIS2_PLACEMENT_3D('',#2422,#2033,#2034);
#1566=AXIS2_PLACEMENT_3D('',#2423,#2035,#2036);
#1567=DIRECTION('axis',(0.,0.,1.));
#1568=DIRECTION('refdir',(1.,0.,0.));
#1569=DIRECTION('center_axis',(0.0320515243083601,1.11398978178645E-13,
0.999486217908737));
#1570=DIRECTION('ref_axis',(-3.47575833265452E-12,1.,4.3767591171074E-18));
#1571=DIRECTION('center_axis',(-0.0320515243083601,-1.11403357187618E-13,
-0.999486217908737));
#1572=DIRECTION('ref_axis',(3.45059505106447E-12,-1.,4.25690016925015E-16));
#1573=DIRECTION('center_axis',(-0.0320515243083594,-1.11022302462516E-13,
-0.999486217908737));
#1574=DIRECTION('ref_axis',(3.45059505106447E-12,-1.,4.25690016925015E-16));
#1575=DIRECTION('',(-0.0320515243083594,-1.11022302462516E-13,-0.999486217908737));
#1576=DIRECTION('center_axis',(-0.0320515243083603,-1.10596407180752E-13,
-0.999486217908737));
#1577=DIRECTION('ref_axis',(3.4505814004715E-12,-1.,1.3552527143447E-20));
#1578=DIRECTION('center_axis',(-0.0320515243083603,-1.10596407180752E-13,
-0.999486217908737));
#1579=DIRECTION('ref_axis',(3.4505814004715E-12,-1.,1.3552527143447E-20));
#1580=DIRECTION('center_axis',(0.0320515243083601,1.11398978178645E-13,
0.999486217908737));
#1581=DIRECTION('ref_axis',(-3.47575833265452E-12,1.,4.37675911713367E-18));
#1582=DIRECTION('center_axis',(-0.0320515243083601,-1.11403357187618E-13,
-0.999486217908737));
#1583=DIRECTION('ref_axis',(3.45059505106447E-12,-1.,4.25690016925013E-16));
#1584=DIRECTION('center_axis',(-0.0320515243083594,-1.11022302462516E-13,
-0.999486217908737));
#1585=DIRECTION('ref_axis',(3.45059505106447E-12,-1.,4.25690016925013E-16));
#1586=DIRECTION('',(-0.0320515243083594,-1.11022302462516E-13,-0.999486217908737));
#1587=DIRECTION('center_axis',(-0.0320515243083603,-1.10596407180752E-13,
-0.999486217908737));
#1588=DIRECTION('ref_axis',(3.4505814004715E-12,-1.,1.3552527143447E-20));
#1589=DIRECTION('center_axis',(-0.0320515243083603,-1.10596407180752E-13,
-0.999486217908737));
#1590=DIRECTION('ref_axis',(3.4505814004715E-12,-1.,1.3552527143447E-20));
#1591=DIRECTION('center_axis',(0.0320515243083601,1.11398978178645E-13,
0.999486217908737));
#1592=DIRECTION('ref_axis',(-3.47575833265452E-12,1.,4.3767591171074E-18));
#1593=DIRECTION('center_axis',(-0.0320515243083601,-1.11403357187618E-13,
-0.999486217908737));
#1594=DIRECTION('ref_axis',(3.45059505106447E-12,-1.,4.25690016925E-16));
#1595=DIRECTION('center_axis',(-0.0320515243083603,-1.10596407180752E-13,
-0.999486217908737));
#1596=DIRECTION('ref_axis',(3.4505814004715E-12,-1.,1.3552527143447E-20));
#1597=DIRECTION('center_axis',(-0.0320515243083603,-1.10596407180752E-13,
-0.999486217908737));
#1598=DIRECTION('ref_axis',(3.4505814004715E-12,-1.,1.3552527143447E-20));
#1599=DIRECTION('center_axis',(-0.0320515243083595,-1.11022302462516E-13,
-0.999486217908737));
#1600=DIRECTION('ref_axis',(3.45059505106447E-12,-1.,4.25690016925E-16));
#1601=DIRECTION('',(-0.0320515243083595,-1.11022302462516E-13,-0.999486217908737));
#1602=DIRECTION('center_axis',(0.0320515243083601,1.11398978178645E-13,
0.999486217908737));
#1603=DIRECTION('ref_axis',(-3.47575833265452E-12,1.,4.37675911713367E-18));
#1604=DIRECTION('center_axis',(-0.0320515243083601,-1.11403357187618E-13,
-0.999486217908737));
#1605=DIRECTION('ref_axis',(3.45059505106447E-12,-1.,4.25690016925013E-16));
#1606=DIRECTION('center_axis',(-0.0320515243083603,-1.10596407180752E-13,
-0.999486217908737));
#1607=DIRECTION('ref_axis',(3.4505814004715E-12,-1.,1.3552527143447E-20));
#1608=DIRECTION('center_axis',(-0.0320515243083603,-1.10596407180752E-13,
-0.999486217908737));
#1609=DIRECTION('ref_axis',(3.4505814004715E-12,-1.,1.3552527143447E-20));
#1610=DIRECTION('center_axis',(-0.0320515243083594,-1.11022302462516E-13,
-0.999486217908737));
#1611=DIRECTION('ref_axis',(3.45059505106447E-12,-1.,4.25690016925013E-16));
#1612=DIRECTION('',(-0.0320515243083594,-1.11022302462516E-13,-0.999486217908737));
#1613=DIRECTION('center_axis',(0.,0.,1.));
#1614=DIRECTION('ref_axis',(1.,0.,0.));
#1615=DIRECTION('center_axis',(0.999486217908737,3.47987059097422E-12,-0.0320515243083541));
#1616=DIRECTION('ref_axis',(3.4816594052245E-12,-1.,0.));
#1617=DIRECTION('center_axis',(0.0320515243083584,1.11592491059978E-13,
0.999486217908737));
#1618=DIRECTION('ref_axis',(0.999486217908737,3.47277762102747E-12,-0.0320515243083584));
#1619=DIRECTION('center_axis',(3.47469414146604E-12,-1.,4.09605530158069E-15));
#1620=DIRECTION('ref_axis',(0.0320515243083542,1.15463194561017E-13,0.999486217908737));
#1621=DIRECTION('center_axis',(0.0320515243083603,1.11466391672366E-13,
0.999486217908737));
#1622=DIRECTION('ref_axis',(0.706743482388229,-0.707106781184083,-0.022663850185807));
#1623=DIRECTION('center_axis',(-0.0320515243083601,-1.11403357187618E-13,
-0.999486217908737));
#1624=DIRECTION('ref_axis',(0.706743482388229,-0.707106781184083,-0.022663850185807));
#1625=DIRECTION('',(0.0320515243083603,1.11466391672366E-13,0.999486217908737));
#1626=DIRECTION('',(-0.0320515243083603,-1.11466391672366E-13,-0.999486217908737));
#1627=DIRECTION('center_axis',(-0.394953559797227,-0.816496580929084,0.421123519806974));
#1628=DIRECTION('ref_axis',(-0.558548680775555,0.577350269187708,0.595558593148288));
#1629=DIRECTION('center_axis',(-0.999486217908737,-3.44436170739285E-12,
0.0320515243083541));
#1630=DIRECTION('ref_axis',(-3.4461322684365E-12,1.,0.));
#1631=DIRECTION('center_axis',(0.0320515243083606,1.17111707843124E-13,
0.999486217908737));
#1632=DIRECTION('ref_axis',(-0.999486217908737,-3.45501405263347E-12,0.0320515243083606));
#1633=DIRECTION('center_axis',(-3.47440946674395E-12,1.,4.78116559376171E-15));
#1634=DIRECTION('ref_axis',(0.0320515243083543,1.06581410364016E-13,0.999486217908737));
#1635=DIRECTION('center_axis',(0.0320515243083594,1.11466391672366E-13,
0.999486217908737));
#1636=DIRECTION('ref_axis',(-0.706743482388198,0.707106781184114,0.022663850185806));
#1637=DIRECTION('center_axis',(0.0320515243083594,1.11466391672366E-13,
0.999486217908737));
#1638=DIRECTION('ref_axis',(-0.706743482388198,0.707106781184114,0.022663850185806));
#1639=DIRECTION('',(0.0320515243083594,1.11466391672366E-13,0.999486217908737));
#1640=DIRECTION('',(-0.0320515243083594,-1.11466391672366E-13,-0.999486217908737));
#1641=DIRECTION('center_axis',(0.394953559798352,-0.816496580926362,-0.421123519811196));
#1642=DIRECTION('ref_axis',(-0.558548680771564,-0.577350269191554,0.595558593148303));
#1643=DIRECTION('center_axis',(3.45665502495326E-12,-1.,-4.21181614957823E-15));
#1644=DIRECTION('ref_axis',(-0.999486217908737,-3.45501405263347E-12,0.0320515243083606));
#1645=DIRECTION('center_axis',(0.032051524308365,1.11592491060001E-13,0.999486217908736));
#1646=DIRECTION('ref_axis',(3.4816594052245E-12,-1.,0.));
#1647=DIRECTION('center_axis',(-0.999486217908737,-3.47987059097422E-12,
0.0320515243083541));
#1648=DIRECTION('ref_axis',(0.0320515243083541,1.15463194561016E-13,0.999486217908737));
#1649=DIRECTION('center_axis',(0.,0.,1.));
#1650=DIRECTION('ref_axis',(1.,0.,0.));
#1651=DIRECTION('center_axis',(-3.47469414146604E-12,1.,-4.09605530158069E-15));
#1652=DIRECTION('ref_axis',(0.999486217908737,3.47277762102747E-12,-0.0320515243083606));
#1653=DIRECTION('center_axis',(0.0320515243083545,1.10453792171597E-13,
0.999486217908737));
#1654=DIRECTION('ref_axis',(-3.4461322684365E-12,1.,0.));
#1655=DIRECTION('center_axis',(0.999486217908737,3.42660726560217E-12,-0.0320515243083541));
#1656=DIRECTION('ref_axis',(0.0320515243083541,1.15463194561016E-13,0.999486217908737));
#1657=DIRECTION('center_axis',(0.0320515243083594,1.11466391672363E-13,
0.999486217908737));
#1658=DIRECTION('ref_axis',(-0.70674348238331,-0.707106781188999,0.0226638501858079));
#1659=DIRECTION('',(0.0320515243083594,1.11466391672363E-13,0.999486217908737));
#1660=DIRECTION('',(-0.0320515243083594,-1.11466391672363E-13,-0.999486217908737));
#1661=DIRECTION('center_axis',(0.0226638501835892,0.707106781186748,0.706743482385634));
#1662=DIRECTION('ref_axis',(-0.0226638501880237,0.707106781186347,-0.706743482385892));
#1663=DIRECTION('center_axis',(-3.45392108206444E-12,1.,-7.00281458744685E-16));
#1664=DIRECTION('ref_axis',(-0.684079632199961,-2.36141905786038E-12,0.729407332571566));
#1665=DIRECTION('',(3.45392108206444E-12,-1.,7.00281458744668E-16));
#1666=DIRECTION('center_axis',(-0.0226638501882573,0.707106781186475,-0.706743482385757));
#1667=DIRECTION('ref_axis',(-0.0226638501833731,-0.70710678118662,-0.706743482385769));
#1668=DIRECTION('',(-3.45392108206444E-12,1.,-7.00281458744713E-16));
#1669=DIRECTION('center_axis',(-0.394953559797228,-0.816496580929093,0.421123519806956));
#1670=DIRECTION('ref_axis',(-0.558548680775572,0.577350269187689,0.595558593148291));
#1671=DIRECTION('center_axis',(-0.999486217908737,-3.47987059097422E-12,
0.0320515243083541));
#1672=DIRECTION('ref_axis',(-3.4816594052245E-12,1.,0.));
#1673=DIRECTION('center_axis',(0.0320515243083606,1.16031101507658E-13,
0.999486217908737));
#1674=DIRECTION('ref_axis',(-0.999486217908737,-3.45501405263347E-12,0.0320515243083606));
#1675=DIRECTION('center_axis',(-3.45693969967535E-12,1.,-4.66540474576416E-15));
#1676=DIRECTION('ref_axis',(0.0320515243083541,1.15463194561016E-13,0.999486217908737));
#1677=DIRECTION('center_axis',(0.0320515243083594,1.11466391672363E-13,
0.999486217908737));
#1678=DIRECTION('ref_axis',(-0.706743482388216,0.707106781184096,0.0226638501858058));
#1679=DIRECTION('',(0.0320515243083594,1.11466391672363E-13,0.999486217908737));
#1680=DIRECTION('',(-0.0320515243083594,-1.11466391672363E-13,-0.999486217908737));
#1681=DIRECTION('center_axis',(-0.394953559797212,-0.816496580929097,0.421123519806961));
#1682=DIRECTION('ref_axis',(-0.558548680775566,0.577350269187683,0.595558593148302));
#1683=DIRECTION('center_axis',(-0.999486217908737,-3.44436170739285E-12,
0.0320515243083541));
#1684=DIRECTION('ref_axis',(-3.4461322684365E-12,1.,0.));
#1685=DIRECTION('center_axis',(0.0320515243083628,1.08234486947791E-13,
0.999486217908737));
#1686=DIRECTION('ref_axis',(-0.999486217908736,-3.47277762102747E-12,0.0320515243083628));
#1687=DIRECTION('center_axis',(-3.47469414146604E-12,1.,-4.09605530158068E-15));
#1688=DIRECTION('ref_axis',(0.0320515243083541,1.15463194561016E-13,0.999486217908737));
#1689=DIRECTION('center_axis',(0.0320515243083603,1.11466391672369E-13,
0.999486217908737));
#1690=DIRECTION('ref_axis',(-0.70674348238821,0.707106781184102,0.022663850185808));
#1691=DIRECTION('',(0.0320515243083603,1.11466391672369E-13,0.999486217908737));
#1692=DIRECTION('',(-0.0320515243083603,-1.11466391672369E-13,-0.999486217908737));
#1693=DIRECTION('center_axis',(0.729407332571578,2.51439362656748E-12,0.684079632199947));
#1694=DIRECTION('ref_axis',(0.684079632199947,2.35675634371556E-12,-0.729407332571578));
#1695=DIRECTION('center_axis',(0.,0.,1.));
#1696=DIRECTION('ref_axis',(1.,0.,0.));
#1697=DIRECTION('center_axis',(-3.47469414146604E-12,1.,-4.09605530158069E-15));
#1698=DIRECTION('ref_axis',(0.999486217908737,3.47277762102747E-12,-0.0320515243083606));
#1699=DIRECTION('center_axis',(0.0320515243083562,1.1159249105997E-13,0.999486217908737));
#1700=DIRECTION('ref_axis',(-3.4816594052245E-12,1.,0.));
#1701=DIRECTION('center_axis',(0.999486217908737,3.47987059097422E-12,-0.0320515243083541));
#1702=DIRECTION('ref_axis',(0.0320515243083541,1.15463194561016E-13,0.999486217908737));
#1703=DIRECTION('center_axis',(0.0320515243083603,1.11466391672366E-13,
0.999486217908737));
#1704=DIRECTION('ref_axis',(0.706743482383304,0.707106781189005,-0.0226638501858077));
#1705=DIRECTION('center_axis',(-0.0320515243083601,-1.11403357187618E-13,
-0.999486217908737));
#1706=DIRECTION('ref_axis',(0.706743482383304,0.707106781189005,-0.0226638501858077));
#1707=DIRECTION('',(0.0320515243083603,1.11466391672366E-13,0.999486217908737));
#1708=DIRECTION('',(-0.0320515243083603,-1.11466391672366E-13,-0.999486217908737));
#1709=DIRECTION('center_axis',(-0.999486217908737,-3.47397269055144E-12,
0.0320515243083603));
#1710=DIRECTION('ref_axis',(0.0226638501833532,0.707106781186629,0.70674348238576));
#1711=DIRECTION('',(0.999486217908737,3.47397269055144E-12,-0.0320515243083603));
#1712=DIRECTION('',(-0.999486217908737,-3.47397269055144E-12,0.0320515243083603));
#1713=DIRECTION('center_axis',(0.394953559798355,-0.816496580926366,-0.421123519811184));
#1714=DIRECTION('ref_axis',(-0.558548680771581,-0.57735026919155,0.59555859314829));
#1715=DIRECTION('center_axis',(3.45693969967535E-12,-1.,4.66540474576416E-15));
#1716=DIRECTION('ref_axis',(-0.999486217908737,-3.45501405263347E-12,0.0320515243083606));
#1717=DIRECTION('center_axis',(0.0320515243083562,1.12673097395439E-13,
0.999486217908737));
#1718=DIRECTION('ref_axis',(3.4461322684365E-12,-1.,2.22044604925032E-15));
#1719=DIRECTION('center_axis',(-0.999486217908737,-3.44436170739285E-12,
0.0320515243083542));
#1720=DIRECTION('ref_axis',(0.0320515243083542,1.15463194561017E-13,0.999486217908737));
#1721=DIRECTION('center_axis',(-0.0320515243083594,-1.11466391672366E-13,
-0.999486217908737));
#1722=DIRECTION('ref_axis',(-0.706743482383316,-0.707106781188993,0.0226638501858073));
#1723=DIRECTION('center_axis',(0.0320515243083594,1.11466391672366E-13,
0.999486217908737));
#1724=DIRECTION('ref_axis',(-0.706743482383316,-0.707106781188993,0.0226638501858073));
#1725=DIRECTION('',(0.0320515243083594,1.11466391672366E-13,0.999486217908737));
#1726=DIRECTION('',(-0.0320515243083594,-1.11466391672366E-13,-0.999486217908737));
#1727=DIRECTION('center_axis',(0.394953559798355,-0.81649658092636,-0.421123519811197));
#1728=DIRECTION('ref_axis',(-0.558548680771566,-0.577350269191563,0.595558593148292));
#1729=DIRECTION('center_axis',(3.47440946674395E-12,-1.,-4.78116559376169E-15));
#1730=DIRECTION('ref_axis',(-0.999486217908737,-3.47277762102747E-12,0.0320515243083606));
#1731=DIRECTION('center_axis',(0.0320515243083584,1.11592491059978E-13,
0.999486217908737));
#1732=DIRECTION('ref_axis',(3.4816594052245E-12,-1.,0.));
#1733=DIRECTION('center_axis',(-0.999486217908737,-3.49769620144543E-12,
0.0320515243083542));
#1734=DIRECTION('ref_axis',(0.0320515243083542,1.15463194561017E-13,0.999486217908737));
#1735=DIRECTION('center_axis',(0.0320515243083603,1.11466391672366E-13,
0.999486217908737));
#1736=DIRECTION('ref_axis',(-0.706743482383304,-0.707106781189005,0.0226638501858077));
#1737=DIRECTION('center_axis',(-0.0320515243083601,-1.11403357187618E-13,
-0.999486217908737));
#1738=DIRECTION('ref_axis',(-0.706743482383304,-0.707106781189005,0.0226638501858077));
#1739=DIRECTION('',(0.0320515243083603,1.11466391672366E-13,0.999486217908737));
#1740=DIRECTION('',(-0.0320515243083603,-1.11466391672366E-13,-0.999486217908737));
#1741=DIRECTION('center_axis',(0.,0.,1.));
#1742=DIRECTION('ref_axis',(1.,0.,0.));
#1743=DIRECTION('center_axis',(-3.45722437439738E-12,1.,-1.35426256411085E-14));
#1744=DIRECTION('ref_axis',(0.999486217908737,3.45501405263341E-12,-0.0320515243083589));
#1745=DIRECTION('center_axis',(0.0320515243083573,1.11563444783525E-13,
0.999486217908737));
#1746=DIRECTION('ref_axis',(-3.4461322684365E-12,1.,-1.11022302462516E-15));
#1747=DIRECTION('center_axis',(0.999486217908737,3.42660726560217E-12,-0.0320515243083541));
#1748=DIRECTION('ref_axis',(0.0320515243083541,1.15463194561016E-13,0.999486217908737));
#1749=DIRECTION('center_axis',(-0.0320515243083594,-1.11466391672366E-13,
-0.999486217908737));
#1750=DIRECTION('ref_axis',(0.706743482383335,0.707106781188974,-0.0226638501858071));
#1751=DIRECTION('center_axis',(0.0320515243083594,1.11466391672366E-13,
0.999486217908737));
#1752=DIRECTION('ref_axis',(0.706743482383335,0.707106781188974,-0.0226638501858071));
#1753=DIRECTION('',(0.0320515243083594,1.11466391672366E-13,0.999486217908737));
#1754=DIRECTION('',(-0.0320515243083594,-1.11466391672366E-13,-0.999486217908737));
#1755=DIRECTION('center_axis',(-0.999486217908737,-3.45212407417964E-12,
0.0320515243083603));
#1756=DIRECTION('ref_axis',(0.0226638501833785,0.707106781186622,0.706743482385766));
#1757=DIRECTION('',(0.999486217908737,3.45212407417964E-12,-0.0320515243083603));
#1758=DIRECTION('',(-0.999486217908737,-3.45212407417964E-12,0.0320515243083603));
#1759=DIRECTION('center_axis',(0.,0.,1.));
#1760=DIRECTION('ref_axis',(1.,0.,0.));
#1761=DIRECTION('center_axis',(0.999486217908737,3.44436170739285E-12,-0.0320515243083542));
#1762=DIRECTION('ref_axis',(3.4461322684365E-12,-1.,0.));
#1763=DIRECTION('center_axis',(0.0320515243083628,1.10453792171625E-13,
0.999486217908737));
#1764=DIRECTION('ref_axis',(0.999486217908736,3.47277762102747E-12,-0.0320515243083628));
#1765=DIRECTION('center_axis',(3.47469414146604E-12,-1.,4.09605530158069E-15));
#1766=DIRECTION('ref_axis',(0.0320515243083542,1.15463194561017E-13,0.999486217908737));
#1767=DIRECTION('center_axis',(0.,0.,1.));
#1768=DIRECTION('ref_axis',(1.,0.,0.));
#1769=DIRECTION('center_axis',(0.999486217908737,3.47987059097422E-12,-0.0320515243083365));
#1770=DIRECTION('ref_axis',(3.4816594052245E-12,-1.,0.));
#1771=DIRECTION('center_axis',(0.0320515243083595,1.11592491059982E-13,
0.999486217908737));
#1772=DIRECTION('ref_axis',(0.999486217908737,3.45501405263347E-12,-0.0320515243083595));
#1773=DIRECTION('center_axis',(3.45693969967529E-12,-1.,4.66540474576613E-15));
#1774=DIRECTION('ref_axis',(0.0320515243083542,1.15463194561017E-13,0.999486217908737));
#1775=DIRECTION('center_axis',(0.0320515243083603,1.11466391672369E-13,
0.999486217908737));
#1776=DIRECTION('ref_axis',(0.706743482388204,-0.707106781184108,-0.0226638501858078));
#1777=DIRECTION('',(0.0320515243083603,1.11466391672369E-13,0.999486217908737));
#1778=DIRECTION('',(-0.0320515243083603,-1.11466391672369E-13,-0.999486217908737));
#1779=DIRECTION('center_axis',(-0.684079632199962,-2.35742889470446E-12,
0.729407332571564));
#1780=DIRECTION('ref_axis',(-0.729407332571564,-2.51506617755627E-12,-0.684079632199962));
#1781=DIRECTION('center_axis',(-0.999486217908737,-3.45197156841656E-12,
0.0320515243083601));
#1782=DIRECTION('ref_axis',(0.022663850188252,-0.707106781186469,0.706743482385763));
#1783=DIRECTION('',(0.999486217908737,3.45197156841656E-12,-0.0320515243083601));
#1784=DIRECTION('center_axis',(-0.729407332571572,-2.51439362656743E-12,
-0.684079632199954));
#1785=DIRECTION('ref_axis',(0.684079632199954,2.36743138241359E-12,-0.729407332571572));
#1786=DIRECTION('',(-0.999486217908737,-3.45197156841656E-12,0.0320515243083601));
#1787=DIRECTION('center_axis',(-0.394953559797213,-0.816496580929106,0.421123519806943));
#1788=DIRECTION('ref_axis',(-0.558548680775594,0.577350269187675,0.595558593148284));
#1789=DIRECTION('center_axis',(-0.999486217908737,-3.47987059097422E-12,
0.0320515243083364));
#1790=DIRECTION('ref_axis',(-3.4816594052245E-12,1.,0.));
#1791=DIRECTION('center_axis',(0.0320515243083606,1.0937318583615E-13,0.999486217908737));
#1792=DIRECTION('ref_axis',(-0.999486217908737,-3.47277762102747E-12,0.0320515243083606));
#1793=DIRECTION('center_axis',(-3.48357136236138E-12,1.,-3.81138057948893E-15));
#1794=DIRECTION('ref_axis',(0.0320515243083541,1.15463194561016E-13,0.999486217908737));
#1795=DIRECTION('center_axis',(0.0320515243083603,1.11466391672366E-13,
0.999486217908737));
#1796=DIRECTION('ref_axis',(-0.706743482388229,0.707106781184083,0.022663850185807));
#1797=DIRECTION('center_axis',(-0.0320515243083601,-1.11403357187618E-13,
-0.999486217908737));
#1798=DIRECTION('ref_axis',(-0.706743482388229,0.707106781184083,0.022663850185807));
#1799=DIRECTION('',(0.0320515243083603,1.11466391672366E-13,0.999486217908737));
#1800=DIRECTION('',(-0.0320515243083603,-1.11466391672366E-13,-0.999486217908737));
#1801=DIRECTION('center_axis',(0.394953559798355,-0.81649658092636,-0.421123519811197));
#1802=DIRECTION('ref_axis',(-0.558548680771568,-0.577350269191558,0.595558593148295));
#1803=DIRECTION('center_axis',(3.47440946674395E-12,-1.,-4.78116559376168E-15));
#1804=DIRECTION('ref_axis',(-0.999486217908737,-3.47277762102747E-12,0.0320515243083606));
#1805=DIRECTION('center_axis',(0.0320515243083589,1.10453792171613E-13,
0.999486217908737));
#1806=DIRECTION('ref_axis',(3.4461322684365E-12,-1.,0.));
#1807=DIRECTION('center_axis',(-0.999486217908737,-3.44436170739285E-12,
0.0320515243083541));
#1808=DIRECTION('ref_axis',(0.0320515243083541,1.15463194561016E-13,0.999486217908737));
#1809=DIRECTION('center_axis',(0.0320515243083603,1.11466391672369E-13,
0.999486217908737));
#1810=DIRECTION('ref_axis',(-0.706743482383316,-0.707106781188993,0.0226638501858073));
#1811=DIRECTION('',(0.0320515243083603,1.11466391672369E-13,0.999486217908737));
#1812=DIRECTION('',(-0.0320515243083603,-1.11466391672369E-13,-0.999486217908737));
#1813=DIRECTION('center_axis',(0.,0.,1.));
#1814=DIRECTION('ref_axis',(1.,0.,0.));
#1815=DIRECTION('center_axis',(-3.45693969967535E-12,1.,-4.66540474576416E-15));
#1816=DIRECTION('ref_axis',(0.999486217908737,3.45501405263347E-12,-0.0320515243083595));
#1817=DIRECTION('center_axis',(0.0320515243083573,1.11592491059974E-13,
0.999486217908737));
#1818=DIRECTION('ref_axis',(-3.4816594052245E-12,1.,0.));
#1819=DIRECTION('center_axis',(0.999486217908737,3.46211614918354E-12,-0.0320515243083541));
#1820=DIRECTION('ref_axis',(0.0320515243083541,1.15463194561016E-13,0.999486217908737));
#1821=DIRECTION('center_axis',(0.0320515243083594,1.11466391672363E-13,
0.999486217908737));
#1822=DIRECTION('ref_axis',(0.706743482383323,0.707106781188987,-0.022663850185806));
#1823=DIRECTION('',(0.0320515243083594,1.11466391672363E-13,0.999486217908737));
#1824=DIRECTION('',(-0.0320515243083594,-1.11466391672363E-13,-0.999486217908737));
#1825=DIRECTION('center_axis',(0.0226638501882739,-0.707106781186457,0.706743482385775));
#1826=DIRECTION('ref_axis',(-0.0226638501833389,-0.707106781186638,-0.706743482385751));
#1827=DIRECTION('center_axis',(-0.999486217908737,-3.47397269055144E-12,
0.0320515243083603));
#1828=DIRECTION('ref_axis',(0.0226638501833534,0.707106781186623,0.706743482385767));
#1829=DIRECTION('',(0.999486217908737,3.47397269055144E-12,-0.0320515243083603));
#1830=DIRECTION('',(-0.999486217908737,-3.47397269055144E-12,0.0320515243083603));
#1831=DIRECTION('center_axis',(0.,0.,1.));
#1832=DIRECTION('ref_axis',(1.,0.,0.));
#1833=DIRECTION('center_axis',(0.999486217908736,3.44432612305259E-12,-0.0320515243083719));
#1834=DIRECTION('ref_axis',(3.4461322684365E-12,-1.,1.11022302462516E-15));
#1835=DIRECTION('center_axis',(0.0320515243083589,1.11563444783531E-13,
0.999486217908737));
#1836=DIRECTION('ref_axis',(0.999486217908737,3.45501405263341E-12,-0.0320515243083589));
#1837=DIRECTION('center_axis',(3.43918525788467E-12,-1.,5.23475418994763E-15));
#1838=DIRECTION('ref_axis',(0.0320515243083541,1.15463194561016E-13,0.999486217908737));
#1839=DIRECTION('center_axis',(-0.0320515243083594,-1.11466391672366E-13,
-0.999486217908737));
#1840=DIRECTION('ref_axis',(0.706743482388216,-0.707106781184096,-0.0226638501858058));
#1841=DIRECTION('center_axis',(0.0320515243083594,1.11466391672366E-13,
0.999486217908737));
#1842=DIRECTION('ref_axis',(0.706743482388216,-0.707106781184096,-0.0226638501858058));
#1843=DIRECTION('',(0.0320515243083594,1.11466391672366E-13,0.999486217908737));
#1844=DIRECTION('',(-0.0320515243083594,-1.11466391672366E-13,-0.999486217908737));
#1845=DIRECTION('center_axis',(-3.45392310241576E-12,1.,-7.6328355750192E-16));
#1846=DIRECTION('ref_axis',(0.72940733257157,2.51842830372877E-12,0.684079632199956));
#1847=DIRECTION('',(3.45392310241576E-12,-1.,7.63283557501943E-16));
#1848=DIRECTION('',(-3.45392310241576E-12,1.,-7.63283557501912E-16));
#1849=DIRECTION('center_axis',(0.999486217908737,3.45197156841656E-12,-0.0320515243083603));
#1850=DIRECTION('ref_axis',(0.022663850188252,-0.707106781186468,0.706743482385764));
#1851=DIRECTION('',(-0.999486217908737,-3.45197156841656E-12,0.0320515243083603));
#1852=DIRECTION('',(0.999486217908737,3.45197156841656E-12,-0.0320515243083603));
#1853=DIRECTION('center_axis',(3.47576049335975E-12,-1.,6.30020987572862E-17));
#1854=DIRECTION('ref_axis',(-0.684079632199961,-2.37397979752985E-12,0.729407332571566));
#1855=DIRECTION('',(-3.47576049335975E-12,1.,-6.30020987573053E-17));
#1856=DIRECTION('',(3.47576049335975E-12,-1.,6.30020987572686E-17));
#1857=DIRECTION('center_axis',(3.45392108206444E-12,-1.,7.00281458744672E-16));
#1858=DIRECTION('ref_axis',(0.72940733257157,2.51842830372877E-12,0.684079632199956));
#1859=DIRECTION('',(3.45392108206444E-12,-1.,7.00281458744701E-16));
#1860=DIRECTION('',(-3.45392108206444E-12,1.,-7.00281458744655E-16));
#1861=DIRECTION('center_axis',(-0.0226638501833613,-0.707106781186629,-0.70674348238576));
#1862=DIRECTION('ref_axis',(-0.022663850188246,0.707106781186466,-0.706743482385766));
#1863=DIRECTION('center_axis',(0.0320515243083594,1.11466391672363E-13,
0.999486217908737));
#1864=DIRECTION('ref_axis',(0.70674348238821,-0.707106781184102,-0.0226638501858072));
#1865=DIRECTION('',(0.0320515243083594,1.11466391672363E-13,0.999486217908737));
#1866=DIRECTION('',(-0.0320515243083594,-1.11466391672363E-13,-0.999486217908737));
#1867=DIRECTION('center_axis',(-3.45392310241576E-12,1.,-7.6328355750192E-16));
#1868=DIRECTION('ref_axis',(0.72940733257157,2.52470867356351E-12,0.684079632199956));
#1869=DIRECTION('',(3.45392310241576E-12,-1.,7.63283557501943E-16));
#1870=DIRECTION('',(-3.45392310241576E-12,1.,-7.63283557501912E-16));
#1871=DIRECTION('center_axis',(0.999486217908737,3.47397269055144E-12,-0.0320515243083603));
#1872=DIRECTION('ref_axis',(0.022663850188252,-0.70710678118647,0.706743482385762));
#1873=DIRECTION('',(-0.999486217908737,-3.47397269055144E-12,0.0320515243083603));
#1874=DIRECTION('',(0.999486217908737,3.47397269055144E-12,-0.0320515243083603));
#1875=DIRECTION('center_axis',(-3.47576049335975E-12,1.,-6.30020987572862E-17));
#1876=DIRECTION('ref_axis',(0.72940733257157,2.53726941323298E-12,0.684079632199956));
#1877=DIRECTION('',(3.47576049335975E-12,-1.,6.30020987573053E-17));
#1878=DIRECTION('',(-3.47576049335975E-12,1.,-6.30020987572686E-17));
#1879=DIRECTION('center_axis',(0.999486217908737,3.45197156841656E-12,-0.0320515243083603));
#1880=DIRECTION('ref_axis',(0.0226638501882522,-0.707106781186464,0.706743482385768));
#1881=DIRECTION('',(-0.999486217908737,-3.45197156841656E-12,0.0320515243083603));
#1882=DIRECTION('',(0.999486217908737,3.45197156841656E-12,-0.0320515243083603));
#1883=DIRECTION('center_axis',(3.47576049335975E-12,-1.,6.30020987572862E-17));
#1884=DIRECTION('ref_axis',(-0.684079632199961,-2.37397979752985E-12,0.729407332571566));
#1885=DIRECTION('',(-3.47576049335975E-12,1.,-6.30020987573053E-17));
#1886=DIRECTION('',(3.47576049335975E-12,-1.,6.30020987572686E-17));
#1887=DIRECTION('center_axis',(3.45392310241576E-12,-1.,7.63283557501946E-16));
#1888=DIRECTION('ref_axis',(-0.684079632199961,-2.36141905786038E-12,0.729407332571566));
#1889=DIRECTION('',(-3.45392310241576E-12,1.,-7.63283557501955E-16));
#1890=DIRECTION('',(3.45392310241576E-12,-1.,7.63283557501937E-16));
#1891=DIRECTION('center_axis',(0.999486217908737,3.45212407417964E-12,-0.0320515243083601));
#1892=DIRECTION('ref_axis',(0.0226638501833785,0.707106781186623,0.706743482385765));
#1893=DIRECTION('',(0.999486217908737,3.45212407417964E-12,-0.0320515243083601));
#1894=DIRECTION('',(-0.999486217908737,-3.45212407417964E-12,0.0320515243083601));
#1895=DIRECTION('center_axis',(0.684079632199963,2.35661908988953E-12,-0.729407332571564));
#1896=DIRECTION('ref_axis',(-0.729407332571564,-2.52542159480999E-12,-0.684079632199963));
#1897=DIRECTION('center_axis',(0.0320515243083603,1.11466391672369E-13,
0.999486217908737));
#1898=DIRECTION('ref_axis',(0.70674348238331,0.707106781188999,-0.0226638501858071));
#1899=DIRECTION('',(0.0320515243083603,1.11466391672369E-13,0.999486217908737));
#1900=DIRECTION('',(-0.0320515243083603,-1.11466391672369E-13,-0.999486217908737));
#1901=DIRECTION('center_axis',(-0.999486217908737,-3.45212407417964E-12,
0.0320515243083603));
#1902=DIRECTION('ref_axis',(0.0226638501833532,0.707106781186629,0.70674348238576));
#1903=DIRECTION('',(0.999486217908737,3.45212407417964E-12,-0.0320515243083603));
#1904=DIRECTION('',(-0.999486217908737,-3.45212407417964E-12,0.0320515243083603));
#1905=DIRECTION('center_axis',(-3.47576049335975E-12,1.,-6.30020987572862E-17));
#1906=DIRECTION('ref_axis',(0.729407332571572,2.53726941323299E-12,0.684079632199954));
#1907=DIRECTION('',(3.47576049335975E-12,-1.,6.30020987573053E-17));
#1908=DIRECTION('',(-3.47576049335975E-12,1.,-6.30020987572686E-17));
#1909=DIRECTION('center_axis',(0.999486217908737,3.47397269055144E-12,-0.0320515243083603));
#1910=DIRECTION('ref_axis',(0.0226638501882522,-0.707106781186464,0.706743482385768));
#1911=DIRECTION('',(-0.999486217908737,-3.47397269055144E-12,0.0320515243083603));
#1912=DIRECTION('',(0.999486217908737,3.47397269055144E-12,-0.0320515243083603));
#1913=DIRECTION('center_axis',(3.45392310241576E-12,-1.,7.63283557501946E-16));
#1914=DIRECTION('ref_axis',(-0.684079632199962,-2.36220410408973E-12,0.729407332571564));
#1915=DIRECTION('',(-3.45392310241576E-12,1.,-7.63283557501955E-16));
#1916=DIRECTION('',(3.45392310241576E-12,-1.,7.63283557501937E-16));
#1917=DIRECTION('center_axis',(-3.47576049335975E-12,1.,-6.30020987572862E-17));
#1918=DIRECTION('ref_axis',(-0.999486217908737,-3.47397269055144E-12,0.0320515243083623));
#1919=DIRECTION('',(0.999486217908737,3.47397269055144E-12,-0.0320515243083601));
#1920=DIRECTION('center_axis',(0.999486217908737,3.47397269055144E-12,-0.0320515243083603));
#1921=DIRECTION('ref_axis',(-3.47575847300843E-12,1.,0.));
#1922=DIRECTION('',(3.47575847300843E-12,-1.,3.78653234506086E-29));
#1923=DIRECTION('center_axis',(-0.999486217908737,-3.47397269055144E-12,
0.0320515243083603));
#1924=DIRECTION('ref_axis',(3.47575847300843E-12,-1.,0.));
#1925=DIRECTION('',(-3.47575847300843E-12,1.,-3.78653234506086E-29));
#1926=DIRECTION('center_axis',(-3.47576049335975E-12,1.,-6.30020987572862E-17));
#1927=DIRECTION('ref_axis',(-0.999486217908737,-3.47397269055144E-12,0.0320515243083623));
#1928=DIRECTION('',(0.999486217908737,3.47397269055144E-12,-0.0320515243083601));
#1929=DIRECTION('center_axis',(-0.0320515243083601,-1.11403357187618E-13,
-0.999486217908737));
#1930=DIRECTION('ref_axis',(3.45392108206444E-12,-1.,7.00281458744682E-16));
#1931=DIRECTION('',(-0.999486217908737,-3.47397269055144E-12,0.0320515243083601));
#1932=DIRECTION('',(-3.47575847300843E-12,1.,-3.78653234506086E-29));
#1933=DIRECTION('',(3.47575847300843E-12,-1.,3.78653234506086E-29));
#1934=DIRECTION('',(-0.999486217908737,-3.47397269055144E-12,0.0320515243083601));
#1935=DIRECTION('center_axis',(-3.45392310241576E-12,1.,-7.63283557505E-16));
#1936=DIRECTION('ref_axis',(0.999486217908737,3.45212407417964E-12,-0.0320515243083616));
#1937=DIRECTION('',(0.999486217908737,3.45212407417964E-12,-0.0320515243083616));
#1938=DIRECTION('center_axis',(0.999486217908737,3.45212407417964E-12,-0.0320515243083594));
#1939=DIRECTION('ref_axis',(3.45392108206444E-12,-1.,7.00281458744682E-16));
#1940=DIRECTION('',(3.45392108206444E-12,-1.,7.00281458744682E-16));
#1941=DIRECTION('center_axis',(-0.0320515243083594,-1.11466391672366E-13,
-0.999486217908737));
#1942=DIRECTION('ref_axis',(-0.999486217908737,0.,0.0320515243083594));
#1943=DIRECTION('',(-0.999486217908737,-3.45197156841656E-12,0.0320515243083601));
#1944=DIRECTION('',(-3.45389862543843E-12,1.,0.));
#1945=DIRECTION('center_axis',(0.0320515243083594,1.11466391672366E-13,
0.999486217908737));
#1946=DIRECTION('ref_axis',(-0.999486217908737,0.,0.0320515243083594));
#1947=DIRECTION('center_axis',(0.0320515243083594,1.11466391672366E-13,
0.999486217908737));
#1948=DIRECTION('ref_axis',(-0.999486217908737,0.,0.0320515243083594));
#1949=DIRECTION('center_axis',(0.0320515243083594,1.11466391672366E-13,
0.999486217908737));
#1950=DIRECTION('ref_axis',(-0.999486217908737,0.,0.0320515243083594));
#1951=DIRECTION('center_axis',(0.0320515243083594,1.11466391672366E-13,
0.999486217908737));
#1952=DIRECTION('ref_axis',(-0.999486217908737,0.,0.0320515243083594));
#1953=DIRECTION('center_axis',(0.0320515243083603,1.11466391672366E-13,
0.999486217908737));
#1954=DIRECTION('ref_axis',(0.999486217908737,0.,-0.0320515243083603));
#1955=DIRECTION('center_axis',(-0.0320515243083603,-1.11466391672366E-13,
-0.999486217908737));
#1956=DIRECTION('ref_axis',(3.45058081732837E-12,-1.,-1.81710278513117E-17));
#1957=DIRECTION('center_axis',(0.0320515243083603,1.11466391672366E-13,
0.999486217908737));
#1958=DIRECTION('ref_axis',(0.999486217908737,0.,-0.0320515243083603));
#1959=DIRECTION('center_axis',(-0.0320515243083603,-1.11466391672366E-13,
-0.999486217908737));
#1960=DIRECTION('ref_axis',(3.45058081732837E-12,-1.,-1.81710278513118E-17));
#1961=DIRECTION('center_axis',(0.0320515243083603,1.11466391672366E-13,
0.999486217908737));
#1962=DIRECTION('ref_axis',(0.999486217908737,0.,-0.0320515243083603));
#1963=DIRECTION('center_axis',(-0.0320515243083603,-1.11466391672366E-13,
-0.999486217908737));
#1964=DIRECTION('ref_axis',(3.45058081732837E-12,-1.,-1.81710278513117E-17));
#1965=DIRECTION('center_axis',(0.0320515243083603,1.11466391672366E-13,
0.999486217908737));
#1966=DIRECTION('ref_axis',(0.999486217908737,0.,-0.0320515243083603));
#1967=DIRECTION('center_axis',(-0.0320515243083603,-1.11466391672366E-13,
-0.999486217908737));
#1968=DIRECTION('ref_axis',(3.45058081732837E-12,-1.,-1.81710278513117E-17));
#1969=DIRECTION('center_axis',(0.0320515243083621,1.10578213252666E-13,
0.999486217908737));
#1970=DIRECTION('ref_axis',(3.45058081732837E-12,-1.,-1.81710278513118E-17));
#1971=DIRECTION('center_axis',(-0.0320515243083621,-1.10596419726051E-13,
-0.999486217908737));
#1972=DIRECTION('ref_axis',(3.45058140087359E-12,-1.,2.60913738312468E-20));
#1973=DIRECTION('',(0.0320515243083621,1.10578213252666E-13,0.999486217908737));
#1974=DIRECTION('center_axis',(-0.0320515243083621,-1.10596419726051E-13,
-0.999486217908737));
#1975=DIRECTION('ref_axis',(3.45058140087359E-12,-1.,2.60913738337583E-20));
#1976=DIRECTION('center_axis',(0.0320515243083621,1.10578213252666E-13,
0.999486217908737));
#1977=DIRECTION('ref_axis',(3.45058081732837E-12,-1.,-1.81710278513117E-17));
#1978=DIRECTION('center_axis',(-0.0320515243083621,-1.10596419726051E-13,
-0.999486217908737));
#1979=DIRECTION('ref_axis',(3.45058140087359E-12,-1.,2.60913738312468E-20));
#1980=DIRECTION('',(0.0320515243083621,1.10578213252666E-13,0.999486217908737));
#1981=DIRECTION('center_axis',(-0.0320515243083621,-1.10596419726051E-13,
-0.999486217908737));
#1982=DIRECTION('ref_axis',(3.45058140087359E-12,-1.,2.60913738337583E-20));
#1983=DIRECTION('center_axis',(0.0320515243083621,1.10578213252666E-13,
0.999486217908737));
#1984=DIRECTION('ref_axis',(3.45058081732837E-12,-1.,-1.81710278513117E-17));
#1985=DIRECTION('center_axis',(-0.0320515243083621,-1.10596419726051E-13,
-0.999486217908737));
#1986=DIRECTION('ref_axis',(3.45058140087359E-12,-1.,2.60913738312468E-20));
#1987=DIRECTION('',(0.0320515243083621,1.10578213252666E-13,0.999486217908737));
#1988=DIRECTION('center_axis',(-0.0320515243083621,-1.10596419726051E-13,
-0.999486217908737));
#1989=DIRECTION('ref_axis',(3.45058140087359E-12,-1.,2.60913738337583E-20));
#1990=DIRECTION('center_axis',(0.0320515243083621,1.10578213252666E-13,
0.999486217908737));
#1991=DIRECTION('ref_axis',(3.45058081732837E-12,-1.,-1.81710278513117E-17));
#1992=DIRECTION('center_axis',(-0.0320515243083621,-1.10596419726051E-13,
-0.999486217908737));
#1993=DIRECTION('ref_axis',(3.45058140087359E-12,-1.,2.60913738312468E-20));
#1994=DIRECTION('',(0.0320515243083621,1.10578213252666E-13,0.999486217908737));
#1995=DIRECTION('center_axis',(-0.0320515243083621,-1.10596419726051E-13,
-0.999486217908737));
#1996=DIRECTION('ref_axis',(3.45058140087359E-12,-1.,2.60913738337583E-20));
#1997=DIRECTION('center_axis',(0.,0.,1.));
#1998=DIRECTION('ref_axis',(-1.,0.,0.));
#1999=DIRECTION('',(0.,0.,1.));
#2000=DIRECTION('center_axis',(6.12323372854768E-17,3.52930413096046E-23,
1.));
#2001=DIRECTION('ref_axis',(-1.,0.,6.12323372854768E-17));
#2002=DIRECTION('center_axis',(6.12323372854768E-17,3.52930413096046E-23,
1.));
#2003=DIRECTION('ref_axis',(-1.,0.,6.12323372854768E-17));
#2004=DIRECTION('center_axis',(0.,0.,1.));
#2005=DIRECTION('ref_axis',(-1.,0.,0.));
#2006=DIRECTION('',(0.,0.,1.));
#2007=DIRECTION('center_axis',(6.12323372854768E-17,3.52930413096046E-23,
1.));
#2008=DIRECTION('ref_axis',(-1.,0.,6.12323372854768E-17));
#2009=DIRECTION('center_axis',(6.12323372854768E-17,3.52930413096046E-23,
1.));
#2010=DIRECTION('ref_axis',(-1.,0.,6.12323372854768E-17));
#2011=DIRECTION('center_axis',(0.,0.,1.));
#2012=DIRECTION('ref_axis',(-1.,0.,0.));
#2013=DIRECTION('',(0.,0.,1.));
#2014=DIRECTION('center_axis',(6.12323372854768E-17,3.52930413096046E-23,
1.));
#2015=DIRECTION('ref_axis',(-1.,0.,6.12323372854768E-17));
#2016=DIRECTION('center_axis',(6.12323372854768E-17,3.52930413096046E-23,
1.));
#2017=DIRECTION('ref_axis',(-1.,0.,6.12323372854768E-17));
#2018=DIRECTION('center_axis',(0.,0.,1.));
#2019=DIRECTION('ref_axis',(-1.,0.,0.));
#2020=DIRECTION('',(0.,0.,1.));
#2021=DIRECTION('center_axis',(6.12323372854768E-17,3.52930413096046E-23,
1.));
#2022=DIRECTION('ref_axis',(-1.,0.,6.12323372854768E-17));
#2023=DIRECTION('center_axis',(6.12323372854768E-17,3.52930413096046E-23,
1.));
#2024=DIRECTION('ref_axis',(-1.,0.,6.12323372854768E-17));
#2025=DIRECTION('center_axis',(-0.999486217908737,-3.45212407417964E-12,
0.0320515243083594));
#2026=DIRECTION('ref_axis',(-3.45389862543843E-12,1.,0.));
#2027=DIRECTION('center_axis',(3.45377067500741E-12,-1.,7.68171599677773E-16));
#2028=DIRECTION('ref_axis',(-0.999486217908737,-3.45197156841656E-12,0.0320515243083601));
#2029=DIRECTION('center_axis',(3.47576049335975E-12,-1.,6.30020987572862E-17));
#2030=DIRECTION('ref_axis',(0.999486217908737,3.47397269055144E-12,-0.0320515243083623));
#2031=DIRECTION('center_axis',(0.999486217908737,3.47397269055144E-12,-0.0320515243083603));
#2032=DIRECTION('ref_axis',(-3.47575847300843E-12,1.,0.));
#2033=DIRECTION('center_axis',(-0.999486217908737,-3.47397269055144E-12,
0.0320515243083603));
#2034=DIRECTION('ref_axis',(3.47575847300843E-12,-1.,0.));
#2035=DIRECTION('center_axis',(3.47576049335975E-12,-1.,6.30020987572862E-17));
#2036=DIRECTION('ref_axis',(0.999486217908737,3.47397269055144E-12,-0.0320515243083623));
#2037=CARTESIAN_POINT('',(0.,0.,0.));
#2038=CARTESIAN_POINT('Origin',(73.6012162186011,-26.3678072623345,-4.56424279141002));
#2039=CARTESIAN_POINT('',(74.7885637781011,-25.9370732527098,-4.60231865327179));
#2040=CARTESIAN_POINT('Origin',(74.7885637781054,-27.1870732527098,-4.60231865327179));
#2041=CARTESIAN_POINT('Origin',(74.8688671361673,-27.1870732527095,-2.09816007215338));
#2042=CARTESIAN_POINT('',(74.7086095146212,-25.9370732527101,-7.09559116169706));
#2043=CARTESIAN_POINT('',(74.868867136163,-25.9370732527095,-2.09816007215338));
#2044=CARTESIAN_POINT('Origin',(74.7086095146255,-27.1870732527101,-7.09559116169706));
#2045=CARTESIAN_POINT('Origin',(74.7086095146255,-27.1870732527101,-7.09559116169706));
#2046=CARTESIAN_POINT('Origin',(54.4915360000754,-26.3678072624002,-3.95143356095299));
#2047=CARTESIAN_POINT('',(53.4995937707058,-25.9977690208713,-3.91962395727121));
#2048=CARTESIAN_POINT('Origin',(53.4995937707101,-27.2477690208713,-3.91962395727121));
#2049=CARTESIAN_POINT('Origin',(53.579897128772,-27.2477690208711,-1.41546537615274));
#2050=CARTESIAN_POINT('',(53.4196395072259,-25.9977690208716,-6.41289646569642));
#2051=CARTESIAN_POINT('',(53.5798971287677,-25.9977690208711,-1.41546537615274));
#2052=CARTESIAN_POINT('Origin',(53.4196395072302,-27.2477690208716,-6.41289646569642));
#2053=CARTESIAN_POINT('Origin',(53.4196395072302,-27.2477690208716,-6.41289646569642));
#2054=CARTESIAN_POINT('Origin',(73.6012162184169,27.0154280389085,-4.56424279141006));
#2055=CARTESIAN_POINT('',(74.6310637085196,29.362702228014,-4.59726794100366));
#2056=CARTESIAN_POINT('Origin',(74.6310637085239,28.112702228014,-4.59726794100366));
#2057=CARTESIAN_POINT('Origin',(74.551109445044,28.1127022280138,-7.0905404494289));
#2058=CARTESIAN_POINT('',(74.5511094450397,29.3627022280138,-7.0905404494289));
#2059=CARTESIAN_POINT('Origin',(74.551109445044,28.1127022280138,-7.0905404494289));
#2060=CARTESIAN_POINT('Origin',(74.7113670665859,28.1127022280143,-2.09310935988522));
#2061=CARTESIAN_POINT('',(74.7113670665815,29.3627022280143,-2.09310935988522));
#2062=CARTESIAN_POINT('Origin',(54.4915359998912,27.0154280388427,-3.95143356095303));
#2063=CARTESIAN_POINT('',(53.3420937011243,29.3020064598525,-3.91457324500308));
#2064=CARTESIAN_POINT('Origin',(53.3420937011286,28.0520064598525,-3.91457324500308));
#2065=CARTESIAN_POINT('Origin',(53.2621394376488,28.0520064598523,-6.40784575342827));
#2066=CARTESIAN_POINT('',(53.2621394376444,29.3020064598523,-6.40784575342827));
#2067=CARTESIAN_POINT('Origin',(53.2621394376488,28.0520064598523,-6.40784575342827));
#2068=CARTESIAN_POINT('Origin',(53.4223970591906,28.0520064598528,-1.41041466388459));
#2069=CARTESIAN_POINT('',(53.4223970591862,29.3020064598528,-1.41041466388459));
#2070=CARTESIAN_POINT('Origin',(59.2937134614256,22.5154280388594,5.39945364979176));
#2071=CARTESIAN_POINT('',(59.2937134614273,22.0154280388594,5.39945364979176));
#2072=CARTESIAN_POINT('',(59.3097392235798,22.5154280388595,5.89919675874613));
#2073=CARTESIAN_POINT('Origin',(59.2937134614256,22.5154280388594,5.39945364979176));
#2074=CARTESIAN_POINT('',(59.79345657038,22.5154280388612,5.38342788763758));
#2075=CARTESIAN_POINT('Origin',(59.2937134614256,22.5154280388594,5.39945364979176));
#2076=CARTESIAN_POINT('Origin',(59.2937134614256,22.5154280388594,5.39945364979176));
#2077=CARTESIAN_POINT('Origin',(58.9892239804962,22.5154280388584,-4.09566542034123));
#2078=CARTESIAN_POINT('',(58.9892239804979,22.0154280388584,-4.09566542034065));
#2079=CARTESIAN_POINT('',(59.4889670894506,22.5154280388601,-4.11169118249483));
#2080=CARTESIAN_POINT('Origin',(58.9892239804962,22.5154280388584,-4.09566542034065));
#2081=CARTESIAN_POINT('',(59.4889670894505,22.5154280388601,-4.11169118249541));
#2082=CARTESIAN_POINT('',(58.9892239804979,22.0154280388584,-4.09566542034123));
#2083=CARTESIAN_POINT('Origin',(50.2983375002157,31.5154280388282,5.68791736856701));
#2084=CARTESIAN_POINT('',(50.2983375002139,32.0154280388282,5.68791736856701));
#2085=CARTESIAN_POINT('',(50.3143632623698,31.5154280388282,6.18766047752137));
#2086=CARTESIAN_POINT('Origin',(50.2983375002157,31.5154280388282,5.68791736856701));
#2087=CARTESIAN_POINT('',(49.7985943912613,31.5154280388264,5.70394313072119));
#2088=CARTESIAN_POINT('Origin',(50.2983375002157,31.5154280388282,5.68791736856701));
#2089=CARTESIAN_POINT('Origin',(50.2983375002157,31.5154280388282,5.68791736856701));
#2090=CARTESIAN_POINT('Origin',(49.9938480192862,31.5154280388271,-3.80720170156539));
#2091=CARTESIAN_POINT('',(49.6733327762009,32.015428038826,-13.8020638806527));
#2092=CARTESIAN_POINT('',(49.1735896672483,31.5154280388243,-13.7860381184986));
#2093=CARTESIAN_POINT('Origin',(49.6733327762027,31.515428038826,-13.8020638806527));
#2094=CARTESIAN_POINT('',(49.4941049103319,31.5154280388254,-3.79117593941121));
#2095=CARTESIAN_POINT('',(49.9938480192845,32.0154280388271,-3.80720170156539));
#2096=CARTESIAN_POINT('Origin',(50.2983375002467,22.5154280388282,5.68791736856701));
#2097=CARTESIAN_POINT('',(49.7985943912924,22.5154280388264,5.7039431307212));
#2098=CARTESIAN_POINT('',(50.3143632624009,22.5154280388282,6.18766047752138));
#2099=CARTESIAN_POINT('Origin',(50.2983375002467,22.5154280388282,5.68791736856701));
#2100=CARTESIAN_POINT('',(50.2983375002485,22.0154280388282,5.68791736856701));
#2101=CARTESIAN_POINT('Origin',(50.2983375002467,22.5154280388282,5.68791736856701));
#2102=CARTESIAN_POINT('Origin',(50.2983375002467,22.5154280388282,5.68791736856701));
#2103=CARTESIAN_POINT('Origin',(59.2937134613943,31.5154280388592,5.39945364979176));
#2104=CARTESIAN_POINT('',(59.7934565703487,31.515428038861,5.38342788763758));
#2105=CARTESIAN_POINT('',(59.3097392235485,31.5154280388593,5.89919675874613));
#2106=CARTESIAN_POINT('Origin',(59.2937134613943,31.5154280388592,5.39945364979176));
#2107=CARTESIAN_POINT('',(59.2937134613926,32.0154280388592,5.39945364979176));
#2108=CARTESIAN_POINT('Origin',(59.2937134613943,31.5154280388592,5.39945364979176));
#2109=CARTESIAN_POINT('Origin',(59.2937134613943,31.5154280388592,5.39945364979176));
#2110=CARTESIAN_POINT('Origin',(49.9938480193173,22.5154280388271,-3.80720170156569));
#2111=CARTESIAN_POINT('',(49.9938480193191,22.0154280388271,-3.8072017015654));
#2112=CARTESIAN_POINT('',(49.9938480193191,22.0154280388271,-3.80720170156569));
#2113=CARTESIAN_POINT('',(49.4780791482088,22.5154280388253,-4.29091904836559));
#2114=CARTESIAN_POINT('',(49.494104910363,22.5154280388254,-3.79117593941151));
#2115=CARTESIAN_POINT('Origin',(49.9778222571631,22.5154280388271,-4.30694481051994));
#2116=CARTESIAN_POINT('Origin',(49.9778222572945,-15.5219984371052,-4.30694481051974));
#2117=CARTESIAN_POINT('',(49.4780791483621,-21.8678072624176,-4.29091904836556));
#2118=CARTESIAN_POINT('',(49.4780791483402,-15.5219984371069,-4.29091904836556));
#2119=CARTESIAN_POINT('',(49.9938480194689,-21.3678072624159,-3.80720170156537));
#2120=CARTESIAN_POINT('Origin',(49.9778222573164,-21.8678072624159,-4.30694481051974));
#2121=CARTESIAN_POINT('',(49.9938480194487,-15.5219984371051,-3.80720170156538));
#2122=CARTESIAN_POINT('Origin',(50.2983375004,-21.8678072624148,5.68791736856488));
#2123=CARTESIAN_POINT('',(50.2983375003982,-21.3678072624148,5.68791736856488));
#2124=CARTESIAN_POINT('',(50.3143632625541,-21.8678072624148,6.18766047751925));
#2125=CARTESIAN_POINT('Origin',(50.2983375004,-21.8678072624148,5.68791736856488));
#2126=CARTESIAN_POINT('',(49.7985943914456,-21.8678072624165,5.70394313071906));
#2127=CARTESIAN_POINT('Origin',(50.2983375004,-21.8678072624148,5.68791736856488));
#2128=CARTESIAN_POINT('Origin',(50.2983375004,-21.8678072624148,5.68791736856488));
#2129=CARTESIAN_POINT('Origin',(49.9938480194706,-21.8678072624159,-3.80720170156675));
#2130=CARTESIAN_POINT('',(49.4941049105162,-21.8678072624176,-3.79117593941257));
#2131=CARTESIAN_POINT('',(49.9938480194688,-21.3678072624159,-3.80720170156675));
#2132=CARTESIAN_POINT('Origin',(69.4080177187413,31.5154280388942,5.07510813810963));
#2133=CARTESIAN_POINT('',(69.4080177187396,32.0154280388942,5.07510813810963));
#2134=CARTESIAN_POINT('',(69.4240434808955,31.5154280388942,5.57485124706399));
#2135=CARTESIAN_POINT('Origin',(69.4080177187413,31.5154280388942,5.07510813810963));
#2136=CARTESIAN_POINT('',(68.908274609787,31.5154280388924,5.09113390026381));
#2137=CARTESIAN_POINT('Origin',(69.4080177187413,31.5154280388942,5.07510813810963));
#2138=CARTESIAN_POINT('Origin',(69.4080177187413,31.5154280388942,5.07510813810963));
#2139=CARTESIAN_POINT('Origin',(69.1035282378119,31.5154280388931,-4.42001093202289));
#2140=CARTESIAN_POINT('',(68.6037851288576,31.5154280388914,-4.40398516986826));
#2141=CARTESIAN_POINT('',(68.6037851288576,31.5154280388914,-4.40398516986871));
#2142=CARTESIAN_POINT('',(69.087502475656,32.015428038893,-4.91975404097681));
#2143=CARTESIAN_POINT('',(69.1035282378102,32.0154280388931,-4.42001093202289));
#2144=CARTESIAN_POINT('Origin',(69.0875024756578,31.5154280388931,-4.91975404097681));
#2145=CARTESIAN_POINT('Origin',(59.2937134615784,-21.8678072623835,5.39945364978964));
#2146=CARTESIAN_POINT('',(59.7934565705328,-21.8678072623818,5.38342788763546));
#2147=CARTESIAN_POINT('',(59.3097392237326,-21.8678072623835,5.89919675874401));
#2148=CARTESIAN_POINT('Origin',(59.2937134615784,-21.8678072623835,5.39945364978964));
#2149=CARTESIAN_POINT('',(59.2937134615766,-21.3678072623835,5.39945364978964));
#2150=CARTESIAN_POINT('Origin',(59.2937134615784,-21.8678072623835,5.39945364978964));
#2151=CARTESIAN_POINT('Origin',(59.2937134615784,-21.8678072623835,5.39945364978964));
#2152=CARTESIAN_POINT('Origin',(58.989223980649,-21.8678072623846,-4.09566542034336));
#2153=CARTESIAN_POINT('',(59.4889670896034,-21.8678072623829,-4.11169118249479));
#2154=CARTESIAN_POINT('',(58.9892239806473,-21.3678072623846,-4.09566542034061));
#2155=CARTESIAN_POINT('Origin',(58.989223980649,-21.8678072623846,-4.0956654203406));
#2156=CARTESIAN_POINT('',(58.9892239806472,-21.3678072623846,-4.09566542034336));
#2157=CARTESIAN_POINT('',(59.4889670896033,-21.8678072623829,-4.11169118249754));
#2158=CARTESIAN_POINT('Origin',(57.2947410257609,-21.8678072623905,5.46355669840636));
#2159=CARTESIAN_POINT('',(57.3107667879151,-21.8678072623904,5.96329980736073));
#2160=CARTESIAN_POINT('',(57.2947410257592,-21.3678072623905,5.46355669840636));
#2161=CARTESIAN_POINT('Origin',(50.298337500431,-30.8678072624148,5.68791736856489));
#2162=CARTESIAN_POINT('',(49.7985943914767,-30.8678072624165,5.70394313071907));
#2163=CARTESIAN_POINT('',(50.3143632625852,-30.8678072624148,6.18766047751925));
#2164=CARTESIAN_POINT('Origin',(50.298337500431,-30.8678072624148,5.68791736856489));
#2165=CARTESIAN_POINT('',(50.2983375004328,-31.3678072624148,5.68791736856489));
#2166=CARTESIAN_POINT('Origin',(50.298337500431,-30.8678072624148,5.68791736856489));
#2167=CARTESIAN_POINT('Origin',(50.298337500431,-30.8678072624148,5.68791736856489));
#2168=CARTESIAN_POINT('Origin',(49.9938480195017,-30.8678072624159,-3.80720170156537));
#2169=CARTESIAN_POINT('',(49.1735896674638,-30.8678072624187,-13.7860381184986));
#2170=CARTESIAN_POINT('',(49.6733327764199,-31.367807262417,-13.8020638806527));
#2171=CARTESIAN_POINT('Origin',(49.6733327764181,-30.867807262417,-13.8020638806527));
#2172=CARTESIAN_POINT('',(49.9938480195034,-31.3678072624159,-3.80720170156537));
#2173=CARTESIAN_POINT('',(49.4941049105473,-30.8678072624176,-3.7911759394112));
#2174=CARTESIAN_POINT('Origin',(69.4080177187726,22.515428038894,5.07510813810963));
#2175=CARTESIAN_POINT('',(68.9082746098183,22.5154280388922,5.09113390026381));
#2176=CARTESIAN_POINT('',(69.4240434809268,22.515428038894,5.57485124706399));
#2177=CARTESIAN_POINT('Origin',(69.4080177187726,22.515428038894,5.07510813810963));
#2178=CARTESIAN_POINT('',(69.4080177187744,22.015428038894,5.07510813810963));
#2179=CARTESIAN_POINT('Origin',(69.4080177187726,22.515428038894,5.07510813810963));
#2180=CARTESIAN_POINT('Origin',(69.4080177187726,22.515428038894,5.07510813810963));
#2181=CARTESIAN_POINT('Origin',(69.1035282378432,22.5154280388929,-4.42001093202337));
#2182=CARTESIAN_POINT('',(68.6037851288889,22.5154280388912,-4.40398516986826));
#2183=CARTESIAN_POINT('',(69.103528237845,22.0154280388929,-4.42001093202244));
#2184=CARTESIAN_POINT('Origin',(69.1035282378432,22.5154280388929,-4.42001093202245));
#2185=CARTESIAN_POINT('',(69.1035282378449,22.0154280388929,-4.42001093202337));
#2186=CARTESIAN_POINT('',(68.6037851288888,22.5154280388912,-4.40398516986919));
#2187=CARTESIAN_POINT('Origin',(78.4033936799199,31.5154280389252,4.78664441933438));
#2188=CARTESIAN_POINT('',(78.9031367888743,31.515428038927,4.77061865718021));
#2189=CARTESIAN_POINT('',(78.4194194420741,31.5154280389253,5.28638752828875));
#2190=CARTESIAN_POINT('Origin',(78.4033936799199,31.5154280389252,4.78664441933438));
#2191=CARTESIAN_POINT('',(78.4033936799182,32.0154280389252,4.78664441933438));
#2192=CARTESIAN_POINT('Origin',(78.4033936799199,31.5154280389252,4.78664441933438));
#2193=CARTESIAN_POINT('Origin',(78.4033936799199,31.5154280389252,4.78664441933438));
#2194=CARTESIAN_POINT('Origin',(78.0989041989906,31.5154280389242,-4.70847465079765));
#2195=CARTESIAN_POINT('',(78.2781320648613,31.5154280389248,-14.7193625920392));
#2196=CARTESIAN_POINT('',(77.7783889559052,32.0154280389231,-14.7033368298851));
#2197=CARTESIAN_POINT('Origin',(77.778388955907,31.5154280389231,-14.703336829885));
#2198=CARTESIAN_POINT('',(78.0989041989888,32.0154280389242,-4.70847465079765));
#2199=CARTESIAN_POINT('',(78.5986473079449,31.5154280389259,-4.72450041295183));
#2200=CARTESIAN_POINT('Origin',(61.852150045296,31.5154280388681,5.31740970472142));
#2201=CARTESIAN_POINT('',(61.8681758074502,31.5154280388681,5.81715281367579));
#2202=CARTESIAN_POINT('',(61.8521500452943,32.0154280388681,5.31740970472142));
#2203=CARTESIAN_POINT('Origin',(59.2937134616097,-30.8678072623838,5.39945364978965));
#2204=CARTESIAN_POINT('',(59.2937134616114,-31.3678072623838,5.39945364978965));
#2205=CARTESIAN_POINT('',(59.3097392237638,-30.8678072623837,5.89919675874401));
#2206=CARTESIAN_POINT('Origin',(59.2937134616097,-30.8678072623838,5.39945364978964));
#2207=CARTESIAN_POINT('',(59.793456570564,-30.867807262382,5.38342788763546));
#2208=CARTESIAN_POINT('Origin',(59.2937134616097,-30.8678072623838,5.39945364978965));
#2209=CARTESIAN_POINT('Origin',(59.2937134616097,-30.8678072623838,5.39945364978964));
#2210=CARTESIAN_POINT('Origin',(78.403393679951,22.5154280389252,4.78664441933439));
#2211=CARTESIAN_POINT('',(78.4033936799528,22.0154280389252,4.78664441933439));
#2212=CARTESIAN_POINT('',(78.4194194421052,22.5154280389253,5.28638752828876));
#2213=CARTESIAN_POINT('Origin',(78.403393679951,22.5154280389252,4.78664441933439));
#2214=CARTESIAN_POINT('',(78.9031367889054,22.515428038927,4.77061865718021));
#2215=CARTESIAN_POINT('Origin',(78.403393679951,22.5154280389252,4.78664441933439));
#2216=CARTESIAN_POINT('Origin',(78.403393679951,22.5154280389252,4.78664441933439));
#2217=CARTESIAN_POINT('Origin',(58.9892239806803,-30.8678072623848,-4.09566542034198));
#2218=CARTESIAN_POINT('',(59.4889670896347,-30.8678072623831,-4.11169118249479));
#2219=CARTESIAN_POINT('',(59.4889670896347,-30.8678072623831,-4.11169118249616));
#2220=CARTESIAN_POINT('',(58.9731982185279,-31.3678072623849,-4.59540852929497));
#2221=CARTESIAN_POINT('',(58.989223980682,-31.3678072623848,-4.09566542034198));
#2222=CARTESIAN_POINT('Origin',(58.9731982185262,-30.8678072623849,-4.59540852929497));
#2223=CARTESIAN_POINT('Origin',(71.3064859466029,-30.8678072623423,-4.99091240352103));
#2224=CARTESIAN_POINT('',(69.0875024758749,-31.3678072623499,-4.91975404097677));
#2225=CARTESIAN_POINT('',(71.3064859466047,-31.3678072623423,-4.99091240352103));
#2226=CARTESIAN_POINT('',(68.603785129073,-30.8678072623516,-4.40398516986822));
#2227=CARTESIAN_POINT('Origin',(69.0875024758732,-30.8678072623499,-4.91975404097677));
#2228=CARTESIAN_POINT('',(71.3225117087571,-30.8678072623422,-4.49116929456666));
#2229=CARTESIAN_POINT('Origin',(69.4080177189253,-21.867807262349,5.07510813810391));
#2230=CARTESIAN_POINT('',(69.4080177189236,-21.367807262349,5.07510813810391));
#2231=CARTESIAN_POINT('',(69.4240434810795,-21.867807262349,5.57485124705828));
#2232=CARTESIAN_POINT('Origin',(69.4080177189253,-21.867807262349,5.07510813810391));
#2233=CARTESIAN_POINT('',(68.9082746099709,-21.8678072623508,5.09113390025809));
#2234=CARTESIAN_POINT('Origin',(69.4080177189253,-21.867807262349,5.07510813810391));
#2235=CARTESIAN_POINT('Origin',(69.4080177189253,-21.867807262349,5.07510813810391));
#2236=CARTESIAN_POINT('Origin',(69.1035282379959,-21.8678072623501,-4.4200109320291));
#2237=CARTESIAN_POINT('',(69.1035282379944,-21.3678072623501,-4.4200109320224));
#2238=CARTESIAN_POINT('',(68.6037851290417,-21.8678072623518,-4.40398516986822));
#2239=CARTESIAN_POINT('Origin',(69.1035282379961,-21.8678072623501,-4.4200109320224));
#2240=CARTESIAN_POINT('',(68.6037851290415,-21.8678072623518,-4.40398516987492));
#2241=CARTESIAN_POINT('',(69.1035282379942,-21.3678072623501,-4.4200109320291));
#2242=CARTESIAN_POINT('Origin',(69.4080177189566,-30.8678072623488,5.07510813810391));
#2243=CARTESIAN_POINT('',(68.9082746100022,-30.8678072623506,5.09113390025809));
#2244=CARTESIAN_POINT('',(69.4240434811108,-30.8678072623488,5.57485124705828));
#2245=CARTESIAN_POINT('Origin',(69.4080177189566,-30.8678072623488,5.07510813810391));
#2246=CARTESIAN_POINT('',(69.4080177189583,-31.3678072623488,5.07510813810391));
#2247=CARTESIAN_POINT('Origin',(69.4080177189566,-30.8678072623488,5.07510813810391));
#2248=CARTESIAN_POINT('Origin',(69.4080177189566,-30.8678072623488,5.07510813810391));
#2249=CARTESIAN_POINT('Origin',(69.1035282380273,-30.8678072623499,-4.42001093202574));
#2250=CARTESIAN_POINT('',(69.103528238029,-31.3678072623499,-4.42001093202574));
#2251=CARTESIAN_POINT('',(68.6037851290729,-30.8678072623516,-4.40398516987156));
#2252=CARTESIAN_POINT('Origin',(78.4033936801041,-21.8678072623178,4.78664441932866));
#2253=CARTESIAN_POINT('',(78.9031367890585,-21.867807262316,4.77061865717448));
#2254=CARTESIAN_POINT('',(78.4194194422583,-21.8678072623177,5.28638752828303));
#2255=CARTESIAN_POINT('Origin',(78.4033936801041,-21.8678072623178,4.78664441932866));
#2256=CARTESIAN_POINT('',(78.4033936801024,-21.3678072623178,4.78664441932866));
#2257=CARTESIAN_POINT('Origin',(78.4033936801041,-21.8678072623178,4.78664441932866));
#2258=CARTESIAN_POINT('Origin',(78.4033936801041,-21.8678072623178,4.78664441932866));
#2259=CARTESIAN_POINT('Origin',(78.0989041991748,-21.8678072623188,-4.708474650801));
#2260=CARTESIAN_POINT('',(78.0989041991732,-21.3678072623188,-4.70847465079765));
#2261=CARTESIAN_POINT('',(78.0989041991731,-21.3678072623188,-4.708474650801));
#2262=CARTESIAN_POINT('',(78.5826215459751,-21.8678072623172,-5.22424352190619));
#2263=CARTESIAN_POINT('',(78.5986473081292,-21.8678072623171,-4.72450041295518));
#2264=CARTESIAN_POINT('Origin',(78.0828784370208,-21.8678072623189,-5.208217759752));
#2265=CARTESIAN_POINT('Origin',(76.4044212442865,-21.8678072623247,4.85074746794539));
#2266=CARTESIAN_POINT('',(76.4204470064407,-21.8678072623246,5.35049057689975));
#2267=CARTESIAN_POINT('',(76.4044212442847,-21.3678072623247,4.85074746794539));
#2268=CARTESIAN_POINT('Origin',(78.4033936801352,-30.8678072623178,4.78664441932867));
#2269=CARTESIAN_POINT('',(78.4033936801369,-31.3678072623178,4.78664441932867));
#2270=CARTESIAN_POINT('',(78.4194194422894,-30.8678072623177,5.28638752828303));
#2271=CARTESIAN_POINT('Origin',(78.4033936801352,-30.8678072623178,4.78664441932867));
#2272=CARTESIAN_POINT('',(78.9031367890896,-30.867807262316,4.77061865717449));
#2273=CARTESIAN_POINT('Origin',(78.4033936801352,-30.8678072623178,4.78664441932867));
#2274=CARTESIAN_POINT('Origin',(78.4033936801352,-30.8678072623178,4.78664441932867));
#2275=CARTESIAN_POINT('Origin',(78.098904199206,-30.8678072623188,-4.70847465079764));
#2276=CARTESIAN_POINT('',(77.7783889561241,-31.3678072623199,-14.703336829885));
#2277=CARTESIAN_POINT('',(78.2781320650768,-30.8678072623182,-14.7193625920392));
#2278=CARTESIAN_POINT('Origin',(77.7783889561224,-30.8678072623199,-14.7033368298849));
#2279=CARTESIAN_POINT('',(78.5986473081604,-30.8678072623171,-4.72450041295182));
#2280=CARTESIAN_POINT('',(78.0989041992077,-31.3678072623188,-4.70847465079764));
#2281=CARTESIAN_POINT('Origin',(78.4033936800188,2.82381038830369,4.78664441932864));
#2282=CARTESIAN_POINT('',(78.419419442173,2.82381038830374,5.28638752828301));
#2283=CARTESIAN_POINT('',(78.9031367889732,2.82381038830541,4.77061865717446));
#2284=CARTESIAN_POINT('Origin',(76.4044212443177,-30.8678072623247,4.85074746794539));
#2285=CARTESIAN_POINT('',(76.4204470064719,-30.8678072623246,5.35049057689976));
#2286=CARTESIAN_POINT('',(76.4044212443194,-31.3678072623247,4.85074746794539));
#2287=CARTESIAN_POINT('Origin',(69.4080177189323,-23.867807262349,5.07510813810391));
#2288=CARTESIAN_POINT('',(69.4240434810864,-23.867807262349,5.57485124705828));
#2289=CARTESIAN_POINT('',(68.9082746099779,-23.8678072623508,5.09113390025809));
#2290=CARTESIAN_POINT('Origin',(78.0828784368894,16.1696192136134,-5.20821775975204));
#2291=CARTESIAN_POINT('',(78.0989041990234,22.0154280389242,-4.70847465079768));
#2292=CARTESIAN_POINT('',(78.0989041990435,16.1696192136134,-4.70847465079767));
#2293=CARTESIAN_POINT('',(78.5826215458218,22.5154280389258,-5.22424352190622));
#2294=CARTESIAN_POINT('',(78.5826215458438,16.1696192136151,-5.22424352190622));
#2295=CARTESIAN_POINT('Origin',(78.0828784368674,22.5154280389241,-5.20821775975205));
#2296=CARTESIAN_POINT('Origin',(78.0989041990216,22.5154280389242,-4.70847465079814));
#2297=CARTESIAN_POINT('',(78.598647307976,22.5154280389259,-4.72450041295232));
#2298=CARTESIAN_POINT('',(78.0989041990234,22.0154280389242,-4.70847465079814));
#2299=CARTESIAN_POINT('Origin',(78.4033936799268,29.5154280389252,4.78664441933439));
#2300=CARTESIAN_POINT('',(78.419419442081,29.5154280389252,5.28638752828875));
#2301=CARTESIAN_POINT('',(78.9031367888812,29.5154280389269,4.77061865718021));
#2302=CARTESIAN_POINT('Origin',(71.4069901545901,22.5154280389009,5.01100508949291));
#2303=CARTESIAN_POINT('',(71.4230159167443,22.515428038901,5.51074819844727));
#2304=CARTESIAN_POINT('',(71.4069901545919,22.0154280389009,5.01100508949291));
#2305=CARTESIAN_POINT('Origin',(59.2937134616027,-28.8678072623836,5.39945364978964));
#2306=CARTESIAN_POINT('',(59.3097392237569,-28.8678072623835,5.89919675874401));
#2307=CARTESIAN_POINT('',(59.7934565705571,-28.8678072623818,5.38342788763546));
#2308=CARTESIAN_POINT('Origin',(66.849581135055,-30.8678072623577,5.15715208317785));
#2309=CARTESIAN_POINT('',(66.8656068972092,-30.8678072623576,5.65689519213221));
#2310=CARTESIAN_POINT('',(66.8495811350567,-31.3678072623577,5.15715208317785));
#2311=CARTESIAN_POINT('Origin',(69.4080177187483,29.515428038894,5.07510813810963));
#2312=CARTESIAN_POINT('',(69.4240434809025,29.515428038894,5.57485124706399));
#2313=CARTESIAN_POINT('',(68.9082746097939,29.5154280388922,5.09113390026381));
#2314=CARTESIAN_POINT('Origin',(50.2983375004241,-28.8678072624148,5.68791736856488));
#2315=CARTESIAN_POINT('',(50.3143632625783,-28.8678072624147,6.18766047751925));
#2316=CARTESIAN_POINT('',(49.7985943914698,-28.8678072624165,5.70394313071906));
#2317=CARTESIAN_POINT('Origin',(56.754214747581,31.5154280388505,-4.52425016675076));
#2318=CARTESIAN_POINT('',(59.4889670894193,31.5154280388599,-4.11169118249483));
#2319=CARTESIAN_POINT('',(56.7702405097351,31.5154280388505,-4.02450705779639));
#2320=CARTESIAN_POINT('',(58.973198218309,32.0154280388581,-4.59540852929502));
#2321=CARTESIAN_POINT('',(56.7542147475792,32.0154280388505,-4.52425016675076));
#2322=CARTESIAN_POINT('Origin',(58.9731982183107,31.5154280388581,-4.59540852929502));
#2323=CARTESIAN_POINT('Origin',(58.9892239804649,31.5154280388582,-4.09566542034092));
#2324=CARTESIAN_POINT('',(58.9892239804632,32.0154280388582,-4.09566542034093));
#2325=CARTESIAN_POINT('',(59.4889670894193,31.5154280388599,-4.1116911824951));
#2326=CARTESIAN_POINT('Origin',(52.2973099360332,31.5154280388351,5.62381431995028));
#2327=CARTESIAN_POINT('',(52.3133356981874,31.5154280388351,6.12355742890465));
#2328=CARTESIAN_POINT('',(52.2973099360315,32.0154280388351,5.62381431995028));
#2329=CARTESIAN_POINT('Origin',(59.2937134614186,24.5154280388594,5.39945364979176));
#2330=CARTESIAN_POINT('',(59.3097392235728,24.5154280388595,5.89919675874613));
#2331=CARTESIAN_POINT('',(59.793456570373,24.5154280388612,5.38342788763758));
#2332=CARTESIAN_POINT('Origin',(52.2973099360644,22.5154280388351,5.62381431995028));
#2333=CARTESIAN_POINT('',(52.3133356982186,22.5154280388352,6.12355742890465));
#2334=CARTESIAN_POINT('',(52.2973099360662,22.0154280388351,5.62381431995028));
#2335=CARTESIAN_POINT('Origin',(50.298337500332,-2.17618961179327,5.68791736856703));
#2336=CARTESIAN_POINT('',(50.3143632624862,-2.17618961179322,6.1876604775214));
#2337=CARTESIAN_POINT('',(49.7985943913776,-2.176189611795,5.70394313072121));
#2338=CARTESIAN_POINT('Origin',(59.4889670896016,-21.3678072623829,-4.11169118249754));
#2339=CARTESIAN_POINT('',(61.7676715994616,-21.3678072623749,-4.18476467933815));
#2340=CARTESIAN_POINT('Origin',(59.4889670896363,-31.3678072623829,-4.11169118249754));
#2341=CARTESIAN_POINT('',(59.4889670895814,-15.5219984370723,-4.11169118249479));
#2342=CARTESIAN_POINT('Origin',(68.6037851290398,-21.3678072623518,-4.40398516987491));
#2343=CARTESIAN_POINT('',(68.6037851290023,-10.5219984370409,-4.40398516986822));
#2344=CARTESIAN_POINT('Origin',(78.5986473081271,-21.3678072623171,-4.72450041295854));
#2345=CARTESIAN_POINT('',(71.3225117087244,-21.3678072623424,-4.49116929456667));
#2346=CARTESIAN_POINT('Origin',(64.0463761092461,0.323810388254152,-4.25783817618152));
#2347=CARTESIAN_POINT('',(66.3250806190307,22.0154280388832,-4.33091167302489));
#2348=CARTESIAN_POINT('',(68.6037851289109,16.1696192135806,-4.40398516986826));
#2349=CARTESIAN_POINT('',(59.48896708949,11.1696192135492,-4.11169118249483));
#2350=CARTESIAN_POINT('',(56.7702405097678,22.0154280388507,-4.02450705779638));
#2351=CARTESIAN_POINT('Origin',(49.4941049103302,32.0154280388254,-3.79117593941119));
#2352=CARTESIAN_POINT('',(49.1735896672466,32.0154280388243,-13.7860381184986));
#2353=CARTESIAN_POINT('Origin',(78.5986473079432,32.0154280389259,-4.72450041295186));
#2354=CARTESIAN_POINT('',(78.2781320648596,32.0154280389248,-14.7193625920392));
#2355=CARTESIAN_POINT('Origin',(63.7258608661625,0.323810388253039,-14.2527003552688));
#2356=CARTESIAN_POINT('',(78.2781320650785,-31.3678072623182,-14.7193625920392));
#2357=CARTESIAN_POINT('',(49.1735896674655,-31.3678072624187,-13.7860381184986));
#2358=CARTESIAN_POINT('',(76.25,7.5,-14.6543244524276));
#2359=CARTESIAN_POINT('Origin',(75.,7.5,-14.6142394520869));
#2360=CARTESIAN_POINT('',(52.9166666666667,-7.5,-13.9060711127319));
#2361=CARTESIAN_POINT('Origin',(51.6666666666667,-7.5,-13.8659861123912));
#2362=CARTESIAN_POINT('',(52.9166666666667,7.5,-13.9060711127336));
#2363=CARTESIAN_POINT('Origin',(51.6666666666667,7.5,-13.8659861123928));
#2364=CARTESIAN_POINT('',(76.25,-7.5,-14.654324452426));
#2365=CARTESIAN_POINT('Origin',(75.,-7.5,-14.6142394520852));
#2366=CARTESIAN_POINT('Origin',(54.8120512431589,-26.3678072623991,6.04342861813163));
#2367=CARTESIAN_POINT('',(53.8201090137889,-25.8977690208702,6.07523822181342));
#2368=CARTESIAN_POINT('Origin',(53.8201090137936,-27.2477690208702,6.07523822181342));
#2369=CARTESIAN_POINT('Origin',(73.9217314615005,27.0154280389097,5.43061938767637));
#2370=CARTESIAN_POINT('',(74.9515789516028,29.4627022280152,5.39759423808276));
#2371=CARTESIAN_POINT('Origin',(74.9515789516075,28.1127022280152,5.39759423808276));
#2372=CARTESIAN_POINT('Origin',(73.9217314616845,-26.3678072623333,5.43061938767065));
#2373=CARTESIAN_POINT('',(75.1090790211841,-25.8370732527087,5.39254352580889));
#2374=CARTESIAN_POINT('Origin',(75.1090790211888,-27.1870732527087,5.39254352580889));
#2375=CARTESIAN_POINT('Origin',(54.8120512429748,27.0154280388439,6.04342861813375));
#2376=CARTESIAN_POINT('',(53.6626089442076,29.4020064598537,6.0802889340837));
#2377=CARTESIAN_POINT('Origin',(53.6626089442122,28.0520064598536,6.0802889340837));
#2378=CARTESIAN_POINT('Origin',(74.7113670665859,28.1127022280143,-2.09310935988522));
#2379=CARTESIAN_POINT('',(74.7113670665812,29.4627022280143,-2.09310935988522));
#2380=CARTESIAN_POINT('Origin',(74.7113670665859,28.1127022280143,-2.09310935988522));
#2381=CARTESIAN_POINT('',(74.7113670665812,29.4627022280143,-2.09310935988522));
#2382=CARTESIAN_POINT('Origin',(74.7113670665859,28.1127022280143,-2.09310935988522));
#2383=CARTESIAN_POINT('Origin',(53.579897128772,-27.2477690208711,-1.41546537615274));
#2384=CARTESIAN_POINT('',(53.5798971287674,-25.897769020871,-1.41546537615274));
#2385=CARTESIAN_POINT('Origin',(53.579897128772,-27.2477690208711,-1.41546537615274));
#2386=CARTESIAN_POINT('',(53.5798971287674,-25.897769020871,-1.41546537615274));
#2387=CARTESIAN_POINT('Origin',(53.579897128772,-27.2477690208711,-1.41546537615274));
#2388=CARTESIAN_POINT('Origin',(53.4223970591906,28.0520064598528,-1.41041466388459));
#2389=CARTESIAN_POINT('',(53.4223970591859,29.4020064598528,-1.41041466388459));
#2390=CARTESIAN_POINT('Origin',(53.4223970591906,28.0520064598528,-1.41041466388459));
#2391=CARTESIAN_POINT('',(53.4223970591859,29.4020064598528,-1.41041466388459));
#2392=CARTESIAN_POINT('Origin',(53.4223970591906,28.0520064598528,-1.41041466388459));
#2393=CARTESIAN_POINT('Origin',(74.8688671361673,-27.1870732527095,-2.09816007215338));
#2394=CARTESIAN_POINT('',(74.8688671361626,-25.8370732527095,-2.09816007215338));
#2395=CARTESIAN_POINT('Origin',(74.8688671361673,-27.1870732527095,-2.09816007215338));
#2396=CARTESIAN_POINT('',(74.8688671361626,-25.8370732527095,-2.09816007215338));
#2397=CARTESIAN_POINT('Origin',(74.8688671361673,-27.1870732527095,-2.09816007215338));
#2398=CARTESIAN_POINT('Origin',(75.,-7.5,-14.8));
#2399=CARTESIAN_POINT('',(76.25,-7.5,-9.79999999999997));
#2400=CARTESIAN_POINT('',(76.25,-7.5,-14.8));
#2401=CARTESIAN_POINT('Origin',(75.,-7.5,-9.79999999999997));
#2402=CARTESIAN_POINT('Origin',(75.,-7.5,-9.79999999999997));
#2403=CARTESIAN_POINT('Origin',(51.6666666666667,7.5,-14.8));
#2404=CARTESIAN_POINT('',(52.9166666666667,7.5,-9.79999999999997));
#2405=CARTESIAN_POINT('',(52.9166666666667,7.5,-14.8));
#2406=CARTESIAN_POINT('Origin',(51.6666666666667,7.5,-9.79999999999997));
#2407=CARTESIAN_POINT('Origin',(51.6666666666667,7.5,-9.79999999999997));
#2408=CARTESIAN_POINT('Origin',(51.6666666666667,-7.5,-14.8));
#2409=CARTESIAN_POINT('',(52.9166666666667,-7.5,-9.79999999999997));
#2410=CARTESIAN_POINT('',(52.9166666666667,-7.5,-14.8));
#2411=CARTESIAN_POINT('Origin',(51.6666666666667,-7.5,-9.79999999999997));
#2412=CARTESIAN_POINT('Origin',(51.6666666666667,-7.5,-9.79999999999997));
#2413=CARTESIAN_POINT('Origin',(75.,7.5,-14.8));
#2414=CARTESIAN_POINT('',(76.25,7.5,-9.79999999999997));
#2415=CARTESIAN_POINT('',(76.25,7.5,-14.8));
#2416=CARTESIAN_POINT('Origin',(75.,7.5,-9.79999999999997));
#2417=CARTESIAN_POINT('Origin',(75.,7.5,-9.79999999999997));
#2418=CARTESIAN_POINT('Origin',(49.4941049105491,-31.3678072624176,-3.79117593941119));
#2419=CARTESIAN_POINT('Origin',(78.5986473081621,-31.3678072623171,-4.72450041295182));
#2420=CARTESIAN_POINT('Origin',(49.4941049103649,22.0154280388254,-3.7911759394118));
#2421=CARTESIAN_POINT('Origin',(59.4889670894523,22.0154280388601,-4.11169118249542));
#2422=CARTESIAN_POINT('Origin',(68.6037851288558,32.0154280388912,-4.40398516986919));
#2423=CARTESIAN_POINT('Origin',(68.6037851288906,22.0154280388912,-4.40398516986919));
#2424=UNCERTAINTY_MEASURE_WITH_UNIT(LENGTH_MEASURE(0.01),#2428,
'DISTANCE_ACCURACY_VALUE',
'Maximum model space distance between geometric entities at asserted c
onnectivities');
#2425=UNCERTAINTY_MEASURE_WITH_UNIT(LENGTH_MEASURE(0.01),#2428,
'DISTANCE_ACCURACY_VALUE',
'Maximum model space distance between geometric entities at asserted c
onnectivities');
#2426=(
GEOMETRIC_REPRESENTATION_CONTEXT(3)
GLOBAL_UNCERTAINTY_ASSIGNED_CONTEXT((#2424))
GLOBAL_UNIT_ASSIGNED_CONTEXT((#2428,#2430,#2431))
REPRESENTATION_CONTEXT('','3D')
);
#2427=(
GEOMETRIC_REPRESENTATION_CONTEXT(3)
GLOBAL_UNCERTAINTY_ASSIGNED_CONTEXT((#2425))
GLOBAL_UNIT_ASSIGNED_CONTEXT((#2428,#2430,#2431))
REPRESENTATION_CONTEXT('','3D')
);
#2428=(
LENGTH_UNIT()
NAMED_UNIT(*)
SI_UNIT(.MILLI.,.METRE.)
);
#2429=(
LENGTH_UNIT()
NAMED_UNIT(*)
SI_UNIT($,.METRE.)
);
#2430=(
NAMED_UNIT(*)
PLANE_ANGLE_UNIT()
SI_UNIT($,.RADIAN.)
);
#2431=(
NAMED_UNIT(*)
SI_UNIT($,.STERADIAN.)
SOLID_ANGLE_UNIT()
);
#2432=SHAPE_DEFINITION_REPRESENTATION(#2433,#2434);
#2433=PRODUCT_DEFINITION_SHAPE('',$,#2436);
#2434=SHAPE_REPRESENTATION('',(#1380),#2426);
#2435=PRODUCT_DEFINITION_CONTEXT('part definition',#2440,'design');
#2436=PRODUCT_DEFINITION('Servotreiber_Halterung',
'Servotreiber_Halterung',#2437,#2435);
#2437=PRODUCT_DEFINITION_FORMATION('',$,#2442);
#2438=PRODUCT_RELATED_PRODUCT_CATEGORY('Servotreiber_Halterung',
'Servotreiber_Halterung',(#2442));
#2439=APPLICATION_PROTOCOL_DEFINITION('international standard',
'automotive_design',2009,#2440);
#2440=APPLICATION_CONTEXT(
'Core Data for Automotive Mechanical Design Process');
#2441=PRODUCT_CONTEXT('part definition',#2440,'mechanical');
#2442=PRODUCT('Servotreiber_Halterung','Servotreiber_Halterung',$,(#2441));
#2443=PRESENTATION_STYLE_ASSIGNMENT((#2444));
#2444=SURFACE_STYLE_USAGE(.BOTH.,#2445);
#2445=SURFACE_SIDE_STYLE('',(#2446));
#2446=SURFACE_STYLE_FILL_AREA(#2447);
#2447=FILL_AREA_STYLE('Steel - Satin',(#2448));
#2448=FILL_AREA_STYLE_COLOUR('Steel - Satin',#2449);
#2449=COLOUR_RGB('Steel - Satin',0.627450980392157,0.627450980392157,0.627450980392157);
ENDSEC;
END-ISO-10303-21;
