ISO-10303-21;
HEADER;
/* Generated by software containing ST-Developer
 * from STEP Tools, Inc. (www.steptools.com) 
 */

FILE_DESCRIPTION(
/* description */ (''),
/* implementation_level */ '2;1');

FILE_NAME(
/* name */ 'AufnahmeALG v1.stp',
/* time_stamp */ '2024-02-14T22:45:00+01:00',
/* author */ (''),
/* organization */ (''),
/* preprocessor_version */ 'ST-DEVELOPER v20',
/* originating_system */ 'Autodesk Translation Framework v12.20.1.177',

/* authorisation */ '');

FILE_SCHEMA (('AUTOMOTIVE_DESIGN { 1 0 10303 214 3 1 1 }'));
ENDSEC;

DATA;
#10=MECHANICAL_DESIGN_GEOMETRIC_PRESENTATION_REPRESENTATION('',(#13),#6792);
#11=SHAPE_REPRESENTATION_RELATIONSHIP('SRR','None',#6799,#12);
#12=ADVANCED_BREP_SHAPE_REPRESENTATION('',(#14),#6791);
#13=STYLED_ITEM('',(#6808),#14);
#14=MANIFOLD_SOLID_BREP('Body1',#2912);
#15=CONICAL_SURFACE('',#3187,3.75,0.896055384571343);
#16=(
BOUNDED_SURFACE()
B_SPLINE_SURFACE(5,1,((#4623,#4624),(#4625,#4626),(#4627,#4628),(#4629,
#4630),(#4631,#4632),(#4633,#4634),(#4635,#4636),(#4637,#4638),(#4639,#4640),
(#4641,#4642),(#4643,#4644),(#4645,#4646),(#4647,#4648),(#4649,#4650),(#4651,
#4652),(#4653,#4654),(#4655,#4656),(#4657,#4658),(#4659,#4660),(#4661,#4662)),
 .UNSPECIFIED.,.F.,.F.,.F.)
B_SPLINE_SURFACE_WITH_KNOTS((6,1,1,1,1,1,1,1,1,1,1,1,1,1,1,6),(2,2),(-1.,
-0.933333333333333,-0.866666666666667,-0.8,-0.733333333333333,-0.666666666666667,
-0.6,-0.533333333333333,-0.466666666666667,-0.4,-0.333333333333333,-0.266666666666667,
-0.2,-0.133333333333333,-0.0666666666666667,0.),(0.,5.05),.UNSPECIFIED.)
GEOMETRIC_REPRESENTATION_ITEM()
RATIONAL_B_SPLINE_SURFACE(((1.,1.),(1.,1.),(1.,1.),(1.,1.),(1.,1.),(1.,
1.),(1.,1.),(1.,1.),(1.,1.),(1.,1.),(1.,1.),(1.,1.),(1.,1.),(1.,1.),(1.,
1.),(1.,1.),(1.,1.),(1.,1.),(1.,1.),(1.,1.)))
REPRESENTATION_ITEM('')
SURFACE()
);
#17=(
BOUNDED_SURFACE()
B_SPLINE_SURFACE(5,1,((#5014,#5015),(#5016,#5017),(#5018,#5019),(#5020,
#5021),(#5022,#5023),(#5024,#5025),(#5026,#5027),(#5028,#5029),(#5030,#5031),
(#5032,#5033),(#5034,#5035),(#5036,#5037),(#5038,#5039),(#5040,#5041),(#5042,
#5043),(#5044,#5045),(#5046,#5047),(#5048,#5049),(#5050,#5051),(#5052,#5053)),
 .UNSPECIFIED.,.F.,.F.,.F.)
B_SPLINE_SURFACE_WITH_KNOTS((6,1,1,1,1,1,1,1,1,1,1,1,1,1,1,6),(2,2),(0.,
0.0666666666666667,0.133333333333333,0.2,0.266666666666667,0.333333333333333,
0.4,0.466666666666667,0.533333333333333,0.6,0.666666666666667,0.733333333333333,
0.8,0.866666666666667,0.933333333333333,1.),(0.,5.05),.UNSPECIFIED.)
GEOMETRIC_REPRESENTATION_ITEM()
RATIONAL_B_SPLINE_SURFACE(((1.,1.),(1.,1.),(1.,1.),(1.,1.),(1.,1.),(1.,
1.),(1.,1.),(1.,1.),(1.,1.),(1.,1.),(1.,1.),(1.,1.),(1.,1.),(1.,1.),(1.,
1.),(1.,1.),(1.,1.),(1.,1.),(1.,1.),(1.,1.)))
REPRESENTATION_ITEM('')
SURFACE()
);
#18=(
BOUNDED_SURFACE()
B_SPLINE_SURFACE(5,1,((#5246,#5247),(#5248,#5249),(#5250,#5251),(#5252,
#5253),(#5254,#5255),(#5256,#5257),(#5258,#5259),(#5260,#5261),(#5262,#5263),
(#5264,#5265),(#5266,#5267),(#5268,#5269),(#5270,#5271),(#5272,#5273),(#5274,
#5275),(#5276,#5277),(#5278,#5279),(#5280,#5281),(#5282,#5283),(#5284,#5285)),
 .UNSPECIFIED.,.F.,.F.,.F.)
B_SPLINE_SURFACE_WITH_KNOTS((6,1,1,1,1,1,1,1,1,1,1,1,1,1,1,6),(2,2),(0.,
0.0666666666666667,0.133333333333333,0.2,0.266666666666667,0.333333333333333,
0.4,0.466666666666667,0.533333333333333,0.6,0.666666666666667,0.733333333333333,
0.8,0.866666666666667,0.933333333333333,1.),(0.,5.05),.UNSPECIFIED.)
GEOMETRIC_REPRESENTATION_ITEM()
RATIONAL_B_SPLINE_SURFACE(((1.,1.),(1.,1.),(1.,1.),(1.,1.),(1.,1.),(1.,
1.),(1.,1.),(1.,1.),(1.,1.),(1.,1.),(1.,1.),(1.,1.),(1.,1.),(1.,1.),(1.,
1.),(1.,1.),(1.,1.),(1.,1.),(1.,1.),(1.,1.)))
REPRESENTATION_ITEM('')
SURFACE()
);
#19=(
BOUNDED_SURFACE()
B_SPLINE_SURFACE(5,1,((#5594,#5595),(#5596,#5597),(#5598,#5599),(#5600,
#5601),(#5602,#5603),(#5604,#5605),(#5606,#5607),(#5608,#5609),(#5610,#5611),
(#5612,#5613),(#5614,#5615),(#5616,#5617),(#5618,#5619),(#5620,#5621),(#5622,
#5623),(#5624,#5625),(#5626,#5627),(#5628,#5629),(#5630,#5631),(#5632,#5633)),
 .UNSPECIFIED.,.F.,.F.,.F.)
B_SPLINE_SURFACE_WITH_KNOTS((6,1,1,1,1,1,1,1,1,1,1,1,1,1,1,6),(2,2),(-1.,
-0.933333333333333,-0.866666666666667,-0.8,-0.733333333333333,-0.666666666666667,
-0.6,-0.533333333333333,-0.466666666666667,-0.4,-0.333333333333333,-0.266666666666667,
-0.2,-0.133333333333333,-0.0666666666666667,0.),(0.,5.05),.UNSPECIFIED.)
GEOMETRIC_REPRESENTATION_ITEM()
RATIONAL_B_SPLINE_SURFACE(((1.,1.),(1.,1.),(1.,1.),(1.,1.),(1.,1.),(1.,
1.),(1.,1.),(1.,1.),(1.,1.),(1.,1.),(1.,1.),(1.,1.),(1.,1.),(1.,1.),(1.,
1.),(1.,1.),(1.,1.),(1.,1.),(1.,1.),(1.,1.)))
REPRESENTATION_ITEM('')
SURFACE()
);
#20=(
BOUNDED_SURFACE()
B_SPLINE_SURFACE(5,1,((#5751,#5752),(#5753,#5754),(#5755,#5756),(#5757,
#5758),(#5759,#5760),(#5761,#5762),(#5763,#5764),(#5765,#5766),(#5767,#5768),
(#5769,#5770),(#5771,#5772),(#5773,#5774),(#5775,#5776),(#5777,#5778),(#5779,
#5780),(#5781,#5782),(#5783,#5784),(#5785,#5786),(#5787,#5788),(#5789,#5790)),
 .UNSPECIFIED.,.F.,.F.,.F.)
B_SPLINE_SURFACE_WITH_KNOTS((6,1,1,1,1,1,1,1,1,1,1,1,1,1,1,6),(2,2),(-1.,
-0.933333333333333,-0.866666666666667,-0.8,-0.733333333333333,-0.666666666666667,
-0.6,-0.533333333333333,-0.466666666666667,-0.4,-0.333333333333333,-0.266666666666667,
-0.2,-0.133333333333333,-0.0666666666666667,0.),(0.,5.05),.UNSPECIFIED.)
GEOMETRIC_REPRESENTATION_ITEM()
RATIONAL_B_SPLINE_SURFACE(((1.,1.),(1.,1.),(1.,1.),(1.,1.),(1.,1.),(1.,
1.),(1.,1.),(1.,1.),(1.,1.),(1.,1.),(1.,1.),(1.,1.),(1.,1.),(1.,1.),(1.,
1.),(1.,1.),(1.,1.),(1.,1.),(1.,1.),(1.,1.)))
REPRESENTATION_ITEM('')
SURFACE()
);
#21=(
BOUNDED_SURFACE()
B_SPLINE_SURFACE(5,1,((#6124,#6125),(#6126,#6127),(#6128,#6129),(#6130,
#6131),(#6132,#6133),(#6134,#6135),(#6136,#6137),(#6138,#6139),(#6140,#6141),
(#6142,#6143),(#6144,#6145),(#6146,#6147),(#6148,#6149),(#6150,#6151),(#6152,
#6153),(#6154,#6155),(#6156,#6157),(#6158,#6159),(#6160,#6161),(#6162,#6163)),
 .UNSPECIFIED.,.F.,.F.,.F.)
B_SPLINE_SURFACE_WITH_KNOTS((6,1,1,1,1,1,1,1,1,1,1,1,1,1,1,6),(2,2),(0.,
0.0666666666666667,0.133333333333333,0.2,0.266666666666667,0.333333333333333,
0.4,0.466666666666667,0.533333333333333,0.6,0.666666666666667,0.733333333333333,
0.8,0.866666666666667,0.933333333333333,1.),(0.,5.05),.UNSPECIFIED.)
GEOMETRIC_REPRESENTATION_ITEM()
RATIONAL_B_SPLINE_SURFACE(((1.,1.),(1.,1.),(1.,1.),(1.,1.),(1.,1.),(1.,
1.),(1.,1.),(1.,1.),(1.,1.),(1.,1.),(1.,1.),(1.,1.),(1.,1.),(1.,1.),(1.,
1.),(1.,1.),(1.,1.),(1.,1.),(1.,1.),(1.,1.)))
REPRESENTATION_ITEM('')
SURFACE()
);
#22=(
BOUNDED_SURFACE()
B_SPLINE_SURFACE(5,1,((#6292,#6293),(#6294,#6295),(#6296,#6297),(#6298,
#6299),(#6300,#6301),(#6302,#6303),(#6304,#6305),(#6306,#6307),(#6308,#6309),
(#6310,#6311),(#6312,#6313),(#6314,#6315),(#6316,#6317),(#6318,#6319),(#6320,
#6321),(#6322,#6323),(#6324,#6325),(#6326,#6327),(#6328,#6329),(#6330,#6331)),
 .UNSPECIFIED.,.F.,.F.,.F.)
B_SPLINE_SURFACE_WITH_KNOTS((6,1,1,1,1,1,1,1,1,1,1,1,1,1,1,6),(2,2),(0.,
0.0666666666666667,0.133333333333333,0.2,0.266666666666667,0.333333333333333,
0.4,0.466666666666667,0.533333333333333,0.6,0.666666666666667,0.733333333333333,
0.8,0.866666666666667,0.933333333333333,1.),(0.,5.05),.UNSPECIFIED.)
GEOMETRIC_REPRESENTATION_ITEM()
RATIONAL_B_SPLINE_SURFACE(((1.,1.),(1.,1.),(1.,1.),(1.,1.),(1.,1.),(1.,
1.),(1.,1.),(1.,1.),(1.,1.),(1.,1.),(1.,1.),(1.,1.),(1.,1.),(1.,1.),(1.,
1.),(1.,1.),(1.,1.),(1.,1.),(1.,1.),(1.,1.)))
REPRESENTATION_ITEM('')
SURFACE()
);
#23=(
BOUNDED_SURFACE()
B_SPLINE_SURFACE(5,1,((#6640,#6641),(#6642,#6643),(#6644,#6645),(#6646,
#6647),(#6648,#6649),(#6650,#6651),(#6652,#6653),(#6654,#6655),(#6656,#6657),
(#6658,#6659),(#6660,#6661),(#6662,#6663),(#6664,#6665),(#6666,#6667),(#6668,
#6669),(#6670,#6671),(#6672,#6673),(#6674,#6675),(#6676,#6677),(#6678,#6679)),
 .UNSPECIFIED.,.F.,.F.,.F.)
B_SPLINE_SURFACE_WITH_KNOTS((6,1,1,1,1,1,1,1,1,1,1,1,1,1,1,6),(2,2),(-1.,
-0.933333333333333,-0.866666666666667,-0.8,-0.733333333333333,-0.666666666666667,
-0.6,-0.533333333333333,-0.466666666666667,-0.4,-0.333333333333333,-0.266666666666667,
-0.2,-0.133333333333333,-0.0666666666666667,0.),(0.,5.05),.UNSPECIFIED.)
GEOMETRIC_REPRESENTATION_ITEM()
RATIONAL_B_SPLINE_SURFACE(((1.,1.),(1.,1.),(1.,1.),(1.,1.),(1.,1.),(1.,
1.),(1.,1.),(1.,1.),(1.,1.),(1.,1.),(1.,1.),(1.,1.),(1.,1.),(1.,1.),(1.,
1.),(1.,1.),(1.,1.),(1.,1.),(1.,1.),(1.,1.)))
REPRESENTATION_ITEM('')
SURFACE()
);
#24=B_SPLINE_CURVE_WITH_KNOTS('',3,(#4575,#4576,#4577,#4578,#4579,#4580,
#4581,#4582,#4583,#4584),.UNSPECIFIED.,.F.,.F.,(4,2,2,2,4),(0.,0.113226140427323,
0.210549410966199,0.297803322322068,0.388511162558754),.UNSPECIFIED.);
#25=B_SPLINE_CURVE_WITH_KNOTS('',3,(#4586,#4587,#4588,#4589),
 .UNSPECIFIED.,.F.,.F.,(4,4),(-0.287290287896482,0.525169791357948),
 .UNSPECIFIED.);
#26=B_SPLINE_CURVE_WITH_KNOTS('',3,(#4591,#4592,#4593,#4594,#4595,#4596,
#4597,#4598,#4599,#4600),.UNSPECIFIED.,.F.,.F.,(4,2,2,2,4),(0.285331745057248,
0.34311701506649,0.445061091280144,0.47465763791579,0.497258109321365),
 .UNSPECIFIED.);
#27=B_SPLINE_CURVE_WITH_KNOTS('',3,(#4602,#4603,#4604,#4605,#4606,#4607,
#4608,#4609),.UNSPECIFIED.,.F.,.F.,(4,2,2,4),(0.,0.0927377230073579,0.295551040629409,
0.553707559691731),.UNSPECIFIED.);
#28=B_SPLINE_CURVE_WITH_KNOTS('',3,(#4611,#4612,#4613,#4614),
 .UNSPECIFIED.,.F.,.F.,(4,4),(-0.3568192551922,0.118939751730731),
 .UNSPECIFIED.);
#29=B_SPLINE_CURVE_WITH_KNOTS('',3,(#4615,#4616,#4617,#4618,#4619,#4620,
#4621,#4622),.UNSPECIFIED.,.F.,.F.,(4,2,2,4),(0.0643646406590143,0.491262735239402,
0.680159920309337,0.781098445264223),.UNSPECIFIED.);
#30=B_SPLINE_CURVE_WITH_KNOTS('',3,(#4664,#4665,#4666,#4667,#4668,#4669),
 .UNSPECIFIED.,.F.,.F.,(4,2,4),(1.86661026598399,2.525,3.25),
 .UNSPECIFIED.);
#31=B_SPLINE_CURVE_WITH_KNOTS('',3,(#4671,#4672,#4673,#4674),
 .UNSPECIFIED.,.F.,.F.,(4,4),(-0.75,-0.499999999999999),.UNSPECIFIED.);
#32=B_SPLINE_CURVE_WITH_KNOTS('',3,(#4676,#4677,#4678,#4679,#4680,#4681),
 .UNSPECIFIED.,.F.,.F.,(4,1,1,4),(-1.01336667490947,-0.69923887056696,-0.581440943938516,
-0.463643027917716),.UNSPECIFIED.);
#33=B_SPLINE_CURVE_WITH_KNOTS('',3,(#4701,#4702,#4703,#4704,#4705,#4706,
#4707,#4708,#4709,#4710,#4711,#4712),.UNSPECIFIED.,.F.,.F.,(4,2,2,2,2,4),
(-0.000585193678961,0.,0.0738366221089119,0.151121946129514,0.24823727356324,
0.342763772548778),.UNSPECIFIED.);
#34=B_SPLINE_CURVE_WITH_KNOTS('',3,(#4713,#4714,#4715,#4716,#4717,#4718,
#4719,#4720,#4721,#4722),.UNSPECIFIED.,.F.,.F.,(4,2,2,2,4),(0.,0.00454679066039635,
0.0130745414113868,0.0355077198408183,0.0848712528622285),.UNSPECIFIED.);
#35=B_SPLINE_CURVE_WITH_KNOTS('',3,(#4727,#4728,#4729,#4730,#4731,#4732,
#4733,#4734),.UNSPECIFIED.,.F.,.F.,(4,2,2,4),(0.,0.166704627561557,0.323733397677731,
0.46850269949309),.UNSPECIFIED.);
#36=B_SPLINE_CURVE_WITH_KNOTS('',3,(#4735,#4736,#4737,#4738,#4739,#4740,
#4741,#4742,#4743,#4744),.UNSPECIFIED.,.F.,.F.,(4,2,2,2,4),(0.160929440311319,
0.248682906445119,0.352967509704087,0.409532350599848,0.472715604807347),
 .UNSPECIFIED.);
#37=B_SPLINE_CURVE_WITH_KNOTS('',3,(#4749,#4750,#4751,#4752,#4753,#4754,
#4755,#4756,#4757,#4758,#4759,#4760,#4761,#4762,#4763,#4764,#4765),
 .UNSPECIFIED.,.F.,.F.,(4,1,1,1,1,1,1,1,1,1,1,1,1,1,4),(-0.217104147675512,
-0.181385837293225,-0.145667526910939,-0.109949216528652,-0.074230906146366,
-0.0385125957640796,-0.00279428538179319,0.00167050341599261,0.00613529221377842,
0.01506486980935,0.0239944474049216,0.0284592362027074,0.0306916306016003,
0.0318078278010468,0.0329240250004932),.UNSPECIFIED.);
#38=B_SPLINE_CURVE_WITH_KNOTS('',3,(#4766,#4767,#4768,#4769,#4770,#4771,
#4772,#4773,#4774,#4775),.UNSPECIFIED.,.F.,.F.,(4,1,1,1,1,1,1,4),(-0.250117372527135,
-0.214386319308973,-0.178655266090811,-0.142924212872649,-0.107193159654486,
-0.0714621064363244,-0.0357310532181623,-1.53482895163045E-16),
 .UNSPECIFIED.);
#39=B_SPLINE_CURVE_WITH_KNOTS('',3,(#4828,#4829,#4830,#4831,#4832,#4833,
#4834),.UNSPECIFIED.,.F.,.F.,(4,1,1,1,4),(1.53482895163045E-16,0.0357310532181623,
0.0714621064363244,0.107193159654486,0.118932035582585),.UNSPECIFIED.);
#40=B_SPLINE_CURVE_WITH_KNOTS('',3,(#4921,#4922,#4923,#4924,#4925,#4926,
#4927,#4928),.UNSPECIFIED.,.F.,.F.,(4,2,2,4),(0.,0.150905179200182,0.296105784959217,
0.466793024444733),.UNSPECIFIED.);
#41=B_SPLINE_CURVE_WITH_KNOTS('',3,(#4929,#4930,#4931,#4932,#4933,#4934,
#4935),.UNSPECIFIED.,.F.,.F.,(4,1,1,1,4),(0.098198082177177,0.109949216528652,
0.145667526910939,0.181385837293225,0.217104147675512),.UNSPECIFIED.);
#42=B_SPLINE_CURVE_WITH_KNOTS('',3,(#4938,#4939,#4940,#4941,#4942,#4943),
 .UNSPECIFIED.,.F.,.F.,(4,2,4),(1.8,2.525,3.18338973401601),
 .UNSPECIFIED.);
#43=B_SPLINE_CURVE_WITH_KNOTS('',3,(#4945,#4946,#4947,#4948),
 .UNSPECIFIED.,.F.,.F.,(4,4),(-1.8,-1.55),.UNSPECIFIED.);
#44=B_SPLINE_CURVE_WITH_KNOTS('',3,(#4949,#4950,#4951,#4952,#4953,#4954,
#4955,#4956,#4957,#4958),.UNSPECIFIED.,.F.,.F.,(4,2,2,2,4),(0.,0.0463216492865957,
0.104745353494677,0.193322430747446,0.218989973313064),.UNSPECIFIED.);
#45=B_SPLINE_CURVE_WITH_KNOTS('',3,(#5008,#5009,#5010,#5011,#5012,#5013),
 .UNSPECIFIED.,.F.,.F.,(4,1,1,4),(-0.549723657599428,-0.392659755428163,
-0.235595853256898,0.),.UNSPECIFIED.);
#46=B_SPLINE_CURVE_WITH_KNOTS('',3,(#5054,#5055,#5056,#5057,#5058,#5059,
#5060,#5061,#5062,#5063,#5064,#5065),.UNSPECIFIED.,.F.,.F.,(4,2,2,2,2,4),
(0.637439218441639,0.666316101230805,0.70079631528779,0.712418729372157,
0.71683950903621,0.720459866678369),.UNSPECIFIED.);
#47=B_SPLINE_CURVE_WITH_KNOTS('',3,(#5067,#5068,#5069,#5070,#5071,#5072,
#5073,#5074,#5075,#5076,#5077,#5078),.UNSPECIFIED.,.F.,.F.,(4,2,2,2,2,4),
(0.994725455836617,1.0892422750771,1.18634765766313,1.26362506747522,1.33745413171788,
1.33803926541554),.UNSPECIFIED.);
#48=B_SPLINE_CURVE_WITH_KNOTS('',3,(#5144,#5145,#5146,#5147,#5148,#5149,
#5150,#5151,#5152,#5153,#5154,#5155),.UNSPECIFIED.,.F.,.F.,(4,2,2,2,2,4),
(-0.00058519351621597,0.,0.0738366172705609,0.151121931127372,0.248237245792112,
0.342763732349315),.UNSPECIFIED.);
#49=B_SPLINE_CURVE_WITH_KNOTS('',3,(#5198,#5199,#5200,#5201,#5202,#5203,
#5204,#5205),.UNSPECIFIED.,.F.,.F.,(4,2,2,4),(0.,0.0927377230073577,0.29555104062953,
0.55370755969216),.UNSPECIFIED.);
#50=B_SPLINE_CURVE_WITH_KNOTS('',3,(#5207,#5208,#5209,#5210),
 .UNSPECIFIED.,.F.,.F.,(4,4),(-0.118939751730733,0.356819255192199),
 .UNSPECIFIED.);
#51=B_SPLINE_CURVE_WITH_KNOTS('',3,(#5212,#5213,#5214,#5215,#5216,#5217,
#5218,#5219),.UNSPECIFIED.,.F.,.F.,(4,2,2,4),(0.0643646406590222,0.49126273523944,
0.680159920309401,0.78109844526441),.UNSPECIFIED.);
#52=B_SPLINE_CURVE_WITH_KNOTS('',3,(#5221,#5222,#5223,#5224,#5225,#5226,
#5227,#5228,#5229,#5230),.UNSPECIFIED.,.F.,.F.,(4,2,2,2,4),(0.,0.113226141309703,
0.21054940163066,0.297803770152412,0.388511216799721),.UNSPECIFIED.);
#53=B_SPLINE_CURVE_WITH_KNOTS('',3,(#5232,#5233,#5234,#5235),
 .UNSPECIFIED.,.F.,.F.,(4,4),(-0.525169791357947,0.287290287896483),
 .UNSPECIFIED.);
#54=B_SPLINE_CURVE_WITH_KNOTS('',3,(#5236,#5237,#5238,#5239,#5240,#5241,
#5242,#5243,#5244,#5245),.UNSPECIFIED.,.F.,.F.,(4,2,2,2,4),(0.285331700960414,
0.343116805765861,0.445062194818291,0.474659149548625,0.497259926649039),
 .UNSPECIFIED.);
#55=B_SPLINE_CURVE_WITH_KNOTS('',3,(#5287,#5288,#5289,#5290,#5291,#5292),
 .UNSPECIFIED.,.F.,.F.,(4,2,4),(1.866610265984,2.525,3.25),
 .UNSPECIFIED.);
#56=B_SPLINE_CURVE_WITH_KNOTS('',3,(#5294,#5295,#5296,#5297),
 .UNSPECIFIED.,.F.,.F.,(4,4),(-0.75,-0.499999999999999),.UNSPECIFIED.);
#57=B_SPLINE_CURVE_WITH_KNOTS('',3,(#5299,#5300,#5301,#5302,#5303,#5304),
 .UNSPECIFIED.,.F.,.F.,(4,1,1,4),(-1.01336667490947,-0.699238870566947,
-0.581440943938503,-0.463643027917713),.UNSPECIFIED.);
#58=B_SPLINE_CURVE_WITH_KNOTS('',3,(#5306,#5307,#5308,#5309,#5310,#5311,
#5312,#5313,#5314,#5315),.UNSPECIFIED.,.F.,.F.,(4,2,2,2,4),(0.,0.00454679066039715,
0.0130745414113835,0.0355077198402583,0.084871252858672),.UNSPECIFIED.);
#59=B_SPLINE_CURVE_WITH_KNOTS('',3,(#5320,#5321,#5322,#5323,#5324,#5325,
#5326,#5327),.UNSPECIFIED.,.F.,.F.,(4,2,2,4),(0.,0.165760555373118,0.320673621124652,
0.468487967897053),.UNSPECIFIED.);
#60=B_SPLINE_CURVE_WITH_KNOTS('',3,(#5328,#5329,#5330,#5331,#5332,#5333,
#5334,#5335,#5336,#5337),.UNSPECIFIED.,.F.,.F.,(4,2,2,2,4),(0.160929440311291,
0.248682906445113,0.352967509702714,0.409532350597434,0.472715604811431),
 .UNSPECIFIED.);
#61=B_SPLINE_CURVE_WITH_KNOTS('',3,(#5342,#5343,#5344,#5345,#5346,#5347,
#5348,#5349,#5350,#5351,#5352,#5353,#5354,#5355,#5356,#5357),
 .UNSPECIFIED.,.F.,.F.,(4,1,1,1,1,1,1,1,1,1,1,1,1,4),(-0.217206608495787,
-0.181475555277625,-0.145744502059463,-0.110013448841301,-0.0742823956231383,
-0.038551342404976,-0.0206858157958949,-0.0117530524913543,-0.00282028918681373,
0.0150452374222674,0.0239780007268079,0.0284443823790782,0.0306775732052134,
0.0329107640313485),.UNSPECIFIED.);
#62=B_SPLINE_CURVE_WITH_KNOTS('',3,(#5358,#5359,#5360,#5361,#5362,#5363,
#5364,#5365,#5366),.UNSPECIFIED.,.F.,.F.,(4,1,1,1,1,1,4),(-0.250028172675997,
-0.214309862293712,-0.178591551911426,-0.142873241529141,-0.107154931146856,
-0.0714366207645705,0.),.UNSPECIFIED.);
#63=B_SPLINE_CURVE_WITH_KNOTS('',3,(#5448,#5449,#5450,#5451,#5452,#5453,
#5454,#5455),.UNSPECIFIED.,.F.,.F.,(4,2,2,4),(0.,0.15148071482023,0.293230967408451,
0.466678232197937),.UNSPECIFIED.);
#64=B_SPLINE_CURVE_WITH_KNOTS('',3,(#5457,#5458,#5459,#5460,#5461,#5462,
#5463),.UNSPECIFIED.,.F.,.F.,(4,1,1,1,4),(0.098232232433027,0.110013448841301,
0.145744502059463,0.181475555277625,0.217206608495787),.UNSPECIFIED.);
#65=B_SPLINE_CURVE_WITH_KNOTS('',3,(#5510,#5511,#5512,#5513,#5514,#5515),
 .UNSPECIFIED.,.F.,.F.,(4,1,1,4),(0.,0.0714366207645705,0.107154931146856,
0.119006911915141),.UNSPECIFIED.);
#66=B_SPLINE_CURVE_WITH_KNOTS('',3,(#5541,#5542,#5543,#5544,#5545,#5546,
#5547,#5548,#5549,#5550),.UNSPECIFIED.,.F.,.F.,(4,2,2,2,4),(0.,0.0463216492865383,
0.104745353491442,0.193322430735975,0.218989973299392),.UNSPECIFIED.);
#67=B_SPLINE_CURVE_WITH_KNOTS('',3,(#5551,#5552,#5553,#5554,#5555,#5556),
 .UNSPECIFIED.,.F.,.F.,(4,1,1,4),(-0.54972365759942,-0.392659755428157,
-0.235595853256894,0.),.UNSPECIFIED.);
#68=B_SPLINE_CURVE_WITH_KNOTS('',3,(#5560,#5561,#5562,#5563,#5564,#5565),
 .UNSPECIFIED.,.F.,.F.,(4,2,4),(1.8,2.525,3.18338973401601),
 .UNSPECIFIED.);
#69=B_SPLINE_CURVE_WITH_KNOTS('',3,(#5566,#5567,#5568,#5569),
 .UNSPECIFIED.,.F.,.F.,(4,4),(-1.8,-1.55),.UNSPECIFIED.);
#70=B_SPLINE_CURVE_WITH_KNOTS('',3,(#5634,#5635,#5636,#5637,#5638,#5639,
#5640,#5641,#5642,#5643,#5644,#5645),.UNSPECIFIED.,.F.,.F.,(4,2,2,2,2,4),
(0.637439218424306,0.666316101211432,0.700796315265431,0.712418729348794,
0.716839509012484,0.720459866654348),.UNSPECIFIED.);
#71=B_SPLINE_CURVE_WITH_KNOTS('',3,(#5646,#5647,#5648,#5649,#5650,#5651,
#5652,#5653,#5654,#5655,#5656,#5657),.UNSPECIFIED.,.F.,.F.,(4,2,2,2,2,4),
(0.994725416595197,1.08924223199803,1.18634761064158,1.26362501731714,1.33745408006946,
1.33803921371727),.UNSPECIFIED.);
#72=B_SPLINE_CURVE_WITH_KNOTS('',3,(#5703,#5704,#5705,#5706,#5707,#5708,
#5709,#5710,#5711,#5712),.UNSPECIFIED.,.F.,.F.,(4,2,2,2,4),(0.,0.11322614042683,
0.210549410961225,0.297803322310424,0.38851116254121),.UNSPECIFIED.);
#73=B_SPLINE_CURVE_WITH_KNOTS('',3,(#5714,#5715,#5716,#5717),
 .UNSPECIFIED.,.F.,.F.,(4,4),(-0.287290287896484,0.525169791357947),
 .UNSPECIFIED.);
#74=B_SPLINE_CURVE_WITH_KNOTS('',3,(#5719,#5720,#5721,#5722,#5723,#5724,
#5725,#5726,#5727,#5728),.UNSPECIFIED.,.F.,.F.,(4,2,2,2,4),(0.285331745059526,
0.343117015071144,0.445061091289653,0.474657637926723,0.497258109333409),
 .UNSPECIFIED.);
#75=B_SPLINE_CURVE_WITH_KNOTS('',3,(#5730,#5731,#5732,#5733,#5734,#5735,
#5736,#5737),.UNSPECIFIED.,.F.,.F.,(4,2,2,4),(0.,0.0927377230073585,0.29555104062933,
0.553707559691427),.UNSPECIFIED.);
#76=B_SPLINE_CURVE_WITH_KNOTS('',3,(#5739,#5740,#5741,#5742),
 .UNSPECIFIED.,.F.,.F.,(4,4),(-0.356819255192201,0.118939751730731),
 .UNSPECIFIED.);
#77=B_SPLINE_CURVE_WITH_KNOTS('',3,(#5743,#5744,#5745,#5746,#5747,#5748,
#5749,#5750),.UNSPECIFIED.,.F.,.F.,(4,2,2,4),(0.0643646406590426,0.491262735239455,
0.68015992030944,0.781098445264475),.UNSPECIFIED.);
#78=B_SPLINE_CURVE_WITH_KNOTS('',3,(#5792,#5793,#5794,#5795,#5796,#5797),
 .UNSPECIFIED.,.F.,.F.,(4,2,4),(1.866610265984,2.525,3.25),
 .UNSPECIFIED.);
#79=B_SPLINE_CURVE_WITH_KNOTS('',3,(#5799,#5800,#5801,#5802),
 .UNSPECIFIED.,.F.,.F.,(4,4),(-0.75,-0.499999999999999),.UNSPECIFIED.);
#80=B_SPLINE_CURVE_WITH_KNOTS('',3,(#5804,#5805,#5806,#5807,#5808,#5809),
 .UNSPECIFIED.,.F.,.F.,(4,1,1,4),(-1.01336667490945,-0.699238870566927,
-0.581440943938479,-0.463643027917684),.UNSPECIFIED.);
#81=B_SPLINE_CURVE_WITH_KNOTS('',3,(#5811,#5812,#5813,#5814,#5815,#5816,
#5817,#5818,#5819,#5820,#5821,#5822),.UNSPECIFIED.,.F.,.F.,(4,2,2,2,2,4),
(-0.000585193698164237,0.,0.0738366226865635,0.151121947920785,0.248237276879399,
0.342763777349153),.UNSPECIFIED.);
#82=B_SPLINE_CURVE_WITH_KNOTS('',3,(#5823,#5824,#5825,#5826,#5827,#5828,
#5829,#5830,#5831,#5832),.UNSPECIFIED.,.F.,.F.,(4,2,2,2,4),(0.,0.00454679066039244,
0.0130745414113432,0.0355077198404367,0.0848712528602461),.UNSPECIFIED.);
#83=B_SPLINE_CURVE_WITH_KNOTS('',3,(#5837,#5838,#5839,#5840,#5841,#5842,
#5843,#5844),.UNSPECIFIED.,.F.,.F.,(4,2,2,4),(0.,0.166704627561558,0.323733397677635,
0.468502699492842),.UNSPECIFIED.);
#84=B_SPLINE_CURVE_WITH_KNOTS('',3,(#5845,#5846,#5847,#5848,#5849,#5850,
#5851,#5852,#5853,#5854),.UNSPECIFIED.,.F.,.F.,(4,2,2,2,4),(0.160929440311325,
0.248682906445067,0.35296750970376,0.409532350600051,0.472715604821425),
 .UNSPECIFIED.);
#85=B_SPLINE_CURVE_WITH_KNOTS('',3,(#5859,#5860,#5861,#5862,#5863,#5864,
#5865,#5866,#5867,#5868,#5869,#5870,#5871,#5872,#5873,#5874,#5875),
 .UNSPECIFIED.,.F.,.F.,(4,1,1,1,1,1,1,1,1,1,1,1,1,1,4),(-0.217104147675522,
-0.181385837293236,-0.14566752691095,-0.109949216528664,-0.0742309061463774,
-0.0385125957640913,-0.00279428538180515,0.00167050341598062,0.00613529221376639,
0.0150648698093379,0.0239944474049095,0.0284592362026952,0.0306916306015881,
0.0318078278010346,0.032924025000481),.UNSPECIFIED.);
#86=B_SPLINE_CURVE_WITH_KNOTS('',3,(#5876,#5877,#5878,#5879,#5880,#5881,
#5882,#5883,#5884,#5885),.UNSPECIFIED.,.F.,.F.,(4,1,1,1,1,1,1,4),(-0.250117372527133,
-0.21438631930897,-0.178655266090807,-0.142924212872644,-0.107193159654482,
-0.071462106436319,-0.0357310532181563,6.44799202402599E-15),
 .UNSPECIFIED.);
#87=B_SPLINE_CURVE_WITH_KNOTS('',3,(#5938,#5939,#5940,#5941,#5942,#5943,
#5944),.UNSPECIFIED.,.F.,.F.,(4,1,1,1,4),(-6.44799202402599E-15,0.0357310532181563,
0.071462106436319,0.107193159654482,0.118932191865066),.UNSPECIFIED.);
#88=B_SPLINE_CURVE_WITH_KNOTS('',3,(#6031,#6032,#6033,#6034,#6035,#6036,
#6037,#6038),.UNSPECIFIED.,.F.,.F.,(4,2,2,4),(0.,0.150905179200132,0.296105784958976,
0.466793024444206),.UNSPECIFIED.);
#89=B_SPLINE_CURVE_WITH_KNOTS('',3,(#6039,#6040,#6041,#6042,#6043,#6044,
#6045),.UNSPECIFIED.,.F.,.F.,(4,1,1,1,4),(0.0981980898638484,0.109949216528664,
0.14566752691095,0.181385837293236,0.217104147675522),.UNSPECIFIED.);
#90=B_SPLINE_CURVE_WITH_KNOTS('',3,(#6048,#6049,#6050,#6051,#6052,#6053),
 .UNSPECIFIED.,.F.,.F.,(4,2,4),(1.8,2.525,3.18338973401601),
 .UNSPECIFIED.);
#91=B_SPLINE_CURVE_WITH_KNOTS('',3,(#6055,#6056,#6057,#6058),
 .UNSPECIFIED.,.F.,.F.,(4,4),(-1.8,-1.55),.UNSPECIFIED.);
#92=B_SPLINE_CURVE_WITH_KNOTS('',3,(#6059,#6060,#6061,#6062,#6063,#6064,
#6065,#6066,#6067,#6068),.UNSPECIFIED.,.F.,.F.,(4,2,2,2,4),(0.,0.0463216492865514,
0.104745353492068,0.193322430737773,0.218989973301368),.UNSPECIFIED.);
#93=B_SPLINE_CURVE_WITH_KNOTS('',3,(#6118,#6119,#6120,#6121,#6122,#6123),
 .UNSPECIFIED.,.F.,.F.,(4,1,1,4),(-0.54972365759942,-0.392659755428157,
-0.235595853256894,0.),.UNSPECIFIED.);
#94=B_SPLINE_CURVE_WITH_KNOTS('',3,(#6164,#6165,#6166,#6167,#6168,#6169,
#6170,#6171,#6172,#6173,#6174,#6175),.UNSPECIFIED.,.F.,.F.,(4,2,2,2,2,4),
(0.637439218388374,0.666316101173011,0.700796315223704,0.71241872930595,
0.716839508969222,0.720459866610697),.UNSPECIFIED.);
#95=B_SPLINE_CURVE_WITH_KNOTS('',3,(#6176,#6177,#6178,#6179,#6180,#6181,
#6182,#6183,#6184,#6185,#6186,#6187),.UNSPECIFIED.,.F.,.F.,(4,2,2,2,2,4),
(0.994725484067163,1.08924230606855,1.18634769149111,1.26362510356061,1.33745416887622,
1.33803930261165),.UNSPECIFIED.);
#96=B_SPLINE_CURVE_WITH_KNOTS('',3,(#6190,#6191,#6192,#6193,#6194,#6195,
#6196,#6197,#6198,#6199,#6200,#6201),.UNSPECIFIED.,.F.,.F.,(4,2,2,2,2,4),
(-0.000585193509982137,0.,0.0738366170531596,0.151121930453135,0.24823724454373,
0.342763730542096),.UNSPECIFIED.);
#97=B_SPLINE_CURVE_WITH_KNOTS('',3,(#6244,#6245,#6246,#6247,#6248,#6249,
#6250,#6251),.UNSPECIFIED.,.F.,.F.,(4,2,2,4),(0.,0.0927377230073578,0.295551040629521,
0.553707559692123),.UNSPECIFIED.);
#98=B_SPLINE_CURVE_WITH_KNOTS('',3,(#6253,#6254,#6255,#6256),
 .UNSPECIFIED.,.F.,.F.,(4,4),(-0.118939751730731,0.3568192551922),
 .UNSPECIFIED.);
#99=B_SPLINE_CURVE_WITH_KNOTS('',3,(#6258,#6259,#6260,#6261,#6262,#6263,
#6264,#6265),.UNSPECIFIED.,.F.,.F.,(4,2,2,4),(0.0643646406590463,0.491262735239481,
0.68015992030951,0.781098445264643),.UNSPECIFIED.);
#100=B_SPLINE_CURVE_WITH_KNOTS('',3,(#6267,#6268,#6269,#6270,#6271,#6272,
#6273,#6274,#6275,#6276),.UNSPECIFIED.,.F.,.F.,(4,2,2,2,4),(0.,0.113226141310046,
0.210549401628139,0.297803770145166,0.388511216787561),.UNSPECIFIED.);
#101=B_SPLINE_CURVE_WITH_KNOTS('',3,(#6278,#6279,#6280,#6281),
 .UNSPECIFIED.,.F.,.F.,(4,4),(-0.525169791357947,0.287290287896483),
 .UNSPECIFIED.);
#102=B_SPLINE_CURVE_WITH_KNOTS('',3,(#6282,#6283,#6284,#6285,#6286,#6287,
#6288,#6289,#6290,#6291),.UNSPECIFIED.,.F.,.F.,(4,2,2,2,4),(0.285331700961116,
0.343116805768141,0.445062194826552,0.474659149558577,0.497259926660247),
 .UNSPECIFIED.);
#103=B_SPLINE_CURVE_WITH_KNOTS('',3,(#6333,#6334,#6335,#6336,#6337,#6338),
 .UNSPECIFIED.,.F.,.F.,(4,2,4),(1.86661026598399,2.525,3.25),
 .UNSPECIFIED.);
#104=B_SPLINE_CURVE_WITH_KNOTS('',3,(#6340,#6341,#6342,#6343),
 .UNSPECIFIED.,.F.,.F.,(4,4),(-0.75,-0.499999999999999),.UNSPECIFIED.);
#105=B_SPLINE_CURVE_WITH_KNOTS('',3,(#6345,#6346,#6347,#6348,#6349,#6350),
 .UNSPECIFIED.,.F.,.F.,(4,1,1,4),(-1.01336667490948,-0.699238870566948,
-0.5814409439385,-0.463643027917724),.UNSPECIFIED.);
#106=B_SPLINE_CURVE_WITH_KNOTS('',3,(#6352,#6353,#6354,#6355,#6356,#6357,
#6358,#6359,#6360,#6361),.UNSPECIFIED.,.F.,.F.,(4,2,2,2,4),(0.,0.00454679066039683,
0.0130745414113752,0.0355077198403124,0.0848712528590754),.UNSPECIFIED.);
#107=B_SPLINE_CURVE_WITH_KNOTS('',3,(#6366,#6367,#6368,#6369,#6370,#6371,
#6372,#6373),.UNSPECIFIED.,.F.,.F.,(4,2,2,4),(0.,0.165760555373111,0.320673621124534,
0.468487967897027),.UNSPECIFIED.);
#108=B_SPLINE_CURVE_WITH_KNOTS('',3,(#6374,#6375,#6376,#6377,#6378,#6379,
#6380,#6381,#6382,#6383),.UNSPECIFIED.,.F.,.F.,(4,2,2,2,4),(0.160929440311347,
0.248682906445148,0.352967509702735,0.40953235059787,0.472715604825354),
 .UNSPECIFIED.);
#109=B_SPLINE_CURVE_WITH_KNOTS('',3,(#6388,#6389,#6390,#6391,#6392,#6393,
#6394,#6395,#6396,#6397,#6398,#6399,#6400,#6401,#6402,#6403),
 .UNSPECIFIED.,.F.,.F.,(4,1,1,1,1,1,1,1,1,1,1,1,1,4),(-0.217206608495758,
-0.181475555277595,-0.145744502059433,-0.11001344884127,-0.0742823956231076,
-0.0385513424049451,-0.0206858157958638,-0.0117530524913232,-0.00282028918678257,
0.0150452374222987,0.0239780007268393,0.0284443823791096,0.0306775732052448,
0.0329107640313799),.UNSPECIFIED.);
#110=B_SPLINE_CURVE_WITH_KNOTS('',3,(#6404,#6405,#6406,#6407,#6408,#6409,
#6410,#6411,#6412),.UNSPECIFIED.,.F.,.F.,(4,1,1,1,1,1,4),(-0.250028172675997,
-0.214309862293712,-0.178591551911426,-0.142873241529141,-0.107154931146856,
-0.0714366207645705,0.),.UNSPECIFIED.);
#111=B_SPLINE_CURVE_WITH_KNOTS('',3,(#6494,#6495,#6496,#6497,#6498,#6499,
#6500,#6501),.UNSPECIFIED.,.F.,.F.,(4,2,2,4),(0.,0.151480714820271,0.293230967408521,
0.466678232198429),.UNSPECIFIED.);
#112=B_SPLINE_CURVE_WITH_KNOTS('',3,(#6503,#6504,#6505,#6506,#6507,#6508,
#6509),.UNSPECIFIED.,.F.,.F.,(4,1,1,1,4),(0.0982315112033588,0.11001344884127,
0.145744502059433,0.181475555277595,0.217206608495758),.UNSPECIFIED.);
#113=B_SPLINE_CURVE_WITH_KNOTS('',3,(#6556,#6557,#6558,#6559,#6560,#6561),
 .UNSPECIFIED.,.F.,.F.,(4,1,1,4),(0.,0.0714366207645705,0.107154931146856,
0.119009081434594),.UNSPECIFIED.);
#114=B_SPLINE_CURVE_WITH_KNOTS('',3,(#6587,#6588,#6589,#6590,#6591,#6592,
#6593,#6594,#6595,#6596),.UNSPECIFIED.,.F.,.F.,(4,2,2,2,4),(0.,0.0463216492863109,
0.104745353499461,0.193322430772536,0.218989973344167),.UNSPECIFIED.);
#115=B_SPLINE_CURVE_WITH_KNOTS('',3,(#6597,#6598,#6599,#6600,#6601,#6602),
 .UNSPECIFIED.,.F.,.F.,(4,1,1,4),(-0.549723657599409,-0.431925730970965,
-0.314127804342521,-2.27854192062293E-15),.UNSPECIFIED.);
#116=B_SPLINE_CURVE_WITH_KNOTS('',3,(#6606,#6607,#6608,#6609,#6610,#6611),
 .UNSPECIFIED.,.F.,.F.,(4,2,4),(1.8,2.525,3.183389734016),.UNSPECIFIED.);
#117=B_SPLINE_CURVE_WITH_KNOTS('',3,(#6612,#6613,#6614,#6615),
 .UNSPECIFIED.,.F.,.F.,(4,4),(-1.8,-1.55),.UNSPECIFIED.);
#118=B_SPLINE_CURVE_WITH_KNOTS('',3,(#6680,#6681,#6682,#6683,#6684,#6685,
#6686,#6687,#6688,#6689,#6690,#6691),.UNSPECIFIED.,.F.,.F.,(4,2,2,2,2,4),
(0.637439218455574,0.666316101245391,0.700796315302793,0.712418729387276,
0.716839509051379,0.720459866693604),.UNSPECIFIED.);
#119=B_SPLINE_CURVE_WITH_KNOTS('',3,(#6692,#6693,#6694,#6695,#6696,#6697,
#6698,#6699,#6700,#6701,#6702,#6703),.UNSPECIFIED.,.F.,.F.,(4,2,2,2,2,4),
(0.994725435765283,1.08924225304291,1.1863476336126,1.26362504182106,1.33745410530196,
1.3380392389749),.UNSPECIFIED.);
#120=B_SPLINE_SURFACE_WITH_KNOTS('',3,3,((#4533,#4534,#4535,#4536),(#4537,
#4538,#4539,#4540),(#4541,#4542,#4543,#4544),(#4545,#4546,#4547,#4548),
(#4549,#4550,#4551,#4552),(#4553,#4554,#4555,#4556),(#4557,#4558,#4559,
#4560),(#4561,#4562,#4563,#4564),(#4565,#4566,#4567,#4568),(#4569,#4570,
#4571,#4572)),.UNSPECIFIED.,.F.,.F.,.F.,(4,1,1,1,1,1,1,4),(4,4),(0.,0.142857142857143,
0.285714285714286,0.428571428571429,0.571428571428571,0.714285714285714,
0.857142857142857,1.),(-0.525169791357948,0.287290287896482),
 .UNSPECIFIED.);
#121=B_SPLINE_SURFACE_WITH_KNOTS('',3,3,((#4776,#4777,#4778,#4779,#4780,
#4781,#4782,#4783,#4784,#4785),(#4786,#4787,#4788,#4789,#4790,#4791,#4792,
#4793,#4794,#4795),(#4796,#4797,#4798,#4799,#4800,#4801,#4802,#4803,#4804,
#4805),(#4806,#4807,#4808,#4809,#4810,#4811,#4812,#4813,#4814,#4815),(#4816,
#4817,#4818,#4819,#4820,#4821,#4822,#4823,#4824,#4825)),.UNSPECIFIED.,.F.,
 .F.,.F.,(4,1,4),(4,1,1,1,1,1,1,4),(0.,0.571428571428571,1.),(1.53482895163045E-16,
0.0357310532181623,0.0714621064363244,0.107193159654486,0.142924212872649,
0.178655266090811,0.214386319308973,0.250117372527135),.UNSPECIFIED.);
#122=B_SPLINE_SURFACE_WITH_KNOTS('',3,3,((#4835,#4836,#4837,#4838,#4839,
#4840,#4841,#4842,#4843,#4844,#4845,#4846,#4847,#4848,#4849,#4850,#4851),
(#4852,#4853,#4854,#4855,#4856,#4857,#4858,#4859,#4860,#4861,#4862,#4863,
#4864,#4865,#4866,#4867,#4868),(#4869,#4870,#4871,#4872,#4873,#4874,#4875,
#4876,#4877,#4878,#4879,#4880,#4881,#4882,#4883,#4884,#4885),(#4886,#4887,
#4888,#4889,#4890,#4891,#4892,#4893,#4894,#4895,#4896,#4897,#4898,#4899,
#4900,#4901,#4902),(#4903,#4904,#4905,#4906,#4907,#4908,#4909,#4910,#4911,
#4912,#4913,#4914,#4915,#4916,#4917,#4918,#4919)),.UNSPECIFIED.,.F.,.F.,
 .F.,(4,1,4),(4,1,1,1,1,1,1,1,1,1,1,1,1,1,4),(0.,0.571428571428571,1.),
(-0.217104147675512,-0.181385837293225,-0.145667526910939,-0.109949216528652,
-0.074230906146366,-0.0385125957640796,-0.00279428538179319,0.00167050341599261,
0.00613529221377842,0.01506486980935,0.0239944474049216,0.0284592362027074,
0.0306916306016003,0.0318078278010468,0.0329240250004932),.UNSPECIFIED.);
#123=B_SPLINE_SURFACE_WITH_KNOTS('',3,3,((#4959,#4960,#4961,#4962,#4963,
#4964),(#4965,#4966,#4967,#4968,#4969,#4970),(#4971,#4972,#4973,#4974,#4975,
#4976),(#4977,#4978,#4979,#4980,#4981,#4982)),.UNSPECIFIED.,.F.,.F.,.F.,
(4,4),(4,1,1,4),(0.366162409553385,1.),(0.463643017310073,0.581440943938516,
0.69923887056696,1.01336667490947),.UNSPECIFIED.);
#124=B_SPLINE_SURFACE_WITH_KNOTS('',3,3,((#4984,#4985,#4986,#4987,#4988,
#4989),(#4990,#4991,#4992,#4993,#4994,#4995),(#4996,#4997,#4998,#4999,#5000,
#5001),(#5002,#5003,#5004,#5005,#5006,#5007)),.UNSPECIFIED.,.F.,.F.,.F.,
(4,4),(4,1,1,4),(0.366162409553411,1.),(0.,0.235595853256898,0.392659755428163,
0.549723657599428),.UNSPECIFIED.);
#125=B_SPLINE_SURFACE_WITH_KNOTS('',3,3,((#5156,#5157,#5158,#5159),(#5160,
#5161,#5162,#5163),(#5164,#5165,#5166,#5167),(#5168,#5169,#5170,#5171),
(#5172,#5173,#5174,#5175),(#5176,#5177,#5178,#5179),(#5180,#5181,#5182,
#5183),(#5184,#5185,#5186,#5187),(#5188,#5189,#5190,#5191),(#5192,#5193,
#5194,#5195)),.UNSPECIFIED.,.F.,.F.,.F.,(4,1,1,1,1,1,1,4),(4,4),(0.,0.142857142857143,
0.285714285714286,0.428571428571429,0.571428571428571,0.714285714285714,
0.857142857142857,1.),(-0.525169791357947,0.287290287896483),
 .UNSPECIFIED.);
#126=B_SPLINE_SURFACE_WITH_KNOTS('',3,3,((#5367,#5368,#5369,#5370,#5371,
#5372,#5373,#5374,#5375,#5376,#5377,#5378,#5379,#5380,#5381,#5382),(#5383,
#5384,#5385,#5386,#5387,#5388,#5389,#5390,#5391,#5392,#5393,#5394,#5395,
#5396,#5397,#5398),(#5399,#5400,#5401,#5402,#5403,#5404,#5405,#5406,#5407,
#5408,#5409,#5410,#5411,#5412,#5413,#5414),(#5415,#5416,#5417,#5418,#5419,
#5420,#5421,#5422,#5423,#5424,#5425,#5426,#5427,#5428,#5429,#5430),(#5431,
#5432,#5433,#5434,#5435,#5436,#5437,#5438,#5439,#5440,#5441,#5442,#5443,
#5444,#5445,#5446)),.UNSPECIFIED.,.F.,.F.,.F.,(4,1,4),(4,1,1,1,1,1,1,1,
1,1,1,1,1,4),(0.,0.571428571428571,1.),(-0.217206608495787,-0.181475555277625,
-0.145744502059463,-0.110013448841301,-0.0742823956231383,-0.038551342404976,
-0.0206858157958949,-0.0117530524913543,-0.00282028918681373,0.0150452374222674,
0.0239780007268079,0.0284443823790782,0.0306775732052134,0.0329107640313485),
 .UNSPECIFIED.);
#127=B_SPLINE_SURFACE_WITH_KNOTS('',3,3,((#5465,#5466,#5467,#5468,#5469,
#5470,#5471,#5472,#5473),(#5474,#5475,#5476,#5477,#5478,#5479,#5480,#5481,
#5482),(#5483,#5484,#5485,#5486,#5487,#5488,#5489,#5490,#5491),(#5492,#5493,
#5494,#5495,#5496,#5497,#5498,#5499,#5500),(#5501,#5502,#5503,#5504,#5505,
#5506,#5507,#5508,#5509)),.UNSPECIFIED.,.F.,.F.,.F.,(4,1,4),(4,1,1,1,1,
1,4),(0.,0.571428571428571,1.),(0.,0.0714366207645705,0.107154931146856,
0.142873241529141,0.178591551911426,0.214309862293712,0.250028172675997),
 .UNSPECIFIED.);
#128=B_SPLINE_SURFACE_WITH_KNOTS('',3,3,((#5516,#5517,#5518,#5519,#5520,
#5521),(#5522,#5523,#5524,#5525,#5526,#5527),(#5528,#5529,#5530,#5531,#5532,
#5533),(#5534,#5535,#5536,#5537,#5538,#5539)),.UNSPECIFIED.,.F.,.F.,.F.,
(4,4),(4,1,1,4),(0.366162409553417,1.),(0.,0.235595853256894,0.392659755428157,
0.54972365759942),.UNSPECIFIED.);
#129=B_SPLINE_SURFACE_WITH_KNOTS('',3,3,((#5570,#5571,#5572,#5573,#5574,
#5575),(#5576,#5577,#5578,#5579,#5580,#5581),(#5582,#5583,#5584,#5585,#5586,
#5587),(#5588,#5589,#5590,#5591,#5592,#5593)),.UNSPECIFIED.,.F.,.F.,.F.,
(4,4),(4,1,1,4),(0.366162409553406,1.),(0.463643017310058,0.581440943938503,
0.699238870566947,1.01336667490947),.UNSPECIFIED.);
#130=B_SPLINE_SURFACE_WITH_KNOTS('',3,3,((#5661,#5662,#5663,#5664),(#5665,
#5666,#5667,#5668),(#5669,#5670,#5671,#5672),(#5673,#5674,#5675,#5676),
(#5677,#5678,#5679,#5680),(#5681,#5682,#5683,#5684),(#5685,#5686,#5687,
#5688),(#5689,#5690,#5691,#5692),(#5693,#5694,#5695,#5696),(#5697,#5698,
#5699,#5700)),.UNSPECIFIED.,.F.,.F.,.F.,(4,1,1,1,1,1,1,4),(4,4),(0.,0.142857142857143,
0.285714285714286,0.428571428571429,0.571428571428571,0.714285714285714,
0.857142857142857,1.),(-0.525169791357947,0.287290287896484),
 .UNSPECIFIED.);
#131=B_SPLINE_SURFACE_WITH_KNOTS('',3,3,((#5886,#5887,#5888,#5889,#5890,
#5891,#5892,#5893,#5894,#5895),(#5896,#5897,#5898,#5899,#5900,#5901,#5902,
#5903,#5904,#5905),(#5906,#5907,#5908,#5909,#5910,#5911,#5912,#5913,#5914,
#5915),(#5916,#5917,#5918,#5919,#5920,#5921,#5922,#5923,#5924,#5925),(#5926,
#5927,#5928,#5929,#5930,#5931,#5932,#5933,#5934,#5935)),.UNSPECIFIED.,.F.,
 .F.,.F.,(4,1,4),(4,1,1,1,1,1,1,4),(0.,0.571428571428571,1.),(-6.44799202402599E-15,
0.0357310532181563,0.071462106436319,0.107193159654482,0.142924212872644,
0.178655266090807,0.21438631930897,0.250117372527133),.UNSPECIFIED.);
#132=B_SPLINE_SURFACE_WITH_KNOTS('',3,3,((#5945,#5946,#5947,#5948,#5949,
#5950,#5951,#5952,#5953,#5954,#5955,#5956,#5957,#5958,#5959,#5960,#5961),
(#5962,#5963,#5964,#5965,#5966,#5967,#5968,#5969,#5970,#5971,#5972,#5973,
#5974,#5975,#5976,#5977,#5978),(#5979,#5980,#5981,#5982,#5983,#5984,#5985,
#5986,#5987,#5988,#5989,#5990,#5991,#5992,#5993,#5994,#5995),(#5996,#5997,
#5998,#5999,#6000,#6001,#6002,#6003,#6004,#6005,#6006,#6007,#6008,#6009,
#6010,#6011,#6012),(#6013,#6014,#6015,#6016,#6017,#6018,#6019,#6020,#6021,
#6022,#6023,#6024,#6025,#6026,#6027,#6028,#6029)),.UNSPECIFIED.,.F.,.F.,
 .F.,(4,1,4),(4,1,1,1,1,1,1,1,1,1,1,1,1,1,4),(0.,0.571428571428571,1.),
(-0.217104147675522,-0.181385837293236,-0.14566752691095,-0.109949216528664,
-0.0742309061463774,-0.0385125957640913,-0.00279428538180515,0.00167050341598062,
0.00613529221376639,0.0150648698093379,0.0239944474049095,0.0284592362026952,
0.0306916306015881,0.0318078278010346,0.032924025000481),.UNSPECIFIED.);
#133=B_SPLINE_SURFACE_WITH_KNOTS('',3,3,((#6069,#6070,#6071,#6072,#6073,
#6074),(#6075,#6076,#6077,#6078,#6079,#6080),(#6081,#6082,#6083,#6084,#6085,
#6086),(#6087,#6088,#6089,#6090,#6091,#6092)),.UNSPECIFIED.,.F.,.F.,.F.,
(4,4),(4,1,1,4),(0.366162409553403,1.),(0.463643017310031,0.581440943938479,
0.699238870566927,1.01336667490945),.UNSPECIFIED.);
#134=B_SPLINE_SURFACE_WITH_KNOTS('',3,3,((#6094,#6095,#6096,#6097,#6098,
#6099),(#6100,#6101,#6102,#6103,#6104,#6105),(#6106,#6107,#6108,#6109,#6110,
#6111),(#6112,#6113,#6114,#6115,#6116,#6117)),.UNSPECIFIED.,.F.,.F.,.F.,
(4,4),(4,1,1,4),(0.366162409553411,1.),(0.,0.235595853256894,0.392659755428157,
0.54972365759942),.UNSPECIFIED.);
#135=B_SPLINE_SURFACE_WITH_KNOTS('',3,3,((#6202,#6203,#6204,#6205),(#6206,
#6207,#6208,#6209),(#6210,#6211,#6212,#6213),(#6214,#6215,#6216,#6217),
(#6218,#6219,#6220,#6221),(#6222,#6223,#6224,#6225),(#6226,#6227,#6228,
#6229),(#6230,#6231,#6232,#6233),(#6234,#6235,#6236,#6237),(#6238,#6239,
#6240,#6241)),.UNSPECIFIED.,.F.,.F.,.F.,(4,1,1,1,1,1,1,4),(4,4),(0.,0.142857142857143,
0.285714285714286,0.428571428571429,0.571428571428571,0.714285714285714,
0.857142857142857,1.),(-0.525169791357947,0.287290287896483),
 .UNSPECIFIED.);
#136=B_SPLINE_SURFACE_WITH_KNOTS('',3,3,((#6413,#6414,#6415,#6416,#6417,
#6418,#6419,#6420,#6421,#6422,#6423,#6424,#6425,#6426,#6427,#6428),(#6429,
#6430,#6431,#6432,#6433,#6434,#6435,#6436,#6437,#6438,#6439,#6440,#6441,
#6442,#6443,#6444),(#6445,#6446,#6447,#6448,#6449,#6450,#6451,#6452,#6453,
#6454,#6455,#6456,#6457,#6458,#6459,#6460),(#6461,#6462,#6463,#6464,#6465,
#6466,#6467,#6468,#6469,#6470,#6471,#6472,#6473,#6474,#6475,#6476),(#6477,
#6478,#6479,#6480,#6481,#6482,#6483,#6484,#6485,#6486,#6487,#6488,#6489,
#6490,#6491,#6492)),.UNSPECIFIED.,.F.,.F.,.F.,(4,1,4),(4,1,1,1,1,1,1,1,
1,1,1,1,1,4),(0.,0.571428571428571,1.),(-0.217206608495758,-0.181475555277595,
-0.145744502059433,-0.11001344884127,-0.0742823956231076,-0.0385513424049451,
-0.0206858157958638,-0.0117530524913232,-0.00282028918678257,0.0150452374222987,
0.0239780007268393,0.0284443823791096,0.0306775732052448,0.0329107640313799),
 .UNSPECIFIED.);
#137=B_SPLINE_SURFACE_WITH_KNOTS('',3,3,((#6511,#6512,#6513,#6514,#6515,
#6516,#6517,#6518,#6519),(#6520,#6521,#6522,#6523,#6524,#6525,#6526,#6527,
#6528),(#6529,#6530,#6531,#6532,#6533,#6534,#6535,#6536,#6537),(#6538,#6539,
#6540,#6541,#6542,#6543,#6544,#6545,#6546),(#6547,#6548,#6549,#6550,#6551,
#6552,#6553,#6554,#6555)),.UNSPECIFIED.,.F.,.F.,.F.,(4,1,4),(4,1,1,1,1,
1,4),(0.,0.571428571428571,1.),(0.,0.0714366207645705,0.107154931146856,
0.142873241529141,0.178591551911426,0.214309862293712,0.250028172675997),
 .UNSPECIFIED.);
#138=B_SPLINE_SURFACE_WITH_KNOTS('',3,3,((#6562,#6563,#6564,#6565,#6566,
#6567),(#6568,#6569,#6570,#6571,#6572,#6573),(#6574,#6575,#6576,#6577,#6578,
#6579),(#6580,#6581,#6582,#6583,#6584,#6585)),.UNSPECIFIED.,.F.,.F.,.F.,
(4,4),(4,1,1,4),(0.366162409553407,1.),(2.27854192062293E-15,0.314127804342521,
0.431925730970965,0.549723657599409),.UNSPECIFIED.);
#139=B_SPLINE_SURFACE_WITH_KNOTS('',3,3,((#6616,#6617,#6618,#6619,#6620,
#6621),(#6622,#6623,#6624,#6625,#6626,#6627),(#6628,#6629,#6630,#6631,#6632,
#6633),(#6634,#6635,#6636,#6637,#6638,#6639)),.UNSPECIFIED.,.F.,.F.,.F.,
(4,4),(4,1,1,4),(0.366162409553411,1.),(0.463643017310051,0.5814409439385,
0.699238870566948,1.01336667490948),.UNSPECIFIED.);
#140=ELLIPSE('',#3060,0.707106781186549,0.5);
#141=ELLIPSE('',#3063,0.707106781186548,0.5);
#142=ELLIPSE('',#3065,0.707106781186549,0.5);
#143=ELLIPSE('',#3066,0.707106781186548,0.5);
#144=ELLIPSE('',#3069,0.707106781186548,0.5);
#145=ELLIPSE('',#3076,0.707106781186549,0.5);
#146=ELLIPSE('',#3078,0.707106781186547,0.5);
#147=ELLIPSE('',#3085,0.707106781186548,0.5);
#148=ELLIPSE('',#3097,0.707106781186547,0.5);
#149=ELLIPSE('',#3102,0.707106781186549,0.5);
#150=ELLIPSE('',#3104,0.707106781186547,0.5);
#151=ELLIPSE('',#3110,0.707106781186547,0.5);
#152=(
BOUNDED_CURVE()
B_SPLINE_CURVE(5,(#4202,#4203,#4204,#4205,#4206,#4207,#4208,#4209,#4210,
#4211,#4212,#4213,#4214,#4215,#4216,#4217),.UNSPECIFIED.,.F.,.F.)
B_SPLINE_CURVE_WITH_KNOTS((6,1,1,1,1,1,1,1,1,1,1,6),(0.293050394596355,
0.333333333333333,0.4,0.466666666666667,0.533333333333333,0.6,0.666666666666667,
0.733333333333333,0.8,0.866666666666667,0.933333333333333,1.),
 .UNSPECIFIED.)
CURVE()
GEOMETRIC_REPRESENTATION_ITEM()
RATIONAL_B_SPLINE_CURVE((1.,1.,1.,1.,1.,1.,1.,1.,1.,1.,1.,1.,1.,1.,1.,1.))
REPRESENTATION_ITEM('')
);
#153=(
BOUNDED_CURVE()
B_SPLINE_CURVE(5,(#4219,#4220,#4221,#4222,#4223,#4224,#4225,#4226,#4227,
#4228,#4229,#4230,#4231,#4232,#4233,#4234),.UNSPECIFIED.,.F.,.F.)
B_SPLINE_CURVE_WITH_KNOTS((6,1,1,1,1,1,1,1,1,1,1,6),(-1.,-0.933333333333333,
-0.866666666666667,-0.8,-0.733333333333333,-0.666666666666667,-0.6,-0.533333333333333,
-0.466666666666667,-0.4,-0.333333333333333,-0.293050394596357),
 .UNSPECIFIED.)
CURVE()
GEOMETRIC_REPRESENTATION_ITEM()
RATIONAL_B_SPLINE_CURVE((1.,1.,1.,1.,1.,1.,1.,1.,1.,1.,1.,1.,1.,1.,1.,1.))
REPRESENTATION_ITEM('')
);
#154=(
BOUNDED_CURVE()
B_SPLINE_CURVE(5,(#4238,#4239,#4240,#4241,#4242,#4243,#4244,#4245,#4246,
#4247,#4248,#4249,#4250,#4251,#4252,#4253),.UNSPECIFIED.,.F.,.F.)
B_SPLINE_CURVE_WITH_KNOTS((6,1,1,1,1,1,1,1,1,1,1,6),(0.29305039459636,0.333333333333333,
0.4,0.466666666666667,0.533333333333333,0.6,0.666666666666667,0.733333333333333,
0.8,0.866666666666667,0.933333333333333,1.),.UNSPECIFIED.)
CURVE()
GEOMETRIC_REPRESENTATION_ITEM()
RATIONAL_B_SPLINE_CURVE((1.,1.,1.,1.,1.,1.,1.,1.,1.,1.,1.,1.,1.,1.,1.,1.))
REPRESENTATION_ITEM('')
);
#155=(
BOUNDED_CURVE()
B_SPLINE_CURVE(5,(#4255,#4256,#4257,#4258,#4259,#4260,#4261,#4262,#4263,
#4264,#4265,#4266,#4267,#4268,#4269,#4270),.UNSPECIFIED.,.F.,.F.)
B_SPLINE_CURVE_WITH_KNOTS((6,1,1,1,1,1,1,1,1,1,1,6),(-1.,-0.933333333333333,
-0.866666666666667,-0.8,-0.733333333333333,-0.666666666666667,-0.6,-0.533333333333333,
-0.466666666666667,-0.4,-0.333333333333333,-0.29305039459636),
 .UNSPECIFIED.)
CURVE()
GEOMETRIC_REPRESENTATION_ITEM()
RATIONAL_B_SPLINE_CURVE((1.,1.,1.,1.,1.,1.,1.,1.,1.,1.,1.,1.,1.,1.,1.,1.))
REPRESENTATION_ITEM('')
);
#156=(
BOUNDED_CURVE()
B_SPLINE_CURVE(5,(#4685,#4686,#4687,#4688,#4689,#4690,#4691,#4692,#4693,
#4694,#4695,#4696,#4697,#4698,#4699,#4700),.UNSPECIFIED.,.F.,.F.)
B_SPLINE_CURVE_WITH_KNOTS((6,1,1,1,1,1,1,1,1,1,1,6),(0.293050394596355,
0.333333333333333,0.4,0.466666666666667,0.533333333333333,0.6,0.666666666666667,
0.733333333333333,0.8,0.866666666666667,0.933333333333333,1.),
 .UNSPECIFIED.)
CURVE()
GEOMETRIC_REPRESENTATION_ITEM()
RATIONAL_B_SPLINE_CURVE((1.,1.,1.,1.,1.,1.,1.,1.,1.,1.,1.,1.,1.,1.,1.,1.))
REPRESENTATION_ITEM('')
);
#157=(
BOUNDED_CURVE()
B_SPLINE_CURVE(5,(#5079,#5080,#5081,#5082,#5083,#5084,#5085,#5086,#5087,
#5088,#5089,#5090,#5091,#5092,#5093,#5094),.UNSPECIFIED.,.F.,.F.)
B_SPLINE_CURVE_WITH_KNOTS((6,1,1,1,1,1,1,1,1,1,1,6),(-1.,-0.933333333333333,
-0.866666666666667,-0.8,-0.733333333333333,-0.666666666666667,-0.6,-0.533333333333333,
-0.466666666666667,-0.4,-0.333333333333333,-0.293050394596358),
 .UNSPECIFIED.)
CURVE()
GEOMETRIC_REPRESENTATION_ITEM()
RATIONAL_B_SPLINE_CURVE((1.,1.,1.,1.,1.,1.,1.,1.,1.,1.,1.,1.,1.,1.,1.,1.))
REPRESENTATION_ITEM('')
);
#158=(
BOUNDED_CURVE()
B_SPLINE_CURVE(5,(#5101,#5102,#5103,#5104,#5105,#5106,#5107,#5108,#5109,
#5110,#5111,#5112,#5113,#5114,#5115,#5116),.UNSPECIFIED.,.F.,.F.)
B_SPLINE_CURVE_WITH_KNOTS((6,1,1,1,1,1,1,1,1,1,1,6),(0.293050394596361,
0.333333333333333,0.4,0.466666666666667,0.533333333333333,0.6,0.666666666666667,
0.733333333333333,0.8,0.866666666666667,0.933333333333333,1.),
 .UNSPECIFIED.)
CURVE()
GEOMETRIC_REPRESENTATION_ITEM()
RATIONAL_B_SPLINE_CURVE((1.,1.,1.,1.,1.,1.,1.,1.,1.,1.,1.,1.,1.,1.,1.,1.))
REPRESENTATION_ITEM('')
);
#159=(
BOUNDED_CURVE()
B_SPLINE_CURVE(5,(#5118,#5119,#5120,#5121,#5122,#5123,#5124,#5125,#5126,
#5127,#5128,#5129,#5130,#5131,#5132,#5133),.UNSPECIFIED.,.F.,.F.)
B_SPLINE_CURVE_WITH_KNOTS((6,1,1,1,1,1,1,1,1,1,1,6),(-1.,-0.933333333333333,
-0.866666666666667,-0.8,-0.733333333333333,-0.666666666666667,-0.6,-0.533333333333333,
-0.466666666666667,-0.4,-0.333333333333333,-0.293050394596361),
 .UNSPECIFIED.)
CURVE()
GEOMETRIC_REPRESENTATION_ITEM()
RATIONAL_B_SPLINE_CURVE((1.,1.,1.,1.,1.,1.,1.,1.,1.,1.,1.,1.,1.,1.,1.,1.))
REPRESENTATION_ITEM('')
);
#160=FACE_BOUND('',#880,.T.);
#161=FACE_BOUND('',#881,.T.);
#162=FACE_BOUND('',#882,.T.);
#163=FACE_BOUND('',#902,.T.);
#164=FACE_BOUND('',#904,.T.);
#165=FACE_BOUND('',#907,.T.);
#166=FACE_BOUND('',#908,.T.);
#167=FACE_BOUND('',#909,.T.);
#168=FACE_BOUND('',#910,.T.);
#169=FACE_BOUND('',#912,.T.);
#170=FACE_BOUND('',#913,.T.);
#171=FACE_BOUND('',#971,.T.);
#172=FACE_BOUND('',#972,.T.);
#173=FACE_BOUND('',#973,.T.);
#174=FACE_BOUND('',#974,.T.);
#175=FACE_BOUND('',#1033,.T.);
#176=FACE_BOUND('',#1034,.T.);
#177=FACE_BOUND('',#1037,.T.);
#178=FACE_BOUND('',#1040,.T.);
#179=FACE_BOUND('',#1044,.T.);
#180=PLANE('',#2972);
#181=PLANE('',#2979);
#182=PLANE('',#2984);
#183=PLANE('',#3027);
#184=PLANE('',#3031);
#185=PLANE('',#3033);
#186=PLANE('',#3035);
#187=PLANE('',#3041);
#188=PLANE('',#3042);
#189=PLANE('',#3047);
#190=PLANE('',#3057);
#191=PLANE('',#3058);
#192=PLANE('',#3059);
#193=PLANE('',#3061);
#194=PLANE('',#3062);
#195=PLANE('',#3064);
#196=PLANE('',#3071);
#197=PLANE('',#3072);
#198=PLANE('',#3073);
#199=PLANE('',#3081);
#200=PLANE('',#3082);
#201=PLANE('',#3083);
#202=PLANE('',#3088);
#203=PLANE('',#3089);
#204=PLANE('',#3090);
#205=PLANE('',#3091);
#206=PLANE('',#3092);
#207=PLANE('',#3093);
#208=PLANE('',#3094);
#209=PLANE('',#3095);
#210=PLANE('',#3099);
#211=PLANE('',#3100);
#212=PLANE('',#3106);
#213=PLANE('',#3107);
#214=PLANE('',#3108);
#215=PLANE('',#3112);
#216=PLANE('',#3113);
#217=PLANE('',#3114);
#218=PLANE('',#3115);
#219=PLANE('',#3116);
#220=PLANE('',#3117);
#221=PLANE('',#3118);
#222=PLANE('',#3120);
#223=PLANE('',#3122);
#224=PLANE('',#3123);
#225=PLANE('',#3129);
#226=PLANE('',#3130);
#227=PLANE('',#3133);
#228=PLANE('',#3134);
#229=PLANE('',#3137);
#230=PLANE('',#3138);
#231=PLANE('',#3140);
#232=PLANE('',#3142);
#233=PLANE('',#3144);
#234=PLANE('',#3145);
#235=PLANE('',#3148);
#236=PLANE('',#3149);
#237=PLANE('',#3154);
#238=PLANE('',#3157);
#239=PLANE('',#3160);
#240=PLANE('',#3163);
#241=PLANE('',#3166);
#242=PLANE('',#3169);
#243=PLANE('',#3172);
#244=PLANE('',#3175);
#245=PLANE('',#3180);
#246=PLANE('',#3185);
#247=PLANE('',#3189);
#248=PLANE('',#3194);
#249=LINE('',#3960,#442);
#250=LINE('',#3961,#443);
#251=LINE('',#3978,#444);
#252=LINE('',#3979,#445);
#253=LINE('',#3990,#446);
#254=LINE('',#3991,#447);
#255=LINE('',#4002,#448);
#256=LINE('',#4003,#449);
#257=LINE('',#4014,#450);
#258=LINE('',#4015,#451);
#259=LINE('',#4021,#452);
#260=LINE('',#4025,#453);
#261=LINE('',#4029,#454);
#262=LINE('',#4032,#455);
#263=LINE('',#4035,#456);
#264=LINE('',#4036,#457);
#265=LINE('',#4039,#458);
#266=LINE('',#4043,#459);
#267=LINE('',#4047,#460);
#268=LINE('',#4051,#461);
#269=LINE('',#4055,#462);
#270=LINE('',#4056,#463);
#271=LINE('',#4058,#464);
#272=LINE('',#4060,#465);
#273=LINE('',#4061,#466);
#274=LINE('',#4064,#467);
#275=LINE('',#4068,#468);
#276=LINE('',#4086,#469);
#277=LINE('',#4098,#470);
#278=LINE('',#4107,#471);
#279=LINE('',#4108,#472);
#280=LINE('',#4119,#473);
#281=LINE('',#4120,#474);
#282=LINE('',#4131,#475);
#283=LINE('',#4132,#476);
#284=LINE('',#4142,#477);
#285=LINE('',#4145,#478);
#286=LINE('',#4148,#479);
#287=LINE('',#4149,#480);
#288=LINE('',#4152,#481);
#289=LINE('',#4156,#482);
#290=LINE('',#4158,#483);
#291=LINE('',#4160,#484);
#292=LINE('',#4166,#485);
#293=LINE('',#4168,#486);
#294=LINE('',#4172,#487);
#295=LINE('',#4176,#488);
#296=LINE('',#4178,#489);
#297=LINE('',#4179,#490);
#298=LINE('',#4181,#491);
#299=LINE('',#4183,#492);
#300=LINE('',#4185,#493);
#301=LINE('',#4189,#494);
#302=LINE('',#4192,#495);
#303=LINE('',#4198,#496);
#304=LINE('',#4200,#497);
#305=LINE('',#4236,#498);
#306=LINE('',#4271,#499);
#307=LINE('',#4282,#500);
#308=LINE('',#4286,#501);
#309=LINE('',#4290,#502);
#310=LINE('',#4292,#503);
#311=LINE('',#4293,#504);
#312=LINE('',#4295,#505);
#313=LINE('',#4297,#506);
#314=LINE('',#4299,#507);
#315=LINE('',#4303,#508);
#316=LINE('',#4306,#509);
#317=LINE('',#4309,#510);
#318=LINE('',#4317,#511);
#319=LINE('',#4318,#512);
#320=LINE('',#4323,#513);
#321=LINE('',#4327,#514);
#322=LINE('',#4328,#515);
#323=LINE('',#4331,#516);
#324=LINE('',#4333,#517);
#325=LINE('',#4335,#518);
#326=LINE('',#4337,#519);
#327=LINE('',#4339,#520);
#328=LINE('',#4341,#521);
#329=LINE('',#4343,#522);
#330=LINE('',#4345,#523);
#331=LINE('',#4347,#524);
#332=LINE('',#4349,#525);
#333=LINE('',#4351,#526);
#334=LINE('',#4353,#527);
#335=LINE('',#4355,#528);
#336=LINE('',#4357,#529);
#337=LINE('',#4359,#530);
#338=LINE('',#4360,#531);
#339=LINE('',#4363,#532);
#340=LINE('',#4366,#533);
#341=LINE('',#4369,#534);
#342=LINE('',#4371,#535);
#343=LINE('',#4375,#536);
#344=LINE('',#4380,#537);
#345=LINE('',#4384,#538);
#346=LINE('',#4387,#539);
#347=LINE('',#4388,#540);
#348=LINE('',#4391,#541);
#349=LINE('',#4392,#542);
#350=LINE('',#4393,#543);
#351=LINE('',#4396,#544);
#352=LINE('',#4397,#545);
#353=LINE('',#4399,#546);
#354=LINE('',#4403,#547);
#355=LINE('',#4407,#548);
#356=LINE('',#4411,#549);
#357=LINE('',#4414,#550);
#358=LINE('',#4417,#551);
#359=LINE('',#4420,#552);
#360=LINE('',#4423,#553);
#361=LINE('',#4425,#554);
#362=LINE('',#4426,#555);
#363=LINE('',#4429,#556);
#364=LINE('',#4430,#557);
#365=LINE('',#4433,#558);
#366=LINE('',#4434,#559);
#367=LINE('',#4437,#560);
#368=LINE('',#4439,#561);
#369=LINE('',#4443,#562);
#370=LINE('',#4446,#563);
#371=LINE('',#4448,#564);
#372=LINE('',#4451,#565);
#373=LINE('',#4452,#566);
#374=LINE('',#4455,#567);
#375=LINE('',#4456,#568);
#376=LINE('',#4458,#569);
#377=LINE('',#4461,#570);
#378=LINE('',#4463,#571);
#379=LINE('',#4465,#572);
#380=LINE('',#4467,#573);
#381=LINE('',#4468,#574);
#382=LINE('',#4469,#575);
#383=LINE('',#4471,#576);
#384=LINE('',#4473,#577);
#385=LINE('',#4475,#578);
#386=LINE('',#4477,#579);
#387=LINE('',#4478,#580);
#388=LINE('',#4480,#581);
#389=LINE('',#4485,#582);
#390=LINE('',#4487,#583);
#391=LINE('',#4490,#584);
#392=LINE('',#4491,#585);
#393=LINE('',#4493,#586);
#394=LINE('',#4495,#587);
#395=LINE('',#4498,#588);
#396=LINE('',#4500,#589);
#397=LINE('',#4504,#590);
#398=LINE('',#4507,#591);
#399=LINE('',#4509,#592);
#400=LINE('',#4510,#593);
#401=LINE('',#4512,#594);
#402=LINE('',#4514,#595);
#403=LINE('',#4515,#596);
#404=LINE('',#4519,#597);
#405=LINE('',#4521,#598);
#406=LINE('',#4524,#599);
#407=LINE('',#4525,#600);
#408=LINE('',#4528,#601);
#409=LINE('',#4529,#602);
#410=LINE('',#4683,#603);
#411=LINE('',#4725,#604);
#412=LINE('',#4747,#605);
#413=LINE('',#5097,#606);
#414=LINE('',#5099,#607);
#415=LINE('',#5134,#608);
#416=LINE('',#5305,#609);
#417=LINE('',#5318,#610);
#418=LINE('',#5340,#611);
#419=LINE('',#5810,#612);
#420=LINE('',#5835,#613);
#421=LINE('',#5857,#614);
#422=LINE('',#6351,#615);
#423=LINE('',#6364,#616);
#424=LINE('',#6386,#617);
#425=LINE('',#6709,#618);
#426=LINE('',#6714,#619);
#427=LINE('',#6719,#620);
#428=LINE('',#6724,#621);
#429=LINE('',#6729,#622);
#430=LINE('',#6734,#623);
#431=LINE('',#6739,#624);
#432=LINE('',#6744,#625);
#433=LINE('',#6749,#626);
#434=LINE('',#6752,#627);
#435=LINE('',#6762,#628);
#436=LINE('',#6770,#629);
#437=LINE('',#6775,#630);
#438=LINE('',#6779,#631);
#439=LINE('',#6784,#632);
#440=LINE('',#6786,#633);
#441=LINE('',#6788,#634);
#442=VECTOR('',#3223,10.);
#443=VECTOR('',#3224,10.);
#444=VECTOR('',#3245,10.);
#445=VECTOR('',#3246,10.);
#446=VECTOR('',#3259,10.);
#447=VECTOR('',#3260,10.);
#448=VECTOR('',#3273,10.);
#449=VECTOR('',#3274,10.);
#450=VECTOR('',#3287,10.);
#451=VECTOR('',#3288,10.);
#452=VECTOR('',#3297,10.);
#453=VECTOR('',#3300,10.);
#454=VECTOR('',#3303,10.);
#455=VECTOR('',#3306,10.);
#456=VECTOR('',#3309,10.);
#457=VECTOR('',#3310,10.);
#458=VECTOR('',#3313,10.);
#459=VECTOR('',#3318,10.);
#460=VECTOR('',#3321,10.);
#461=VECTOR('',#3324,10.);
#462=VECTOR('',#3329,10.);
#463=VECTOR('',#3330,10.);
#464=VECTOR('',#3331,10.);
#465=VECTOR('',#3332,10.);
#466=VECTOR('',#3333,10.);
#467=VECTOR('',#3336,10.);
#468=VECTOR('',#3341,10.);
#469=VECTOR('',#3364,10.);
#470=VECTOR('',#3381,10.);
#471=VECTOR('',#3392,10.);
#472=VECTOR('',#3393,10.);
#473=VECTOR('',#3406,10.);
#474=VECTOR('',#3407,10.);
#475=VECTOR('',#3420,10.);
#476=VECTOR('',#3421,10.);
#477=VECTOR('',#3436,10.);
#478=VECTOR('',#3439,10.);
#479=VECTOR('',#3442,10.);
#480=VECTOR('',#3443,10.);
#481=VECTOR('',#3446,10.);
#482=VECTOR('',#3449,10.);
#483=VECTOR('',#3452,10.);
#484=VECTOR('',#3455,10.);
#485=VECTOR('',#3464,10.);
#486=VECTOR('',#3465,10.);
#487=VECTOR('',#3468,10.);
#488=VECTOR('',#3471,10.);
#489=VECTOR('',#3472,10.);
#490=VECTOR('',#3473,10.);
#491=VECTOR('',#3474,10.);
#492=VECTOR('',#3475,10.);
#493=VECTOR('',#3476,10.);
#494=VECTOR('',#3479,10.);
#495=VECTOR('',#3482,10.);
#496=VECTOR('',#3489,10.);
#497=VECTOR('',#3490,10.);
#498=VECTOR('',#3491,10.);
#499=VECTOR('',#3492,10.);
#500=VECTOR('',#3503,10.);
#501=VECTOR('',#3506,10.);
#502=VECTOR('',#3509,10.);
#503=VECTOR('',#3510,10.);
#504=VECTOR('',#3511,10.);
#505=VECTOR('',#3512,10.);
#506=VECTOR('',#3513,10.);
#507=VECTOR('',#3514,10.);
#508=VECTOR('',#3517,10.);
#509=VECTOR('',#3520,10.);
#510=VECTOR('',#3523,10.);
#511=VECTOR('',#3532,10.);
#512=VECTOR('',#3533,10.);
#513=VECTOR('',#3540,10.);
#514=VECTOR('',#3543,10.);
#515=VECTOR('',#3544,10.);
#516=VECTOR('',#3547,10.);
#517=VECTOR('',#3548,10.);
#518=VECTOR('',#3549,10.);
#519=VECTOR('',#3550,10.);
#520=VECTOR('',#3551,10.);
#521=VECTOR('',#3552,10.);
#522=VECTOR('',#3553,10.);
#523=VECTOR('',#3554,10.);
#524=VECTOR('',#3555,10.);
#525=VECTOR('',#3556,10.);
#526=VECTOR('',#3557,10.);
#527=VECTOR('',#3558,10.);
#528=VECTOR('',#3559,10.);
#529=VECTOR('',#3560,10.);
#530=VECTOR('',#3561,10.);
#531=VECTOR('',#3562,10.);
#532=VECTOR('',#3565,10.);
#533=VECTOR('',#3568,10.);
#534=VECTOR('',#3571,10.);
#535=VECTOR('',#3572,10.);
#536=VECTOR('',#3575,10.);
#537=VECTOR('',#3580,10.);
#538=VECTOR('',#3583,10.);
#539=VECTOR('',#3588,10.);
#540=VECTOR('',#3589,10.);
#541=VECTOR('',#3592,10.);
#542=VECTOR('',#3593,10.);
#543=VECTOR('',#3594,10.);
#544=VECTOR('',#3597,10.);
#545=VECTOR('',#3598,10.);
#546=VECTOR('',#3601,10.);
#547=VECTOR('',#3604,10.);
#548=VECTOR('',#3607,10.);
#549=VECTOR('',#3612,10.);
#550=VECTOR('',#3615,10.);
#551=VECTOR('',#3618,10.);
#552=VECTOR('',#3621,10.);
#553=VECTOR('',#3624,10.);
#554=VECTOR('',#3625,10.);
#555=VECTOR('',#3626,10.);
#556=VECTOR('',#3629,10.);
#557=VECTOR('',#3630,10.);
#558=VECTOR('',#3633,10.);
#559=VECTOR('',#3634,10.);
#560=VECTOR('',#3637,10.);
#561=VECTOR('',#3638,10.);
#562=VECTOR('',#3643,10.);
#563=VECTOR('',#3646,10.);
#564=VECTOR('',#3649,10.);
#565=VECTOR('',#3652,10.);
#566=VECTOR('',#3653,10.);
#567=VECTOR('',#3656,10.);
#568=VECTOR('',#3657,10.);
#569=VECTOR('',#3660,10.);
#570=VECTOR('',#3663,10.);
#571=VECTOR('',#3664,10.);
#572=VECTOR('',#3665,10.);
#573=VECTOR('',#3666,10.);
#574=VECTOR('',#3667,10.);
#575=VECTOR('',#3668,10.);
#576=VECTOR('',#3669,10.);
#577=VECTOR('',#3670,10.);
#578=VECTOR('',#3671,10.);
#579=VECTOR('',#3672,10.);
#580=VECTOR('',#3673,10.);
#581=VECTOR('',#3676,10.);
#582=VECTOR('',#3683,10.);
#583=VECTOR('',#3684,10.);
#584=VECTOR('',#3689,10.);
#585=VECTOR('',#3690,10.);
#586=VECTOR('',#3693,10.);
#587=VECTOR('',#3696,10.);
#588=VECTOR('',#3699,10.);
#589=VECTOR('',#3700,10.);
#590=VECTOR('',#3705,10.);
#591=VECTOR('',#3708,10.);
#592=VECTOR('',#3711,10.);
#593=VECTOR('',#3712,10.);
#594=VECTOR('',#3715,10.);
#595=VECTOR('',#3718,10.);
#596=VECTOR('',#3719,10.);
#597=VECTOR('',#3724,10.);
#598=VECTOR('',#3725,10.);
#599=VECTOR('',#3730,10.);
#600=VECTOR('',#3731,10.);
#601=VECTOR('',#3736,10.);
#602=VECTOR('',#3737,10.);
#603=VECTOR('',#3744,10.);
#604=VECTOR('',#3747,10.);
#605=VECTOR('',#3750,10.);
#606=VECTOR('',#3761,10.);
#607=VECTOR('',#3762,10.);
#608=VECTOR('',#3763,10.);
#609=VECTOR('',#3774,10.);
#610=VECTOR('',#3777,10.);
#611=VECTOR('',#3780,10.);
#612=VECTOR('',#3793,10.);
#613=VECTOR('',#3796,10.);
#614=VECTOR('',#3799,10.);
#615=VECTOR('',#3810,10.);
#616=VECTOR('',#3813,10.);
#617=VECTOR('',#3816,10.);
#618=VECTOR('',#3831,1.4);
#619=VECTOR('',#3838,1.4);
#620=VECTOR('',#3845,1.4);
#621=VECTOR('',#3852,1.4);
#622=VECTOR('',#3859,1.4);
#623=VECTOR('',#3866,1.4);
#624=VECTOR('',#3873,1.4);
#625=VECTOR('',#3880,1.4);
#626=VECTOR('',#3887,10.);
#627=VECTOR('',#3890,10.);
#628=VECTOR('',#3903,3.);
#629=VECTOR('',#3914,3.75);
#630=VECTOR('',#3921,1.6);
#631=VECTOR('',#3926,3.85);
#632=VECTOR('',#3933,1.65);
#633=VECTOR('',#3936,1.65);
#634=VECTOR('',#3939,1.65);
#635=CYLINDRICAL_SURFACE('',#2935,1.);
#636=CYLINDRICAL_SURFACE('',#2945,1.);
#637=CYLINDRICAL_SURFACE('',#2951,1.);
#638=CYLINDRICAL_SURFACE('',#2957,1.);
#639=CYLINDRICAL_SURFACE('',#2963,1.);
#640=CYLINDRICAL_SURFACE('',#2968,3.);
#641=CYLINDRICAL_SURFACE('',#2973,4.);
#642=CYLINDRICAL_SURFACE('',#2975,34.9499999999999);
#643=CYLINDRICAL_SURFACE('',#2980,4.);
#644=CYLINDRICAL_SURFACE('',#2982,49.);
#645=CYLINDRICAL_SURFACE('',#2992,1.);
#646=CYLINDRICAL_SURFACE('',#3000,1.);
#647=CYLINDRICAL_SURFACE('',#3005,1.);
#648=CYLINDRICAL_SURFACE('',#3011,1.);
#649=CYLINDRICAL_SURFACE('',#3017,1.);
#650=CYLINDRICAL_SURFACE('',#3025,10.0500000000001);
#651=CYLINDRICAL_SURFACE('',#3028,3.);
#652=CYLINDRICAL_SURFACE('',#3032,4.);
#653=CYLINDRICAL_SURFACE('',#3056,10.0500000000001);
#654=CYLINDRICAL_SURFACE('',#3067,0.5);
#655=CYLINDRICAL_SURFACE('',#3070,0.5);
#656=CYLINDRICAL_SURFACE('',#3074,0.5);
#657=CYLINDRICAL_SURFACE('',#3077,0.5);
#658=CYLINDRICAL_SURFACE('',#3079,0.5);
#659=CYLINDRICAL_SURFACE('',#3084,0.5);
#660=CYLINDRICAL_SURFACE('',#3086,0.5);
#661=CYLINDRICAL_SURFACE('',#3096,0.5);
#662=CYLINDRICAL_SURFACE('',#3098,0.5);
#663=CYLINDRICAL_SURFACE('',#3101,0.5);
#664=CYLINDRICAL_SURFACE('',#3103,0.5);
#665=CYLINDRICAL_SURFACE('',#3105,0.5);
#666=CYLINDRICAL_SURFACE('',#3109,0.5);
#667=CYLINDRICAL_SURFACE('',#3111,0.5);
#668=CYLINDRICAL_SURFACE('',#3128,2.);
#669=CYLINDRICAL_SURFACE('',#3135,2.);
#670=CYLINDRICAL_SURFACE('',#3136,2.);
#671=CYLINDRICAL_SURFACE('',#3143,2.);
#672=CYLINDRICAL_SURFACE('',#3150,2.);
#673=CYLINDRICAL_SURFACE('',#3151,2.);
#674=CYLINDRICAL_SURFACE('',#3152,1.4);
#675=CYLINDRICAL_SURFACE('',#3155,1.4);
#676=CYLINDRICAL_SURFACE('',#3158,1.4);
#677=CYLINDRICAL_SURFACE('',#3161,1.4);
#678=CYLINDRICAL_SURFACE('',#3164,1.4);
#679=CYLINDRICAL_SURFACE('',#3167,1.4);
#680=CYLINDRICAL_SURFACE('',#3170,1.4);
#681=CYLINDRICAL_SURFACE('',#3173,1.4);
#682=CYLINDRICAL_SURFACE('',#3176,3.);
#683=CYLINDRICAL_SURFACE('',#3178,3.);
#684=CYLINDRICAL_SURFACE('',#3183,3.);
#685=CYLINDRICAL_SURFACE('',#3191,1.6);
#686=CYLINDRICAL_SURFACE('',#3192,3.85);
#687=CYLINDRICAL_SURFACE('',#3196,1.65);
#688=CYLINDRICAL_SURFACE('',#3197,1.65);
#689=CYLINDRICAL_SURFACE('',#3198,1.65);
#690=FACE_OUTER_BOUND('',#859,.T.);
#691=FACE_OUTER_BOUND('',#860,.T.);
#692=FACE_OUTER_BOUND('',#861,.T.);
#693=FACE_OUTER_BOUND('',#862,.T.);
#694=FACE_OUTER_BOUND('',#863,.T.);
#695=FACE_OUTER_BOUND('',#864,.T.);
#696=FACE_OUTER_BOUND('',#865,.T.);
#697=FACE_OUTER_BOUND('',#866,.T.);
#698=FACE_OUTER_BOUND('',#867,.T.);
#699=FACE_OUTER_BOUND('',#868,.T.);
#700=FACE_OUTER_BOUND('',#869,.T.);
#701=FACE_OUTER_BOUND('',#870,.T.);
#702=FACE_OUTER_BOUND('',#871,.T.);
#703=FACE_OUTER_BOUND('',#872,.T.);
#704=FACE_OUTER_BOUND('',#873,.T.);
#705=FACE_OUTER_BOUND('',#874,.T.);
#706=FACE_OUTER_BOUND('',#875,.T.);
#707=FACE_OUTER_BOUND('',#876,.T.);
#708=FACE_OUTER_BOUND('',#877,.T.);
#709=FACE_OUTER_BOUND('',#878,.T.);
#710=FACE_OUTER_BOUND('',#879,.T.);
#711=FACE_OUTER_BOUND('',#883,.T.);
#712=FACE_OUTER_BOUND('',#884,.T.);
#713=FACE_OUTER_BOUND('',#885,.T.);
#714=FACE_OUTER_BOUND('',#886,.T.);
#715=FACE_OUTER_BOUND('',#887,.T.);
#716=FACE_OUTER_BOUND('',#888,.T.);
#717=FACE_OUTER_BOUND('',#889,.T.);
#718=FACE_OUTER_BOUND('',#890,.T.);
#719=FACE_OUTER_BOUND('',#891,.T.);
#720=FACE_OUTER_BOUND('',#892,.T.);
#721=FACE_OUTER_BOUND('',#893,.T.);
#722=FACE_OUTER_BOUND('',#894,.T.);
#723=FACE_OUTER_BOUND('',#895,.T.);
#724=FACE_OUTER_BOUND('',#896,.T.);
#725=FACE_OUTER_BOUND('',#897,.T.);
#726=FACE_OUTER_BOUND('',#898,.T.);
#727=FACE_OUTER_BOUND('',#899,.T.);
#728=FACE_OUTER_BOUND('',#900,.T.);
#729=FACE_OUTER_BOUND('',#901,.T.);
#730=FACE_OUTER_BOUND('',#903,.T.);
#731=FACE_OUTER_BOUND('',#905,.T.);
#732=FACE_OUTER_BOUND('',#906,.T.);
#733=FACE_OUTER_BOUND('',#911,.T.);
#734=FACE_OUTER_BOUND('',#914,.T.);
#735=FACE_OUTER_BOUND('',#915,.T.);
#736=FACE_OUTER_BOUND('',#916,.T.);
#737=FACE_OUTER_BOUND('',#917,.T.);
#738=FACE_OUTER_BOUND('',#918,.T.);
#739=FACE_OUTER_BOUND('',#919,.T.);
#740=FACE_OUTER_BOUND('',#920,.T.);
#741=FACE_OUTER_BOUND('',#921,.T.);
#742=FACE_OUTER_BOUND('',#922,.T.);
#743=FACE_OUTER_BOUND('',#923,.T.);
#744=FACE_OUTER_BOUND('',#924,.T.);
#745=FACE_OUTER_BOUND('',#925,.T.);
#746=FACE_OUTER_BOUND('',#926,.T.);
#747=FACE_OUTER_BOUND('',#927,.T.);
#748=FACE_OUTER_BOUND('',#928,.T.);
#749=FACE_OUTER_BOUND('',#929,.T.);
#750=FACE_OUTER_BOUND('',#930,.T.);
#751=FACE_OUTER_BOUND('',#931,.T.);
#752=FACE_OUTER_BOUND('',#932,.T.);
#753=FACE_OUTER_BOUND('',#933,.T.);
#754=FACE_OUTER_BOUND('',#934,.T.);
#755=FACE_OUTER_BOUND('',#935,.T.);
#756=FACE_OUTER_BOUND('',#936,.T.);
#757=FACE_OUTER_BOUND('',#937,.T.);
#758=FACE_OUTER_BOUND('',#938,.T.);
#759=FACE_OUTER_BOUND('',#939,.T.);
#760=FACE_OUTER_BOUND('',#940,.T.);
#761=FACE_OUTER_BOUND('',#941,.T.);
#762=FACE_OUTER_BOUND('',#942,.T.);
#763=FACE_OUTER_BOUND('',#943,.T.);
#764=FACE_OUTER_BOUND('',#944,.T.);
#765=FACE_OUTER_BOUND('',#945,.T.);
#766=FACE_OUTER_BOUND('',#946,.T.);
#767=FACE_OUTER_BOUND('',#947,.T.);
#768=FACE_OUTER_BOUND('',#948,.T.);
#769=FACE_OUTER_BOUND('',#949,.T.);
#770=FACE_OUTER_BOUND('',#950,.T.);
#771=FACE_OUTER_BOUND('',#951,.T.);
#772=FACE_OUTER_BOUND('',#952,.T.);
#773=FACE_OUTER_BOUND('',#953,.T.);
#774=FACE_OUTER_BOUND('',#954,.T.);
#775=FACE_OUTER_BOUND('',#955,.T.);
#776=FACE_OUTER_BOUND('',#956,.T.);
#777=FACE_OUTER_BOUND('',#957,.T.);
#778=FACE_OUTER_BOUND('',#958,.T.);
#779=FACE_OUTER_BOUND('',#959,.T.);
#780=FACE_OUTER_BOUND('',#960,.T.);
#781=FACE_OUTER_BOUND('',#961,.T.);
#782=FACE_OUTER_BOUND('',#962,.T.);
#783=FACE_OUTER_BOUND('',#963,.T.);
#784=FACE_OUTER_BOUND('',#964,.T.);
#785=FACE_OUTER_BOUND('',#965,.T.);
#786=FACE_OUTER_BOUND('',#966,.T.);
#787=FACE_OUTER_BOUND('',#967,.T.);
#788=FACE_OUTER_BOUND('',#968,.T.);
#789=FACE_OUTER_BOUND('',#969,.T.);
#790=FACE_OUTER_BOUND('',#970,.T.);
#791=FACE_OUTER_BOUND('',#975,.T.);
#792=FACE_OUTER_BOUND('',#976,.T.);
#793=FACE_OUTER_BOUND('',#977,.T.);
#794=FACE_OUTER_BOUND('',#978,.T.);
#795=FACE_OUTER_BOUND('',#979,.T.);
#796=FACE_OUTER_BOUND('',#980,.T.);
#797=FACE_OUTER_BOUND('',#981,.T.);
#798=FACE_OUTER_BOUND('',#982,.T.);
#799=FACE_OUTER_BOUND('',#983,.T.);
#800=FACE_OUTER_BOUND('',#984,.T.);
#801=FACE_OUTER_BOUND('',#985,.T.);
#802=FACE_OUTER_BOUND('',#986,.T.);
#803=FACE_OUTER_BOUND('',#987,.T.);
#804=FACE_OUTER_BOUND('',#988,.T.);
#805=FACE_OUTER_BOUND('',#989,.T.);
#806=FACE_OUTER_BOUND('',#990,.T.);
#807=FACE_OUTER_BOUND('',#991,.T.);
#808=FACE_OUTER_BOUND('',#992,.T.);
#809=FACE_OUTER_BOUND('',#993,.T.);
#810=FACE_OUTER_BOUND('',#994,.T.);
#811=FACE_OUTER_BOUND('',#995,.T.);
#812=FACE_OUTER_BOUND('',#996,.T.);
#813=FACE_OUTER_BOUND('',#997,.T.);
#814=FACE_OUTER_BOUND('',#998,.T.);
#815=FACE_OUTER_BOUND('',#999,.T.);
#816=FACE_OUTER_BOUND('',#1000,.T.);
#817=FACE_OUTER_BOUND('',#1001,.T.);
#818=FACE_OUTER_BOUND('',#1002,.T.);
#819=FACE_OUTER_BOUND('',#1003,.T.);
#820=FACE_OUTER_BOUND('',#1004,.T.);
#821=FACE_OUTER_BOUND('',#1005,.T.);
#822=FACE_OUTER_BOUND('',#1006,.T.);
#823=FACE_OUTER_BOUND('',#1007,.T.);
#824=FACE_OUTER_BOUND('',#1008,.T.);
#825=FACE_OUTER_BOUND('',#1009,.T.);
#826=FACE_OUTER_BOUND('',#1010,.T.);
#827=FACE_OUTER_BOUND('',#1011,.T.);
#828=FACE_OUTER_BOUND('',#1012,.T.);
#829=FACE_OUTER_BOUND('',#1013,.T.);
#830=FACE_OUTER_BOUND('',#1014,.T.);
#831=FACE_OUTER_BOUND('',#1015,.T.);
#832=FACE_OUTER_BOUND('',#1016,.T.);
#833=FACE_OUTER_BOUND('',#1017,.T.);
#834=FACE_OUTER_BOUND('',#1018,.T.);
#835=FACE_OUTER_BOUND('',#1019,.T.);
#836=FACE_OUTER_BOUND('',#1020,.T.);
#837=FACE_OUTER_BOUND('',#1021,.T.);
#838=FACE_OUTER_BOUND('',#1022,.T.);
#839=FACE_OUTER_BOUND('',#1023,.T.);
#840=FACE_OUTER_BOUND('',#1024,.T.);
#841=FACE_OUTER_BOUND('',#1025,.T.);
#842=FACE_OUTER_BOUND('',#1026,.T.);
#843=FACE_OUTER_BOUND('',#1027,.T.);
#844=FACE_OUTER_BOUND('',#1028,.T.);
#845=FACE_OUTER_BOUND('',#1029,.T.);
#846=FACE_OUTER_BOUND('',#1030,.T.);
#847=FACE_OUTER_BOUND('',#1031,.T.);
#848=FACE_OUTER_BOUND('',#1032,.T.);
#849=FACE_OUTER_BOUND('',#1035,.T.);
#850=FACE_OUTER_BOUND('',#1036,.T.);
#851=FACE_OUTER_BOUND('',#1038,.T.);
#852=FACE_OUTER_BOUND('',#1039,.T.);
#853=FACE_OUTER_BOUND('',#1041,.T.);
#854=FACE_OUTER_BOUND('',#1042,.T.);
#855=FACE_OUTER_BOUND('',#1043,.T.);
#856=FACE_OUTER_BOUND('',#1045,.T.);
#857=FACE_OUTER_BOUND('',#1046,.T.);
#858=FACE_OUTER_BOUND('',#1047,.T.);
#859=EDGE_LOOP('',(#1869,#1870,#1871,#1872));
#860=EDGE_LOOP('',(#1873,#1874,#1875,#1876));
#861=EDGE_LOOP('',(#1877,#1878,#1879,#1880));
#862=EDGE_LOOP('',(#1881,#1882,#1883,#1884));
#863=EDGE_LOOP('',(#1885,#1886,#1887,#1888));
#864=EDGE_LOOP('',(#1889,#1890,#1891,#1892));
#865=EDGE_LOOP('',(#1893,#1894,#1895,#1896));
#866=EDGE_LOOP('',(#1897,#1898,#1899,#1900));
#867=EDGE_LOOP('',(#1901,#1902,#1903,#1904));
#868=EDGE_LOOP('',(#1905,#1906,#1907,#1908));
#869=EDGE_LOOP('',(#1909,#1910,#1911,#1912));
#870=EDGE_LOOP('',(#1913,#1914,#1915,#1916));
#871=EDGE_LOOP('',(#1917,#1918,#1919,#1920));
#872=EDGE_LOOP('',(#1921,#1922,#1923,#1924,#1925,#1926,#1927,#1928));
#873=EDGE_LOOP('',(#1929,#1930,#1931,#1932));
#874=EDGE_LOOP('',(#1933,#1934,#1935,#1936));
#875=EDGE_LOOP('',(#1937,#1938,#1939,#1940,#1941,#1942,#1943,#1944));
#876=EDGE_LOOP('',(#1945,#1946,#1947,#1948,#1949,#1950,#1951,#1952));
#877=EDGE_LOOP('',(#1953,#1954,#1955,#1956));
#878=EDGE_LOOP('',(#1957,#1958,#1959,#1960));
#879=EDGE_LOOP('',(#1961,#1962,#1963,#1964,#1965,#1966,#1967,#1968,#1969,
#1970,#1971,#1972,#1973));
#880=EDGE_LOOP('',(#1974));
#881=EDGE_LOOP('',(#1975));
#882=EDGE_LOOP('',(#1976));
#883=EDGE_LOOP('',(#1977,#1978,#1979,#1980));
#884=EDGE_LOOP('',(#1981,#1982,#1983,#1984));
#885=EDGE_LOOP('',(#1985,#1986,#1987,#1988));
#886=EDGE_LOOP('',(#1989,#1990,#1991,#1992));
#887=EDGE_LOOP('',(#1993,#1994,#1995,#1996));
#888=EDGE_LOOP('',(#1997,#1998,#1999,#2000));
#889=EDGE_LOOP('',(#2001,#2002,#2003,#2004));
#890=EDGE_LOOP('',(#2005,#2006,#2007,#2008));
#891=EDGE_LOOP('',(#2009,#2010,#2011,#2012));
#892=EDGE_LOOP('',(#2013,#2014,#2015,#2016));
#893=EDGE_LOOP('',(#2017,#2018,#2019,#2020));
#894=EDGE_LOOP('',(#2021,#2022,#2023,#2024));
#895=EDGE_LOOP('',(#2025,#2026,#2027,#2028));
#896=EDGE_LOOP('',(#2029,#2030,#2031,#2032));
#897=EDGE_LOOP('',(#2033,#2034,#2035,#2036));
#898=EDGE_LOOP('',(#2037,#2038,#2039,#2040,#2041,#2042,#2043,#2044));
#899=EDGE_LOOP('',(#2045,#2046,#2047,#2048));
#900=EDGE_LOOP('',(#2049,#2050,#2051,#2052));
#901=EDGE_LOOP('',(#2053,#2054,#2055,#2056,#2057,#2058,#2059,#2060,#2061,
#2062,#2063,#2064,#2065));
#902=EDGE_LOOP('',(#2066));
#903=EDGE_LOOP('',(#2067,#2068,#2069,#2070,#2071,#2072,#2073,#2074,#2075,
#2076,#2077,#2078,#2079,#2080,#2081,#2082,#2083,#2084,#2085,#2086,#2087));
#904=EDGE_LOOP('',(#2088));
#905=EDGE_LOOP('',(#2089,#2090,#2091,#2092));
#906=EDGE_LOOP('',(#2093,#2094,#2095,#2096,#2097,#2098,#2099,#2100,#2101,
#2102));
#907=EDGE_LOOP('',(#2103));
#908=EDGE_LOOP('',(#2104));
#909=EDGE_LOOP('',(#2105));
#910=EDGE_LOOP('',(#2106));
#911=EDGE_LOOP('',(#2107,#2108,#2109,#2110,#2111,#2112,#2113,#2114,#2115,
#2116,#2117,#2118,#2119,#2120,#2121,#2122,#2123,#2124,#2125,#2126,#2127));
#912=EDGE_LOOP('',(#2128));
#913=EDGE_LOOP('',(#2129,#2130));
#914=EDGE_LOOP('',(#2131,#2132,#2133,#2134));
#915=EDGE_LOOP('',(#2135,#2136,#2137,#2138));
#916=EDGE_LOOP('',(#2139,#2140,#2141,#2142));
#917=EDGE_LOOP('',(#2143,#2144,#2145,#2146,#2147));
#918=EDGE_LOOP('',(#2148,#2149,#2150,#2151,#2152,#2153,#2154,#2155,#2156,
#2157,#2158,#2159,#2160,#2161,#2162,#2163,#2164,#2165,#2166,#2167));
#919=EDGE_LOOP('',(#2168,#2169,#2170,#2171,#2172));
#920=EDGE_LOOP('',(#2173,#2174,#2175,#2176,#2177,#2178));
#921=EDGE_LOOP('',(#2179,#2180,#2181,#2182));
#922=EDGE_LOOP('',(#2183,#2184,#2185,#2186));
#923=EDGE_LOOP('',(#2187,#2188,#2189,#2190,#2191));
#924=EDGE_LOOP('',(#2192,#2193,#2194,#2195));
#925=EDGE_LOOP('',(#2196,#2197,#2198,#2199));
#926=EDGE_LOOP('',(#2200,#2201,#2202,#2203));
#927=EDGE_LOOP('',(#2204,#2205,#2206,#2207));
#928=EDGE_LOOP('',(#2208,#2209,#2210,#2211));
#929=EDGE_LOOP('',(#2212,#2213,#2214,#2215));
#930=EDGE_LOOP('',(#2216,#2217,#2218,#2219));
#931=EDGE_LOOP('',(#2220,#2221,#2222,#2223));
#932=EDGE_LOOP('',(#2224,#2225,#2226,#2227));
#933=EDGE_LOOP('',(#2228,#2229,#2230,#2231));
#934=EDGE_LOOP('',(#2232,#2233,#2234,#2235));
#935=EDGE_LOOP('',(#2236,#2237,#2238,#2239));
#936=EDGE_LOOP('',(#2240,#2241,#2242,#2243));
#937=EDGE_LOOP('',(#2244,#2245,#2246,#2247,#2248));
#938=EDGE_LOOP('',(#2249,#2250,#2251,#2252,#2253,#2254,#2255,#2256,#2257,
#2258,#2259,#2260,#2261,#2262,#2263,#2264,#2265,#2266,#2267,#2268));
#939=EDGE_LOOP('',(#2269,#2270,#2271,#2272,#2273,#2274));
#940=EDGE_LOOP('',(#2275,#2276,#2277,#2278));
#941=EDGE_LOOP('',(#2279,#2280,#2281,#2282));
#942=EDGE_LOOP('',(#2283,#2284,#2285,#2286));
#943=EDGE_LOOP('',(#2287,#2288,#2289,#2290));
#944=EDGE_LOOP('',(#2291,#2292,#2293,#2294));
#945=EDGE_LOOP('',(#2295,#2296,#2297,#2298));
#946=EDGE_LOOP('',(#2299,#2300,#2301,#2302));
#947=EDGE_LOOP('',(#2303,#2304,#2305,#2306));
#948=EDGE_LOOP('',(#2307,#2308,#2309,#2310));
#949=EDGE_LOOP('',(#2311,#2312,#2313,#2314));
#950=EDGE_LOOP('',(#2315,#2316,#2317,#2318));
#951=EDGE_LOOP('',(#2319,#2320,#2321,#2322));
#952=EDGE_LOOP('',(#2323,#2324,#2325,#2326));
#953=EDGE_LOOP('',(#2327,#2328,#2329,#2330));
#954=EDGE_LOOP('',(#2331,#2332,#2333,#2334));
#955=EDGE_LOOP('',(#2335,#2336,#2337,#2338));
#956=EDGE_LOOP('',(#2339,#2340,#2341,#2342));
#957=EDGE_LOOP('',(#2343,#2344,#2345,#2346));
#958=EDGE_LOOP('',(#2347,#2348,#2349,#2350));
#959=EDGE_LOOP('',(#2351,#2352,#2353,#2354,#2355,#2356));
#960=EDGE_LOOP('',(#2357,#2358,#2359,#2360,#2361,#2362,#2363,#2364,#2365));
#961=EDGE_LOOP('',(#2366,#2367,#2368,#2369,#2370,#2371));
#962=EDGE_LOOP('',(#2372,#2373,#2374,#2375,#2376));
#963=EDGE_LOOP('',(#2377,#2378,#2379,#2380));
#964=EDGE_LOOP('',(#2381,#2382,#2383,#2384));
#965=EDGE_LOOP('',(#2385,#2386,#2387,#2388,#2389,#2390));
#966=EDGE_LOOP('',(#2391,#2392,#2393,#2394));
#967=EDGE_LOOP('',(#2395,#2396,#2397,#2398));
#968=EDGE_LOOP('',(#2399,#2400,#2401,#2402,#2403,#2404,#2405,#2406,#2407));
#969=EDGE_LOOP('',(#2408,#2409,#2410,#2411));
#970=EDGE_LOOP('',(#2412,#2413,#2414,#2415,#2416,#2417,#2418,#2419,#2420,
#2421));
#971=EDGE_LOOP('',(#2422));
#972=EDGE_LOOP('',(#2423));
#973=EDGE_LOOP('',(#2424));
#974=EDGE_LOOP('',(#2425));
#975=EDGE_LOOP('',(#2426,#2427,#2428,#2429,#2430,#2431));
#976=EDGE_LOOP('',(#2432,#2433,#2434,#2435,#2436,#2437));
#977=EDGE_LOOP('',(#2438,#2439,#2440,#2441,#2442,#2443,#2444,#2445,#2446));
#978=EDGE_LOOP('',(#2447,#2448,#2449,#2450,#2451,#2452));
#979=EDGE_LOOP('',(#2453,#2454,#2455,#2456,#2457));
#980=EDGE_LOOP('',(#2458,#2459,#2460,#2461));
#981=EDGE_LOOP('',(#2462,#2463,#2464,#2465));
#982=EDGE_LOOP('',(#2466,#2467,#2468,#2469));
#983=EDGE_LOOP('',(#2470,#2471,#2472,#2473,#2474,#2475));
#984=EDGE_LOOP('',(#2476,#2477,#2478,#2479));
#985=EDGE_LOOP('',(#2480,#2481,#2482,#2483,#2484,#2485,#2486,#2487,#2488));
#986=EDGE_LOOP('',(#2489,#2490,#2491,#2492));
#987=EDGE_LOOP('',(#2493,#2494,#2495,#2496,#2497));
#988=EDGE_LOOP('',(#2498,#2499,#2500,#2501,#2502));
#989=EDGE_LOOP('',(#2503,#2504,#2505,#2506,#2507,#2508));
#990=EDGE_LOOP('',(#2509,#2510,#2511,#2512,#2513,#2514,#2515,#2516,#2517));
#991=EDGE_LOOP('',(#2518,#2519,#2520,#2521,#2522,#2523));
#992=EDGE_LOOP('',(#2524,#2525,#2526,#2527,#2528));
#993=EDGE_LOOP('',(#2529,#2530,#2531,#2532));
#994=EDGE_LOOP('',(#2533,#2534,#2535,#2536));
#995=EDGE_LOOP('',(#2537,#2538,#2539,#2540,#2541,#2542));
#996=EDGE_LOOP('',(#2543,#2544,#2545,#2546));
#997=EDGE_LOOP('',(#2547,#2548,#2549,#2550));
#998=EDGE_LOOP('',(#2551,#2552,#2553,#2554,#2555,#2556,#2557,#2558,#2559));
#999=EDGE_LOOP('',(#2560,#2561,#2562,#2563));
#1000=EDGE_LOOP('',(#2564,#2565,#2566,#2567,#2568,#2569));
#1001=EDGE_LOOP('',(#2570,#2571,#2572,#2573,#2574,#2575));
#1002=EDGE_LOOP('',(#2576,#2577,#2578,#2579,#2580,#2581,#2582,#2583,#2584));
#1003=EDGE_LOOP('',(#2585,#2586,#2587,#2588,#2589,#2590));
#1004=EDGE_LOOP('',(#2591,#2592,#2593,#2594,#2595));
#1005=EDGE_LOOP('',(#2596,#2597,#2598,#2599));
#1006=EDGE_LOOP('',(#2600,#2601,#2602,#2603));
#1007=EDGE_LOOP('',(#2604,#2605,#2606,#2607));
#1008=EDGE_LOOP('',(#2608,#2609,#2610,#2611,#2612,#2613));
#1009=EDGE_LOOP('',(#2614,#2615,#2616,#2617));
#1010=EDGE_LOOP('',(#2618,#2619,#2620,#2621,#2622,#2623,#2624,#2625,#2626));
#1011=EDGE_LOOP('',(#2627,#2628,#2629,#2630));
#1012=EDGE_LOOP('',(#2631,#2632,#2633,#2634,#2635));
#1013=EDGE_LOOP('',(#2636,#2637,#2638,#2639,#2640));
#1014=EDGE_LOOP('',(#2641,#2642,#2643,#2644));
#1015=EDGE_LOOP('',(#2645));
#1016=EDGE_LOOP('',(#2646,#2647,#2648,#2649));
#1017=EDGE_LOOP('',(#2650));
#1018=EDGE_LOOP('',(#2651,#2652,#2653,#2654));
#1019=EDGE_LOOP('',(#2655));
#1020=EDGE_LOOP('',(#2656,#2657,#2658,#2659));
#1021=EDGE_LOOP('',(#2660));
#1022=EDGE_LOOP('',(#2661,#2662,#2663,#2664));
#1023=EDGE_LOOP('',(#2665));
#1024=EDGE_LOOP('',(#2666,#2667,#2668,#2669));
#1025=EDGE_LOOP('',(#2670));
#1026=EDGE_LOOP('',(#2671,#2672,#2673,#2674));
#1027=EDGE_LOOP('',(#2675));
#1028=EDGE_LOOP('',(#2676,#2677,#2678,#2679));
#1029=EDGE_LOOP('',(#2680));
#1030=EDGE_LOOP('',(#2681,#2682,#2683,#2684));
#1031=EDGE_LOOP('',(#2685,#2686,#2687,#2688));
#1032=EDGE_LOOP('',(#2689,#2690));
#1033=EDGE_LOOP('',(#2691));
#1034=EDGE_LOOP('',(#2692));
#1035=EDGE_LOOP('',(#2693,#2694,#2695,#2696));
#1036=EDGE_LOOP('',(#2697));
#1037=EDGE_LOOP('',(#2698));
#1038=EDGE_LOOP('',(#2699,#2700,#2701,#2702));
#1039=EDGE_LOOP('',(#2703));
#1040=EDGE_LOOP('',(#2704));
#1041=EDGE_LOOP('',(#2705,#2706,#2707,#2708));
#1042=EDGE_LOOP('',(#2709,#2710,#2711,#2712));
#1043=EDGE_LOOP('',(#2713));
#1044=EDGE_LOOP('',(#2714));
#1045=EDGE_LOOP('',(#2715,#2716,#2717,#2718));
#1046=EDGE_LOOP('',(#2719,#2720,#2721,#2722));
#1047=EDGE_LOOP('',(#2723,#2724,#2725,#2726));
#1048=CIRCLE('',#2927,0.999999999999993);
#1049=CIRCLE('',#2928,49.);
#1050=CIRCLE('',#2929,0.999999999999999);
#1051=CIRCLE('',#2930,48.);
#1052=CIRCLE('',#2932,0.999999999999992);
#1053=CIRCLE('',#2933,3.);
#1054=CIRCLE('',#2934,4.);
#1055=CIRCLE('',#2936,0.999999999999996);
#1056=CIRCLE('',#2938,0.999999999999997);
#1057=CIRCLE('',#2939,33.9499999999999);
#1058=CIRCLE('',#2940,34.9499999999999);
#1059=CIRCLE('',#2942,0.999999999999996);
#1060=CIRCLE('',#2943,3.);
#1061=CIRCLE('',#2944,4.);
#1062=CIRCLE('',#2946,0.999999999999999);
#1063=CIRCLE('',#2948,0.999999999999999);
#1064=CIRCLE('',#2949,2.);
#1065=CIRCLE('',#2950,3.);
#1066=CIRCLE('',#2952,1.);
#1067=CIRCLE('',#2954,0.999999999999998);
#1068=CIRCLE('',#2955,9.05000000000007);
#1069=CIRCLE('',#2956,10.0500000000001);
#1070=CIRCLE('',#2958,1.);
#1071=CIRCLE('',#2960,0.999999999999996);
#1072=CIRCLE('',#2961,2.);
#1073=CIRCLE('',#2962,3.);
#1074=CIRCLE('',#2964,1.);
#1075=CIRCLE('',#2966,4.);
#1076=CIRCLE('',#2967,3.);
#1077=CIRCLE('',#2969,3.);
#1078=CIRCLE('',#2970,3.);
#1079=CIRCLE('',#2971,3.);
#1080=CIRCLE('',#2974,4.);
#1081=CIRCLE('',#2976,34.9499999999999);
#1082=CIRCLE('',#2977,34.9499999999999);
#1083=CIRCLE('',#2978,34.9499999999999);
#1084=CIRCLE('',#2981,4.);
#1085=CIRCLE('',#2983,49.);
#1086=CIRCLE('',#2985,3.85);
#1087=CIRCLE('',#2986,1.65);
#1088=CIRCLE('',#2987,1.65);
#1089=CIRCLE('',#2989,1.);
#1090=CIRCLE('',#2990,3.);
#1091=CIRCLE('',#2991,0.999999999999996);
#1092=CIRCLE('',#2993,0.999999999999988);
#1093=CIRCLE('',#2995,0.999999999999996);
#1094=CIRCLE('',#2996,33.9499999999999);
#1095=CIRCLE('',#2998,0.999999999999979);
#1096=CIRCLE('',#2999,3.);
#1097=CIRCLE('',#3001,0.999999999999996);
#1098=CIRCLE('',#3003,0.999999999999979);
#1099=CIRCLE('',#3004,2.);
#1100=CIRCLE('',#3006,0.999999999999996);
#1101=CIRCLE('',#3008,0.999999999999996);
#1102=CIRCLE('',#3009,10.0500000000001);
#1103=CIRCLE('',#3010,9.05000000000007);
#1104=CIRCLE('',#3012,0.999999999999996);
#1105=CIRCLE('',#3014,1.00000000000002);
#1106=CIRCLE('',#3015,3.);
#1107=CIRCLE('',#3016,2.);
#1108=CIRCLE('',#3018,0.999999999999996);
#1109=CIRCLE('',#3020,1.00000000000001);
#1110=CIRCLE('',#3021,4.);
#1111=CIRCLE('',#3022,3.);
#1112=CIRCLE('',#3024,48.);
#1113=CIRCLE('',#3026,10.0500000000001);
#1114=CIRCLE('',#3029,3.);
#1115=CIRCLE('',#3030,3.);
#1116=CIRCLE('',#3034,5.);
#1117=CIRCLE('',#3036,2.);
#1118=CIRCLE('',#3037,0.5);
#1119=CIRCLE('',#3038,0.5);
#1120=CIRCLE('',#3039,2.);
#1121=CIRCLE('',#3040,1.6);
#1122=CIRCLE('',#3043,1.4);
#1123=CIRCLE('',#3044,1.4);
#1124=CIRCLE('',#3045,1.4);
#1125=CIRCLE('',#3046,1.4);
#1126=CIRCLE('',#3048,2.);
#1127=CIRCLE('',#3049,0.5);
#1128=CIRCLE('',#3050,0.5);
#1129=CIRCLE('',#3051,2.);
#1130=CIRCLE('',#3052,10.0500000000001);
#1131=CIRCLE('',#3053,3.);
#1132=CIRCLE('',#3054,3.);
#1133=CIRCLE('',#3055,3.);
#1134=CIRCLE('',#3068,0.5);
#1135=CIRCLE('',#3075,0.5);
#1136=CIRCLE('',#3080,0.5);
#1137=CIRCLE('',#3087,0.5);
#1138=CIRCLE('',#3119,4.);
#1139=CIRCLE('',#3121,2.5);
#1140=CIRCLE('',#3124,1.4);
#1141=CIRCLE('',#3125,1.4);
#1142=CIRCLE('',#3126,1.4);
#1143=CIRCLE('',#3127,1.4);
#1144=CIRCLE('',#3131,4.);
#1145=CIRCLE('',#3132,2.5);
#1146=CIRCLE('',#3139,4.);
#1147=CIRCLE('',#3141,2.5);
#1148=CIRCLE('',#3146,3.99999999999999);
#1149=CIRCLE('',#3147,2.5);
#1150=CIRCLE('',#3153,1.4);
#1151=CIRCLE('',#3156,1.4);
#1152=CIRCLE('',#3159,1.4);
#1153=CIRCLE('',#3162,1.4);
#1154=CIRCLE('',#3165,1.4);
#1155=CIRCLE('',#3168,1.4);
#1156=CIRCLE('',#3171,1.4);
#1157=CIRCLE('',#3174,1.4);
#1158=CIRCLE('',#3177,3.);
#1159=CIRCLE('',#3179,3.);
#1160=CIRCLE('',#3181,1.65);
#1161=CIRCLE('',#3182,1.65);
#1162=CIRCLE('',#3184,3.);
#1163=CIRCLE('',#3186,1.65);
#1164=CIRCLE('',#3188,2.5);
#1165=CIRCLE('',#3190,1.6);
#1166=CIRCLE('',#3193,3.85);
#1167=CIRCLE('',#3195,1.65);
#1168=VERTEX_POINT('',#3942);
#1169=VERTEX_POINT('',#3943);
#1170=VERTEX_POINT('',#3945);
#1171=VERTEX_POINT('',#3947);
#1172=VERTEX_POINT('',#3951);
#1173=VERTEX_POINT('',#3952);
#1174=VERTEX_POINT('',#3957);
#1175=VERTEX_POINT('',#3958);
#1176=VERTEX_POINT('',#3963);
#1177=VERTEX_POINT('',#3964);
#1178=VERTEX_POINT('',#3969);
#1179=VERTEX_POINT('',#3970);
#1180=VERTEX_POINT('',#3975);
#1181=VERTEX_POINT('',#3976);
#1182=VERTEX_POINT('',#3981);
#1183=VERTEX_POINT('',#3982);
#1184=VERTEX_POINT('',#3987);
#1185=VERTEX_POINT('',#3988);
#1186=VERTEX_POINT('',#3993);
#1187=VERTEX_POINT('',#3994);
#1188=VERTEX_POINT('',#3999);
#1189=VERTEX_POINT('',#4000);
#1190=VERTEX_POINT('',#4005);
#1191=VERTEX_POINT('',#4006);
#1192=VERTEX_POINT('',#4011);
#1193=VERTEX_POINT('',#4012);
#1194=VERTEX_POINT('',#4020);
#1195=VERTEX_POINT('',#4022);
#1196=VERTEX_POINT('',#4024);
#1197=VERTEX_POINT('',#4026);
#1198=VERTEX_POINT('',#4028);
#1199=VERTEX_POINT('',#4030);
#1200=VERTEX_POINT('',#4034);
#1201=VERTEX_POINT('',#4038);
#1202=VERTEX_POINT('',#4042);
#1203=VERTEX_POINT('',#4044);
#1204=VERTEX_POINT('',#4046);
#1205=VERTEX_POINT('',#4048);
#1206=VERTEX_POINT('',#4050);
#1207=VERTEX_POINT('',#4054);
#1208=VERTEX_POINT('',#4057);
#1209=VERTEX_POINT('',#4059);
#1210=VERTEX_POINT('',#4063);
#1211=VERTEX_POINT('',#4067);
#1212=VERTEX_POINT('',#4071);
#1213=VERTEX_POINT('',#4073);
#1214=VERTEX_POINT('',#4075);
#1215=VERTEX_POINT('',#4078);
#1216=VERTEX_POINT('',#4080);
#1217=VERTEX_POINT('',#4084);
#1218=VERTEX_POINT('',#4088);
#1219=VERTEX_POINT('',#4092);
#1220=VERTEX_POINT('',#4096);
#1221=VERTEX_POINT('',#4100);
#1222=VERTEX_POINT('',#4104);
#1223=VERTEX_POINT('',#4105);
#1224=VERTEX_POINT('',#4110);
#1225=VERTEX_POINT('',#4111);
#1226=VERTEX_POINT('',#4116);
#1227=VERTEX_POINT('',#4117);
#1228=VERTEX_POINT('',#4122);
#1229=VERTEX_POINT('',#4123);
#1230=VERTEX_POINT('',#4128);
#1231=VERTEX_POINT('',#4129);
#1232=VERTEX_POINT('',#4134);
#1233=VERTEX_POINT('',#4141);
#1234=VERTEX_POINT('',#4143);
#1235=VERTEX_POINT('',#4147);
#1236=VERTEX_POINT('',#4151);
#1237=VERTEX_POINT('',#4153);
#1238=VERTEX_POINT('',#4155);
#1239=VERTEX_POINT('',#4163);
#1240=VERTEX_POINT('',#4167);
#1241=VERTEX_POINT('',#4169);
#1242=VERTEX_POINT('',#4171);
#1243=VERTEX_POINT('',#4173);
#1244=VERTEX_POINT('',#4175);
#1245=VERTEX_POINT('',#4177);
#1246=VERTEX_POINT('',#4180);
#1247=VERTEX_POINT('',#4182);
#1248=VERTEX_POINT('',#4184);
#1249=VERTEX_POINT('',#4186);
#1250=VERTEX_POINT('',#4188);
#1251=VERTEX_POINT('',#4190);
#1252=VERTEX_POINT('',#4193);
#1253=VERTEX_POINT('',#4197);
#1254=VERTEX_POINT('',#4199);
#1255=VERTEX_POINT('',#4201);
#1256=VERTEX_POINT('',#4218);
#1257=VERTEX_POINT('',#4235);
#1258=VERTEX_POINT('',#4237);
#1259=VERTEX_POINT('',#4254);
#1260=VERTEX_POINT('',#4272);
#1261=VERTEX_POINT('',#4274);
#1262=VERTEX_POINT('',#4276);
#1263=VERTEX_POINT('',#4278);
#1264=VERTEX_POINT('',#4281);
#1265=VERTEX_POINT('',#4283);
#1266=VERTEX_POINT('',#4285);
#1267=VERTEX_POINT('',#4287);
#1268=VERTEX_POINT('',#4289);
#1269=VERTEX_POINT('',#4291);
#1270=VERTEX_POINT('',#4294);
#1271=VERTEX_POINT('',#4296);
#1272=VERTEX_POINT('',#4298);
#1273=VERTEX_POINT('',#4300);
#1274=VERTEX_POINT('',#4302);
#1275=VERTEX_POINT('',#4305);
#1276=VERTEX_POINT('',#4307);
#1277=VERTEX_POINT('',#4310);
#1278=VERTEX_POINT('',#4312);
#1279=VERTEX_POINT('',#4313);
#1280=VERTEX_POINT('',#4322);
#1281=VERTEX_POINT('',#4324);
#1282=VERTEX_POINT('',#4326);
#1283=VERTEX_POINT('',#4330);
#1284=VERTEX_POINT('',#4332);
#1285=VERTEX_POINT('',#4334);
#1286=VERTEX_POINT('',#4336);
#1287=VERTEX_POINT('',#4338);
#1288=VERTEX_POINT('',#4340);
#1289=VERTEX_POINT('',#4342);
#1290=VERTEX_POINT('',#4344);
#1291=VERTEX_POINT('',#4346);
#1292=VERTEX_POINT('',#4348);
#1293=VERTEX_POINT('',#4350);
#1294=VERTEX_POINT('',#4352);
#1295=VERTEX_POINT('',#4354);
#1296=VERTEX_POINT('',#4356);
#1297=VERTEX_POINT('',#4358);
#1298=VERTEX_POINT('',#4362);
#1299=VERTEX_POINT('',#4364);
#1300=VERTEX_POINT('',#4368);
#1301=VERTEX_POINT('',#4370);
#1302=VERTEX_POINT('',#4372);
#1303=VERTEX_POINT('',#4374);
#1304=VERTEX_POINT('',#4378);
#1305=VERTEX_POINT('',#4379);
#1306=VERTEX_POINT('',#4381);
#1307=VERTEX_POINT('',#4383);
#1308=VERTEX_POINT('',#4390);
#1309=VERTEX_POINT('',#4395);
#1310=VERTEX_POINT('',#4401);
#1311=VERTEX_POINT('',#4402);
#1312=VERTEX_POINT('',#4404);
#1313=VERTEX_POINT('',#4406);
#1314=VERTEX_POINT('',#4410);
#1315=VERTEX_POINT('',#4412);
#1316=VERTEX_POINT('',#4416);
#1317=VERTEX_POINT('',#4418);
#1318=VERTEX_POINT('',#4422);
#1319=VERTEX_POINT('',#4424);
#1320=VERTEX_POINT('',#4428);
#1321=VERTEX_POINT('',#4432);
#1322=VERTEX_POINT('',#4436);
#1323=VERTEX_POINT('',#4438);
#1324=VERTEX_POINT('',#4442);
#1325=VERTEX_POINT('',#4444);
#1326=VERTEX_POINT('',#4450);
#1327=VERTEX_POINT('',#4454);
#1328=VERTEX_POINT('',#4460);
#1329=VERTEX_POINT('',#4462);
#1330=VERTEX_POINT('',#4464);
#1331=VERTEX_POINT('',#4466);
#1332=VERTEX_POINT('',#4470);
#1333=VERTEX_POINT('',#4472);
#1334=VERTEX_POINT('',#4474);
#1335=VERTEX_POINT('',#4476);
#1336=VERTEX_POINT('',#4484);
#1337=VERTEX_POINT('',#4486);
#1338=VERTEX_POINT('',#4497);
#1339=VERTEX_POINT('',#4499);
#1340=VERTEX_POINT('',#4503);
#1341=VERTEX_POINT('',#4505);
#1342=VERTEX_POINT('',#4518);
#1343=VERTEX_POINT('',#4520);
#1344=VERTEX_POINT('',#4573);
#1345=VERTEX_POINT('',#4574);
#1346=VERTEX_POINT('',#4585);
#1347=VERTEX_POINT('',#4590);
#1348=VERTEX_POINT('',#4601);
#1349=VERTEX_POINT('',#4610);
#1350=VERTEX_POINT('',#4663);
#1351=VERTEX_POINT('',#4670);
#1352=VERTEX_POINT('',#4675);
#1353=VERTEX_POINT('',#4682);
#1354=VERTEX_POINT('',#4684);
#1355=VERTEX_POINT('',#4724);
#1356=VERTEX_POINT('',#4726);
#1357=VERTEX_POINT('',#4746);
#1358=VERTEX_POINT('',#4748);
#1359=VERTEX_POINT('',#4826);
#1360=VERTEX_POINT('',#4920);
#1361=VERTEX_POINT('',#4937);
#1362=VERTEX_POINT('',#4944);
#1363=VERTEX_POINT('',#5066);
#1364=VERTEX_POINT('',#5098);
#1365=VERTEX_POINT('',#5100);
#1366=VERTEX_POINT('',#5117);
#1367=VERTEX_POINT('',#5135);
#1368=VERTEX_POINT('',#5137);
#1369=VERTEX_POINT('',#5139);
#1370=VERTEX_POINT('',#5141);
#1371=VERTEX_POINT('',#5196);
#1372=VERTEX_POINT('',#5197);
#1373=VERTEX_POINT('',#5206);
#1374=VERTEX_POINT('',#5211);
#1375=VERTEX_POINT('',#5220);
#1376=VERTEX_POINT('',#5231);
#1377=VERTEX_POINT('',#5286);
#1378=VERTEX_POINT('',#5293);
#1379=VERTEX_POINT('',#5298);
#1380=VERTEX_POINT('',#5317);
#1381=VERTEX_POINT('',#5319);
#1382=VERTEX_POINT('',#5339);
#1383=VERTEX_POINT('',#5341);
#1384=VERTEX_POINT('',#5447);
#1385=VERTEX_POINT('',#5456);
#1386=VERTEX_POINT('',#5540);
#1387=VERTEX_POINT('',#5559);
#1388=VERTEX_POINT('',#5701);
#1389=VERTEX_POINT('',#5702);
#1390=VERTEX_POINT('',#5713);
#1391=VERTEX_POINT('',#5718);
#1392=VERTEX_POINT('',#5729);
#1393=VERTEX_POINT('',#5738);
#1394=VERTEX_POINT('',#5791);
#1395=VERTEX_POINT('',#5798);
#1396=VERTEX_POINT('',#5803);
#1397=VERTEX_POINT('',#5834);
#1398=VERTEX_POINT('',#5836);
#1399=VERTEX_POINT('',#5856);
#1400=VERTEX_POINT('',#5858);
#1401=VERTEX_POINT('',#5936);
#1402=VERTEX_POINT('',#6030);
#1403=VERTEX_POINT('',#6047);
#1404=VERTEX_POINT('',#6054);
#1405=VERTEX_POINT('',#6242);
#1406=VERTEX_POINT('',#6243);
#1407=VERTEX_POINT('',#6252);
#1408=VERTEX_POINT('',#6257);
#1409=VERTEX_POINT('',#6266);
#1410=VERTEX_POINT('',#6277);
#1411=VERTEX_POINT('',#6332);
#1412=VERTEX_POINT('',#6339);
#1413=VERTEX_POINT('',#6344);
#1414=VERTEX_POINT('',#6363);
#1415=VERTEX_POINT('',#6365);
#1416=VERTEX_POINT('',#6385);
#1417=VERTEX_POINT('',#6387);
#1418=VERTEX_POINT('',#6493);
#1419=VERTEX_POINT('',#6502);
#1420=VERTEX_POINT('',#6586);
#1421=VERTEX_POINT('',#6605);
#1422=VERTEX_POINT('',#6708);
#1423=VERTEX_POINT('',#6713);
#1424=VERTEX_POINT('',#6718);
#1425=VERTEX_POINT('',#6723);
#1426=VERTEX_POINT('',#6728);
#1427=VERTEX_POINT('',#6733);
#1428=VERTEX_POINT('',#6738);
#1429=VERTEX_POINT('',#6743);
#1430=VERTEX_POINT('',#6748);
#1431=VERTEX_POINT('',#6750);
#1432=VERTEX_POINT('',#6756);
#1433=VERTEX_POINT('',#6758);
#1434=VERTEX_POINT('',#6761);
#1435=VERTEX_POINT('',#6765);
#1436=VERTEX_POINT('',#6768);
#1437=VERTEX_POINT('',#6772);
#1438=VERTEX_POINT('',#6777);
#1439=VERTEX_POINT('',#6781);
#1440=EDGE_CURVE('',#1168,#1169,#1048,.T.);
#1441=EDGE_CURVE('',#1169,#1170,#1049,.T.);
#1442=EDGE_CURVE('',#1170,#1171,#1050,.T.);
#1443=EDGE_CURVE('',#1171,#1168,#1051,.T.);
#1444=EDGE_CURVE('',#1172,#1173,#1052,.T.);
#1445=EDGE_CURVE('',#1173,#1171,#1053,.T.);
#1446=EDGE_CURVE('',#1170,#1172,#1054,.T.);
#1447=EDGE_CURVE('',#1174,#1175,#1055,.T.);
#1448=EDGE_CURVE('',#1175,#1173,#249,.T.);
#1449=EDGE_CURVE('',#1172,#1174,#250,.T.);
#1450=EDGE_CURVE('',#1176,#1177,#1056,.T.);
#1451=EDGE_CURVE('',#1177,#1175,#1057,.T.);
#1452=EDGE_CURVE('',#1174,#1176,#1058,.T.);
#1453=EDGE_CURVE('',#1178,#1179,#1059,.T.);
#1454=EDGE_CURVE('',#1179,#1177,#1060,.T.);
#1455=EDGE_CURVE('',#1176,#1178,#1061,.T.);
#1456=EDGE_CURVE('',#1180,#1181,#1062,.T.);
#1457=EDGE_CURVE('',#1181,#1179,#251,.T.);
#1458=EDGE_CURVE('',#1178,#1180,#252,.T.);
#1459=EDGE_CURVE('',#1182,#1183,#1063,.T.);
#1460=EDGE_CURVE('',#1183,#1181,#1064,.T.);
#1461=EDGE_CURVE('',#1180,#1182,#1065,.T.);
#1462=EDGE_CURVE('',#1184,#1185,#1066,.T.);
#1463=EDGE_CURVE('',#1185,#1183,#253,.T.);
#1464=EDGE_CURVE('',#1182,#1184,#254,.T.);
#1465=EDGE_CURVE('',#1186,#1187,#1067,.T.);
#1466=EDGE_CURVE('',#1187,#1185,#1068,.T.);
#1467=EDGE_CURVE('',#1184,#1186,#1069,.T.);
#1468=EDGE_CURVE('',#1188,#1189,#1070,.T.);
#1469=EDGE_CURVE('',#1189,#1187,#255,.T.);
#1470=EDGE_CURVE('',#1186,#1188,#256,.T.);
#1471=EDGE_CURVE('',#1190,#1191,#1071,.T.);
#1472=EDGE_CURVE('',#1191,#1189,#1072,.T.);
#1473=EDGE_CURVE('',#1188,#1190,#1073,.T.);
#1474=EDGE_CURVE('',#1192,#1193,#1074,.T.);
#1475=EDGE_CURVE('',#1193,#1191,#257,.T.);
#1476=EDGE_CURVE('',#1190,#1192,#258,.T.);
#1477=EDGE_CURVE('',#1192,#1169,#1075,.T.);
#1478=EDGE_CURVE('',#1168,#1193,#1076,.T.);
#1479=EDGE_CURVE('',#1180,#1194,#259,.T.);
#1480=EDGE_CURVE('',#1195,#1194,#1077,.T.);
#1481=EDGE_CURVE('',#1195,#1196,#260,.T.);
#1482=EDGE_CURVE('',#1196,#1197,#1078,.T.);
#1483=EDGE_CURVE('',#1197,#1198,#261,.T.);
#1484=EDGE_CURVE('',#1198,#1199,#1079,.T.);
#1485=EDGE_CURVE('',#1199,#1182,#262,.T.);
#1486=EDGE_CURVE('',#1200,#1178,#263,.T.);
#1487=EDGE_CURVE('',#1194,#1200,#264,.T.);
#1488=EDGE_CURVE('',#1176,#1201,#265,.T.);
#1489=EDGE_CURVE('',#1200,#1201,#1080,.T.);
#1490=EDGE_CURVE('',#1174,#1202,#266,.T.);
#1491=EDGE_CURVE('',#1203,#1202,#1081,.T.);
#1492=EDGE_CURVE('',#1204,#1203,#267,.T.);
#1493=EDGE_CURVE('',#1205,#1204,#1082,.T.);
#1494=EDGE_CURVE('',#1205,#1206,#268,.T.);
#1495=EDGE_CURVE('',#1201,#1206,#1083,.T.);
#1496=EDGE_CURVE('',#1207,#1172,#269,.T.);
#1497=EDGE_CURVE('',#1206,#1207,#270,.T.);
#1498=EDGE_CURVE('',#1208,#1205,#271,.T.);
#1499=EDGE_CURVE('',#1209,#1208,#272,.T.);
#1500=EDGE_CURVE('',#1202,#1209,#273,.T.);
#1501=EDGE_CURVE('',#1170,#1210,#274,.T.);
#1502=EDGE_CURVE('',#1207,#1210,#1084,.T.);
#1503=EDGE_CURVE('',#1211,#1169,#275,.T.);
#1504=EDGE_CURVE('',#1210,#1211,#1085,.T.);
#1505=EDGE_CURVE('',#1212,#1212,#1086,.T.);
#1506=EDGE_CURVE('',#1213,#1213,#1087,.T.);
#1507=EDGE_CURVE('',#1214,#1214,#1088,.T.);
#1508=EDGE_CURVE('',#1210,#1215,#1089,.T.);
#1509=EDGE_CURVE('',#1215,#1216,#1090,.T.);
#1510=EDGE_CURVE('',#1216,#1207,#1091,.T.);
#1511=EDGE_CURVE('',#1217,#1206,#1092,.T.);
#1512=EDGE_CURVE('',#1216,#1217,#276,.T.);
#1513=EDGE_CURVE('',#1218,#1201,#1093,.T.);
#1514=EDGE_CURVE('',#1217,#1218,#1094,.T.);
#1515=EDGE_CURVE('',#1219,#1200,#1095,.T.);
#1516=EDGE_CURVE('',#1218,#1219,#1096,.T.);
#1517=EDGE_CURVE('',#1220,#1194,#1097,.T.);
#1518=EDGE_CURVE('',#1219,#1220,#277,.T.);
#1519=EDGE_CURVE('',#1221,#1195,#1098,.T.);
#1520=EDGE_CURVE('',#1220,#1221,#1099,.T.);
#1521=EDGE_CURVE('',#1222,#1223,#1100,.T.);
#1522=EDGE_CURVE('',#1223,#1195,#278,.T.);
#1523=EDGE_CURVE('',#1221,#1222,#279,.T.);
#1524=EDGE_CURVE('',#1224,#1225,#1101,.T.);
#1525=EDGE_CURVE('',#1225,#1223,#1102,.T.);
#1526=EDGE_CURVE('',#1222,#1224,#1103,.T.);
#1527=EDGE_CURVE('',#1226,#1227,#1104,.T.);
#1528=EDGE_CURVE('',#1227,#1225,#280,.T.);
#1529=EDGE_CURVE('',#1224,#1226,#281,.T.);
#1530=EDGE_CURVE('',#1228,#1229,#1105,.T.);
#1531=EDGE_CURVE('',#1229,#1227,#1106,.T.);
#1532=EDGE_CURVE('',#1226,#1228,#1107,.T.);
#1533=EDGE_CURVE('',#1230,#1231,#1108,.T.);
#1534=EDGE_CURVE('',#1231,#1229,#282,.T.);
#1535=EDGE_CURVE('',#1228,#1230,#283,.T.);
#1536=EDGE_CURVE('',#1232,#1211,#1109,.T.);
#1537=EDGE_CURVE('',#1211,#1231,#1110,.T.);
#1538=EDGE_CURVE('',#1230,#1232,#1111,.T.);
#1539=EDGE_CURVE('',#1232,#1215,#1112,.T.);
#1540=EDGE_CURVE('',#1225,#1233,#284,.T.);
#1541=EDGE_CURVE('',#1234,#1233,#1113,.T.);
#1542=EDGE_CURVE('',#1223,#1234,#285,.T.);
#1543=EDGE_CURVE('',#1235,#1227,#286,.T.);
#1544=EDGE_CURVE('',#1233,#1235,#287,.T.);
#1545=EDGE_CURVE('',#1188,#1236,#288,.T.);
#1546=EDGE_CURVE('',#1236,#1237,#1114,.T.);
#1547=EDGE_CURVE('',#1237,#1238,#289,.T.);
#1548=EDGE_CURVE('',#1238,#1235,#1115,.T.);
#1549=EDGE_CURVE('',#1229,#1190,#290,.T.);
#1550=EDGE_CURVE('',#1192,#1231,#291,.T.);
#1551=EDGE_CURVE('',#1239,#1239,#1116,.T.);
#1552=EDGE_CURVE('',#1196,#1234,#292,.T.);
#1553=EDGE_CURVE('',#1238,#1240,#293,.T.);
#1554=EDGE_CURVE('',#1240,#1241,#1117,.T.);
#1555=EDGE_CURVE('',#1241,#1242,#294,.T.);
#1556=EDGE_CURVE('',#1243,#1242,#1118,.F.);
#1557=EDGE_CURVE('',#1243,#1244,#295,.T.);
#1558=EDGE_CURVE('',#1244,#1245,#296,.T.);
#1559=EDGE_CURVE('',#1245,#1208,#297,.T.);
#1560=EDGE_CURVE('',#1204,#1246,#298,.T.);
#1561=EDGE_CURVE('',#1246,#1247,#299,.T.);
#1562=EDGE_CURVE('',#1247,#1248,#300,.T.);
#1563=EDGE_CURVE('',#1249,#1248,#1119,.F.);
#1564=EDGE_CURVE('',#1249,#1250,#301,.T.);
#1565=EDGE_CURVE('',#1250,#1251,#1120,.T.);
#1566=EDGE_CURVE('',#1251,#1197,#302,.T.);
#1567=EDGE_CURVE('',#1252,#1252,#1121,.T.);
#1568=EDGE_CURVE('',#1253,#1237,#303,.T.);
#1569=EDGE_CURVE('',#1253,#1254,#304,.T.);
#1570=EDGE_CURVE('',#1254,#1255,#152,.T.);
#1571=EDGE_CURVE('',#1255,#1256,#153,.T.);
#1572=EDGE_CURVE('',#1256,#1257,#305,.T.);
#1573=EDGE_CURVE('',#1257,#1258,#154,.T.);
#1574=EDGE_CURVE('',#1258,#1259,#155,.T.);
#1575=EDGE_CURVE('',#1259,#1240,#306,.T.);
#1576=EDGE_CURVE('',#1260,#1260,#1122,.T.);
#1577=EDGE_CURVE('',#1261,#1261,#1123,.T.);
#1578=EDGE_CURVE('',#1262,#1262,#1124,.T.);
#1579=EDGE_CURVE('',#1263,#1263,#1125,.T.);
#1580=EDGE_CURVE('',#1198,#1264,#307,.T.);
#1581=EDGE_CURVE('',#1264,#1265,#1126,.T.);
#1582=EDGE_CURVE('',#1265,#1266,#308,.T.);
#1583=EDGE_CURVE('',#1267,#1266,#1127,.F.);
#1584=EDGE_CURVE('',#1267,#1268,#309,.T.);
#1585=EDGE_CURVE('',#1268,#1269,#310,.T.);
#1586=EDGE_CURVE('',#1269,#1203,#311,.T.);
#1587=EDGE_CURVE('',#1209,#1270,#312,.T.);
#1588=EDGE_CURVE('',#1270,#1271,#313,.T.);
#1589=EDGE_CURVE('',#1271,#1272,#314,.T.);
#1590=EDGE_CURVE('',#1273,#1272,#1128,.F.);
#1591=EDGE_CURVE('',#1273,#1274,#315,.T.);
#1592=EDGE_CURVE('',#1274,#1253,#1129,.T.);
#1593=EDGE_CURVE('',#1236,#1275,#316,.T.);
#1594=EDGE_CURVE('',#1275,#1276,#1130,.T.);
#1595=EDGE_CURVE('',#1276,#1199,#317,.T.);
#1596=EDGE_CURVE('',#1277,#1277,#1131,.T.);
#1597=EDGE_CURVE('',#1278,#1279,#1132,.T.);
#1598=EDGE_CURVE('',#1279,#1278,#1133,.T.);
#1599=EDGE_CURVE('',#1276,#1184,#318,.T.);
#1600=EDGE_CURVE('',#1275,#1186,#319,.T.);
#1601=EDGE_CURVE('',#1280,#1268,#320,.T.);
#1602=EDGE_CURVE('',#1280,#1281,#140,.T.);
#1603=EDGE_CURVE('',#1282,#1281,#321,.F.);
#1604=EDGE_CURVE('',#1282,#1269,#322,.T.);
#1605=EDGE_CURVE('',#1282,#1283,#323,.T.);
#1606=EDGE_CURVE('',#1283,#1284,#324,.T.);
#1607=EDGE_CURVE('',#1284,#1285,#325,.T.);
#1608=EDGE_CURVE('',#1285,#1286,#326,.F.);
#1609=EDGE_CURVE('',#1287,#1286,#327,.T.);
#1610=EDGE_CURVE('',#1287,#1288,#328,.T.);
#1611=EDGE_CURVE('',#1288,#1289,#329,.T.);
#1612=EDGE_CURVE('',#1290,#1289,#330,.T.);
#1613=EDGE_CURVE('',#1290,#1291,#331,.T.);
#1614=EDGE_CURVE('',#1291,#1292,#332,.T.);
#1615=EDGE_CURVE('',#1292,#1293,#333,.T.);
#1616=EDGE_CURVE('',#1293,#1294,#334,.F.);
#1617=EDGE_CURVE('',#1295,#1294,#335,.T.);
#1618=EDGE_CURVE('',#1295,#1296,#336,.T.);
#1619=EDGE_CURVE('',#1296,#1297,#337,.T.);
#1620=EDGE_CURVE('',#1246,#1297,#338,.T.);
#1621=EDGE_CURVE('',#1297,#1298,#339,.T.);
#1622=EDGE_CURVE('',#1299,#1298,#141,.F.);
#1623=EDGE_CURVE('',#1247,#1299,#340,.T.);
#1624=EDGE_CURVE('',#1290,#1300,#341,.F.);
#1625=EDGE_CURVE('',#1289,#1301,#342,.T.);
#1626=EDGE_CURVE('',#1302,#1301,#142,.F.);
#1627=EDGE_CURVE('',#1303,#1302,#343,.T.);
#1628=EDGE_CURVE('',#1303,#1300,#143,.T.);
#1629=EDGE_CURVE('',#1304,#1305,#344,.T.);
#1630=EDGE_CURVE('',#1305,#1306,#1134,.T.);
#1631=EDGE_CURVE('',#1306,#1307,#345,.T.);
#1632=EDGE_CURVE('',#1307,#1304,#144,.T.);
#1633=EDGE_CURVE('',#1307,#1243,#346,.T.);
#1634=EDGE_CURVE('',#1242,#1304,#347,.T.);
#1635=EDGE_CURVE('',#1308,#1305,#348,.T.);
#1636=EDGE_CURVE('',#1245,#1308,#349,.T.);
#1637=EDGE_CURVE('',#1306,#1244,#350,.T.);
#1638=EDGE_CURVE('',#1309,#1304,#351,.T.);
#1639=EDGE_CURVE('',#1308,#1309,#352,.T.);
#1640=EDGE_CURVE('',#1309,#1241,#353,.T.);
#1641=EDGE_CURVE('',#1310,#1311,#354,.T.);
#1642=EDGE_CURVE('',#1311,#1312,#1135,.T.);
#1643=EDGE_CURVE('',#1312,#1313,#355,.T.);
#1644=EDGE_CURVE('',#1313,#1310,#145,.T.);
#1645=EDGE_CURVE('',#1313,#1314,#356,.T.);
#1646=EDGE_CURVE('',#1314,#1315,#146,.T.);
#1647=EDGE_CURVE('',#1315,#1310,#357,.T.);
#1648=EDGE_CURVE('',#1314,#1316,#358,.T.);
#1649=EDGE_CURVE('',#1316,#1317,#1136,.T.);
#1650=EDGE_CURVE('',#1317,#1315,#359,.T.);
#1651=EDGE_CURVE('',#1318,#1310,#360,.T.);
#1652=EDGE_CURVE('',#1319,#1318,#361,.T.);
#1653=EDGE_CURVE('',#1319,#1311,#362,.T.);
#1654=EDGE_CURVE('',#1320,#1315,#363,.T.);
#1655=EDGE_CURVE('',#1318,#1320,#364,.T.);
#1656=EDGE_CURVE('',#1321,#1317,#365,.T.);
#1657=EDGE_CURVE('',#1320,#1321,#366,.T.);
#1658=EDGE_CURVE('',#1322,#1273,#367,.T.);
#1659=EDGE_CURVE('',#1272,#1323,#368,.T.);
#1660=EDGE_CURVE('',#1323,#1322,#147,.T.);
#1661=EDGE_CURVE('',#1323,#1324,#369,.T.);
#1662=EDGE_CURVE('',#1324,#1325,#1137,.T.);
#1663=EDGE_CURVE('',#1325,#1322,#370,.T.);
#1664=EDGE_CURVE('',#1271,#1324,#371,.T.);
#1665=EDGE_CURVE('',#1326,#1322,#372,.T.);
#1666=EDGE_CURVE('',#1274,#1326,#373,.T.);
#1667=EDGE_CURVE('',#1327,#1325,#374,.T.);
#1668=EDGE_CURVE('',#1326,#1327,#375,.T.);
#1669=EDGE_CURVE('',#1327,#1270,#376,.T.);
#1670=EDGE_CURVE('',#1328,#1309,#377,.T.);
#1671=EDGE_CURVE('',#1328,#1329,#378,.T.);
#1672=EDGE_CURVE('',#1329,#1330,#379,.F.);
#1673=EDGE_CURVE('',#1331,#1330,#380,.T.);
#1674=EDGE_CURVE('',#1320,#1331,#381,.T.);
#1675=EDGE_CURVE('',#1321,#1319,#382,.T.);
#1676=EDGE_CURVE('',#1332,#1318,#383,.T.);
#1677=EDGE_CURVE('',#1332,#1333,#384,.T.);
#1678=EDGE_CURVE('',#1333,#1334,#385,.F.);
#1679=EDGE_CURVE('',#1335,#1334,#386,.T.);
#1680=EDGE_CURVE('',#1326,#1335,#387,.T.);
#1681=EDGE_CURVE('',#1312,#1316,#388,.T.);
#1682=EDGE_CURVE('',#1336,#1281,#389,.T.);
#1683=EDGE_CURVE('',#1280,#1337,#390,.T.);
#1684=EDGE_CURVE('',#1337,#1336,#148,.T.);
#1685=EDGE_CURVE('',#1337,#1267,#391,.T.);
#1686=EDGE_CURVE('',#1266,#1336,#392,.T.);
#1687=EDGE_CURVE('',#1283,#1336,#393,.T.);
#1688=EDGE_CURVE('',#1265,#1283,#394,.T.);
#1689=EDGE_CURVE('',#1338,#1300,#395,.T.);
#1690=EDGE_CURVE('',#1303,#1339,#396,.T.);
#1691=EDGE_CURVE('',#1339,#1338,#149,.T.);
#1692=EDGE_CURVE('',#1339,#1340,#397,.T.);
#1693=EDGE_CURVE('',#1340,#1341,#150,.T.);
#1694=EDGE_CURVE('',#1341,#1338,#398,.T.);
#1695=EDGE_CURVE('',#1340,#1302,#399,.T.);
#1696=EDGE_CURVE('',#1301,#1341,#400,.T.);
#1697=EDGE_CURVE('',#1291,#1338,#401,.T.);
#1698=EDGE_CURVE('',#1288,#1341,#402,.T.);
#1699=EDGE_CURVE('',#1288,#1291,#403,.T.);
#1700=EDGE_CURVE('',#1342,#1249,#404,.T.);
#1701=EDGE_CURVE('',#1248,#1343,#405,.T.);
#1702=EDGE_CURVE('',#1343,#1342,#151,.T.);
#1703=EDGE_CURVE('',#1343,#1299,#406,.T.);
#1704=EDGE_CURVE('',#1298,#1342,#407,.T.);
#1705=EDGE_CURVE('',#1296,#1342,#408,.T.);
#1706=EDGE_CURVE('',#1296,#1250,#409,.T.);
#1707=EDGE_CURVE('',#1344,#1345,#24,.T.);
#1708=EDGE_CURVE('',#1344,#1346,#25,.T.);
#1709=EDGE_CURVE('',#1347,#1346,#26,.T.);
#1710=EDGE_CURVE('',#1348,#1347,#27,.T.);
#1711=EDGE_CURVE('',#1348,#1349,#28,.T.);
#1712=EDGE_CURVE('',#1345,#1349,#29,.T.);
#1713=EDGE_CURVE('',#1345,#1350,#30,.T.);
#1714=EDGE_CURVE('',#1351,#1350,#31,.T.);
#1715=EDGE_CURVE('',#1352,#1351,#32,.T.);
#1716=EDGE_CURVE('',#1353,#1352,#410,.T.);
#1717=EDGE_CURVE('',#1354,#1353,#156,.T.);
#1718=EDGE_CURVE('',#1295,#1354,#33,.T.);
#1719=EDGE_CURVE('',#1344,#1294,#34,.F.);
#1720=EDGE_CURVE('',#1349,#1355,#411,.T.);
#1721=EDGE_CURVE('',#1355,#1356,#35,.T.);
#1722=EDGE_CURVE('',#1351,#1356,#36,.F.);
#1723=EDGE_CURVE('',#1348,#1357,#412,.T.);
#1724=EDGE_CURVE('',#1358,#1357,#37,.T.);
#1725=EDGE_CURVE('',#1355,#1358,#38,.T.);
#1726=EDGE_CURVE('',#1358,#1359,#1138,.T.);
#1727=EDGE_CURVE('',#1359,#1356,#39,.T.);
#1728=EDGE_CURVE('',#1360,#1357,#40,.T.);
#1729=EDGE_CURVE('',#1360,#1359,#41,.T.);
#1730=EDGE_CURVE('',#1361,#1347,#42,.T.);
#1731=EDGE_CURVE('',#1361,#1362,#43,.T.);
#1732=EDGE_CURVE('',#1360,#1362,#44,.F.);
#1733=EDGE_CURVE('',#1359,#1352,#1139,.T.);
#1734=EDGE_CURVE('',#1362,#1352,#45,.T.);
#1735=EDGE_CURVE('',#1293,#1346,#46,.F.);
#1736=EDGE_CURVE('',#1363,#1292,#47,.T.);
#1737=EDGE_CURVE('',#1353,#1363,#157,.T.);
#1738=EDGE_CURVE('',#1354,#1251,#413,.T.);
#1739=EDGE_CURVE('',#1364,#1363,#414,.T.);
#1740=EDGE_CURVE('',#1364,#1365,#158,.T.);
#1741=EDGE_CURVE('',#1365,#1366,#159,.T.);
#1742=EDGE_CURVE('',#1264,#1366,#415,.T.);
#1743=EDGE_CURVE('',#1367,#1367,#1140,.T.);
#1744=EDGE_CURVE('',#1368,#1368,#1141,.T.);
#1745=EDGE_CURVE('',#1369,#1369,#1142,.T.);
#1746=EDGE_CURVE('',#1370,#1370,#1143,.T.);
#1747=EDGE_CURVE('',#1287,#1364,#48,.T.);
#1748=EDGE_CURVE('',#1371,#1372,#49,.T.);
#1749=EDGE_CURVE('',#1371,#1373,#50,.T.);
#1750=EDGE_CURVE('',#1374,#1373,#51,.T.);
#1751=EDGE_CURVE('',#1375,#1374,#52,.T.);
#1752=EDGE_CURVE('',#1375,#1376,#53,.T.);
#1753=EDGE_CURVE('',#1372,#1376,#54,.T.);
#1754=EDGE_CURVE('',#1374,#1377,#55,.T.);
#1755=EDGE_CURVE('',#1378,#1377,#56,.T.);
#1756=EDGE_CURVE('',#1379,#1378,#57,.T.);
#1757=EDGE_CURVE('',#1365,#1379,#416,.T.);
#1758=EDGE_CURVE('',#1286,#1375,#58,.T.);
#1759=EDGE_CURVE('',#1373,#1380,#417,.T.);
#1760=EDGE_CURVE('',#1380,#1381,#59,.T.);
#1761=EDGE_CURVE('',#1378,#1381,#60,.F.);
#1762=EDGE_CURVE('',#1371,#1382,#418,.T.);
#1763=EDGE_CURVE('',#1383,#1382,#61,.T.);
#1764=EDGE_CURVE('',#1380,#1383,#62,.T.);
#1765=EDGE_CURVE('',#1384,#1382,#63,.T.);
#1766=EDGE_CURVE('',#1384,#1385,#64,.T.);
#1767=EDGE_CURVE('',#1385,#1383,#1144,.T.);
#1768=EDGE_CURVE('',#1385,#1381,#65,.T.);
#1769=EDGE_CURVE('',#1384,#1386,#66,.F.);
#1770=EDGE_CURVE('',#1386,#1379,#67,.T.);
#1771=EDGE_CURVE('',#1385,#1379,#1145,.T.);
#1772=EDGE_CURVE('',#1387,#1372,#68,.T.);
#1773=EDGE_CURVE('',#1387,#1386,#69,.T.);
#1774=EDGE_CURVE('',#1376,#1285,#70,.T.);
#1775=EDGE_CURVE('',#1366,#1284,#71,.T.);
#1776=EDGE_CURVE('',#1388,#1389,#72,.T.);
#1777=EDGE_CURVE('',#1388,#1390,#73,.T.);
#1778=EDGE_CURVE('',#1391,#1390,#74,.T.);
#1779=EDGE_CURVE('',#1392,#1391,#75,.T.);
#1780=EDGE_CURVE('',#1392,#1393,#76,.T.);
#1781=EDGE_CURVE('',#1389,#1393,#77,.T.);
#1782=EDGE_CURVE('',#1389,#1394,#78,.T.);
#1783=EDGE_CURVE('',#1395,#1394,#79,.T.);
#1784=EDGE_CURVE('',#1396,#1395,#80,.T.);
#1785=EDGE_CURVE('',#1255,#1396,#419,.T.);
#1786=EDGE_CURVE('',#1335,#1254,#81,.T.);
#1787=EDGE_CURVE('',#1388,#1334,#82,.F.);
#1788=EDGE_CURVE('',#1393,#1397,#420,.T.);
#1789=EDGE_CURVE('',#1397,#1398,#83,.T.);
#1790=EDGE_CURVE('',#1395,#1398,#84,.F.);
#1791=EDGE_CURVE('',#1392,#1399,#421,.T.);
#1792=EDGE_CURVE('',#1400,#1399,#85,.T.);
#1793=EDGE_CURVE('',#1397,#1400,#86,.T.);
#1794=EDGE_CURVE('',#1400,#1401,#1146,.T.);
#1795=EDGE_CURVE('',#1401,#1398,#87,.T.);
#1796=EDGE_CURVE('',#1402,#1399,#88,.T.);
#1797=EDGE_CURVE('',#1402,#1401,#89,.T.);
#1798=EDGE_CURVE('',#1403,#1391,#90,.T.);
#1799=EDGE_CURVE('',#1403,#1404,#91,.T.);
#1800=EDGE_CURVE('',#1402,#1404,#92,.F.);
#1801=EDGE_CURVE('',#1401,#1396,#1147,.T.);
#1802=EDGE_CURVE('',#1404,#1396,#93,.T.);
#1803=EDGE_CURVE('',#1333,#1390,#94,.F.);
#1804=EDGE_CURVE('',#1256,#1332,#95,.T.);
#1805=EDGE_CURVE('',#1331,#1257,#96,.T.);
#1806=EDGE_CURVE('',#1405,#1406,#97,.T.);
#1807=EDGE_CURVE('',#1405,#1407,#98,.T.);
#1808=EDGE_CURVE('',#1408,#1407,#99,.T.);
#1809=EDGE_CURVE('',#1409,#1408,#100,.T.);
#1810=EDGE_CURVE('',#1409,#1410,#101,.T.);
#1811=EDGE_CURVE('',#1406,#1410,#102,.T.);
#1812=EDGE_CURVE('',#1408,#1411,#103,.T.);
#1813=EDGE_CURVE('',#1412,#1411,#104,.T.);
#1814=EDGE_CURVE('',#1413,#1412,#105,.T.);
#1815=EDGE_CURVE('',#1258,#1413,#422,.T.);
#1816=EDGE_CURVE('',#1330,#1409,#106,.T.);
#1817=EDGE_CURVE('',#1407,#1414,#423,.T.);
#1818=EDGE_CURVE('',#1414,#1415,#107,.T.);
#1819=EDGE_CURVE('',#1412,#1415,#108,.F.);
#1820=EDGE_CURVE('',#1405,#1416,#424,.T.);
#1821=EDGE_CURVE('',#1417,#1416,#109,.T.);
#1822=EDGE_CURVE('',#1414,#1417,#110,.T.);
#1823=EDGE_CURVE('',#1418,#1416,#111,.T.);
#1824=EDGE_CURVE('',#1418,#1419,#112,.T.);
#1825=EDGE_CURVE('',#1419,#1417,#1148,.T.);
#1826=EDGE_CURVE('',#1419,#1415,#113,.T.);
#1827=EDGE_CURVE('',#1418,#1420,#114,.F.);
#1828=EDGE_CURVE('',#1420,#1413,#115,.T.);
#1829=EDGE_CURVE('',#1419,#1413,#1149,.T.);
#1830=EDGE_CURVE('',#1421,#1406,#116,.T.);
#1831=EDGE_CURVE('',#1421,#1420,#117,.T.);
#1832=EDGE_CURVE('',#1410,#1329,#118,.T.);
#1833=EDGE_CURVE('',#1259,#1328,#119,.T.);
#1834=EDGE_CURVE('',#1370,#1422,#425,.T.);
#1835=EDGE_CURVE('',#1422,#1422,#1150,.T.);
#1836=EDGE_CURVE('',#1260,#1423,#426,.T.);
#1837=EDGE_CURVE('',#1423,#1423,#1151,.T.);
#1838=EDGE_CURVE('',#1261,#1424,#427,.T.);
#1839=EDGE_CURVE('',#1424,#1424,#1152,.T.);
#1840=EDGE_CURVE('',#1369,#1425,#428,.T.);
#1841=EDGE_CURVE('',#1425,#1425,#1153,.T.);
#1842=EDGE_CURVE('',#1368,#1426,#429,.T.);
#1843=EDGE_CURVE('',#1426,#1426,#1154,.T.);
#1844=EDGE_CURVE('',#1262,#1427,#430,.T.);
#1845=EDGE_CURVE('',#1427,#1427,#1155,.T.);
#1846=EDGE_CURVE('',#1263,#1428,#431,.T.);
#1847=EDGE_CURVE('',#1428,#1428,#1156,.T.);
#1848=EDGE_CURVE('',#1367,#1429,#432,.T.);
#1849=EDGE_CURVE('',#1429,#1429,#1157,.T.);
#1850=EDGE_CURVE('',#1278,#1430,#433,.T.);
#1851=EDGE_CURVE('',#1430,#1431,#1158,.T.);
#1852=EDGE_CURVE('',#1279,#1431,#434,.T.);
#1853=EDGE_CURVE('',#1431,#1430,#1159,.T.);
#1854=EDGE_CURVE('',#1432,#1432,#1160,.T.);
#1855=EDGE_CURVE('',#1433,#1433,#1161,.T.);
#1856=EDGE_CURVE('',#1277,#1434,#435,.T.);
#1857=EDGE_CURVE('',#1434,#1434,#1162,.T.);
#1858=EDGE_CURVE('',#1435,#1435,#1163,.T.);
#1859=EDGE_CURVE('',#1436,#1436,#1164,.T.);
#1860=EDGE_CURVE('',#1436,#1239,#436,.T.);
#1861=EDGE_CURVE('',#1437,#1437,#1165,.T.);
#1862=EDGE_CURVE('',#1437,#1252,#437,.T.);
#1863=EDGE_CURVE('',#1438,#1438,#1166,.T.);
#1864=EDGE_CURVE('',#1438,#1212,#438,.T.);
#1865=EDGE_CURVE('',#1439,#1439,#1167,.T.);
#1866=EDGE_CURVE('',#1433,#1214,#439,.T.);
#1867=EDGE_CURVE('',#1435,#1439,#440,.T.);
#1868=EDGE_CURVE('',#1432,#1213,#441,.T.);
#1869=ORIENTED_EDGE('',*,*,#1440,.T.);
#1870=ORIENTED_EDGE('',*,*,#1441,.T.);
#1871=ORIENTED_EDGE('',*,*,#1442,.T.);
#1872=ORIENTED_EDGE('',*,*,#1443,.T.);
#1873=ORIENTED_EDGE('',*,*,#1444,.T.);
#1874=ORIENTED_EDGE('',*,*,#1445,.T.);
#1875=ORIENTED_EDGE('',*,*,#1442,.F.);
#1876=ORIENTED_EDGE('',*,*,#1446,.T.);
#1877=ORIENTED_EDGE('',*,*,#1447,.T.);
#1878=ORIENTED_EDGE('',*,*,#1448,.T.);
#1879=ORIENTED_EDGE('',*,*,#1444,.F.);
#1880=ORIENTED_EDGE('',*,*,#1449,.T.);
#1881=ORIENTED_EDGE('',*,*,#1450,.T.);
#1882=ORIENTED_EDGE('',*,*,#1451,.T.);
#1883=ORIENTED_EDGE('',*,*,#1447,.F.);
#1884=ORIENTED_EDGE('',*,*,#1452,.T.);
#1885=ORIENTED_EDGE('',*,*,#1453,.T.);
#1886=ORIENTED_EDGE('',*,*,#1454,.T.);
#1887=ORIENTED_EDGE('',*,*,#1450,.F.);
#1888=ORIENTED_EDGE('',*,*,#1455,.T.);
#1889=ORIENTED_EDGE('',*,*,#1456,.T.);
#1890=ORIENTED_EDGE('',*,*,#1457,.T.);
#1891=ORIENTED_EDGE('',*,*,#1453,.F.);
#1892=ORIENTED_EDGE('',*,*,#1458,.T.);
#1893=ORIENTED_EDGE('',*,*,#1459,.T.);
#1894=ORIENTED_EDGE('',*,*,#1460,.T.);
#1895=ORIENTED_EDGE('',*,*,#1456,.F.);
#1896=ORIENTED_EDGE('',*,*,#1461,.T.);
#1897=ORIENTED_EDGE('',*,*,#1462,.T.);
#1898=ORIENTED_EDGE('',*,*,#1463,.T.);
#1899=ORIENTED_EDGE('',*,*,#1459,.F.);
#1900=ORIENTED_EDGE('',*,*,#1464,.T.);
#1901=ORIENTED_EDGE('',*,*,#1465,.T.);
#1902=ORIENTED_EDGE('',*,*,#1466,.T.);
#1903=ORIENTED_EDGE('',*,*,#1462,.F.);
#1904=ORIENTED_EDGE('',*,*,#1467,.T.);
#1905=ORIENTED_EDGE('',*,*,#1468,.T.);
#1906=ORIENTED_EDGE('',*,*,#1469,.T.);
#1907=ORIENTED_EDGE('',*,*,#1465,.F.);
#1908=ORIENTED_EDGE('',*,*,#1470,.T.);
#1909=ORIENTED_EDGE('',*,*,#1471,.T.);
#1910=ORIENTED_EDGE('',*,*,#1472,.T.);
#1911=ORIENTED_EDGE('',*,*,#1468,.F.);
#1912=ORIENTED_EDGE('',*,*,#1473,.T.);
#1913=ORIENTED_EDGE('',*,*,#1474,.T.);
#1914=ORIENTED_EDGE('',*,*,#1475,.T.);
#1915=ORIENTED_EDGE('',*,*,#1471,.F.);
#1916=ORIENTED_EDGE('',*,*,#1476,.T.);
#1917=ORIENTED_EDGE('',*,*,#1474,.F.);
#1918=ORIENTED_EDGE('',*,*,#1477,.T.);
#1919=ORIENTED_EDGE('',*,*,#1440,.F.);
#1920=ORIENTED_EDGE('',*,*,#1478,.T.);
#1921=ORIENTED_EDGE('',*,*,#1461,.F.);
#1922=ORIENTED_EDGE('',*,*,#1479,.T.);
#1923=ORIENTED_EDGE('',*,*,#1480,.F.);
#1924=ORIENTED_EDGE('',*,*,#1481,.T.);
#1925=ORIENTED_EDGE('',*,*,#1482,.T.);
#1926=ORIENTED_EDGE('',*,*,#1483,.T.);
#1927=ORIENTED_EDGE('',*,*,#1484,.T.);
#1928=ORIENTED_EDGE('',*,*,#1485,.T.);
#1929=ORIENTED_EDGE('',*,*,#1458,.F.);
#1930=ORIENTED_EDGE('',*,*,#1486,.F.);
#1931=ORIENTED_EDGE('',*,*,#1487,.F.);
#1932=ORIENTED_EDGE('',*,*,#1479,.F.);
#1933=ORIENTED_EDGE('',*,*,#1455,.F.);
#1934=ORIENTED_EDGE('',*,*,#1488,.T.);
#1935=ORIENTED_EDGE('',*,*,#1489,.F.);
#1936=ORIENTED_EDGE('',*,*,#1486,.T.);
#1937=ORIENTED_EDGE('',*,*,#1452,.F.);
#1938=ORIENTED_EDGE('',*,*,#1490,.T.);
#1939=ORIENTED_EDGE('',*,*,#1491,.F.);
#1940=ORIENTED_EDGE('',*,*,#1492,.F.);
#1941=ORIENTED_EDGE('',*,*,#1493,.F.);
#1942=ORIENTED_EDGE('',*,*,#1494,.T.);
#1943=ORIENTED_EDGE('',*,*,#1495,.F.);
#1944=ORIENTED_EDGE('',*,*,#1488,.F.);
#1945=ORIENTED_EDGE('',*,*,#1449,.F.);
#1946=ORIENTED_EDGE('',*,*,#1496,.F.);
#1947=ORIENTED_EDGE('',*,*,#1497,.F.);
#1948=ORIENTED_EDGE('',*,*,#1494,.F.);
#1949=ORIENTED_EDGE('',*,*,#1498,.F.);
#1950=ORIENTED_EDGE('',*,*,#1499,.F.);
#1951=ORIENTED_EDGE('',*,*,#1500,.F.);
#1952=ORIENTED_EDGE('',*,*,#1490,.F.);
#1953=ORIENTED_EDGE('',*,*,#1446,.F.);
#1954=ORIENTED_EDGE('',*,*,#1501,.T.);
#1955=ORIENTED_EDGE('',*,*,#1502,.F.);
#1956=ORIENTED_EDGE('',*,*,#1496,.T.);
#1957=ORIENTED_EDGE('',*,*,#1441,.F.);
#1958=ORIENTED_EDGE('',*,*,#1503,.F.);
#1959=ORIENTED_EDGE('',*,*,#1504,.F.);
#1960=ORIENTED_EDGE('',*,*,#1501,.F.);
#1961=ORIENTED_EDGE('',*,*,#1443,.F.);
#1962=ORIENTED_EDGE('',*,*,#1445,.F.);
#1963=ORIENTED_EDGE('',*,*,#1448,.F.);
#1964=ORIENTED_EDGE('',*,*,#1451,.F.);
#1965=ORIENTED_EDGE('',*,*,#1454,.F.);
#1966=ORIENTED_EDGE('',*,*,#1457,.F.);
#1967=ORIENTED_EDGE('',*,*,#1460,.F.);
#1968=ORIENTED_EDGE('',*,*,#1463,.F.);
#1969=ORIENTED_EDGE('',*,*,#1466,.F.);
#1970=ORIENTED_EDGE('',*,*,#1469,.F.);
#1971=ORIENTED_EDGE('',*,*,#1472,.F.);
#1972=ORIENTED_EDGE('',*,*,#1475,.F.);
#1973=ORIENTED_EDGE('',*,*,#1478,.F.);
#1974=ORIENTED_EDGE('',*,*,#1505,.T.);
#1975=ORIENTED_EDGE('',*,*,#1506,.F.);
#1976=ORIENTED_EDGE('',*,*,#1507,.F.);
#1977=ORIENTED_EDGE('',*,*,#1508,.T.);
#1978=ORIENTED_EDGE('',*,*,#1509,.T.);
#1979=ORIENTED_EDGE('',*,*,#1510,.T.);
#1980=ORIENTED_EDGE('',*,*,#1502,.T.);
#1981=ORIENTED_EDGE('',*,*,#1511,.T.);
#1982=ORIENTED_EDGE('',*,*,#1497,.T.);
#1983=ORIENTED_EDGE('',*,*,#1510,.F.);
#1984=ORIENTED_EDGE('',*,*,#1512,.T.);
#1985=ORIENTED_EDGE('',*,*,#1513,.T.);
#1986=ORIENTED_EDGE('',*,*,#1495,.T.);
#1987=ORIENTED_EDGE('',*,*,#1511,.F.);
#1988=ORIENTED_EDGE('',*,*,#1514,.T.);
#1989=ORIENTED_EDGE('',*,*,#1515,.T.);
#1990=ORIENTED_EDGE('',*,*,#1489,.T.);
#1991=ORIENTED_EDGE('',*,*,#1513,.F.);
#1992=ORIENTED_EDGE('',*,*,#1516,.T.);
#1993=ORIENTED_EDGE('',*,*,#1517,.T.);
#1994=ORIENTED_EDGE('',*,*,#1487,.T.);
#1995=ORIENTED_EDGE('',*,*,#1515,.F.);
#1996=ORIENTED_EDGE('',*,*,#1518,.T.);
#1997=ORIENTED_EDGE('',*,*,#1519,.T.);
#1998=ORIENTED_EDGE('',*,*,#1480,.T.);
#1999=ORIENTED_EDGE('',*,*,#1517,.F.);
#2000=ORIENTED_EDGE('',*,*,#1520,.T.);
#2001=ORIENTED_EDGE('',*,*,#1521,.T.);
#2002=ORIENTED_EDGE('',*,*,#1522,.T.);
#2003=ORIENTED_EDGE('',*,*,#1519,.F.);
#2004=ORIENTED_EDGE('',*,*,#1523,.T.);
#2005=ORIENTED_EDGE('',*,*,#1524,.T.);
#2006=ORIENTED_EDGE('',*,*,#1525,.T.);
#2007=ORIENTED_EDGE('',*,*,#1521,.F.);
#2008=ORIENTED_EDGE('',*,*,#1526,.T.);
#2009=ORIENTED_EDGE('',*,*,#1527,.T.);
#2010=ORIENTED_EDGE('',*,*,#1528,.T.);
#2011=ORIENTED_EDGE('',*,*,#1524,.F.);
#2012=ORIENTED_EDGE('',*,*,#1529,.T.);
#2013=ORIENTED_EDGE('',*,*,#1530,.T.);
#2014=ORIENTED_EDGE('',*,*,#1531,.T.);
#2015=ORIENTED_EDGE('',*,*,#1527,.F.);
#2016=ORIENTED_EDGE('',*,*,#1532,.T.);
#2017=ORIENTED_EDGE('',*,*,#1533,.T.);
#2018=ORIENTED_EDGE('',*,*,#1534,.T.);
#2019=ORIENTED_EDGE('',*,*,#1530,.F.);
#2020=ORIENTED_EDGE('',*,*,#1535,.T.);
#2021=ORIENTED_EDGE('',*,*,#1536,.T.);
#2022=ORIENTED_EDGE('',*,*,#1537,.T.);
#2023=ORIENTED_EDGE('',*,*,#1533,.F.);
#2024=ORIENTED_EDGE('',*,*,#1538,.T.);
#2025=ORIENTED_EDGE('',*,*,#1536,.F.);
#2026=ORIENTED_EDGE('',*,*,#1539,.T.);
#2027=ORIENTED_EDGE('',*,*,#1508,.F.);
#2028=ORIENTED_EDGE('',*,*,#1504,.T.);
#2029=ORIENTED_EDGE('',*,*,#1525,.F.);
#2030=ORIENTED_EDGE('',*,*,#1540,.T.);
#2031=ORIENTED_EDGE('',*,*,#1541,.F.);
#2032=ORIENTED_EDGE('',*,*,#1542,.F.);
#2033=ORIENTED_EDGE('',*,*,#1528,.F.);
#2034=ORIENTED_EDGE('',*,*,#1543,.F.);
#2035=ORIENTED_EDGE('',*,*,#1544,.F.);
#2036=ORIENTED_EDGE('',*,*,#1540,.F.);
#2037=ORIENTED_EDGE('',*,*,#1473,.F.);
#2038=ORIENTED_EDGE('',*,*,#1545,.T.);
#2039=ORIENTED_EDGE('',*,*,#1546,.T.);
#2040=ORIENTED_EDGE('',*,*,#1547,.T.);
#2041=ORIENTED_EDGE('',*,*,#1548,.T.);
#2042=ORIENTED_EDGE('',*,*,#1543,.T.);
#2043=ORIENTED_EDGE('',*,*,#1531,.F.);
#2044=ORIENTED_EDGE('',*,*,#1549,.T.);
#2045=ORIENTED_EDGE('',*,*,#1476,.F.);
#2046=ORIENTED_EDGE('',*,*,#1549,.F.);
#2047=ORIENTED_EDGE('',*,*,#1534,.F.);
#2048=ORIENTED_EDGE('',*,*,#1550,.F.);
#2049=ORIENTED_EDGE('',*,*,#1477,.F.);
#2050=ORIENTED_EDGE('',*,*,#1550,.T.);
#2051=ORIENTED_EDGE('',*,*,#1537,.F.);
#2052=ORIENTED_EDGE('',*,*,#1503,.T.);
#2053=ORIENTED_EDGE('',*,*,#1509,.F.);
#2054=ORIENTED_EDGE('',*,*,#1539,.F.);
#2055=ORIENTED_EDGE('',*,*,#1538,.F.);
#2056=ORIENTED_EDGE('',*,*,#1535,.F.);
#2057=ORIENTED_EDGE('',*,*,#1532,.F.);
#2058=ORIENTED_EDGE('',*,*,#1529,.F.);
#2059=ORIENTED_EDGE('',*,*,#1526,.F.);
#2060=ORIENTED_EDGE('',*,*,#1523,.F.);
#2061=ORIENTED_EDGE('',*,*,#1520,.F.);
#2062=ORIENTED_EDGE('',*,*,#1518,.F.);
#2063=ORIENTED_EDGE('',*,*,#1516,.F.);
#2064=ORIENTED_EDGE('',*,*,#1514,.F.);
#2065=ORIENTED_EDGE('',*,*,#1512,.F.);
#2066=ORIENTED_EDGE('',*,*,#1551,.T.);
#2067=ORIENTED_EDGE('',*,*,#1482,.F.);
#2068=ORIENTED_EDGE('',*,*,#1552,.T.);
#2069=ORIENTED_EDGE('',*,*,#1541,.T.);
#2070=ORIENTED_EDGE('',*,*,#1544,.T.);
#2071=ORIENTED_EDGE('',*,*,#1548,.F.);
#2072=ORIENTED_EDGE('',*,*,#1553,.T.);
#2073=ORIENTED_EDGE('',*,*,#1554,.T.);
#2074=ORIENTED_EDGE('',*,*,#1555,.T.);
#2075=ORIENTED_EDGE('',*,*,#1556,.F.);
#2076=ORIENTED_EDGE('',*,*,#1557,.T.);
#2077=ORIENTED_EDGE('',*,*,#1558,.T.);
#2078=ORIENTED_EDGE('',*,*,#1559,.T.);
#2079=ORIENTED_EDGE('',*,*,#1498,.T.);
#2080=ORIENTED_EDGE('',*,*,#1493,.T.);
#2081=ORIENTED_EDGE('',*,*,#1560,.T.);
#2082=ORIENTED_EDGE('',*,*,#1561,.T.);
#2083=ORIENTED_EDGE('',*,*,#1562,.T.);
#2084=ORIENTED_EDGE('',*,*,#1563,.F.);
#2085=ORIENTED_EDGE('',*,*,#1564,.T.);
#2086=ORIENTED_EDGE('',*,*,#1565,.T.);
#2087=ORIENTED_EDGE('',*,*,#1566,.T.);
#2088=ORIENTED_EDGE('',*,*,#1567,.T.);
#2089=ORIENTED_EDGE('',*,*,#1522,.F.);
#2090=ORIENTED_EDGE('',*,*,#1542,.T.);
#2091=ORIENTED_EDGE('',*,*,#1552,.F.);
#2092=ORIENTED_EDGE('',*,*,#1481,.F.);
#2093=ORIENTED_EDGE('',*,*,#1547,.F.);
#2094=ORIENTED_EDGE('',*,*,#1568,.F.);
#2095=ORIENTED_EDGE('',*,*,#1569,.T.);
#2096=ORIENTED_EDGE('',*,*,#1570,.T.);
#2097=ORIENTED_EDGE('',*,*,#1571,.T.);
#2098=ORIENTED_EDGE('',*,*,#1572,.T.);
#2099=ORIENTED_EDGE('',*,*,#1573,.T.);
#2100=ORIENTED_EDGE('',*,*,#1574,.T.);
#2101=ORIENTED_EDGE('',*,*,#1575,.T.);
#2102=ORIENTED_EDGE('',*,*,#1553,.F.);
#2103=ORIENTED_EDGE('',*,*,#1576,.T.);
#2104=ORIENTED_EDGE('',*,*,#1577,.T.);
#2105=ORIENTED_EDGE('',*,*,#1578,.T.);
#2106=ORIENTED_EDGE('',*,*,#1579,.T.);
#2107=ORIENTED_EDGE('',*,*,#1484,.F.);
#2108=ORIENTED_EDGE('',*,*,#1580,.T.);
#2109=ORIENTED_EDGE('',*,*,#1581,.T.);
#2110=ORIENTED_EDGE('',*,*,#1582,.T.);
#2111=ORIENTED_EDGE('',*,*,#1583,.F.);
#2112=ORIENTED_EDGE('',*,*,#1584,.T.);
#2113=ORIENTED_EDGE('',*,*,#1585,.T.);
#2114=ORIENTED_EDGE('',*,*,#1586,.T.);
#2115=ORIENTED_EDGE('',*,*,#1491,.T.);
#2116=ORIENTED_EDGE('',*,*,#1500,.T.);
#2117=ORIENTED_EDGE('',*,*,#1587,.T.);
#2118=ORIENTED_EDGE('',*,*,#1588,.T.);
#2119=ORIENTED_EDGE('',*,*,#1589,.T.);
#2120=ORIENTED_EDGE('',*,*,#1590,.F.);
#2121=ORIENTED_EDGE('',*,*,#1591,.T.);
#2122=ORIENTED_EDGE('',*,*,#1592,.T.);
#2123=ORIENTED_EDGE('',*,*,#1568,.T.);
#2124=ORIENTED_EDGE('',*,*,#1546,.F.);
#2125=ORIENTED_EDGE('',*,*,#1593,.T.);
#2126=ORIENTED_EDGE('',*,*,#1594,.T.);
#2127=ORIENTED_EDGE('',*,*,#1595,.T.);
#2128=ORIENTED_EDGE('',*,*,#1596,.T.);
#2129=ORIENTED_EDGE('',*,*,#1597,.T.);
#2130=ORIENTED_EDGE('',*,*,#1598,.T.);
#2131=ORIENTED_EDGE('',*,*,#1467,.F.);
#2132=ORIENTED_EDGE('',*,*,#1599,.F.);
#2133=ORIENTED_EDGE('',*,*,#1594,.F.);
#2134=ORIENTED_EDGE('',*,*,#1600,.T.);
#2135=ORIENTED_EDGE('',*,*,#1464,.F.);
#2136=ORIENTED_EDGE('',*,*,#1485,.F.);
#2137=ORIENTED_EDGE('',*,*,#1595,.F.);
#2138=ORIENTED_EDGE('',*,*,#1599,.T.);
#2139=ORIENTED_EDGE('',*,*,#1470,.F.);
#2140=ORIENTED_EDGE('',*,*,#1600,.F.);
#2141=ORIENTED_EDGE('',*,*,#1593,.F.);
#2142=ORIENTED_EDGE('',*,*,#1545,.F.);
#2143=ORIENTED_EDGE('',*,*,#1585,.F.);
#2144=ORIENTED_EDGE('',*,*,#1601,.F.);
#2145=ORIENTED_EDGE('',*,*,#1602,.T.);
#2146=ORIENTED_EDGE('',*,*,#1603,.F.);
#2147=ORIENTED_EDGE('',*,*,#1604,.T.);
#2148=ORIENTED_EDGE('',*,*,#1492,.T.);
#2149=ORIENTED_EDGE('',*,*,#1586,.F.);
#2150=ORIENTED_EDGE('',*,*,#1604,.F.);
#2151=ORIENTED_EDGE('',*,*,#1605,.T.);
#2152=ORIENTED_EDGE('',*,*,#1606,.T.);
#2153=ORIENTED_EDGE('',*,*,#1607,.T.);
#2154=ORIENTED_EDGE('',*,*,#1608,.T.);
#2155=ORIENTED_EDGE('',*,*,#1609,.F.);
#2156=ORIENTED_EDGE('',*,*,#1610,.T.);
#2157=ORIENTED_EDGE('',*,*,#1611,.T.);
#2158=ORIENTED_EDGE('',*,*,#1612,.F.);
#2159=ORIENTED_EDGE('',*,*,#1613,.T.);
#2160=ORIENTED_EDGE('',*,*,#1614,.T.);
#2161=ORIENTED_EDGE('',*,*,#1615,.T.);
#2162=ORIENTED_EDGE('',*,*,#1616,.T.);
#2163=ORIENTED_EDGE('',*,*,#1617,.F.);
#2164=ORIENTED_EDGE('',*,*,#1618,.T.);
#2165=ORIENTED_EDGE('',*,*,#1619,.T.);
#2166=ORIENTED_EDGE('',*,*,#1620,.F.);
#2167=ORIENTED_EDGE('',*,*,#1560,.F.);
#2168=ORIENTED_EDGE('',*,*,#1561,.F.);
#2169=ORIENTED_EDGE('',*,*,#1620,.T.);
#2170=ORIENTED_EDGE('',*,*,#1621,.T.);
#2171=ORIENTED_EDGE('',*,*,#1622,.F.);
#2172=ORIENTED_EDGE('',*,*,#1623,.F.);
#2173=ORIENTED_EDGE('',*,*,#1624,.F.);
#2174=ORIENTED_EDGE('',*,*,#1612,.T.);
#2175=ORIENTED_EDGE('',*,*,#1625,.T.);
#2176=ORIENTED_EDGE('',*,*,#1626,.F.);
#2177=ORIENTED_EDGE('',*,*,#1627,.F.);
#2178=ORIENTED_EDGE('',*,*,#1628,.T.);
#2179=ORIENTED_EDGE('',*,*,#1629,.T.);
#2180=ORIENTED_EDGE('',*,*,#1630,.T.);
#2181=ORIENTED_EDGE('',*,*,#1631,.T.);
#2182=ORIENTED_EDGE('',*,*,#1632,.T.);
#2183=ORIENTED_EDGE('',*,*,#1633,.T.);
#2184=ORIENTED_EDGE('',*,*,#1556,.T.);
#2185=ORIENTED_EDGE('',*,*,#1634,.T.);
#2186=ORIENTED_EDGE('',*,*,#1632,.F.);
#2187=ORIENTED_EDGE('',*,*,#1630,.F.);
#2188=ORIENTED_EDGE('',*,*,#1635,.F.);
#2189=ORIENTED_EDGE('',*,*,#1636,.F.);
#2190=ORIENTED_EDGE('',*,*,#1558,.F.);
#2191=ORIENTED_EDGE('',*,*,#1637,.F.);
#2192=ORIENTED_EDGE('',*,*,#1629,.F.);
#2193=ORIENTED_EDGE('',*,*,#1638,.F.);
#2194=ORIENTED_EDGE('',*,*,#1639,.F.);
#2195=ORIENTED_EDGE('',*,*,#1635,.T.);
#2196=ORIENTED_EDGE('',*,*,#1634,.F.);
#2197=ORIENTED_EDGE('',*,*,#1555,.F.);
#2198=ORIENTED_EDGE('',*,*,#1640,.F.);
#2199=ORIENTED_EDGE('',*,*,#1638,.T.);
#2200=ORIENTED_EDGE('',*,*,#1641,.T.);
#2201=ORIENTED_EDGE('',*,*,#1642,.T.);
#2202=ORIENTED_EDGE('',*,*,#1643,.T.);
#2203=ORIENTED_EDGE('',*,*,#1644,.T.);
#2204=ORIENTED_EDGE('',*,*,#1645,.T.);
#2205=ORIENTED_EDGE('',*,*,#1646,.T.);
#2206=ORIENTED_EDGE('',*,*,#1647,.T.);
#2207=ORIENTED_EDGE('',*,*,#1644,.F.);
#2208=ORIENTED_EDGE('',*,*,#1648,.T.);
#2209=ORIENTED_EDGE('',*,*,#1649,.T.);
#2210=ORIENTED_EDGE('',*,*,#1650,.T.);
#2211=ORIENTED_EDGE('',*,*,#1646,.F.);
#2212=ORIENTED_EDGE('',*,*,#1641,.F.);
#2213=ORIENTED_EDGE('',*,*,#1651,.F.);
#2214=ORIENTED_EDGE('',*,*,#1652,.F.);
#2215=ORIENTED_EDGE('',*,*,#1653,.T.);
#2216=ORIENTED_EDGE('',*,*,#1647,.F.);
#2217=ORIENTED_EDGE('',*,*,#1654,.F.);
#2218=ORIENTED_EDGE('',*,*,#1655,.F.);
#2219=ORIENTED_EDGE('',*,*,#1651,.T.);
#2220=ORIENTED_EDGE('',*,*,#1650,.F.);
#2221=ORIENTED_EDGE('',*,*,#1656,.F.);
#2222=ORIENTED_EDGE('',*,*,#1657,.F.);
#2223=ORIENTED_EDGE('',*,*,#1654,.T.);
#2224=ORIENTED_EDGE('',*,*,#1658,.T.);
#2225=ORIENTED_EDGE('',*,*,#1590,.T.);
#2226=ORIENTED_EDGE('',*,*,#1659,.T.);
#2227=ORIENTED_EDGE('',*,*,#1660,.T.);
#2228=ORIENTED_EDGE('',*,*,#1661,.T.);
#2229=ORIENTED_EDGE('',*,*,#1662,.T.);
#2230=ORIENTED_EDGE('',*,*,#1663,.T.);
#2231=ORIENTED_EDGE('',*,*,#1660,.F.);
#2232=ORIENTED_EDGE('',*,*,#1661,.F.);
#2233=ORIENTED_EDGE('',*,*,#1659,.F.);
#2234=ORIENTED_EDGE('',*,*,#1589,.F.);
#2235=ORIENTED_EDGE('',*,*,#1664,.T.);
#2236=ORIENTED_EDGE('',*,*,#1658,.F.);
#2237=ORIENTED_EDGE('',*,*,#1665,.F.);
#2238=ORIENTED_EDGE('',*,*,#1666,.F.);
#2239=ORIENTED_EDGE('',*,*,#1591,.F.);
#2240=ORIENTED_EDGE('',*,*,#1663,.F.);
#2241=ORIENTED_EDGE('',*,*,#1667,.F.);
#2242=ORIENTED_EDGE('',*,*,#1668,.F.);
#2243=ORIENTED_EDGE('',*,*,#1665,.T.);
#2244=ORIENTED_EDGE('',*,*,#1662,.F.);
#2245=ORIENTED_EDGE('',*,*,#1664,.F.);
#2246=ORIENTED_EDGE('',*,*,#1588,.F.);
#2247=ORIENTED_EDGE('',*,*,#1669,.F.);
#2248=ORIENTED_EDGE('',*,*,#1667,.T.);
#2249=ORIENTED_EDGE('',*,*,#1668,.T.);
#2250=ORIENTED_EDGE('',*,*,#1669,.T.);
#2251=ORIENTED_EDGE('',*,*,#1587,.F.);
#2252=ORIENTED_EDGE('',*,*,#1499,.T.);
#2253=ORIENTED_EDGE('',*,*,#1559,.F.);
#2254=ORIENTED_EDGE('',*,*,#1636,.T.);
#2255=ORIENTED_EDGE('',*,*,#1639,.T.);
#2256=ORIENTED_EDGE('',*,*,#1670,.F.);
#2257=ORIENTED_EDGE('',*,*,#1671,.T.);
#2258=ORIENTED_EDGE('',*,*,#1672,.T.);
#2259=ORIENTED_EDGE('',*,*,#1673,.F.);
#2260=ORIENTED_EDGE('',*,*,#1674,.F.);
#2261=ORIENTED_EDGE('',*,*,#1657,.T.);
#2262=ORIENTED_EDGE('',*,*,#1675,.T.);
#2263=ORIENTED_EDGE('',*,*,#1652,.T.);
#2264=ORIENTED_EDGE('',*,*,#1676,.F.);
#2265=ORIENTED_EDGE('',*,*,#1677,.T.);
#2266=ORIENTED_EDGE('',*,*,#1678,.T.);
#2267=ORIENTED_EDGE('',*,*,#1679,.F.);
#2268=ORIENTED_EDGE('',*,*,#1680,.F.);
#2269=ORIENTED_EDGE('',*,*,#1642,.F.);
#2270=ORIENTED_EDGE('',*,*,#1653,.F.);
#2271=ORIENTED_EDGE('',*,*,#1675,.F.);
#2272=ORIENTED_EDGE('',*,*,#1656,.T.);
#2273=ORIENTED_EDGE('',*,*,#1649,.F.);
#2274=ORIENTED_EDGE('',*,*,#1681,.F.);
#2275=ORIENTED_EDGE('',*,*,#1643,.F.);
#2276=ORIENTED_EDGE('',*,*,#1681,.T.);
#2277=ORIENTED_EDGE('',*,*,#1648,.F.);
#2278=ORIENTED_EDGE('',*,*,#1645,.F.);
#2279=ORIENTED_EDGE('',*,*,#1631,.F.);
#2280=ORIENTED_EDGE('',*,*,#1637,.T.);
#2281=ORIENTED_EDGE('',*,*,#1557,.F.);
#2282=ORIENTED_EDGE('',*,*,#1633,.F.);
#2283=ORIENTED_EDGE('',*,*,#1682,.T.);
#2284=ORIENTED_EDGE('',*,*,#1602,.F.);
#2285=ORIENTED_EDGE('',*,*,#1683,.T.);
#2286=ORIENTED_EDGE('',*,*,#1684,.T.);
#2287=ORIENTED_EDGE('',*,*,#1685,.T.);
#2288=ORIENTED_EDGE('',*,*,#1583,.T.);
#2289=ORIENTED_EDGE('',*,*,#1686,.T.);
#2290=ORIENTED_EDGE('',*,*,#1684,.F.);
#2291=ORIENTED_EDGE('',*,*,#1682,.F.);
#2292=ORIENTED_EDGE('',*,*,#1687,.F.);
#2293=ORIENTED_EDGE('',*,*,#1605,.F.);
#2294=ORIENTED_EDGE('',*,*,#1603,.T.);
#2295=ORIENTED_EDGE('',*,*,#1686,.F.);
#2296=ORIENTED_EDGE('',*,*,#1582,.F.);
#2297=ORIENTED_EDGE('',*,*,#1688,.T.);
#2298=ORIENTED_EDGE('',*,*,#1687,.T.);
#2299=ORIENTED_EDGE('',*,*,#1689,.T.);
#2300=ORIENTED_EDGE('',*,*,#1628,.F.);
#2301=ORIENTED_EDGE('',*,*,#1690,.T.);
#2302=ORIENTED_EDGE('',*,*,#1691,.T.);
#2303=ORIENTED_EDGE('',*,*,#1692,.T.);
#2304=ORIENTED_EDGE('',*,*,#1693,.T.);
#2305=ORIENTED_EDGE('',*,*,#1694,.T.);
#2306=ORIENTED_EDGE('',*,*,#1691,.F.);
#2307=ORIENTED_EDGE('',*,*,#1695,.T.);
#2308=ORIENTED_EDGE('',*,*,#1626,.T.);
#2309=ORIENTED_EDGE('',*,*,#1696,.T.);
#2310=ORIENTED_EDGE('',*,*,#1693,.F.);
#2311=ORIENTED_EDGE('',*,*,#1689,.F.);
#2312=ORIENTED_EDGE('',*,*,#1697,.F.);
#2313=ORIENTED_EDGE('',*,*,#1613,.F.);
#2314=ORIENTED_EDGE('',*,*,#1624,.T.);
#2315=ORIENTED_EDGE('',*,*,#1694,.F.);
#2316=ORIENTED_EDGE('',*,*,#1698,.F.);
#2317=ORIENTED_EDGE('',*,*,#1699,.T.);
#2318=ORIENTED_EDGE('',*,*,#1697,.T.);
#2319=ORIENTED_EDGE('',*,*,#1696,.F.);
#2320=ORIENTED_EDGE('',*,*,#1625,.F.);
#2321=ORIENTED_EDGE('',*,*,#1611,.F.);
#2322=ORIENTED_EDGE('',*,*,#1698,.T.);
#2323=ORIENTED_EDGE('',*,*,#1700,.T.);
#2324=ORIENTED_EDGE('',*,*,#1563,.T.);
#2325=ORIENTED_EDGE('',*,*,#1701,.T.);
#2326=ORIENTED_EDGE('',*,*,#1702,.T.);
#2327=ORIENTED_EDGE('',*,*,#1703,.T.);
#2328=ORIENTED_EDGE('',*,*,#1622,.T.);
#2329=ORIENTED_EDGE('',*,*,#1704,.T.);
#2330=ORIENTED_EDGE('',*,*,#1702,.F.);
#2331=ORIENTED_EDGE('',*,*,#1703,.F.);
#2332=ORIENTED_EDGE('',*,*,#1701,.F.);
#2333=ORIENTED_EDGE('',*,*,#1562,.F.);
#2334=ORIENTED_EDGE('',*,*,#1623,.T.);
#2335=ORIENTED_EDGE('',*,*,#1700,.F.);
#2336=ORIENTED_EDGE('',*,*,#1705,.F.);
#2337=ORIENTED_EDGE('',*,*,#1706,.T.);
#2338=ORIENTED_EDGE('',*,*,#1564,.F.);
#2339=ORIENTED_EDGE('',*,*,#1704,.F.);
#2340=ORIENTED_EDGE('',*,*,#1621,.F.);
#2341=ORIENTED_EDGE('',*,*,#1619,.F.);
#2342=ORIENTED_EDGE('',*,*,#1705,.T.);
#2343=ORIENTED_EDGE('',*,*,#1690,.F.);
#2344=ORIENTED_EDGE('',*,*,#1627,.T.);
#2345=ORIENTED_EDGE('',*,*,#1695,.F.);
#2346=ORIENTED_EDGE('',*,*,#1692,.F.);
#2347=ORIENTED_EDGE('',*,*,#1683,.F.);
#2348=ORIENTED_EDGE('',*,*,#1601,.T.);
#2349=ORIENTED_EDGE('',*,*,#1584,.F.);
#2350=ORIENTED_EDGE('',*,*,#1685,.F.);
#2351=ORIENTED_EDGE('',*,*,#1707,.F.);
#2352=ORIENTED_EDGE('',*,*,#1708,.T.);
#2353=ORIENTED_EDGE('',*,*,#1709,.F.);
#2354=ORIENTED_EDGE('',*,*,#1710,.F.);
#2355=ORIENTED_EDGE('',*,*,#1711,.T.);
#2356=ORIENTED_EDGE('',*,*,#1712,.F.);
#2357=ORIENTED_EDGE('',*,*,#1707,.T.);
#2358=ORIENTED_EDGE('',*,*,#1713,.T.);
#2359=ORIENTED_EDGE('',*,*,#1714,.F.);
#2360=ORIENTED_EDGE('',*,*,#1715,.F.);
#2361=ORIENTED_EDGE('',*,*,#1716,.F.);
#2362=ORIENTED_EDGE('',*,*,#1717,.F.);
#2363=ORIENTED_EDGE('',*,*,#1718,.F.);
#2364=ORIENTED_EDGE('',*,*,#1617,.T.);
#2365=ORIENTED_EDGE('',*,*,#1719,.F.);
#2366=ORIENTED_EDGE('',*,*,#1712,.T.);
#2367=ORIENTED_EDGE('',*,*,#1720,.T.);
#2368=ORIENTED_EDGE('',*,*,#1721,.T.);
#2369=ORIENTED_EDGE('',*,*,#1722,.F.);
#2370=ORIENTED_EDGE('',*,*,#1714,.T.);
#2371=ORIENTED_EDGE('',*,*,#1713,.F.);
#2372=ORIENTED_EDGE('',*,*,#1711,.F.);
#2373=ORIENTED_EDGE('',*,*,#1723,.T.);
#2374=ORIENTED_EDGE('',*,*,#1724,.F.);
#2375=ORIENTED_EDGE('',*,*,#1725,.F.);
#2376=ORIENTED_EDGE('',*,*,#1720,.F.);
#2377=ORIENTED_EDGE('',*,*,#1721,.F.);
#2378=ORIENTED_EDGE('',*,*,#1725,.T.);
#2379=ORIENTED_EDGE('',*,*,#1726,.T.);
#2380=ORIENTED_EDGE('',*,*,#1727,.T.);
#2381=ORIENTED_EDGE('',*,*,#1728,.F.);
#2382=ORIENTED_EDGE('',*,*,#1729,.T.);
#2383=ORIENTED_EDGE('',*,*,#1726,.F.);
#2384=ORIENTED_EDGE('',*,*,#1724,.T.);
#2385=ORIENTED_EDGE('',*,*,#1710,.T.);
#2386=ORIENTED_EDGE('',*,*,#1730,.F.);
#2387=ORIENTED_EDGE('',*,*,#1731,.T.);
#2388=ORIENTED_EDGE('',*,*,#1732,.F.);
#2389=ORIENTED_EDGE('',*,*,#1728,.T.);
#2390=ORIENTED_EDGE('',*,*,#1723,.F.);
#2391=ORIENTED_EDGE('',*,*,#1727,.F.);
#2392=ORIENTED_EDGE('',*,*,#1733,.T.);
#2393=ORIENTED_EDGE('',*,*,#1715,.T.);
#2394=ORIENTED_EDGE('',*,*,#1722,.T.);
#2395=ORIENTED_EDGE('',*,*,#1729,.F.);
#2396=ORIENTED_EDGE('',*,*,#1732,.T.);
#2397=ORIENTED_EDGE('',*,*,#1734,.T.);
#2398=ORIENTED_EDGE('',*,*,#1733,.F.);
#2399=ORIENTED_EDGE('',*,*,#1709,.T.);
#2400=ORIENTED_EDGE('',*,*,#1735,.F.);
#2401=ORIENTED_EDGE('',*,*,#1615,.F.);
#2402=ORIENTED_EDGE('',*,*,#1736,.F.);
#2403=ORIENTED_EDGE('',*,*,#1737,.F.);
#2404=ORIENTED_EDGE('',*,*,#1716,.T.);
#2405=ORIENTED_EDGE('',*,*,#1734,.F.);
#2406=ORIENTED_EDGE('',*,*,#1731,.F.);
#2407=ORIENTED_EDGE('',*,*,#1730,.T.);
#2408=ORIENTED_EDGE('',*,*,#1708,.F.);
#2409=ORIENTED_EDGE('',*,*,#1719,.T.);
#2410=ORIENTED_EDGE('',*,*,#1616,.F.);
#2411=ORIENTED_EDGE('',*,*,#1735,.T.);
#2412=ORIENTED_EDGE('',*,*,#1483,.F.);
#2413=ORIENTED_EDGE('',*,*,#1566,.F.);
#2414=ORIENTED_EDGE('',*,*,#1738,.F.);
#2415=ORIENTED_EDGE('',*,*,#1717,.T.);
#2416=ORIENTED_EDGE('',*,*,#1737,.T.);
#2417=ORIENTED_EDGE('',*,*,#1739,.F.);
#2418=ORIENTED_EDGE('',*,*,#1740,.T.);
#2419=ORIENTED_EDGE('',*,*,#1741,.T.);
#2420=ORIENTED_EDGE('',*,*,#1742,.F.);
#2421=ORIENTED_EDGE('',*,*,#1580,.F.);
#2422=ORIENTED_EDGE('',*,*,#1743,.T.);
#2423=ORIENTED_EDGE('',*,*,#1744,.T.);
#2424=ORIENTED_EDGE('',*,*,#1745,.T.);
#2425=ORIENTED_EDGE('',*,*,#1746,.T.);
#2426=ORIENTED_EDGE('',*,*,#1736,.T.);
#2427=ORIENTED_EDGE('',*,*,#1614,.F.);
#2428=ORIENTED_EDGE('',*,*,#1699,.F.);
#2429=ORIENTED_EDGE('',*,*,#1610,.F.);
#2430=ORIENTED_EDGE('',*,*,#1747,.T.);
#2431=ORIENTED_EDGE('',*,*,#1739,.T.);
#2432=ORIENTED_EDGE('',*,*,#1748,.F.);
#2433=ORIENTED_EDGE('',*,*,#1749,.T.);
#2434=ORIENTED_EDGE('',*,*,#1750,.F.);
#2435=ORIENTED_EDGE('',*,*,#1751,.F.);
#2436=ORIENTED_EDGE('',*,*,#1752,.T.);
#2437=ORIENTED_EDGE('',*,*,#1753,.F.);
#2438=ORIENTED_EDGE('',*,*,#1751,.T.);
#2439=ORIENTED_EDGE('',*,*,#1754,.T.);
#2440=ORIENTED_EDGE('',*,*,#1755,.F.);
#2441=ORIENTED_EDGE('',*,*,#1756,.F.);
#2442=ORIENTED_EDGE('',*,*,#1757,.F.);
#2443=ORIENTED_EDGE('',*,*,#1740,.F.);
#2444=ORIENTED_EDGE('',*,*,#1747,.F.);
#2445=ORIENTED_EDGE('',*,*,#1609,.T.);
#2446=ORIENTED_EDGE('',*,*,#1758,.T.);
#2447=ORIENTED_EDGE('',*,*,#1750,.T.);
#2448=ORIENTED_EDGE('',*,*,#1759,.T.);
#2449=ORIENTED_EDGE('',*,*,#1760,.T.);
#2450=ORIENTED_EDGE('',*,*,#1761,.F.);
#2451=ORIENTED_EDGE('',*,*,#1755,.T.);
#2452=ORIENTED_EDGE('',*,*,#1754,.F.);
#2453=ORIENTED_EDGE('',*,*,#1749,.F.);
#2454=ORIENTED_EDGE('',*,*,#1762,.T.);
#2455=ORIENTED_EDGE('',*,*,#1763,.F.);
#2456=ORIENTED_EDGE('',*,*,#1764,.F.);
#2457=ORIENTED_EDGE('',*,*,#1759,.F.);
#2458=ORIENTED_EDGE('',*,*,#1765,.F.);
#2459=ORIENTED_EDGE('',*,*,#1766,.T.);
#2460=ORIENTED_EDGE('',*,*,#1767,.T.);
#2461=ORIENTED_EDGE('',*,*,#1763,.T.);
#2462=ORIENTED_EDGE('',*,*,#1760,.F.);
#2463=ORIENTED_EDGE('',*,*,#1764,.T.);
#2464=ORIENTED_EDGE('',*,*,#1767,.F.);
#2465=ORIENTED_EDGE('',*,*,#1768,.T.);
#2466=ORIENTED_EDGE('',*,*,#1766,.F.);
#2467=ORIENTED_EDGE('',*,*,#1769,.T.);
#2468=ORIENTED_EDGE('',*,*,#1770,.T.);
#2469=ORIENTED_EDGE('',*,*,#1771,.F.);
#2470=ORIENTED_EDGE('',*,*,#1748,.T.);
#2471=ORIENTED_EDGE('',*,*,#1772,.F.);
#2472=ORIENTED_EDGE('',*,*,#1773,.T.);
#2473=ORIENTED_EDGE('',*,*,#1769,.F.);
#2474=ORIENTED_EDGE('',*,*,#1765,.T.);
#2475=ORIENTED_EDGE('',*,*,#1762,.F.);
#2476=ORIENTED_EDGE('',*,*,#1768,.F.);
#2477=ORIENTED_EDGE('',*,*,#1771,.T.);
#2478=ORIENTED_EDGE('',*,*,#1756,.T.);
#2479=ORIENTED_EDGE('',*,*,#1761,.T.);
#2480=ORIENTED_EDGE('',*,*,#1753,.T.);
#2481=ORIENTED_EDGE('',*,*,#1774,.T.);
#2482=ORIENTED_EDGE('',*,*,#1607,.F.);
#2483=ORIENTED_EDGE('',*,*,#1775,.F.);
#2484=ORIENTED_EDGE('',*,*,#1741,.F.);
#2485=ORIENTED_EDGE('',*,*,#1757,.T.);
#2486=ORIENTED_EDGE('',*,*,#1770,.F.);
#2487=ORIENTED_EDGE('',*,*,#1773,.F.);
#2488=ORIENTED_EDGE('',*,*,#1772,.T.);
#2489=ORIENTED_EDGE('',*,*,#1752,.F.);
#2490=ORIENTED_EDGE('',*,*,#1758,.F.);
#2491=ORIENTED_EDGE('',*,*,#1608,.F.);
#2492=ORIENTED_EDGE('',*,*,#1774,.F.);
#2493=ORIENTED_EDGE('',*,*,#1718,.T.);
#2494=ORIENTED_EDGE('',*,*,#1738,.T.);
#2495=ORIENTED_EDGE('',*,*,#1565,.F.);
#2496=ORIENTED_EDGE('',*,*,#1706,.F.);
#2497=ORIENTED_EDGE('',*,*,#1618,.F.);
#2498=ORIENTED_EDGE('',*,*,#1775,.T.);
#2499=ORIENTED_EDGE('',*,*,#1606,.F.);
#2500=ORIENTED_EDGE('',*,*,#1688,.F.);
#2501=ORIENTED_EDGE('',*,*,#1581,.F.);
#2502=ORIENTED_EDGE('',*,*,#1742,.T.);
#2503=ORIENTED_EDGE('',*,*,#1776,.F.);
#2504=ORIENTED_EDGE('',*,*,#1777,.T.);
#2505=ORIENTED_EDGE('',*,*,#1778,.F.);
#2506=ORIENTED_EDGE('',*,*,#1779,.F.);
#2507=ORIENTED_EDGE('',*,*,#1780,.T.);
#2508=ORIENTED_EDGE('',*,*,#1781,.F.);
#2509=ORIENTED_EDGE('',*,*,#1776,.T.);
#2510=ORIENTED_EDGE('',*,*,#1782,.T.);
#2511=ORIENTED_EDGE('',*,*,#1783,.F.);
#2512=ORIENTED_EDGE('',*,*,#1784,.F.);
#2513=ORIENTED_EDGE('',*,*,#1785,.F.);
#2514=ORIENTED_EDGE('',*,*,#1570,.F.);
#2515=ORIENTED_EDGE('',*,*,#1786,.F.);
#2516=ORIENTED_EDGE('',*,*,#1679,.T.);
#2517=ORIENTED_EDGE('',*,*,#1787,.F.);
#2518=ORIENTED_EDGE('',*,*,#1781,.T.);
#2519=ORIENTED_EDGE('',*,*,#1788,.T.);
#2520=ORIENTED_EDGE('',*,*,#1789,.T.);
#2521=ORIENTED_EDGE('',*,*,#1790,.F.);
#2522=ORIENTED_EDGE('',*,*,#1783,.T.);
#2523=ORIENTED_EDGE('',*,*,#1782,.F.);
#2524=ORIENTED_EDGE('',*,*,#1780,.F.);
#2525=ORIENTED_EDGE('',*,*,#1791,.T.);
#2526=ORIENTED_EDGE('',*,*,#1792,.F.);
#2527=ORIENTED_EDGE('',*,*,#1793,.F.);
#2528=ORIENTED_EDGE('',*,*,#1788,.F.);
#2529=ORIENTED_EDGE('',*,*,#1789,.F.);
#2530=ORIENTED_EDGE('',*,*,#1793,.T.);
#2531=ORIENTED_EDGE('',*,*,#1794,.T.);
#2532=ORIENTED_EDGE('',*,*,#1795,.T.);
#2533=ORIENTED_EDGE('',*,*,#1796,.F.);
#2534=ORIENTED_EDGE('',*,*,#1797,.T.);
#2535=ORIENTED_EDGE('',*,*,#1794,.F.);
#2536=ORIENTED_EDGE('',*,*,#1792,.T.);
#2537=ORIENTED_EDGE('',*,*,#1779,.T.);
#2538=ORIENTED_EDGE('',*,*,#1798,.F.);
#2539=ORIENTED_EDGE('',*,*,#1799,.T.);
#2540=ORIENTED_EDGE('',*,*,#1800,.F.);
#2541=ORIENTED_EDGE('',*,*,#1796,.T.);
#2542=ORIENTED_EDGE('',*,*,#1791,.F.);
#2543=ORIENTED_EDGE('',*,*,#1795,.F.);
#2544=ORIENTED_EDGE('',*,*,#1801,.T.);
#2545=ORIENTED_EDGE('',*,*,#1784,.T.);
#2546=ORIENTED_EDGE('',*,*,#1790,.T.);
#2547=ORIENTED_EDGE('',*,*,#1797,.F.);
#2548=ORIENTED_EDGE('',*,*,#1800,.T.);
#2549=ORIENTED_EDGE('',*,*,#1802,.T.);
#2550=ORIENTED_EDGE('',*,*,#1801,.F.);
#2551=ORIENTED_EDGE('',*,*,#1778,.T.);
#2552=ORIENTED_EDGE('',*,*,#1803,.F.);
#2553=ORIENTED_EDGE('',*,*,#1677,.F.);
#2554=ORIENTED_EDGE('',*,*,#1804,.F.);
#2555=ORIENTED_EDGE('',*,*,#1571,.F.);
#2556=ORIENTED_EDGE('',*,*,#1785,.T.);
#2557=ORIENTED_EDGE('',*,*,#1802,.F.);
#2558=ORIENTED_EDGE('',*,*,#1799,.F.);
#2559=ORIENTED_EDGE('',*,*,#1798,.T.);
#2560=ORIENTED_EDGE('',*,*,#1777,.F.);
#2561=ORIENTED_EDGE('',*,*,#1787,.T.);
#2562=ORIENTED_EDGE('',*,*,#1678,.F.);
#2563=ORIENTED_EDGE('',*,*,#1803,.T.);
#2564=ORIENTED_EDGE('',*,*,#1804,.T.);
#2565=ORIENTED_EDGE('',*,*,#1676,.T.);
#2566=ORIENTED_EDGE('',*,*,#1655,.T.);
#2567=ORIENTED_EDGE('',*,*,#1674,.T.);
#2568=ORIENTED_EDGE('',*,*,#1805,.T.);
#2569=ORIENTED_EDGE('',*,*,#1572,.F.);
#2570=ORIENTED_EDGE('',*,*,#1806,.F.);
#2571=ORIENTED_EDGE('',*,*,#1807,.T.);
#2572=ORIENTED_EDGE('',*,*,#1808,.F.);
#2573=ORIENTED_EDGE('',*,*,#1809,.F.);
#2574=ORIENTED_EDGE('',*,*,#1810,.T.);
#2575=ORIENTED_EDGE('',*,*,#1811,.F.);
#2576=ORIENTED_EDGE('',*,*,#1809,.T.);
#2577=ORIENTED_EDGE('',*,*,#1812,.T.);
#2578=ORIENTED_EDGE('',*,*,#1813,.F.);
#2579=ORIENTED_EDGE('',*,*,#1814,.F.);
#2580=ORIENTED_EDGE('',*,*,#1815,.F.);
#2581=ORIENTED_EDGE('',*,*,#1573,.F.);
#2582=ORIENTED_EDGE('',*,*,#1805,.F.);
#2583=ORIENTED_EDGE('',*,*,#1673,.T.);
#2584=ORIENTED_EDGE('',*,*,#1816,.T.);
#2585=ORIENTED_EDGE('',*,*,#1808,.T.);
#2586=ORIENTED_EDGE('',*,*,#1817,.T.);
#2587=ORIENTED_EDGE('',*,*,#1818,.T.);
#2588=ORIENTED_EDGE('',*,*,#1819,.F.);
#2589=ORIENTED_EDGE('',*,*,#1813,.T.);
#2590=ORIENTED_EDGE('',*,*,#1812,.F.);
#2591=ORIENTED_EDGE('',*,*,#1807,.F.);
#2592=ORIENTED_EDGE('',*,*,#1820,.T.);
#2593=ORIENTED_EDGE('',*,*,#1821,.F.);
#2594=ORIENTED_EDGE('',*,*,#1822,.F.);
#2595=ORIENTED_EDGE('',*,*,#1817,.F.);
#2596=ORIENTED_EDGE('',*,*,#1823,.F.);
#2597=ORIENTED_EDGE('',*,*,#1824,.T.);
#2598=ORIENTED_EDGE('',*,*,#1825,.T.);
#2599=ORIENTED_EDGE('',*,*,#1821,.T.);
#2600=ORIENTED_EDGE('',*,*,#1818,.F.);
#2601=ORIENTED_EDGE('',*,*,#1822,.T.);
#2602=ORIENTED_EDGE('',*,*,#1825,.F.);
#2603=ORIENTED_EDGE('',*,*,#1826,.T.);
#2604=ORIENTED_EDGE('',*,*,#1824,.F.);
#2605=ORIENTED_EDGE('',*,*,#1827,.T.);
#2606=ORIENTED_EDGE('',*,*,#1828,.T.);
#2607=ORIENTED_EDGE('',*,*,#1829,.F.);
#2608=ORIENTED_EDGE('',*,*,#1806,.T.);
#2609=ORIENTED_EDGE('',*,*,#1830,.F.);
#2610=ORIENTED_EDGE('',*,*,#1831,.T.);
#2611=ORIENTED_EDGE('',*,*,#1827,.F.);
#2612=ORIENTED_EDGE('',*,*,#1823,.T.);
#2613=ORIENTED_EDGE('',*,*,#1820,.F.);
#2614=ORIENTED_EDGE('',*,*,#1826,.F.);
#2615=ORIENTED_EDGE('',*,*,#1829,.T.);
#2616=ORIENTED_EDGE('',*,*,#1814,.T.);
#2617=ORIENTED_EDGE('',*,*,#1819,.T.);
#2618=ORIENTED_EDGE('',*,*,#1811,.T.);
#2619=ORIENTED_EDGE('',*,*,#1832,.T.);
#2620=ORIENTED_EDGE('',*,*,#1671,.F.);
#2621=ORIENTED_EDGE('',*,*,#1833,.F.);
#2622=ORIENTED_EDGE('',*,*,#1574,.F.);
#2623=ORIENTED_EDGE('',*,*,#1815,.T.);
#2624=ORIENTED_EDGE('',*,*,#1828,.F.);
#2625=ORIENTED_EDGE('',*,*,#1831,.F.);
#2626=ORIENTED_EDGE('',*,*,#1830,.T.);
#2627=ORIENTED_EDGE('',*,*,#1810,.F.);
#2628=ORIENTED_EDGE('',*,*,#1816,.F.);
#2629=ORIENTED_EDGE('',*,*,#1672,.F.);
#2630=ORIENTED_EDGE('',*,*,#1832,.F.);
#2631=ORIENTED_EDGE('',*,*,#1786,.T.);
#2632=ORIENTED_EDGE('',*,*,#1569,.F.);
#2633=ORIENTED_EDGE('',*,*,#1592,.F.);
#2634=ORIENTED_EDGE('',*,*,#1666,.T.);
#2635=ORIENTED_EDGE('',*,*,#1680,.T.);
#2636=ORIENTED_EDGE('',*,*,#1833,.T.);
#2637=ORIENTED_EDGE('',*,*,#1670,.T.);
#2638=ORIENTED_EDGE('',*,*,#1640,.T.);
#2639=ORIENTED_EDGE('',*,*,#1554,.F.);
#2640=ORIENTED_EDGE('',*,*,#1575,.F.);
#2641=ORIENTED_EDGE('',*,*,#1746,.F.);
#2642=ORIENTED_EDGE('',*,*,#1834,.T.);
#2643=ORIENTED_EDGE('',*,*,#1835,.T.);
#2644=ORIENTED_EDGE('',*,*,#1834,.F.);
#2645=ORIENTED_EDGE('',*,*,#1835,.F.);
#2646=ORIENTED_EDGE('',*,*,#1576,.F.);
#2647=ORIENTED_EDGE('',*,*,#1836,.T.);
#2648=ORIENTED_EDGE('',*,*,#1837,.T.);
#2649=ORIENTED_EDGE('',*,*,#1836,.F.);
#2650=ORIENTED_EDGE('',*,*,#1837,.F.);
#2651=ORIENTED_EDGE('',*,*,#1577,.F.);
#2652=ORIENTED_EDGE('',*,*,#1838,.T.);
#2653=ORIENTED_EDGE('',*,*,#1839,.T.);
#2654=ORIENTED_EDGE('',*,*,#1838,.F.);
#2655=ORIENTED_EDGE('',*,*,#1839,.F.);
#2656=ORIENTED_EDGE('',*,*,#1745,.F.);
#2657=ORIENTED_EDGE('',*,*,#1840,.T.);
#2658=ORIENTED_EDGE('',*,*,#1841,.T.);
#2659=ORIENTED_EDGE('',*,*,#1840,.F.);
#2660=ORIENTED_EDGE('',*,*,#1841,.F.);
#2661=ORIENTED_EDGE('',*,*,#1744,.F.);
#2662=ORIENTED_EDGE('',*,*,#1842,.T.);
#2663=ORIENTED_EDGE('',*,*,#1843,.T.);
#2664=ORIENTED_EDGE('',*,*,#1842,.F.);
#2665=ORIENTED_EDGE('',*,*,#1843,.F.);
#2666=ORIENTED_EDGE('',*,*,#1578,.F.);
#2667=ORIENTED_EDGE('',*,*,#1844,.T.);
#2668=ORIENTED_EDGE('',*,*,#1845,.T.);
#2669=ORIENTED_EDGE('',*,*,#1844,.F.);
#2670=ORIENTED_EDGE('',*,*,#1845,.F.);
#2671=ORIENTED_EDGE('',*,*,#1579,.F.);
#2672=ORIENTED_EDGE('',*,*,#1846,.T.);
#2673=ORIENTED_EDGE('',*,*,#1847,.T.);
#2674=ORIENTED_EDGE('',*,*,#1846,.F.);
#2675=ORIENTED_EDGE('',*,*,#1847,.F.);
#2676=ORIENTED_EDGE('',*,*,#1743,.F.);
#2677=ORIENTED_EDGE('',*,*,#1848,.T.);
#2678=ORIENTED_EDGE('',*,*,#1849,.T.);
#2679=ORIENTED_EDGE('',*,*,#1848,.F.);
#2680=ORIENTED_EDGE('',*,*,#1849,.F.);
#2681=ORIENTED_EDGE('',*,*,#1597,.F.);
#2682=ORIENTED_EDGE('',*,*,#1850,.T.);
#2683=ORIENTED_EDGE('',*,*,#1851,.T.);
#2684=ORIENTED_EDGE('',*,*,#1852,.F.);
#2685=ORIENTED_EDGE('',*,*,#1598,.F.);
#2686=ORIENTED_EDGE('',*,*,#1852,.T.);
#2687=ORIENTED_EDGE('',*,*,#1853,.T.);
#2688=ORIENTED_EDGE('',*,*,#1850,.F.);
#2689=ORIENTED_EDGE('',*,*,#1853,.F.);
#2690=ORIENTED_EDGE('',*,*,#1851,.F.);
#2691=ORIENTED_EDGE('',*,*,#1854,.F.);
#2692=ORIENTED_EDGE('',*,*,#1855,.F.);
#2693=ORIENTED_EDGE('',*,*,#1596,.F.);
#2694=ORIENTED_EDGE('',*,*,#1856,.T.);
#2695=ORIENTED_EDGE('',*,*,#1857,.T.);
#2696=ORIENTED_EDGE('',*,*,#1856,.F.);
#2697=ORIENTED_EDGE('',*,*,#1857,.F.);
#2698=ORIENTED_EDGE('',*,*,#1858,.F.);
#2699=ORIENTED_EDGE('',*,*,#1859,.T.);
#2700=ORIENTED_EDGE('',*,*,#1860,.T.);
#2701=ORIENTED_EDGE('',*,*,#1551,.F.);
#2702=ORIENTED_EDGE('',*,*,#1860,.F.);
#2703=ORIENTED_EDGE('',*,*,#1859,.F.);
#2704=ORIENTED_EDGE('',*,*,#1861,.T.);
#2705=ORIENTED_EDGE('',*,*,#1861,.F.);
#2706=ORIENTED_EDGE('',*,*,#1862,.T.);
#2707=ORIENTED_EDGE('',*,*,#1567,.F.);
#2708=ORIENTED_EDGE('',*,*,#1862,.F.);
#2709=ORIENTED_EDGE('',*,*,#1863,.F.);
#2710=ORIENTED_EDGE('',*,*,#1864,.T.);
#2711=ORIENTED_EDGE('',*,*,#1505,.F.);
#2712=ORIENTED_EDGE('',*,*,#1864,.F.);
#2713=ORIENTED_EDGE('',*,*,#1863,.T.);
#2714=ORIENTED_EDGE('',*,*,#1865,.T.);
#2715=ORIENTED_EDGE('',*,*,#1855,.T.);
#2716=ORIENTED_EDGE('',*,*,#1866,.T.);
#2717=ORIENTED_EDGE('',*,*,#1507,.T.);
#2718=ORIENTED_EDGE('',*,*,#1866,.F.);
#2719=ORIENTED_EDGE('',*,*,#1858,.T.);
#2720=ORIENTED_EDGE('',*,*,#1867,.T.);
#2721=ORIENTED_EDGE('',*,*,#1865,.F.);
#2722=ORIENTED_EDGE('',*,*,#1867,.F.);
#2723=ORIENTED_EDGE('',*,*,#1854,.T.);
#2724=ORIENTED_EDGE('',*,*,#1868,.T.);
#2725=ORIENTED_EDGE('',*,*,#1506,.T.);
#2726=ORIENTED_EDGE('',*,*,#1868,.F.);
#2727=TOROIDAL_SURFACE('',#2926,48.,1.);
#2728=TOROIDAL_SURFACE('',#2931,3.,1.);
#2729=TOROIDAL_SURFACE('',#2937,33.9499999999999,1.);
#2730=TOROIDAL_SURFACE('',#2941,3.,1.);
#2731=TOROIDAL_SURFACE('',#2947,2.,1.);
#2732=TOROIDAL_SURFACE('',#2953,9.05000000000007,1.);
#2733=TOROIDAL_SURFACE('',#2959,2.,1.);
#2734=TOROIDAL_SURFACE('',#2965,3.,1.);
#2735=TOROIDAL_SURFACE('',#2988,3.,1.);
#2736=TOROIDAL_SURFACE('',#2994,33.9499999999999,1.);
#2737=TOROIDAL_SURFACE('',#2997,3.,1.);
#2738=TOROIDAL_SURFACE('',#3002,2.,1.);
#2739=TOROIDAL_SURFACE('',#3007,9.05000000000007,1.);
#2740=TOROIDAL_SURFACE('',#3013,2.,1.);
#2741=TOROIDAL_SURFACE('',#3019,3.,1.);
#2742=TOROIDAL_SURFACE('',#3023,48.,1.);
#2743=ADVANCED_FACE('',(#690),#2727,.T.);
#2744=ADVANCED_FACE('',(#691),#2728,.T.);
#2745=ADVANCED_FACE('',(#692),#635,.T.);
#2746=ADVANCED_FACE('',(#693),#2729,.T.);
#2747=ADVANCED_FACE('',(#694),#2730,.T.);
#2748=ADVANCED_FACE('',(#695),#636,.T.);
#2749=ADVANCED_FACE('',(#696),#2731,.T.);
#2750=ADVANCED_FACE('',(#697),#637,.T.);
#2751=ADVANCED_FACE('',(#698),#2732,.T.);
#2752=ADVANCED_FACE('',(#699),#638,.T.);
#2753=ADVANCED_FACE('',(#700),#2733,.T.);
#2754=ADVANCED_FACE('',(#701),#639,.T.);
#2755=ADVANCED_FACE('',(#702),#2734,.T.);
#2756=ADVANCED_FACE('',(#703),#640,.T.);
#2757=ADVANCED_FACE('',(#704),#180,.T.);
#2758=ADVANCED_FACE('',(#705),#641,.T.);
#2759=ADVANCED_FACE('',(#706),#642,.T.);
#2760=ADVANCED_FACE('',(#707),#181,.T.);
#2761=ADVANCED_FACE('',(#708),#643,.T.);
#2762=ADVANCED_FACE('',(#709),#644,.T.);
#2763=ADVANCED_FACE('',(#710,#160,#161,#162),#182,.F.);
#2764=ADVANCED_FACE('',(#711),#2735,.T.);
#2765=ADVANCED_FACE('',(#712),#645,.T.);
#2766=ADVANCED_FACE('',(#713),#2736,.T.);
#2767=ADVANCED_FACE('',(#714),#2737,.T.);
#2768=ADVANCED_FACE('',(#715),#646,.T.);
#2769=ADVANCED_FACE('',(#716),#2738,.T.);
#2770=ADVANCED_FACE('',(#717),#647,.T.);
#2771=ADVANCED_FACE('',(#718),#2739,.T.);
#2772=ADVANCED_FACE('',(#719),#648,.T.);
#2773=ADVANCED_FACE('',(#720),#2740,.T.);
#2774=ADVANCED_FACE('',(#721),#649,.T.);
#2775=ADVANCED_FACE('',(#722),#2741,.T.);
#2776=ADVANCED_FACE('',(#723),#2742,.T.);
#2777=ADVANCED_FACE('',(#724),#650,.T.);
#2778=ADVANCED_FACE('',(#725),#183,.F.);
#2779=ADVANCED_FACE('',(#726),#651,.T.);
#2780=ADVANCED_FACE('',(#727),#184,.T.);
#2781=ADVANCED_FACE('',(#728),#652,.T.);
#2782=ADVANCED_FACE('',(#729,#163),#185,.T.);
#2783=ADVANCED_FACE('',(#730,#164),#186,.F.);
#2784=ADVANCED_FACE('',(#731),#187,.F.);
#2785=ADVANCED_FACE('',(#732,#165,#166,#167,#168),#188,.T.);
#2786=ADVANCED_FACE('',(#733,#169,#170),#189,.T.);
#2787=ADVANCED_FACE('',(#734),#653,.T.);
#2788=ADVANCED_FACE('',(#735),#190,.F.);
#2789=ADVANCED_FACE('',(#736),#191,.F.);
#2790=ADVANCED_FACE('',(#737),#192,.T.);
#2791=ADVANCED_FACE('',(#738),#193,.T.);
#2792=ADVANCED_FACE('',(#739),#194,.T.);
#2793=ADVANCED_FACE('',(#740),#195,.T.);
#2794=ADVANCED_FACE('',(#741),#654,.T.);
#2795=ADVANCED_FACE('',(#742),#655,.T.);
#2796=ADVANCED_FACE('',(#743),#196,.T.);
#2797=ADVANCED_FACE('',(#744),#197,.T.);
#2798=ADVANCED_FACE('',(#745),#198,.T.);
#2799=ADVANCED_FACE('',(#746),#656,.T.);
#2800=ADVANCED_FACE('',(#747),#657,.T.);
#2801=ADVANCED_FACE('',(#748),#658,.T.);
#2802=ADVANCED_FACE('',(#749),#199,.T.);
#2803=ADVANCED_FACE('',(#750),#200,.T.);
#2804=ADVANCED_FACE('',(#751),#201,.T.);
#2805=ADVANCED_FACE('',(#752),#659,.T.);
#2806=ADVANCED_FACE('',(#753),#660,.T.);
#2807=ADVANCED_FACE('',(#754),#202,.T.);
#2808=ADVANCED_FACE('',(#755),#203,.T.);
#2809=ADVANCED_FACE('',(#756),#204,.T.);
#2810=ADVANCED_FACE('',(#757),#205,.T.);
#2811=ADVANCED_FACE('',(#758),#206,.T.);
#2812=ADVANCED_FACE('',(#759),#207,.T.);
#2813=ADVANCED_FACE('',(#760),#208,.T.);
#2814=ADVANCED_FACE('',(#761),#209,.T.);
#2815=ADVANCED_FACE('',(#762),#661,.T.);
#2816=ADVANCED_FACE('',(#763),#662,.T.);
#2817=ADVANCED_FACE('',(#764),#210,.T.);
#2818=ADVANCED_FACE('',(#765),#211,.T.);
#2819=ADVANCED_FACE('',(#766),#663,.T.);
#2820=ADVANCED_FACE('',(#767),#664,.T.);
#2821=ADVANCED_FACE('',(#768),#665,.T.);
#2822=ADVANCED_FACE('',(#769),#212,.T.);
#2823=ADVANCED_FACE('',(#770),#213,.T.);
#2824=ADVANCED_FACE('',(#771),#214,.T.);
#2825=ADVANCED_FACE('',(#772),#666,.T.);
#2826=ADVANCED_FACE('',(#773),#667,.T.);
#2827=ADVANCED_FACE('',(#774),#215,.T.);
#2828=ADVANCED_FACE('',(#775),#216,.T.);
#2829=ADVANCED_FACE('',(#776),#217,.T.);
#2830=ADVANCED_FACE('',(#777),#218,.T.);
#2831=ADVANCED_FACE('',(#778),#219,.T.);
#2832=ADVANCED_FACE('',(#779),#120,.T.);
#2833=ADVANCED_FACE('',(#780),#16,.T.);
#2834=ADVANCED_FACE('',(#781),#220,.T.);
#2835=ADVANCED_FACE('',(#782),#221,.T.);
#2836=ADVANCED_FACE('',(#783),#121,.T.);
#2837=ADVANCED_FACE('',(#784),#122,.T.);
#2838=ADVANCED_FACE('',(#785),#222,.T.);
#2839=ADVANCED_FACE('',(#786),#123,.F.);
#2840=ADVANCED_FACE('',(#787),#124,.F.);
#2841=ADVANCED_FACE('',(#788),#17,.T.);
#2842=ADVANCED_FACE('',(#789),#223,.F.);
#2843=ADVANCED_FACE('',(#790,#171,#172,#173,#174),#224,.T.);
#2844=ADVANCED_FACE('',(#791),#668,.T.);
#2845=ADVANCED_FACE('',(#792),#125,.T.);
#2846=ADVANCED_FACE('',(#793),#18,.F.);
#2847=ADVANCED_FACE('',(#794),#225,.F.);
#2848=ADVANCED_FACE('',(#795),#226,.F.);
#2849=ADVANCED_FACE('',(#796),#126,.T.);
#2850=ADVANCED_FACE('',(#797),#127,.T.);
#2851=ADVANCED_FACE('',(#798),#128,.F.);
#2852=ADVANCED_FACE('',(#799),#227,.F.);
#2853=ADVANCED_FACE('',(#800),#129,.F.);
#2854=ADVANCED_FACE('',(#801),#19,.F.);
#2855=ADVANCED_FACE('',(#802),#228,.T.);
#2856=ADVANCED_FACE('',(#803),#669,.T.);
#2857=ADVANCED_FACE('',(#804),#670,.T.);
#2858=ADVANCED_FACE('',(#805),#130,.T.);
#2859=ADVANCED_FACE('',(#806),#20,.T.);
#2860=ADVANCED_FACE('',(#807),#229,.T.);
#2861=ADVANCED_FACE('',(#808),#230,.T.);
#2862=ADVANCED_FACE('',(#809),#131,.T.);
#2863=ADVANCED_FACE('',(#810),#132,.T.);
#2864=ADVANCED_FACE('',(#811),#231,.T.);
#2865=ADVANCED_FACE('',(#812),#133,.F.);
#2866=ADVANCED_FACE('',(#813),#134,.F.);
#2867=ADVANCED_FACE('',(#814),#21,.T.);
#2868=ADVANCED_FACE('',(#815),#232,.F.);
#2869=ADVANCED_FACE('',(#816),#671,.T.);
#2870=ADVANCED_FACE('',(#817),#135,.T.);
#2871=ADVANCED_FACE('',(#818),#22,.F.);
#2872=ADVANCED_FACE('',(#819),#233,.F.);
#2873=ADVANCED_FACE('',(#820),#234,.F.);
#2874=ADVANCED_FACE('',(#821),#136,.T.);
#2875=ADVANCED_FACE('',(#822),#137,.T.);
#2876=ADVANCED_FACE('',(#823),#138,.F.);
#2877=ADVANCED_FACE('',(#824),#235,.F.);
#2878=ADVANCED_FACE('',(#825),#139,.F.);
#2879=ADVANCED_FACE('',(#826),#23,.F.);
#2880=ADVANCED_FACE('',(#827),#236,.T.);
#2881=ADVANCED_FACE('',(#828),#672,.T.);
#2882=ADVANCED_FACE('',(#829),#673,.T.);
#2883=ADVANCED_FACE('',(#830),#674,.F.);
#2884=ADVANCED_FACE('',(#831),#237,.T.);
#2885=ADVANCED_FACE('',(#832),#675,.F.);
#2886=ADVANCED_FACE('',(#833),#238,.T.);
#2887=ADVANCED_FACE('',(#834),#676,.F.);
#2888=ADVANCED_FACE('',(#835),#239,.T.);
#2889=ADVANCED_FACE('',(#836),#677,.F.);
#2890=ADVANCED_FACE('',(#837),#240,.T.);
#2891=ADVANCED_FACE('',(#838),#678,.F.);
#2892=ADVANCED_FACE('',(#839),#241,.T.);
#2893=ADVANCED_FACE('',(#840),#679,.F.);
#2894=ADVANCED_FACE('',(#841),#242,.T.);
#2895=ADVANCED_FACE('',(#842),#680,.F.);
#2896=ADVANCED_FACE('',(#843),#243,.T.);
#2897=ADVANCED_FACE('',(#844),#681,.F.);
#2898=ADVANCED_FACE('',(#845),#244,.T.);
#2899=ADVANCED_FACE('',(#846),#682,.F.);
#2900=ADVANCED_FACE('',(#847),#683,.F.);
#2901=ADVANCED_FACE('',(#848,#175,#176),#245,.T.);
#2902=ADVANCED_FACE('',(#849),#684,.F.);
#2903=ADVANCED_FACE('',(#850,#177),#246,.T.);
#2904=ADVANCED_FACE('',(#851),#15,.T.);
#2905=ADVANCED_FACE('',(#852,#178),#247,.T.);
#2906=ADVANCED_FACE('',(#853),#685,.F.);
#2907=ADVANCED_FACE('',(#854),#686,.T.);
#2908=ADVANCED_FACE('',(#855,#179),#248,.F.);
#2909=ADVANCED_FACE('',(#856),#687,.F.);
#2910=ADVANCED_FACE('',(#857),#688,.F.);
#2911=ADVANCED_FACE('',(#858),#689,.F.);
#2912=CLOSED_SHELL('',(#2743,#2744,#2745,#2746,#2747,#2748,#2749,#2750,
#2751,#2752,#2753,#2754,#2755,#2756,#2757,#2758,#2759,#2760,#2761,#2762,
#2763,#2764,#2765,#2766,#2767,#2768,#2769,#2770,#2771,#2772,#2773,#2774,
#2775,#2776,#2777,#2778,#2779,#2780,#2781,#2782,#2783,#2784,#2785,#2786,
#2787,#2788,#2789,#2790,#2791,#2792,#2793,#2794,#2795,#2796,#2797,#2798,
#2799,#2800,#2801,#2802,#2803,#2804,#2805,#2806,#2807,#2808,#2809,#2810,
#2811,#2812,#2813,#2814,#2815,#2816,#2817,#2818,#2819,#2820,#2821,#2822,
#2823,#2824,#2825,#2826,#2827,#2828,#2829,#2830,#2831,#2832,#2833,#2834,
#2835,#2836,#2837,#2838,#2839,#2840,#2841,#2842,#2843,#2844,#2845,#2846,
#2847,#2848,#2849,#2850,#2851,#2852,#2853,#2854,#2855,#2856,#2857,#2858,
#2859,#2860,#2861,#2862,#2863,#2864,#2865,#2866,#2867,#2868,#2869,#2870,
#2871,#2872,#2873,#2874,#2875,#2876,#2877,#2878,#2879,#2880,#2881,#2882,
#2883,#2884,#2885,#2886,#2887,#2888,#2889,#2890,#2891,#2892,#2893,#2894,
#2895,#2896,#2897,#2898,#2899,#2900,#2901,#2902,#2903,#2904,#2905,#2906,
#2907,#2908,#2909,#2910,#2911));
#2913=DERIVED_UNIT_ELEMENT(#2915,1.);
#2914=DERIVED_UNIT_ELEMENT(#6794,-3.);
#2915=(
MASS_UNIT()
NAMED_UNIT(*)
SI_UNIT(.KILO.,.GRAM.)
);
#2916=DERIVED_UNIT((#2913,#2914));
#2917=MEASURE_REPRESENTATION_ITEM('density measure',
POSITIVE_RATIO_MEASURE(7850.),#2916);
#2918=PROPERTY_DEFINITION_REPRESENTATION(#2923,#2920);
#2919=PROPERTY_DEFINITION_REPRESENTATION(#2924,#2921);
#2920=REPRESENTATION('material name',(#2922),#6791);
#2921=REPRESENTATION('density',(#2917),#6791);
#2922=DESCRIPTIVE_REPRESENTATION_ITEM('Steel','Steel');
#2923=PROPERTY_DEFINITION('material property','material name',#6801);
#2924=PROPERTY_DEFINITION('material property','density of part',#6801);
#2925=AXIS2_PLACEMENT_3D('',#3940,#3199,#3200);
#2926=AXIS2_PLACEMENT_3D('',#3941,#3201,#3202);
#2927=AXIS2_PLACEMENT_3D('',#3944,#3203,#3204);
#2928=AXIS2_PLACEMENT_3D('',#3946,#3205,#3206);
#2929=AXIS2_PLACEMENT_3D('',#3948,#3207,#3208);
#2930=AXIS2_PLACEMENT_3D('',#3949,#3209,#3210);
#2931=AXIS2_PLACEMENT_3D('',#3950,#3211,#3212);
#2932=AXIS2_PLACEMENT_3D('',#3953,#3213,#3214);
#2933=AXIS2_PLACEMENT_3D('',#3954,#3215,#3216);
#2934=AXIS2_PLACEMENT_3D('',#3955,#3217,#3218);
#2935=AXIS2_PLACEMENT_3D('',#3956,#3219,#3220);
#2936=AXIS2_PLACEMENT_3D('',#3959,#3221,#3222);
#2937=AXIS2_PLACEMENT_3D('',#3962,#3225,#3226);
#2938=AXIS2_PLACEMENT_3D('',#3965,#3227,#3228);
#2939=AXIS2_PLACEMENT_3D('',#3966,#3229,#3230);
#2940=AXIS2_PLACEMENT_3D('',#3967,#3231,#3232);
#2941=AXIS2_PLACEMENT_3D('',#3968,#3233,#3234);
#2942=AXIS2_PLACEMENT_3D('',#3971,#3235,#3236);
#2943=AXIS2_PLACEMENT_3D('',#3972,#3237,#3238);
#2944=AXIS2_PLACEMENT_3D('',#3973,#3239,#3240);
#2945=AXIS2_PLACEMENT_3D('',#3974,#3241,#3242);
#2946=AXIS2_PLACEMENT_3D('',#3977,#3243,#3244);
#2947=AXIS2_PLACEMENT_3D('',#3980,#3247,#3248);
#2948=AXIS2_PLACEMENT_3D('',#3983,#3249,#3250);
#2949=AXIS2_PLACEMENT_3D('',#3984,#3251,#3252);
#2950=AXIS2_PLACEMENT_3D('',#3985,#3253,#3254);
#2951=AXIS2_PLACEMENT_3D('',#3986,#3255,#3256);
#2952=AXIS2_PLACEMENT_3D('',#3989,#3257,#3258);
#2953=AXIS2_PLACEMENT_3D('',#3992,#3261,#3262);
#2954=AXIS2_PLACEMENT_3D('',#3995,#3263,#3264);
#2955=AXIS2_PLACEMENT_3D('',#3996,#3265,#3266);
#2956=AXIS2_PLACEMENT_3D('',#3997,#3267,#3268);
#2957=AXIS2_PLACEMENT_3D('',#3998,#3269,#3270);
#2958=AXIS2_PLACEMENT_3D('',#4001,#3271,#3272);
#2959=AXIS2_PLACEMENT_3D('',#4004,#3275,#3276);
#2960=AXIS2_PLACEMENT_3D('',#4007,#3277,#3278);
#2961=AXIS2_PLACEMENT_3D('',#4008,#3279,#3280);
#2962=AXIS2_PLACEMENT_3D('',#4009,#3281,#3282);
#2963=AXIS2_PLACEMENT_3D('',#4010,#3283,#3284);
#2964=AXIS2_PLACEMENT_3D('',#4013,#3285,#3286);
#2965=AXIS2_PLACEMENT_3D('',#4016,#3289,#3290);
#2966=AXIS2_PLACEMENT_3D('',#4017,#3291,#3292);
#2967=AXIS2_PLACEMENT_3D('',#4018,#3293,#3294);
#2968=AXIS2_PLACEMENT_3D('',#4019,#3295,#3296);
#2969=AXIS2_PLACEMENT_3D('',#4023,#3298,#3299);
#2970=AXIS2_PLACEMENT_3D('',#4027,#3301,#3302);
#2971=AXIS2_PLACEMENT_3D('',#4031,#3304,#3305);
#2972=AXIS2_PLACEMENT_3D('',#4033,#3307,#3308);
#2973=AXIS2_PLACEMENT_3D('',#4037,#3311,#3312);
#2974=AXIS2_PLACEMENT_3D('',#4040,#3314,#3315);
#2975=AXIS2_PLACEMENT_3D('',#4041,#3316,#3317);
#2976=AXIS2_PLACEMENT_3D('',#4045,#3319,#3320);
#2977=AXIS2_PLACEMENT_3D('',#4049,#3322,#3323);
#2978=AXIS2_PLACEMENT_3D('',#4052,#3325,#3326);
#2979=AXIS2_PLACEMENT_3D('',#4053,#3327,#3328);
#2980=AXIS2_PLACEMENT_3D('',#4062,#3334,#3335);
#2981=AXIS2_PLACEMENT_3D('',#4065,#3337,#3338);
#2982=AXIS2_PLACEMENT_3D('',#4066,#3339,#3340);
#2983=AXIS2_PLACEMENT_3D('',#4069,#3342,#3343);
#2984=AXIS2_PLACEMENT_3D('',#4070,#3344,#3345);
#2985=AXIS2_PLACEMENT_3D('',#4072,#3346,#3347);
#2986=AXIS2_PLACEMENT_3D('',#4074,#3348,#3349);
#2987=AXIS2_PLACEMENT_3D('',#4076,#3350,#3351);
#2988=AXIS2_PLACEMENT_3D('',#4077,#3352,#3353);
#2989=AXIS2_PLACEMENT_3D('',#4079,#3354,#3355);
#2990=AXIS2_PLACEMENT_3D('',#4081,#3356,#3357);
#2991=AXIS2_PLACEMENT_3D('',#4082,#3358,#3359);
#2992=AXIS2_PLACEMENT_3D('',#4083,#3360,#3361);
#2993=AXIS2_PLACEMENT_3D('',#4085,#3362,#3363);
#2994=AXIS2_PLACEMENT_3D('',#4087,#3365,#3366);
#2995=AXIS2_PLACEMENT_3D('',#4089,#3367,#3368);
#2996=AXIS2_PLACEMENT_3D('',#4090,#3369,#3370);
#2997=AXIS2_PLACEMENT_3D('',#4091,#3371,#3372);
#2998=AXIS2_PLACEMENT_3D('',#4093,#3373,#3374);
#2999=AXIS2_PLACEMENT_3D('',#4094,#3375,#3376);
#3000=AXIS2_PLACEMENT_3D('',#4095,#3377,#3378);
#3001=AXIS2_PLACEMENT_3D('',#4097,#3379,#3380);
#3002=AXIS2_PLACEMENT_3D('',#4099,#3382,#3383);
#3003=AXIS2_PLACEMENT_3D('',#4101,#3384,#3385);
#3004=AXIS2_PLACEMENT_3D('',#4102,#3386,#3387);
#3005=AXIS2_PLACEMENT_3D('',#4103,#3388,#3389);
#3006=AXIS2_PLACEMENT_3D('',#4106,#3390,#3391);
#3007=AXIS2_PLACEMENT_3D('',#4109,#3394,#3395);
#3008=AXIS2_PLACEMENT_3D('',#4112,#3396,#3397);
#3009=AXIS2_PLACEMENT_3D('',#4113,#3398,#3399);
#3010=AXIS2_PLACEMENT_3D('',#4114,#3400,#3401);
#3011=AXIS2_PLACEMENT_3D('',#4115,#3402,#3403);
#3012=AXIS2_PLACEMENT_3D('',#4118,#3404,#3405);
#3013=AXIS2_PLACEMENT_3D('',#4121,#3408,#3409);
#3014=AXIS2_PLACEMENT_3D('',#4124,#3410,#3411);
#3015=AXIS2_PLACEMENT_3D('',#4125,#3412,#3413);
#3016=AXIS2_PLACEMENT_3D('',#4126,#3414,#3415);
#3017=AXIS2_PLACEMENT_3D('',#4127,#3416,#3417);
#3018=AXIS2_PLACEMENT_3D('',#4130,#3418,#3419);
#3019=AXIS2_PLACEMENT_3D('',#4133,#3422,#3423);
#3020=AXIS2_PLACEMENT_3D('',#4135,#3424,#3425);
#3021=AXIS2_PLACEMENT_3D('',#4136,#3426,#3427);
#3022=AXIS2_PLACEMENT_3D('',#4137,#3428,#3429);
#3023=AXIS2_PLACEMENT_3D('',#4138,#3430,#3431);
#3024=AXIS2_PLACEMENT_3D('',#4139,#3432,#3433);
#3025=AXIS2_PLACEMENT_3D('',#4140,#3434,#3435);
#3026=AXIS2_PLACEMENT_3D('',#4144,#3437,#3438);
#3027=AXIS2_PLACEMENT_3D('',#4146,#3440,#3441);
#3028=AXIS2_PLACEMENT_3D('',#4150,#3444,#3445);
#3029=AXIS2_PLACEMENT_3D('',#4154,#3447,#3448);
#3030=AXIS2_PLACEMENT_3D('',#4157,#3450,#3451);
#3031=AXIS2_PLACEMENT_3D('',#4159,#3453,#3454);
#3032=AXIS2_PLACEMENT_3D('',#4161,#3456,#3457);
#3033=AXIS2_PLACEMENT_3D('',#4162,#3458,#3459);
#3034=AXIS2_PLACEMENT_3D('',#4164,#3460,#3461);
#3035=AXIS2_PLACEMENT_3D('',#4165,#3462,#3463);
#3036=AXIS2_PLACEMENT_3D('',#4170,#3466,#3467);
#3037=AXIS2_PLACEMENT_3D('',#4174,#3469,#3470);
#3038=AXIS2_PLACEMENT_3D('',#4187,#3477,#3478);
#3039=AXIS2_PLACEMENT_3D('',#4191,#3480,#3481);
#3040=AXIS2_PLACEMENT_3D('',#4194,#3483,#3484);
#3041=AXIS2_PLACEMENT_3D('',#4195,#3485,#3486);
#3042=AXIS2_PLACEMENT_3D('',#4196,#3487,#3488);
#3043=AXIS2_PLACEMENT_3D('',#4273,#3493,#3494);
#3044=AXIS2_PLACEMENT_3D('',#4275,#3495,#3496);
#3045=AXIS2_PLACEMENT_3D('',#4277,#3497,#3498);
#3046=AXIS2_PLACEMENT_3D('',#4279,#3499,#3500);
#3047=AXIS2_PLACEMENT_3D('',#4280,#3501,#3502);
#3048=AXIS2_PLACEMENT_3D('',#4284,#3504,#3505);
#3049=AXIS2_PLACEMENT_3D('',#4288,#3507,#3508);
#3050=AXIS2_PLACEMENT_3D('',#4301,#3515,#3516);
#3051=AXIS2_PLACEMENT_3D('',#4304,#3518,#3519);
#3052=AXIS2_PLACEMENT_3D('',#4308,#3521,#3522);
#3053=AXIS2_PLACEMENT_3D('',#4311,#3524,#3525);
#3054=AXIS2_PLACEMENT_3D('',#4314,#3526,#3527);
#3055=AXIS2_PLACEMENT_3D('',#4315,#3528,#3529);
#3056=AXIS2_PLACEMENT_3D('',#4316,#3530,#3531);
#3057=AXIS2_PLACEMENT_3D('',#4319,#3534,#3535);
#3058=AXIS2_PLACEMENT_3D('',#4320,#3536,#3537);
#3059=AXIS2_PLACEMENT_3D('',#4321,#3538,#3539);
#3060=AXIS2_PLACEMENT_3D('',#4325,#3541,#3542);
#3061=AXIS2_PLACEMENT_3D('',#4329,#3545,#3546);
#3062=AXIS2_PLACEMENT_3D('',#4361,#3563,#3564);
#3063=AXIS2_PLACEMENT_3D('',#4365,#3566,#3567);
#3064=AXIS2_PLACEMENT_3D('',#4367,#3569,#3570);
#3065=AXIS2_PLACEMENT_3D('',#4373,#3573,#3574);
#3066=AXIS2_PLACEMENT_3D('',#4376,#3576,#3577);
#3067=AXIS2_PLACEMENT_3D('',#4377,#3578,#3579);
#3068=AXIS2_PLACEMENT_3D('',#4382,#3581,#3582);
#3069=AXIS2_PLACEMENT_3D('',#4385,#3584,#3585);
#3070=AXIS2_PLACEMENT_3D('',#4386,#3586,#3587);
#3071=AXIS2_PLACEMENT_3D('',#4389,#3590,#3591);
#3072=AXIS2_PLACEMENT_3D('',#4394,#3595,#3596);
#3073=AXIS2_PLACEMENT_3D('',#4398,#3599,#3600);
#3074=AXIS2_PLACEMENT_3D('',#4400,#3602,#3603);
#3075=AXIS2_PLACEMENT_3D('',#4405,#3605,#3606);
#3076=AXIS2_PLACEMENT_3D('',#4408,#3608,#3609);
#3077=AXIS2_PLACEMENT_3D('',#4409,#3610,#3611);
#3078=AXIS2_PLACEMENT_3D('',#4413,#3613,#3614);
#3079=AXIS2_PLACEMENT_3D('',#4415,#3616,#3617);
#3080=AXIS2_PLACEMENT_3D('',#4419,#3619,#3620);
#3081=AXIS2_PLACEMENT_3D('',#4421,#3622,#3623);
#3082=AXIS2_PLACEMENT_3D('',#4427,#3627,#3628);
#3083=AXIS2_PLACEMENT_3D('',#4431,#3631,#3632);
#3084=AXIS2_PLACEMENT_3D('',#4435,#3635,#3636);
#3085=AXIS2_PLACEMENT_3D('',#4440,#3639,#3640);
#3086=AXIS2_PLACEMENT_3D('',#4441,#3641,#3642);
#3087=AXIS2_PLACEMENT_3D('',#4445,#3644,#3645);
#3088=AXIS2_PLACEMENT_3D('',#4447,#3647,#3648);
#3089=AXIS2_PLACEMENT_3D('',#4449,#3650,#3651);
#3090=AXIS2_PLACEMENT_3D('',#4453,#3654,#3655);
#3091=AXIS2_PLACEMENT_3D('',#4457,#3658,#3659);
#3092=AXIS2_PLACEMENT_3D('',#4459,#3661,#3662);
#3093=AXIS2_PLACEMENT_3D('',#4479,#3674,#3675);
#3094=AXIS2_PLACEMENT_3D('',#4481,#3677,#3678);
#3095=AXIS2_PLACEMENT_3D('',#4482,#3679,#3680);
#3096=AXIS2_PLACEMENT_3D('',#4483,#3681,#3682);
#3097=AXIS2_PLACEMENT_3D('',#4488,#3685,#3686);
#3098=AXIS2_PLACEMENT_3D('',#4489,#3687,#3688);
#3099=AXIS2_PLACEMENT_3D('',#4492,#3691,#3692);
#3100=AXIS2_PLACEMENT_3D('',#4494,#3694,#3695);
#3101=AXIS2_PLACEMENT_3D('',#4496,#3697,#3698);
#3102=AXIS2_PLACEMENT_3D('',#4501,#3701,#3702);
#3103=AXIS2_PLACEMENT_3D('',#4502,#3703,#3704);
#3104=AXIS2_PLACEMENT_3D('',#4506,#3706,#3707);
#3105=AXIS2_PLACEMENT_3D('',#4508,#3709,#3710);
#3106=AXIS2_PLACEMENT_3D('',#4511,#3713,#3714);
#3107=AXIS2_PLACEMENT_3D('',#4513,#3716,#3717);
#3108=AXIS2_PLACEMENT_3D('',#4516,#3720,#3721);
#3109=AXIS2_PLACEMENT_3D('',#4517,#3722,#3723);
#3110=AXIS2_PLACEMENT_3D('',#4522,#3726,#3727);
#3111=AXIS2_PLACEMENT_3D('',#4523,#3728,#3729);
#3112=AXIS2_PLACEMENT_3D('',#4526,#3732,#3733);
#3113=AXIS2_PLACEMENT_3D('',#4527,#3734,#3735);
#3114=AXIS2_PLACEMENT_3D('',#4530,#3738,#3739);
#3115=AXIS2_PLACEMENT_3D('',#4531,#3740,#3741);
#3116=AXIS2_PLACEMENT_3D('',#4532,#3742,#3743);
#3117=AXIS2_PLACEMENT_3D('',#4723,#3745,#3746);
#3118=AXIS2_PLACEMENT_3D('',#4745,#3748,#3749);
#3119=AXIS2_PLACEMENT_3D('',#4827,#3751,#3752);
#3120=AXIS2_PLACEMENT_3D('',#4936,#3753,#3754);
#3121=AXIS2_PLACEMENT_3D('',#4983,#3755,#3756);
#3122=AXIS2_PLACEMENT_3D('',#5095,#3757,#3758);
#3123=AXIS2_PLACEMENT_3D('',#5096,#3759,#3760);
#3124=AXIS2_PLACEMENT_3D('',#5136,#3764,#3765);
#3125=AXIS2_PLACEMENT_3D('',#5138,#3766,#3767);
#3126=AXIS2_PLACEMENT_3D('',#5140,#3768,#3769);
#3127=AXIS2_PLACEMENT_3D('',#5142,#3770,#3771);
#3128=AXIS2_PLACEMENT_3D('',#5143,#3772,#3773);
#3129=AXIS2_PLACEMENT_3D('',#5316,#3775,#3776);
#3130=AXIS2_PLACEMENT_3D('',#5338,#3778,#3779);
#3131=AXIS2_PLACEMENT_3D('',#5464,#3781,#3782);
#3132=AXIS2_PLACEMENT_3D('',#5557,#3783,#3784);
#3133=AXIS2_PLACEMENT_3D('',#5558,#3785,#3786);
#3134=AXIS2_PLACEMENT_3D('',#5658,#3787,#3788);
#3135=AXIS2_PLACEMENT_3D('',#5659,#3789,#3790);
#3136=AXIS2_PLACEMENT_3D('',#5660,#3791,#3792);
#3137=AXIS2_PLACEMENT_3D('',#5833,#3794,#3795);
#3138=AXIS2_PLACEMENT_3D('',#5855,#3797,#3798);
#3139=AXIS2_PLACEMENT_3D('',#5937,#3800,#3801);
#3140=AXIS2_PLACEMENT_3D('',#6046,#3802,#3803);
#3141=AXIS2_PLACEMENT_3D('',#6093,#3804,#3805);
#3142=AXIS2_PLACEMENT_3D('',#6188,#3806,#3807);
#3143=AXIS2_PLACEMENT_3D('',#6189,#3808,#3809);
#3144=AXIS2_PLACEMENT_3D('',#6362,#3811,#3812);
#3145=AXIS2_PLACEMENT_3D('',#6384,#3814,#3815);
#3146=AXIS2_PLACEMENT_3D('',#6510,#3817,#3818);
#3147=AXIS2_PLACEMENT_3D('',#6603,#3819,#3820);
#3148=AXIS2_PLACEMENT_3D('',#6604,#3821,#3822);
#3149=AXIS2_PLACEMENT_3D('',#6704,#3823,#3824);
#3150=AXIS2_PLACEMENT_3D('',#6705,#3825,#3826);
#3151=AXIS2_PLACEMENT_3D('',#6706,#3827,#3828);
#3152=AXIS2_PLACEMENT_3D('',#6707,#3829,#3830);
#3153=AXIS2_PLACEMENT_3D('',#6710,#3832,#3833);
#3154=AXIS2_PLACEMENT_3D('',#6711,#3834,#3835);
#3155=AXIS2_PLACEMENT_3D('',#6712,#3836,#3837);
#3156=AXIS2_PLACEMENT_3D('',#6715,#3839,#3840);
#3157=AXIS2_PLACEMENT_3D('',#6716,#3841,#3842);
#3158=AXIS2_PLACEMENT_3D('',#6717,#3843,#3844);
#3159=AXIS2_PLACEMENT_3D('',#6720,#3846,#3847);
#3160=AXIS2_PLACEMENT_3D('',#6721,#3848,#3849);
#3161=AXIS2_PLACEMENT_3D('',#6722,#3850,#3851);
#3162=AXIS2_PLACEMENT_3D('',#6725,#3853,#3854);
#3163=AXIS2_PLACEMENT_3D('',#6726,#3855,#3856);
#3164=AXIS2_PLACEMENT_3D('',#6727,#3857,#3858);
#3165=AXIS2_PLACEMENT_3D('',#6730,#3860,#3861);
#3166=AXIS2_PLACEMENT_3D('',#6731,#3862,#3863);
#3167=AXIS2_PLACEMENT_3D('',#6732,#3864,#3865);
#3168=AXIS2_PLACEMENT_3D('',#6735,#3867,#3868);
#3169=AXIS2_PLACEMENT_3D('',#6736,#3869,#3870);
#3170=AXIS2_PLACEMENT_3D('',#6737,#3871,#3872);
#3171=AXIS2_PLACEMENT_3D('',#6740,#3874,#3875);
#3172=AXIS2_PLACEMENT_3D('',#6741,#3876,#3877);
#3173=AXIS2_PLACEMENT_3D('',#6742,#3878,#3879);
#3174=AXIS2_PLACEMENT_3D('',#6745,#3881,#3882);
#3175=AXIS2_PLACEMENT_3D('',#6746,#3883,#3884);
#3176=AXIS2_PLACEMENT_3D('',#6747,#3885,#3886);
#3177=AXIS2_PLACEMENT_3D('',#6751,#3888,#3889);
#3178=AXIS2_PLACEMENT_3D('',#6753,#3891,#3892);
#3179=AXIS2_PLACEMENT_3D('',#6754,#3893,#3894);
#3180=AXIS2_PLACEMENT_3D('',#6755,#3895,#3896);
#3181=AXIS2_PLACEMENT_3D('',#6757,#3897,#3898);
#3182=AXIS2_PLACEMENT_3D('',#6759,#3899,#3900);
#3183=AXIS2_PLACEMENT_3D('',#6760,#3901,#3902);
#3184=AXIS2_PLACEMENT_3D('',#6763,#3904,#3905);
#3185=AXIS2_PLACEMENT_3D('',#6764,#3906,#3907);
#3186=AXIS2_PLACEMENT_3D('',#6766,#3908,#3909);
#3187=AXIS2_PLACEMENT_3D('',#6767,#3910,#3911);
#3188=AXIS2_PLACEMENT_3D('',#6769,#3912,#3913);
#3189=AXIS2_PLACEMENT_3D('',#6771,#3915,#3916);
#3190=AXIS2_PLACEMENT_3D('',#6773,#3917,#3918);
#3191=AXIS2_PLACEMENT_3D('',#6774,#3919,#3920);
#3192=AXIS2_PLACEMENT_3D('',#6776,#3922,#3923);
#3193=AXIS2_PLACEMENT_3D('',#6778,#3924,#3925);
#3194=AXIS2_PLACEMENT_3D('',#6780,#3927,#3928);
#3195=AXIS2_PLACEMENT_3D('',#6782,#3929,#3930);
#3196=AXIS2_PLACEMENT_3D('',#6783,#3931,#3932);
#3197=AXIS2_PLACEMENT_3D('',#6785,#3934,#3935);
#3198=AXIS2_PLACEMENT_3D('',#6787,#3937,#3938);
#3199=DIRECTION('axis',(0.,0.,1.));
#3200=DIRECTION('refdir',(1.,0.,0.));
#3201=DIRECTION('center_axis',(-1.,2.77555756156306E-17,-1.62370117351429E-15));
#3202=DIRECTION('ref_axis',(-1.62455083399232E-15,0.,1.));
#3203=DIRECTION('center_axis',(2.63801376936178E-15,0.804444444444447,-0.594027891434792));
#3204=DIRECTION('ref_axis',(-1.,0.,-4.44089209850066E-15));
#3205=DIRECTION('center_axis',(-1.,2.77555756156306E-17,-1.62370117351429E-15));
#3206=DIRECTION('ref_axis',(-1.22917549154928E-15,0.642104286394137,0.76661730047937));
#3207=DIRECTION('center_axis',(-3.05434689885767E-15,-0.725921296281534,
0.687777777777777));
#3208=DIRECTION('ref_axis',(-6.38378239159466E-15,0.687777777777777,0.725921296281534));
#3209=DIRECTION('center_axis',(1.,-2.77555756156306E-17,1.62370117351429E-15));
#3210=DIRECTION('ref_axis',(-1.22693543635058E-15,0.642104286394137,0.76661730047937));
#3211=DIRECTION('center_axis',(1.,-2.77555756156306E-17,1.62370117351429E-15));
#3212=DIRECTION('ref_axis',(1.63757896132211E-15,0.,-1.));
#3213=DIRECTION('center_axis',(0.,0.,1.));
#3214=DIRECTION('ref_axis',(-1.38777878078146E-16,1.,0.));
#3215=DIRECTION('center_axis',(1.,-2.77555756156306E-17,1.62370117351429E-15));
#3216=DIRECTION('ref_axis',(-6.16041702393014E-16,0.918634251968044,0.395108986370991));
#3217=DIRECTION('center_axis',(-1.,2.77555756156306E-17,-1.62370117351429E-15));
#3218=DIRECTION('ref_axis',(-5.89805981832114E-16,0.918634251968044,0.395108986370991));
#3219=DIRECTION('center_axis',(-1.62370117351429E-15,2.42281987003916E-31,
1.));
#3220=DIRECTION('ref_axis',(-0.707106781186549,0.707106781186546,-7.85046229341889E-16));
#3221=DIRECTION('center_axis',(-1.66533453693773E-15,-1.85037170770833E-16,
1.));
#3222=DIRECTION('ref_axis',(4.16333634234435E-16,1.,1.85037170770834E-16));
#3223=DIRECTION('',(-1.62370117351429E-15,2.42281987003916E-31,1.));
#3224=DIRECTION('',(1.62370117351429E-15,-2.42281987003916E-31,-1.));
#3225=DIRECTION('center_axis',(-1.,2.77555756156306E-17,-1.62370117351429E-15));
#3226=DIRECTION('ref_axis',(-1.62642114050953E-15,0.,1.));
#3227=DIRECTION('center_axis',(-1.90931109452534E-15,0.510500807754443,
0.85987727338386));
#3228=DIRECTION('ref_axis',(-2.35922392732846E-15,0.85987727338386,-0.510500807754443));
#3229=DIRECTION('center_axis',(1.,-2.77555756156306E-17,1.62370117351429E-15));
#3230=DIRECTION('ref_axis',(4.56544828062094E-16,0.964333260181319,-0.264691071455139));
#3231=DIRECTION('center_axis',(-1.,2.77555756156306E-17,-1.62370117351429E-15));
#3232=DIRECTION('ref_axis',(4.56636794820791E-16,0.964333260181319,-0.264691071455139));
#3233=DIRECTION('center_axis',(1.,-2.77555756156306E-17,1.62370117351429E-15));
#3234=DIRECTION('ref_axis',(1.60982338570648E-15,0.,-1.));
#3235=DIRECTION('center_axis',(0.,1.,0.));
#3236=DIRECTION('ref_axis',(4.02455846426621E-15,0.,-1.));
#3237=DIRECTION('center_axis',(1.,-2.77555756156306E-17,1.62370117351429E-15));
#3238=DIRECTION('ref_axis',(1.42481112813512E-15,0.494721736052487,-0.869051439143399));
#3239=DIRECTION('center_axis',(-1.,2.77555756156306E-17,-1.62370117351429E-15));
#3240=DIRECTION('ref_axis',(1.42247325030098E-15,0.494721736052487,-0.869051439143399));
#3241=DIRECTION('center_axis',(2.77555756156306E-17,1.,-1.97215226305252E-31));
#3242=DIRECTION('ref_axis',(-0.707106781186547,0.,-0.707106781186548));
#3243=DIRECTION('center_axis',(-6.16297582203916E-31,1.,2.77555756156289E-16));
#3244=DIRECTION('ref_axis',(2.08166817117217E-15,2.7755575615629E-16,-1.));
#3245=DIRECTION('',(2.77555756156306E-17,1.,-1.97215226305252E-31));
#3246=DIRECTION('',(-2.77555756156306E-17,-1.,1.97215226305252E-31));
#3247=DIRECTION('center_axis',(1.,-2.77555756156306E-17,1.62370117351429E-15));
#3248=DIRECTION('ref_axis',(1.62832710278356E-15,0.,-1.));
#3249=DIRECTION('center_axis',(2.10097788545389E-15,0.323593139369354,-0.946196322204375));
#3250=DIRECTION('ref_axis',(-1.11022302462516E-15,-0.946196322204375,-0.323593139369354));
#3251=DIRECTION('center_axis',(1.,-2.77555756156306E-17,1.62370117351429E-15));
#3252=DIRECTION('ref_axis',(1.30475386797413E-15,-0.581552603222893,-0.813508801233691));
#3253=DIRECTION('center_axis',(-1.,2.77555756156306E-17,-1.62370117351429E-15));
#3254=DIRECTION('ref_axis',(1.34151948808873E-15,-0.581552603222893,-0.813508801233691));
#3255=DIRECTION('center_axis',(-1.54532159258662E-15,-0.323593139369353,
0.946196322204376));
#3256=DIRECTION('ref_axis',(-0.707106781186547,-0.669061835764486,-0.228814903193515));
#3257=DIRECTION('center_axis',(1.57573341409041E-15,0.323593139369353,-0.946196322204376));
#3258=DIRECTION('ref_axis',(-1.38777878078144E-15,-0.946196322204376,-0.323593139369353));
#3259=DIRECTION('',(1.54532159258662E-15,0.323593139369353,-0.946196322204375));
#3260=DIRECTION('',(-1.54532159258662E-15,-0.323593139369353,0.946196322204375));
#3261=DIRECTION('center_axis',(-1.,2.77555756156306E-17,-1.62370117351429E-15));
#3262=DIRECTION('ref_axis',(-1.62390830467559E-15,0.,1.));
#3263=DIRECTION('center_axis',(1.64510547728896E-15,-0.155392201672175,
-0.987852855267157));
#3264=DIRECTION('ref_axis',(2.49800180540661E-15,-0.987852855267157,0.155392201672175));
#3265=DIRECTION('center_axis',(1.,-2.77555756156306E-17,1.62370117351429E-15));
#3266=DIRECTION('ref_axis',(1.13028290262586E-16,-0.996239576835183,-0.0866412462240424));
#3267=DIRECTION('center_axis',(-1.,2.77555756156306E-17,-1.62370117351429E-15));
#3268=DIRECTION('ref_axis',(1.1046995269902E-16,-0.996239576835183,-0.0866412462240425));
#3269=DIRECTION('center_axis',(-1.59966484035313E-15,0.155392201672175,
0.987852855267157));
#3270=DIRECTION('ref_axis',(-0.707106781186549,-0.698517452773899,0.109878879545901));
#3271=DIRECTION('center_axis',(0.,-0.155392201672173,-0.987852855267157));
#3272=DIRECTION('ref_axis',(-1.80411241501588E-15,-0.987852855267157,0.155392201672173));
#3273=DIRECTION('',(1.59966484035314E-15,-0.155392201672175,-0.987852855267157));
#3274=DIRECTION('',(-1.59966484035314E-15,0.155392201672175,0.987852855267157));
#3275=DIRECTION('center_axis',(1.,-2.77555756156306E-17,1.62370117351429E-15));
#3276=DIRECTION('ref_axis',(1.62832710278356E-15,0.,-1.));
#3277=DIRECTION('center_axis',(0.,-1.,-2.7755575615629E-16));
#3278=DIRECTION('ref_axis',(-1.11022302462516E-15,-2.7755575615629E-16,
1.));
#3279=DIRECTION('center_axis',(1.,-2.77555756156306E-17,1.62370117351429E-15));
#3280=DIRECTION('ref_axis',(-1.25215248168912E-15,-0.649849135695287,0.760063221604682));
#3281=DIRECTION('center_axis',(-1.,2.77555756156306E-17,-1.62370117351429E-15));
#3282=DIRECTION('ref_axis',(-1.2490009027033E-15,-0.649849135695287,0.760063221604682));
#3283=DIRECTION('center_axis',(-2.77555756156306E-17,-1.,1.97215226305252E-31));
#3284=DIRECTION('ref_axis',(-0.707106781186546,0.,0.707106781186549));
#3285=DIRECTION('center_axis',(0.,-1.,0.));
#3286=DIRECTION('ref_axis',(2.08166817117217E-15,0.,1.));
#3287=DIRECTION('',(-2.77555756156306E-17,-1.,1.97215226305252E-31));
#3288=DIRECTION('',(2.77555756156306E-17,1.,-1.97215226305252E-31));
#3289=DIRECTION('center_axis',(1.,-2.77555756156306E-17,1.62370117351429E-15));
#3290=DIRECTION('ref_axis',(1.63757896132211E-15,0.,-1.));
#3291=DIRECTION('center_axis',(-1.,2.77555756156306E-17,-1.62370117351429E-15));
#3292=DIRECTION('ref_axis',(-1.52655665885959E-15,0.312694383988216,0.949853789918338));
#3293=DIRECTION('center_axis',(1.,-2.77555756156306E-17,1.62370117351429E-15));
#3294=DIRECTION('ref_axis',(-1.53359970073804E-15,0.312694383988216,0.949853789918338));
#3295=DIRECTION('center_axis',(-1.,3.02169346325545E-16,-1.62370117351429E-15));
#3296=DIRECTION('ref_axis',(0.,-0.581552603222893,-0.813508801233691));
#3297=DIRECTION('',(1.,-3.02169346325545E-16,1.62370117351429E-15));
#3298=DIRECTION('center_axis',(1.,0.,7.40148683083437E-16));
#3299=DIRECTION('ref_axis',(6.01370805005293E-16,-0.581552603222892,-0.813508801233691));
#3300=DIRECTION('',(-1.,3.02169346325545E-16,-1.62370117351429E-15));
#3301=DIRECTION('center_axis',(1.,-2.56667539455869E-16,7.17396663616207E-16));
#3302=DIRECTION('ref_axis',(0.,-0.581552603222893,-0.813508801233691));
#3303=DIRECTION('',(-1.,3.02169346325545E-16,-1.62370117351429E-15));
#3304=DIRECTION('center_axis',(-1.,2.77555756156306E-17,-1.62370117351429E-15));
#3305=DIRECTION('ref_axis',(0.,-0.581552603222893,-0.813508801233691));
#3306=DIRECTION('',(-1.,3.02169346325545E-16,-1.62370117351429E-15));
#3307=DIRECTION('center_axis',(1.62370117351429E-15,-2.42281987003916E-31,
-1.));
#3308=DIRECTION('ref_axis',(2.77555756156306E-17,1.,-1.97215226305252E-31));
#3309=DIRECTION('',(-1.,-5.24556554778302E-16,-1.62370117351429E-15));
#3310=DIRECTION('',(1.79324693615787E-46,1.,-2.42281987003916E-31));
#3311=DIRECTION('center_axis',(1.,5.24556554778302E-16,1.62370117351429E-15));
#3312=DIRECTION('ref_axis',(0.,0.494721736052481,-0.869051439143403));
#3313=DIRECTION('',(1.,0.,7.40148683083438E-16));
#3314=DIRECTION('center_axis',(1.,0.,7.40148683083437E-16));
#3315=DIRECTION('ref_axis',(6.59194920871187E-16,0.494721736052481,-0.869051439143403));
#3316=DIRECTION('center_axis',(-1.,0.,-7.40148683083438E-16));
#3317=DIRECTION('ref_axis',(4.19311700287611E-16,0.824045511369127,-0.566523605150212));
#3318=DIRECTION('',(1.,0.,7.40148683083438E-16));
#3319=DIRECTION('center_axis',(1.,-2.77555756156306E-17,1.62370117351429E-15));
#3320=DIRECTION('ref_axis',(4.19311700287611E-16,0.824045511369127,-0.566523605150212));
#3321=DIRECTION('',(-1.,0.,-7.40148683083438E-16));
#3322=DIRECTION('center_axis',(-1.,2.56667539455869E-16,-7.17396663616207E-16));
#3323=DIRECTION('ref_axis',(4.19311700287611E-16,0.824045511369127,-0.566523605150212));
#3324=DIRECTION('',(1.,0.,7.40148683083438E-16));
#3325=DIRECTION('center_axis',(1.,0.,7.40148683083437E-16));
#3326=DIRECTION('ref_axis',(1.94566982141033E-16,0.964333260181319,-0.264691071455138));
#3327=DIRECTION('center_axis',(3.93393546619633E-46,1.,-2.42281987003916E-31));
#3328=DIRECTION('ref_axis',(-1.62370117351429E-15,2.42281987003916E-31,
1.));
#3329=DIRECTION('',(-1.,2.22608124128407E-46,-7.04903507698512E-16));
#3330=DIRECTION('',(-7.40148683083437E-16,2.42281987003916E-31,1.));
#3331=DIRECTION('',(1.62370117351429E-15,-4.5066760698664E-32,-1.));
#3332=DIRECTION('',(1.,-3.26536183713281E-17,1.65444999748063E-15));
#3333=DIRECTION('',(-1.62370117351429E-15,2.42281987003916E-31,1.));
#3334=DIRECTION('center_axis',(1.,-2.22608124128407E-46,7.04903507698512E-16));
#3335=DIRECTION('ref_axis',(0.,0.918634251968044,0.395108986370991));
#3336=DIRECTION('',(1.,0.,7.04903507698512E-16));
#3337=DIRECTION('center_axis',(1.,0.,7.40148683083437E-16));
#3338=DIRECTION('ref_axis',(-2.77555756156289E-16,0.918634251968044,0.395108986370991));
#3339=DIRECTION('center_axis',(-1.,0.,-7.04903507698512E-16));
#3340=DIRECTION('ref_axis',(-4.94062741630913E-16,0.713265306122447,0.700894145418587));
#3341=DIRECTION('',(-1.,0.,-7.04903507698512E-16));
#3342=DIRECTION('center_axis',(1.,0.,7.40148683083437E-16));
#3343=DIRECTION('ref_axis',(-5.66440318686304E-16,0.642104286394137,0.76661730047937));
#3344=DIRECTION('center_axis',(1.,-2.77555756156306E-17,1.62370117351429E-15));
#3345=DIRECTION('ref_axis',(2.77555756156306E-17,1.,-1.97215226305252E-31));
#3346=DIRECTION('center_axis',(1.,-2.77555756156306E-17,1.62370117351429E-15));
#3347=DIRECTION('ref_axis',(0.,1.,-2.42281987003916E-31));
#3348=DIRECTION('center_axis',(-1.,2.77555756156306E-17,-1.62370117351429E-15));
#3349=DIRECTION('ref_axis',(2.77555756156306E-17,1.,-1.97215226305252E-31));
#3350=DIRECTION('center_axis',(-1.,2.77555756156306E-17,-1.62370117351429E-15));
#3351=DIRECTION('ref_axis',(2.77555756156306E-17,1.,-1.97215226305252E-31));
#3352=DIRECTION('center_axis',(-1.,0.,-7.40148683083437E-16));
#3353=DIRECTION('ref_axis',(0.,0.,1.));
#3354=DIRECTION('center_axis',(0.,0.725921296281534,-0.687777777777777));
#3355=DIRECTION('ref_axis',(0.,0.687777777777777,0.725921296281534));
#3356=DIRECTION('center_axis',(-1.,0.,-7.40148683083437E-16));
#3357=DIRECTION('ref_axis',(-2.9243939593692E-16,0.918634251968044,0.395108986370991));
#3358=DIRECTION('center_axis',(0.,0.,1.));
#3359=DIRECTION('ref_axis',(1.,0.,0.));
#3360=DIRECTION('center_axis',(-7.40148683083437E-16,2.42281987003916E-31,
1.));
#3361=DIRECTION('ref_axis',(0.707106781186538,0.707106781186557,7.85046229341894E-16));
#3362=DIRECTION('center_axis',(-5.55111512312585E-16,1.85037170770849E-16,
1.));
#3363=DIRECTION('ref_axis',(1.,0.,5.55111512312585E-16));
#3364=DIRECTION('',(7.40148683083437E-16,-2.42281987003916E-31,-1.));
#3365=DIRECTION('center_axis',(1.,0.,7.40148683083437E-16));
#3366=DIRECTION('ref_axis',(8.13210570254766E-16,0.,-1.));
#3367=DIRECTION('center_axis',(-1.90931109452533E-15,0.510500807754441,
0.859877273383861));
#3368=DIRECTION('ref_axis',(1.,0.,2.22044604925032E-15));
#3369=DIRECTION('center_axis',(-1.,0.,-7.40148683083437E-16));
#3370=DIRECTION('ref_axis',(1.95910747961465E-16,0.964333260181319,-0.264691071455138));
#3371=DIRECTION('center_axis',(-1.,0.,-7.40148683083437E-16));
#3372=DIRECTION('ref_axis',(0.,0.,1.));
#3373=DIRECTION('center_axis',(0.,1.,0.));
#3374=DIRECTION('ref_axis',(1.,0.,0.));
#3375=DIRECTION('center_axis',(-1.,0.,-7.40148683083437E-16));
#3376=DIRECTION('ref_axis',(6.43227278213755E-16,0.494721736052481,-0.869051439143403));
#3377=DIRECTION('center_axis',(1.79324693615787E-46,1.,-2.42281987003916E-31));
#3378=DIRECTION('ref_axis',(0.707106781186546,0.,-0.707106781186549));
#3379=DIRECTION('center_axis',(0.,1.,-2.77555756156289E-16));
#3380=DIRECTION('ref_axis',(1.,0.,0.));
#3381=DIRECTION('',(-1.79324693615787E-46,-1.,2.42281987003916E-31));
#3382=DIRECTION('center_axis',(-1.,0.,-7.40148683083437E-16));
#3383=DIRECTION('ref_axis',(0.,0.,1.));
#3384=DIRECTION('center_axis',(0.,0.323593139369354,-0.946196322204375));
#3385=DIRECTION('ref_axis',(1.,0.,0.));
#3386=DIRECTION('center_axis',(-1.,0.,-7.40148683083437E-16));
#3387=DIRECTION('ref_axis',(6.02117467909902E-16,-0.581552603222892,-0.813508801233691));
#3388=DIRECTION('center_axis',(7.0032596181796E-16,0.323593139369353,-0.946196322204376));
#3389=DIRECTION('ref_axis',(0.707106781186545,-0.669061835764488,-0.228814903193513));
#3390=DIRECTION('center_axis',(5.25244471363472E-16,0.323593139369353,-0.946196322204376));
#3391=DIRECTION('ref_axis',(1.,0.,5.5511151231258E-16));
#3392=DIRECTION('',(7.0032596181796E-16,0.323593139369353,-0.946196322204375));
#3393=DIRECTION('',(-7.0032596181796E-16,-0.323593139369353,0.946196322204375));
#3394=DIRECTION('center_axis',(1.,0.,7.40148683083437E-16));
#3395=DIRECTION('ref_axis',(7.07007697273726E-16,0.,-1.));
#3396=DIRECTION('center_axis',(5.48368492429652E-16,-0.155392201672175,
-0.987852855267157));
#3397=DIRECTION('ref_axis',(1.,0.,5.5511151231258E-16));
#3398=DIRECTION('center_axis',(1.,0.,7.40148683083437E-16));
#3399=DIRECTION('ref_axis',(6.90437204368874E-17,-0.996239576835183,-0.0866412462240424));
#3400=DIRECTION('center_axis',(-1.,0.,-7.40148683083437E-16));
#3401=DIRECTION('ref_axis',(6.41274042934328E-17,-0.996239576835183,-0.0866412462240424));
#3402=DIRECTION('center_axis',(7.31157989906199E-16,-0.155392201672175,
-0.987852855267157));
#3403=DIRECTION('ref_axis',(0.707106781186547,-0.6985174527739,0.109878879545902));
#3404=DIRECTION('center_axis',(0.,-0.155392201672173,-0.987852855267157));
#3405=DIRECTION('ref_axis',(1.,0.,0.));
#3406=DIRECTION('',(7.31157989906199E-16,-0.155392201672175,-0.987852855267157));
#3407=DIRECTION('',(-7.31157989906199E-16,0.155392201672175,0.987852855267157));
#3408=DIRECTION('center_axis',(-1.,0.,-7.40148683083437E-16));
#3409=DIRECTION('ref_axis',(0.,0.,1.));
#3410=DIRECTION('center_axis',(0.,-1.,0.));
#3411=DIRECTION('ref_axis',(1.,0.,0.));
#3412=DIRECTION('center_axis',(1.,0.,7.40148683083437E-16));
#3413=DIRECTION('ref_axis',(-5.55111512312578E-16,-0.649849135695288,0.760063221604682));
#3414=DIRECTION('center_axis',(-1.,0.,-7.40148683083437E-16));
#3415=DIRECTION('ref_axis',(-5.6255979253086E-16,-0.649849135695288,0.760063221604682));
#3416=DIRECTION('center_axis',(-1.79324693615787E-46,-1.,2.42281987003916E-31));
#3417=DIRECTION('ref_axis',(0.707106781186548,0.,0.707106781186548));
#3418=DIRECTION('center_axis',(0.,-1.,0.));
#3419=DIRECTION('ref_axis',(1.,0.,0.));
#3420=DIRECTION('',(-1.79324693615787E-46,-1.,2.42281987003916E-31));
#3421=DIRECTION('',(1.79324693615787E-46,1.,-2.42281987003916E-31));
#3422=DIRECTION('center_axis',(-1.,0.,-7.40148683083437E-16));
#3423=DIRECTION('ref_axis',(0.,0.,1.));
#3424=DIRECTION('center_axis',(0.,-0.804444444444448,0.594027891434791));
#3425=DIRECTION('ref_axis',(1.,0.,0.));
#3426=DIRECTION('center_axis',(1.,0.,7.40148683083437E-16));
#3427=DIRECTION('ref_axis',(-6.93889390390723E-16,0.312694383988227,0.949853789918334));
#3428=DIRECTION('center_axis',(-1.,0.,-7.40148683083437E-16));
#3429=DIRECTION('ref_axis',(-7.03033031729867E-16,0.312694383988227,0.949853789918334));
#3430=DIRECTION('center_axis',(1.,0.,7.40148683083437E-16));
#3431=DIRECTION('ref_axis',(7.25043607918469E-16,0.,-1.));
#3432=DIRECTION('center_axis',(-1.,0.,-7.40148683083437E-16));
#3433=DIRECTION('ref_axis',(-5.67410785378785E-16,0.642104286394137,0.76661730047937));
#3434=DIRECTION('center_axis',(-1.,0.,-7.04903507698512E-16));
#3435=DIRECTION('ref_axis',(-1.09536508027711E-16,-0.987852855267157,0.155392201672175));
#3436=DIRECTION('',(-1.,0.,-7.04903507698512E-16));
#3437=DIRECTION('center_axis',(-1.,2.56667539455869E-16,-7.17396663616207E-16));
#3438=DIRECTION('ref_axis',(-1.15013333429096E-16,-0.987852855267157,0.155392201672175));
#3439=DIRECTION('',(-1.,0.,-7.40148683083438E-16));
#3440=DIRECTION('center_axis',(1.09536508027711E-16,0.987852855267157,-0.155392201672175));
#3441=DIRECTION('ref_axis',(7.31157989906199E-16,-0.155392201672175,-0.987852855267157));
#3442=DIRECTION('',(1.,1.44529614325767E-16,1.62370117351429E-15));
#3443=DIRECTION('',(-6.68798208458575E-16,0.155392201672175,0.987852855267157));
#3444=DIRECTION('center_axis',(1.,1.44529614325767E-16,1.62370117351429E-15));
#3445=DIRECTION('ref_axis',(0.,-0.649849135695289,0.760063221604681));
#3446=DIRECTION('',(1.,1.44529614325767E-16,1.62370117351429E-15));
#3447=DIRECTION('center_axis',(-1.,2.77555756156306E-17,-1.62370117351429E-15));
#3448=DIRECTION('ref_axis',(0.,-0.649849135695289,0.760063221604681));
#3449=DIRECTION('',(1.,1.44529614325767E-16,1.62370117351429E-15));
#3450=DIRECTION('center_axis',(1.,-2.56667539455869E-16,7.17396663616207E-16));
#3451=DIRECTION('ref_axis',(0.,-0.649849135695289,0.760063221604681));
#3452=DIRECTION('',(-1.,-1.44529614325767E-16,-1.62370117351429E-15));
#3453=DIRECTION('center_axis',(-1.62370117351429E-15,2.42281987003916E-31,
1.));
#3454=DIRECTION('ref_axis',(-2.77555756156306E-17,-1.,1.97215226305252E-31));
#3455=DIRECTION('',(1.,-1.24425416464669E-15,1.62370117351429E-15));
#3456=DIRECTION('center_axis',(-1.,1.24425416464669E-15,-1.62370117351429E-15));
#3457=DIRECTION('ref_axis',(0.,0.312694383988227,0.949853789918334));
#3458=DIRECTION('center_axis',(1.,0.,7.40148683083437E-16));
#3459=DIRECTION('ref_axis',(7.40148683083437E-16,0.,-1.));
#3460=DIRECTION('center_axis',(-1.,0.,-7.40148683083437E-16));
#3461=DIRECTION('ref_axis',(0.,1.,0.));
#3462=DIRECTION('center_axis',(1.,-2.56667539455869E-16,7.17396663616207E-16));
#3463=DIRECTION('ref_axis',(2.56667539455869E-16,1.,3.71684624318856E-31));
#3464=DIRECTION('',(-7.61853939542077E-16,-0.323593139369353,0.946196322204375));
#3465=DIRECTION('',(1.62370117351429E-15,-4.5066760698664E-32,-1.));
#3466=DIRECTION('center_axis',(1.,-2.77555756156306E-17,1.62370117351429E-15));
#3467=DIRECTION('ref_axis',(-2.77555756156306E-17,-1.,0.));
#3468=DIRECTION('',(7.17396663616207E-16,0.,-1.));
#3469=DIRECTION('center_axis',(1.,-2.56667539455869E-16,7.17396663616207E-16));
#3470=DIRECTION('ref_axis',(0.,-0.707106781186548,-0.707106781186547));
#3471=DIRECTION('',(2.56667539455869E-16,1.,3.96004609902722E-31));
#3472=DIRECTION('',(-7.17396663616207E-16,0.,1.));
#3473=DIRECTION('',(2.77555756156306E-17,1.,0.));
#3474=DIRECTION('',(-2.77555756156306E-17,-1.,5.47382212626882E-48));
#3475=DIRECTION('',(-6.88767403303335E-16,-0.707106781186548,0.707106781186547));
#3476=DIRECTION('',(-2.56667539455869E-16,-1.,0.));
#3477=DIRECTION('center_axis',(1.,-2.56667539455869E-16,7.17396663616207E-16));
#3478=DIRECTION('ref_axis',(0.,-0.707106781186547,0.707106781186548));
#3479=DIRECTION('',(7.17396663616207E-16,0.,-1.));
#3480=DIRECTION('center_axis',(1.,-2.77555756156306E-17,1.62370117351429E-15));
#3481=DIRECTION('ref_axis',(-1.62370117351429E-15,4.5066760698664E-32,1.));
#3482=DIRECTION('',(1.62370117351429E-15,-4.5066760698664E-32,-1.));
#3483=DIRECTION('center_axis',(1.,-2.56667539455869E-16,7.17396663616207E-16));
#3484=DIRECTION('ref_axis',(0.,1.,0.));
#3485=DIRECTION('center_axis',(-2.39507035959062E-16,0.946196322204376,
0.323593139369353));
#3486=DIRECTION('ref_axis',(7.0032596181796E-16,0.323593139369353,-0.946196322204375));
#3487=DIRECTION('center_axis',(-3.26536183713281E-17,-1.,-7.95295777034928E-33));
#3488=DIRECTION('ref_axis',(1.62370117351429E-15,-4.5066760698664E-32,-1.));
#3489=DIRECTION('',(-1.62370117351429E-15,4.5066760698664E-32,1.));
#3490=DIRECTION('',(1.,-3.26536183713281E-17,1.65444999748063E-15));
#3491=DIRECTION('',(1.,-3.26536183713281E-17,1.65444999748063E-15));
#3492=DIRECTION('',(1.,-3.26536183713281E-17,1.65444999748063E-15));
#3493=DIRECTION('center_axis',(3.26536183713281E-17,1.,7.95295777034928E-33));
#3494=DIRECTION('ref_axis',(1.,0.,0.));
#3495=DIRECTION('center_axis',(3.26536183713281E-17,1.,7.95295777034928E-33));
#3496=DIRECTION('ref_axis',(1.,0.,0.));
#3497=DIRECTION('center_axis',(3.26536183713281E-17,1.,7.95295777034928E-33));
#3498=DIRECTION('ref_axis',(1.,0.,0.));
#3499=DIRECTION('center_axis',(3.26536183713281E-17,1.,7.95295777034928E-33));
#3500=DIRECTION('ref_axis',(1.,0.,0.));
#3501=DIRECTION('center_axis',(1.,-2.77555756156306E-17,1.62370117351429E-15));
#3502=DIRECTION('ref_axis',(2.77555756156306E-17,1.,-1.97215226305252E-31));
#3503=DIRECTION('',(-1.62370117351429E-15,4.5066760698664E-32,1.));
#3504=DIRECTION('center_axis',(-1.,2.77555756156306E-17,-1.62370117351429E-15));
#3505=DIRECTION('ref_axis',(-1.63268091856641E-15,4.53111116720004E-32,
1.));
#3506=DIRECTION('',(-1.62370117351429E-15,0.,1.));
#3507=DIRECTION('center_axis',(-1.,2.77555756156306E-17,-1.62370117351429E-15));
#3508=DIRECTION('ref_axis',(0.,-0.707106781186547,0.707106781186548));
#3509=DIRECTION('',(2.77555756156306E-17,1.,4.62223186652964E-32));
#3510=DIRECTION('',(1.16775626614606E-15,0.707106781186549,-0.707106781186546));
#3511=DIRECTION('',(2.77555756156306E-17,1.,0.));
#3512=DIRECTION('',(-2.77555756156306E-17,-1.,0.));
#3513=DIRECTION('',(1.62370117351429E-15,0.,-1.));
#3514=DIRECTION('',(-2.77555756156306E-17,-1.,3.39907768361743E-33));
#3515=DIRECTION('center_axis',(-1.,2.77555756156306E-17,-1.62370117351429E-15));
#3516=DIRECTION('ref_axis',(0.,-0.707106781186549,-0.707106781186546));
#3517=DIRECTION('',(-1.62370117351429E-15,0.,1.));
#3518=DIRECTION('center_axis',(-1.,2.77555756156306E-17,-1.62370117351429E-15));
#3519=DIRECTION('ref_axis',(-3.26536183713281E-17,-1.,-8.10356682482379E-33));
#3520=DIRECTION('',(1.59966484035314E-15,-0.155392201672175,-0.987852855267157));
#3521=DIRECTION('center_axis',(1.,-2.77555756156306E-17,1.62370117351429E-15));
#3522=DIRECTION('ref_axis',(-1.15013333429096E-16,-0.987852855267157,0.155392201672175));
#3523=DIRECTION('',(1.54532159258662E-15,0.323593139369353,-0.946196322204375));
#3524=DIRECTION('center_axis',(-1.,2.77555756156306E-17,-1.62370117351429E-15));
#3525=DIRECTION('ref_axis',(0.,1.,-4.5066760698664E-32));
#3526=DIRECTION('center_axis',(-1.,2.77555756156306E-17,-1.62370117351429E-15));
#3527=DIRECTION('ref_axis',(0.,1.,-4.5066760698664E-32));
#3528=DIRECTION('center_axis',(-1.,2.77555756156306E-17,-1.62370117351429E-15));
#3529=DIRECTION('ref_axis',(0.,1.,-4.5066760698664E-32));
#3530=DIRECTION('center_axis',(-1.,0.,-7.04903507698512E-16));
#3531=DIRECTION('ref_axis',(-1.09536508027711E-16,-0.987852855267157,0.155392201672175));
#3532=DIRECTION('',(-1.,0.,-7.40148683083438E-16));
#3533=DIRECTION('',(-1.,0.,-7.04903507698512E-16));
#3534=DIRECTION('center_axis',(-2.39507035959062E-16,0.946196322204376,
0.323593139369353));
#3535=DIRECTION('ref_axis',(7.0032596181796E-16,0.323593139369353,-0.946196322204375));
#3536=DIRECTION('center_axis',(1.09536508027711E-16,0.987852855267157,-0.155392201672175));
#3537=DIRECTION('ref_axis',(7.31157989906199E-16,-0.155392201672175,-0.987852855267157));
#3538=DIRECTION('center_axis',(-1.15447974903219E-15,0.707106781186546,
0.707106781186549));
#3539=DIRECTION('ref_axis',(1.,0.,1.63268091856641E-15));
#3540=DIRECTION('',(-1.,0.,-1.63268091856641E-15));
#3541=DIRECTION('center_axis',(-1.15447974903219E-15,0.707106781186546,
0.707106781186549));
#3542=DIRECTION('ref_axis',(-1.17756934401283E-15,-0.707106781186549,0.707106781186546));
#3543=DIRECTION('',(1.17756934401283E-15,0.707106781186549,-0.707106781186546));
#3544=DIRECTION('',(-1.,0.,-1.63268091856641E-15));
#3545=DIRECTION('center_axis',(-1.63268091856641E-15,4.53159986914671E-32,
1.));
#3546=DIRECTION('ref_axis',(-2.77555756156306E-17,-1.,0.));
#3547=DIRECTION('',(-7.39865663693386E-47,-1.,4.53159986914671E-32));
#3548=DIRECTION('',(1.,-2.72113486427734E-17,1.63268091856641E-15));
#3549=DIRECTION('',(0.,1.,0.));
#3550=DIRECTION('',(-1.,-3.26536183713281E-17,-1.63268091856641E-15));
#3551=DIRECTION('',(0.,1.,0.));
#3552=DIRECTION('',(1.,-2.72113486427734E-17,1.63268091856641E-15));
#3553=DIRECTION('',(7.36456362715096E-47,1.,-4.53159986914671E-32));
#3554=DIRECTION('',(-1.,0.,-1.63268091856641E-15));
#3555=DIRECTION('',(-7.39865663693386E-47,-1.,4.53159986914671E-32));
#3556=DIRECTION('',(1.,-2.72113486427734E-17,1.63268091856641E-15));
#3557=DIRECTION('',(0.,1.,0.));
#3558=DIRECTION('',(-1.,3.26536183713281E-17,-1.63268091856641E-15));
#3559=DIRECTION('',(0.,1.,0.));
#3560=DIRECTION('',(1.,-2.72113486427734E-17,1.63268091856641E-15));
#3561=DIRECTION('',(7.39865663693386E-47,1.,-4.53159986914671E-32));
#3562=DIRECTION('',(-1.,0.,-1.63268091856641E-15));
#3563=DIRECTION('center_axis',(-1.15447974903219E-15,0.707106781186547,
0.707106781186548));
#3564=DIRECTION('ref_axis',(1.,0.,1.63268091856641E-15));
#3565=DIRECTION('',(-5.23164027964679E-47,-0.707106781186548,0.707106781186547));
#3566=DIRECTION('center_axis',(-1.15447974903219E-15,0.707106781186547,
0.707106781186548));
#3567=DIRECTION('ref_axis',(-1.07943856534509E-15,-0.707106781186548,0.707106781186547));
#3568=DIRECTION('',(-1.,0.,-1.63268091856641E-15));
#3569=DIRECTION('center_axis',(-1.15447974903219E-15,0.707106781186547,
0.707106781186548));
#3570=DIRECTION('ref_axis',(1.,0.,1.63268091856641E-15));
#3571=DIRECTION('',(1.57009245868377E-15,0.707106781186548,-0.707106781186547));
#3572=DIRECTION('',(-1.57009245868377E-15,-0.707106781186548,0.707106781186547));
#3573=DIRECTION('center_axis',(-1.15447974903219E-15,0.707106781186547,
0.707106781186548));
#3574=DIRECTION('ref_axis',(-1.2266347333467E-15,-0.707106781186548,0.707106781186547));
#3575=DIRECTION('',(-1.,0.,-1.63268091856641E-15));
#3576=DIRECTION('center_axis',(-1.15447974903219E-15,0.707106781186547,
0.707106781186548));
#3577=DIRECTION('ref_axis',(-1.17756934401283E-15,-0.707106781186549,0.707106781186547));
#3578=DIRECTION('center_axis',(1.47973132738675E-48,1.,2.28303286151765E-63));
#3579=DIRECTION('ref_axis',(-0.707106781186541,0.,-0.707106781186554));
#3580=DIRECTION('',(1.47973132738675E-48,1.,2.28303286151765E-63));
#3581=DIRECTION('center_axis',(0.,-1.,0.));
#3582=DIRECTION('ref_axis',(-0.707106781186541,0.,-0.707106781186554));
#3583=DIRECTION('',(-1.47973132738675E-48,-1.,-2.28303286151765E-63));
#3584=DIRECTION('center_axis',(-0.707106781186548,0.707106781186547,0.));
#3585=DIRECTION('ref_axis',(-0.707106781186547,-0.707106781186548,-3.22869603610171E-63));
#3586=DIRECTION('center_axis',(-1.,0.,-1.542869857023E-15));
#3587=DIRECTION('ref_axis',(0.,-0.707106781186548,-0.707106781186547));
#3588=DIRECTION('',(1.,0.,1.542869857023E-15));
#3589=DIRECTION('',(-1.,0.,-1.542869857023E-15));
#3590=DIRECTION('center_axis',(0.,1.,0.));
#3591=DIRECTION('ref_axis',(1.,0.,1.51021623865167E-15));
#3592=DIRECTION('',(1.542869857023E-15,0.,-1.));
#3593=DIRECTION('',(-1.,0.,-1.65444999748063E-15));
#3594=DIRECTION('',(1.,0.,1.51021623865167E-15));
#3595=DIRECTION('center_axis',(-1.,1.47973132738675E-48,-1.542869857023E-15));
#3596=DIRECTION('ref_axis',(-6.84369570945715E-47,1.,4.53159986914671E-32));
#3597=DIRECTION('',(1.542869857023E-15,0.,-1.));
#3598=DIRECTION('',(-7.23286422616378E-47,-1.,4.59202120073533E-32));
#3599=DIRECTION('center_axis',(0.,-1.,0.));
#3600=DIRECTION('ref_axis',(-1.,0.,-1.51021623865167E-15));
#3601=DIRECTION('',(1.,-3.26536183713281E-17,1.65444999748063E-15));
#3602=DIRECTION('center_axis',(2.66351638929619E-47,1.,5.58800776166338E-62));
#3603=DIRECTION('ref_axis',(-0.707106781186554,0.,-0.707106781186541));
#3604=DIRECTION('',(2.66351638929619E-47,1.,5.58800776166338E-62));
#3605=DIRECTION('center_axis',(0.,-1.,0.));
#3606=DIRECTION('ref_axis',(-0.707106781186554,0.,-0.707106781186541));
#3607=DIRECTION('',(-2.66351638929619E-47,-1.,-5.58800776166338E-62));
#3608=DIRECTION('center_axis',(-0.707106781186549,0.707106781186546,-1.57009245868378E-15));
#3609=DIRECTION('ref_axis',(-0.707106781186545,-0.707106781186549,-1.57009245868377E-15));
#3610=DIRECTION('center_axis',(-1.,-3.20256641718798E-16,-2.09798136933558E-15));
#3611=DIRECTION('ref_axis',(0.,-0.707106781186549,-0.707106781186546));
#3612=DIRECTION('',(1.,3.20256641718798E-16,2.09798136933558E-15));
#3613=DIRECTION('center_axis',(-0.707106781186548,-0.707106781186547,1.57009245868378E-15));
#3614=DIRECTION('ref_axis',(0.707106781186547,-0.707106781186548,4.53708616480424E-15));
#3615=DIRECTION('',(-1.,-3.20256641718798E-16,-2.09798136933558E-15));
#3616=DIRECTION('center_axis',(-2.69760939907909E-47,-1.,-5.65953426101247E-62));
#3617=DIRECTION('ref_axis',(0.707106781186548,0.,-0.707106781186548));
#3618=DIRECTION('',(2.69760939907909E-47,1.,5.65953426101247E-62));
#3619=DIRECTION('center_axis',(0.,-1.,0.));
#3620=DIRECTION('ref_axis',(0.707106781186548,0.,-0.707106781186548));
#3621=DIRECTION('',(-2.69760939907909E-47,-1.,-5.65953426101247E-62));
#3622=DIRECTION('center_axis',(-1.,2.66351638929619E-47,-2.09798136933558E-15));
#3623=DIRECTION('ref_axis',(-6.84369570945715E-47,1.,4.53159986914671E-32));
#3624=DIRECTION('',(2.09798136933558E-15,0.,-1.));
#3625=DIRECTION('',(-1.22974913160329E-46,-1.,4.59202120073533E-32));
#3626=DIRECTION('',(2.09798136933558E-15,0.,-1.));
#3627=DIRECTION('center_axis',(3.20256641718798E-16,-1.,6.71892467732018E-31));
#3628=DIRECTION('ref_axis',(-1.,-3.20256641718798E-16,-1.51021623865167E-15));
#3629=DIRECTION('',(2.09798136933558E-15,0.,-1.));
#3630=DIRECTION('',(1.,-3.26536183713281E-17,1.65444999748063E-15));
#3631=DIRECTION('center_axis',(1.,-2.69760939907909E-47,2.09798136933558E-15));
#3632=DIRECTION('ref_axis',(6.93129501453796E-47,-1.,-4.58960434747163E-32));
#3633=DIRECTION('',(2.09798136933558E-15,0.,-1.));
#3634=DIRECTION('',(1.23315843258158E-46,1.,-4.59202120073533E-32));
#3635=DIRECTION('center_axis',(-1.,0.,1.22464679914735E-16));
#3636=DIRECTION('ref_axis',(0.,-0.707106781186549,-0.707106781186546));
#3637=DIRECTION('',(-1.,0.,1.22464679914735E-16));
#3638=DIRECTION('',(1.,0.,-1.22464679914735E-16));
#3639=DIRECTION('center_axis',(-0.707106781186547,-0.707106781186548,0.));
#3640=DIRECTION('ref_axis',(0.707106781186548,-0.707106781186547,-1.73191211247099E-16));
#3641=DIRECTION('center_axis',(7.39865663693386E-47,-1.,-9.06074116841137E-63));
#3642=DIRECTION('ref_axis',(0.707106781186549,0.,-0.707106781186546));
#3643=DIRECTION('',(-7.39865663693386E-47,1.,9.06074116841137E-63));
#3644=DIRECTION('center_axis',(0.,-1.,0.));
#3645=DIRECTION('ref_axis',(0.707106781186549,0.,-0.707106781186546));
#3646=DIRECTION('',(7.39865663693386E-47,-1.,-9.06074116841137E-63));
#3647=DIRECTION('center_axis',(-1.22464679914735E-16,0.,-1.));
#3648=DIRECTION('ref_axis',(-1.,0.,1.22464679914735E-16));
#3649=DIRECTION('',(1.,0.,1.51021623865167E-15));
#3650=DIRECTION('center_axis',(0.,-1.,0.));
#3651=DIRECTION('ref_axis',(-1.,0.,-1.51021623865167E-15));
#3652=DIRECTION('',(-1.22464679914735E-16,0.,-1.));
#3653=DIRECTION('',(1.,-3.26536183713281E-17,1.65444999748063E-15));
#3654=DIRECTION('center_axis',(1.,7.39865663693386E-47,-1.22464679914735E-16));
#3655=DIRECTION('ref_axis',(6.84369570945715E-47,-1.,-4.53159986914671E-32));
#3656=DIRECTION('',(-1.22464679914735E-16,0.,-1.));
#3657=DIRECTION('',(-7.96101704344359E-47,1.,-4.59202120073533E-32));
#3658=DIRECTION('center_axis',(0.,1.,0.));
#3659=DIRECTION('ref_axis',(1.,0.,1.51021623865167E-15));
#3660=DIRECTION('',(-1.,0.,-1.65444999748063E-15));
#3661=DIRECTION('center_axis',(1.65444999748063E-15,-4.59202120073533E-32,
-1.));
#3662=DIRECTION('ref_axis',(2.77555756156306E-17,1.,0.));
#3663=DIRECTION('',(1.,-3.26536183713281E-17,1.65444999748063E-15));
#3664=DIRECTION('',(0.,1.,0.));
#3665=DIRECTION('',(1.,-3.26536183713281E-17,1.65444999748063E-15));
#3666=DIRECTION('',(0.,1.,0.));
#3667=DIRECTION('',(1.,-3.26536183713281E-17,1.65444999748063E-15));
#3668=DIRECTION('',(-1.,0.,-1.65444999748063E-15));
#3669=DIRECTION('',(1.,-3.26536183713281E-17,1.65444999748063E-15));
#3670=DIRECTION('',(0.,1.,0.));
#3671=DIRECTION('',(1.,3.26536183713281E-17,1.65444999748063E-15));
#3672=DIRECTION('',(0.,1.,0.));
#3673=DIRECTION('',(1.,-3.26536183713281E-17,1.65444999748063E-15));
#3674=DIRECTION('center_axis',(0.,1.,0.));
#3675=DIRECTION('ref_axis',(1.,0.,1.51021623865167E-15));
#3676=DIRECTION('',(1.,0.,1.51021623865167E-15));
#3677=DIRECTION('center_axis',(2.09798136933558E-15,0.,-1.));
#3678=DIRECTION('ref_axis',(-1.,0.,-2.09798136933558E-15));
#3679=DIRECTION('center_axis',(1.542869857023E-15,0.,-1.));
#3680=DIRECTION('ref_axis',(-1.,0.,-1.542869857023E-15));
#3681=DIRECTION('center_axis',(-1.47973132738675E-48,1.,-2.46424768488587E-63));
#3682=DIRECTION('ref_axis',(0.707106781186548,0.,0.707106781186548));
#3683=DIRECTION('',(-1.47973132738675E-48,1.,-2.46424768488587E-63));
#3684=DIRECTION('',(1.47973132738675E-48,-1.,2.46424768488587E-63));
#3685=DIRECTION('center_axis',(0.707106781186547,0.707106781186548,1.57009245868377E-15));
#3686=DIRECTION('ref_axis',(0.707106781186548,-0.707106781186547,1.57009245868377E-15));
#3687=DIRECTION('center_axis',(1.,0.,1.66533453693773E-15));
#3688=DIRECTION('ref_axis',(0.,-0.707106781186547,0.707106781186548));
#3689=DIRECTION('',(-1.,0.,-1.66533453693773E-15));
#3690=DIRECTION('',(1.,0.,1.66533453693773E-15));
#3691=DIRECTION('center_axis',(1.,1.47973132738675E-48,1.66533453693773E-15));
#3692=DIRECTION('ref_axis',(7.39865663693386E-47,1.,-4.53159986914671E-32));
#3693=DIRECTION('',(-1.66533453693773E-15,0.,1.));
#3694=DIRECTION('center_axis',(0.,-1.,0.));
#3695=DIRECTION('ref_axis',(1.,0.,1.63268091856641E-15));
#3696=DIRECTION('',(1.,-2.72113486427734E-17,1.63268091856641E-15));
#3697=DIRECTION('center_axis',(-2.66351638929619E-47,1.,-5.91419444372619E-62));
#3698=DIRECTION('ref_axis',(0.707106781186544,0.,0.707106781186551));
#3699=DIRECTION('',(-2.66351638929619E-47,1.,-5.91419444372619E-62));
#3700=DIRECTION('',(2.66351638929619E-47,-1.,5.91419444372619E-62));
#3701=DIRECTION('center_axis',(0.707106781186549,0.707106781186546,1.57009245868377E-15));
#3702=DIRECTION('ref_axis',(0.707106781186545,-0.707106781186549,1.57009245868376E-15));
#3703=DIRECTION('center_axis',(1.,-3.20256641718798E-16,2.22044604925031E-15));
#3704=DIRECTION('ref_axis',(0.,-0.707106781186547,0.707106781186548));
#3705=DIRECTION('',(-1.,3.20256641718798E-16,-2.22044604925031E-15));
#3706=DIRECTION('center_axis',(0.707106781186548,-0.707106781186547,-1.57009245868378E-15));
#3707=DIRECTION('ref_axis',(-0.707106781186547,-0.707106781186548,-4.71027737605134E-15));
#3708=DIRECTION('',(1.,-3.20256641718798E-16,2.22044604925031E-15));
#3709=DIRECTION('center_axis',(2.69760939907909E-47,-1.,5.98989613260567E-62));
#3710=DIRECTION('ref_axis',(-0.707106781186548,0.,0.707106781186548));
#3711=DIRECTION('',(-2.69760939907909E-47,1.,-5.98989613260567E-62));
#3712=DIRECTION('',(2.69760939907909E-47,-1.,5.98989613260567E-62));
#3713=DIRECTION('center_axis',(1.,2.66351638929619E-47,2.22044604925031E-15));
#3714=DIRECTION('ref_axis',(7.39865663693386E-47,1.,-4.53159986914671E-32));
#3715=DIRECTION('',(-2.22044604925031E-15,0.,1.));
#3716=DIRECTION('center_axis',(-3.20256641718798E-16,-1.,-7.11112594850678E-31));
#3717=DIRECTION('ref_axis',(1.,-3.20256641718798E-16,1.63268091856641E-15));
#3718=DIRECTION('',(-2.22044604925031E-15,0.,1.));
#3719=DIRECTION('',(1.,-2.72113486427734E-17,1.63268091856641E-15));
#3720=DIRECTION('center_axis',(-1.,-2.69760939907909E-47,-2.22044604925031E-15));
#3721=DIRECTION('ref_axis',(-7.49335944188635E-47,-1.,4.58960434747163E-32));
#3722=DIRECTION('center_axis',(1.,0.,0.));
#3723=DIRECTION('ref_axis',(0.,-0.707106781186547,0.707106781186548));
#3724=DIRECTION('',(1.,0.,0.));
#3725=DIRECTION('',(-1.,0.,0.));
#3726=DIRECTION('center_axis',(0.707106781186549,-0.707106781186546,0.));
#3727=DIRECTION('ref_axis',(-0.707106781186546,-0.707106781186549,0.));
#3728=DIRECTION('center_axis',(-7.39865663693386E-47,-1.,0.));
#3729=DIRECTION('ref_axis',(-0.70710678118654,0.,0.707106781186555));
#3730=DIRECTION('',(7.39865663693386E-47,1.,0.));
#3731=DIRECTION('',(-7.39865663693386E-47,-1.,0.));
#3732=DIRECTION('center_axis',(0.,0.,1.));
#3733=DIRECTION('ref_axis',(1.,0.,0.));
#3734=DIRECTION('center_axis',(0.,-1.,0.));
#3735=DIRECTION('ref_axis',(1.,0.,1.63268091856641E-15));
#3736=DIRECTION('',(0.,0.,1.));
#3737=DIRECTION('',(1.,-2.72113486427734E-17,1.63268091856641E-15));
#3738=DIRECTION('center_axis',(-1.,7.39865663693386E-47,0.));
#3739=DIRECTION('ref_axis',(-7.39865663693386E-47,-1.,4.53159986914671E-32));
#3740=DIRECTION('center_axis',(-2.22044604925031E-15,0.,1.));
#3741=DIRECTION('ref_axis',(1.,0.,2.22044604925031E-15));
#3742=DIRECTION('center_axis',(-1.66533453693773E-15,0.,1.));
#3743=DIRECTION('ref_axis',(1.,0.,1.66533453693773E-15));
#3744=DIRECTION('',(0.,1.,0.));
#3745=DIRECTION('center_axis',(-1.,0.,2.44929359829471E-16));
#3746=DIRECTION('ref_axis',(-2.44929359829471E-16,-7.95295777034928E-33,
-1.));
#3747=DIRECTION('',(0.,-1.,0.));
#3748=DIRECTION('center_axis',(2.44929359829471E-16,0.,1.));
#3749=DIRECTION('ref_axis',(-1.,3.26536183713281E-17,2.44929359829471E-16));
#3750=DIRECTION('',(0.,-1.,0.));
#3751=DIRECTION('center_axis',(-1.,-5.47372677663016E-15,0.));
#3752=DIRECTION('ref_axis',(0.,0.,-1.));
#3753=DIRECTION('center_axis',(1.,0.,-2.44929359829471E-16));
#3754=DIRECTION('ref_axis',(2.44929359829471E-16,7.95295777034928E-33,1.));
#3755=DIRECTION('center_axis',(1.,0.,-3.5527136788005E-15));
#3756=DIRECTION('ref_axis',(0.,1.,0.));
#3757=DIRECTION('center_axis',(3.26536183713281E-17,1.,-1.59507876141545E-32));
#3758=DIRECTION('ref_axis',(1.,-3.26536183713281E-17,-2.44929359829471E-16));
#3759=DIRECTION('center_axis',(-2.72113486427734E-17,-1.,8.83661974486271E-34));
#3760=DIRECTION('ref_axis',(1.62370117351429E-15,-4.5066760698664E-32,-1.));
#3761=DIRECTION('',(1.,-2.72113486427734E-17,1.63268091856641E-15));
#3762=DIRECTION('',(1.,-2.72113486427734E-17,1.63268091856641E-15));
#3763=DIRECTION('',(1.,-2.72113486427734E-17,1.63268091856641E-15));
#3764=DIRECTION('center_axis',(2.72113486427734E-17,1.,-8.83661974486271E-34));
#3765=DIRECTION('ref_axis',(1.,0.,0.));
#3766=DIRECTION('center_axis',(2.72113486427734E-17,1.,-8.83661974486271E-34));
#3767=DIRECTION('ref_axis',(1.,0.,0.));
#3768=DIRECTION('center_axis',(2.72113486427734E-17,1.,-8.83661974486271E-34));
#3769=DIRECTION('ref_axis',(1.,0.,0.));
#3770=DIRECTION('center_axis',(2.72113486427734E-17,1.,-8.83661974486271E-34));
#3771=DIRECTION('ref_axis',(1.,0.,0.));
#3772=DIRECTION('center_axis',(1.,-2.72113486427734E-17,1.63268091856641E-15));
#3773=DIRECTION('ref_axis',(-1.63268091856641E-15,4.53111116720004E-32,
1.));
#3774=DIRECTION('',(0.,1.,0.));
#3775=DIRECTION('center_axis',(1.,0.,-1.22464679914735E-16));
#3776=DIRECTION('ref_axis',(1.22464679914735E-16,7.95295777034928E-33,1.));
#3777=DIRECTION('',(0.,-1.,0.));
#3778=DIRECTION('center_axis',(-1.22464679914735E-16,0.,-1.));
#3779=DIRECTION('ref_axis',(1.,3.26536183713281E-17,-1.22464679914735E-16));
#3780=DIRECTION('',(0.,-1.,0.));
#3781=DIRECTION('center_axis',(1.,1.36843169415754E-15,0.));
#3782=DIRECTION('ref_axis',(1.11022302462516E-15,-0.811310516531592,-0.584615468291116));
#3783=DIRECTION('center_axis',(1.,0.,-1.86517468137026E-14));
#3784=DIRECTION('ref_axis',(0.,1.,0.));
#3785=DIRECTION('center_axis',(-1.,0.,1.22464679914735E-16));
#3786=DIRECTION('ref_axis',(-1.22464679914735E-16,-7.95295777034928E-33,
-1.));
#3787=DIRECTION('center_axis',(3.26536183713281E-17,-1.,3.95404284844666E-33));
#3788=DIRECTION('ref_axis',(-1.,-3.26536183713281E-17,1.22464679914735E-16));
#3789=DIRECTION('center_axis',(1.,-2.72113486427734E-17,1.63268091856641E-15));
#3790=DIRECTION('ref_axis',(-1.63268091856641E-15,4.53111116720004E-32,
1.));
#3791=DIRECTION('center_axis',(1.,-2.72113486427734E-17,1.63268091856641E-15));
#3792=DIRECTION('ref_axis',(-1.63268091856641E-15,4.53111116720004E-32,
1.));
#3793=DIRECTION('',(0.,1.,0.));
#3794=DIRECTION('center_axis',(1.,0.,-1.22464679914735E-16));
#3795=DIRECTION('ref_axis',(1.22464679914735E-16,-7.95295777034928E-33,
1.));
#3796=DIRECTION('',(0.,-1.,0.));
#3797=DIRECTION('center_axis',(-1.22464679914735E-16,0.,-1.));
#3798=DIRECTION('ref_axis',(1.,3.26536183713281E-17,-1.22464679914735E-16));
#3799=DIRECTION('',(0.,-1.,0.));
#3800=DIRECTION('center_axis',(1.,7.52637431786648E-15,0.));
#3801=DIRECTION('ref_axis',(0.,0.,1.));
#3802=DIRECTION('center_axis',(-1.,0.,1.22464679914735E-16));
#3803=DIRECTION('ref_axis',(-1.22464679914735E-16,7.95295777034928E-33,
-1.));
#3804=DIRECTION('center_axis',(-1.,0.,0.));
#3805=DIRECTION('ref_axis',(0.,1.,0.));
#3806=DIRECTION('center_axis',(-3.26536183713281E-17,1.,1.19518726922519E-32));
#3807=DIRECTION('ref_axis',(-1.,-3.26536183713281E-17,1.22464679914735E-16));
#3808=DIRECTION('center_axis',(1.,-3.26536183713281E-17,1.65444999748063E-15));
#3809=DIRECTION('ref_axis',(-3.26536183713281E-17,-1.,-8.10356682482379E-33));
#3810=DIRECTION('',(0.,1.,0.));
#3811=DIRECTION('center_axis',(-1.,0.,-2.59692847956274E-49));
#3812=DIRECTION('ref_axis',(2.59692847956274E-49,7.95295777034928E-33,-1.));
#3813=DIRECTION('',(0.,-1.,0.));
#3814=DIRECTION('center_axis',(0.,0.,1.));
#3815=DIRECTION('ref_axis',(-1.,3.26536183713281E-17,0.));
#3816=DIRECTION('',(0.,-1.,0.));
#3817=DIRECTION('center_axis',(-1.,-8.21059016494526E-15,0.));
#3818=DIRECTION('ref_axis',(6.66133814775095E-15,-0.811310516531592,0.584615468291116));
#3819=DIRECTION('center_axis',(-1.,0.,0.));
#3820=DIRECTION('ref_axis',(0.,1.,0.));
#3821=DIRECTION('center_axis',(1.,0.,2.59692847956274E-49));
#3822=DIRECTION('ref_axis',(-2.59692847956274E-49,-7.95295777034928E-33,
1.));
#3823=DIRECTION('center_axis',(-3.26536183713281E-17,-1.,-7.95295777034928E-33));
#3824=DIRECTION('ref_axis',(1.,-3.26536183713281E-17,0.));
#3825=DIRECTION('center_axis',(1.,-3.26536183713281E-17,1.65444999748063E-15));
#3826=DIRECTION('ref_axis',(-3.26536183713281E-17,-1.,-8.10356682482379E-33));
#3827=DIRECTION('center_axis',(1.,-3.26536183713281E-17,1.65444999748063E-15));
#3828=DIRECTION('ref_axis',(-3.26536183713281E-17,-1.,-8.10356682482379E-33));
#3829=DIRECTION('center_axis',(0.,1.,0.));
#3830=DIRECTION('ref_axis',(1.,0.,0.));
#3831=DIRECTION('',(0.,1.,0.));
#3832=DIRECTION('center_axis',(3.26536183713281E-17,1.,7.95295777034928E-33));
#3833=DIRECTION('ref_axis',(1.,-3.26536183713281E-17,0.));
#3834=DIRECTION('center_axis',(-3.26536183713281E-17,-1.,-7.95295777034928E-33));
#3835=DIRECTION('ref_axis',(1.,-3.26536183713281E-17,0.));
#3836=DIRECTION('center_axis',(0.,1.,0.));
#3837=DIRECTION('ref_axis',(1.,0.,0.));
#3838=DIRECTION('',(0.,1.,0.));
#3839=DIRECTION('center_axis',(3.26536183713281E-17,1.,7.95295777034928E-33));
#3840=DIRECTION('ref_axis',(1.,-3.26536183713281E-17,0.));
#3841=DIRECTION('center_axis',(-3.26536183713281E-17,-1.,-7.95295777034928E-33));
#3842=DIRECTION('ref_axis',(1.,-3.26536183713281E-17,0.));
#3843=DIRECTION('center_axis',(0.,1.,0.));
#3844=DIRECTION('ref_axis',(1.,0.,0.));
#3845=DIRECTION('',(0.,1.,0.));
#3846=DIRECTION('center_axis',(3.26536183713281E-17,1.,7.95295777034928E-33));
#3847=DIRECTION('ref_axis',(1.,-3.26536183713281E-17,0.));
#3848=DIRECTION('center_axis',(-3.26536183713281E-17,-1.,-7.95295777034928E-33));
#3849=DIRECTION('ref_axis',(1.,-3.26536183713281E-17,0.));
#3850=DIRECTION('center_axis',(0.,1.,0.));
#3851=DIRECTION('ref_axis',(1.,0.,0.));
#3852=DIRECTION('',(0.,1.,0.));
#3853=DIRECTION('center_axis',(3.26536183713281E-17,1.,7.95295777034928E-33));
#3854=DIRECTION('ref_axis',(1.,-3.26536183713281E-17,0.));
#3855=DIRECTION('center_axis',(-3.26536183713281E-17,-1.,-7.95295777034928E-33));
#3856=DIRECTION('ref_axis',(1.,-3.26536183713281E-17,0.));
#3857=DIRECTION('center_axis',(0.,1.,0.));
#3858=DIRECTION('ref_axis',(1.,0.,0.));
#3859=DIRECTION('',(0.,1.,0.));
#3860=DIRECTION('center_axis',(3.26536183713281E-17,1.,7.95295777034928E-33));
#3861=DIRECTION('ref_axis',(1.,-3.26536183713281E-17,0.));
#3862=DIRECTION('center_axis',(-3.26536183713281E-17,-1.,-7.95295777034928E-33));
#3863=DIRECTION('ref_axis',(1.,-3.26536183713281E-17,0.));
#3864=DIRECTION('center_axis',(0.,1.,0.));
#3865=DIRECTION('ref_axis',(1.,0.,0.));
#3866=DIRECTION('',(0.,1.,0.));
#3867=DIRECTION('center_axis',(3.26536183713281E-17,1.,7.95295777034928E-33));
#3868=DIRECTION('ref_axis',(1.,-3.26536183713281E-17,0.));
#3869=DIRECTION('center_axis',(-3.26536183713281E-17,-1.,-7.95295777034928E-33));
#3870=DIRECTION('ref_axis',(1.,-3.26536183713281E-17,0.));
#3871=DIRECTION('center_axis',(0.,1.,0.));
#3872=DIRECTION('ref_axis',(1.,0.,0.));
#3873=DIRECTION('',(0.,1.,0.));
#3874=DIRECTION('center_axis',(3.26536183713281E-17,1.,7.95295777034928E-33));
#3875=DIRECTION('ref_axis',(1.,-3.26536183713281E-17,0.));
#3876=DIRECTION('center_axis',(-3.26536183713281E-17,-1.,-7.95295777034928E-33));
#3877=DIRECTION('ref_axis',(1.,-3.26536183713281E-17,0.));
#3878=DIRECTION('center_axis',(0.,1.,0.));
#3879=DIRECTION('ref_axis',(1.,0.,0.));
#3880=DIRECTION('',(0.,1.,0.));
#3881=DIRECTION('center_axis',(3.26536183713281E-17,1.,7.95295777034928E-33));
#3882=DIRECTION('ref_axis',(1.,-3.26536183713281E-17,0.));
#3883=DIRECTION('center_axis',(-3.26536183713281E-17,-1.,-7.95295777034928E-33));
#3884=DIRECTION('ref_axis',(1.,-3.26536183713281E-17,0.));
#3885=DIRECTION('center_axis',(-1.,0.,-1.62370117351429E-15));
#3886=DIRECTION('ref_axis',(8.130595927456E-30,-1.,-5.00744598826542E-15));
#3887=DIRECTION('',(-1.,0.,-1.62370117351429E-15));
#3888=DIRECTION('center_axis',(-1.,2.77555756156306E-17,-1.62370117351429E-15));
#3889=DIRECTION('ref_axis',(2.77555756156306E-17,1.,0.));
#3890=DIRECTION('',(-1.,0.,-1.62370117351429E-15));
#3891=DIRECTION('center_axis',(-1.,0.,-1.62370117351429E-15));
#3892=DIRECTION('ref_axis',(0.,1.,-4.5066760698664E-32));
#3893=DIRECTION('center_axis',(-1.,2.77555756156306E-17,-1.62370117351429E-15));
#3894=DIRECTION('ref_axis',(2.77555756156306E-17,1.,0.));
#3895=DIRECTION('center_axis',(1.,-2.77555756156306E-17,1.62370117351429E-15));
#3896=DIRECTION('ref_axis',(2.77555756156306E-17,1.,0.));
#3897=DIRECTION('center_axis',(1.,-2.77555756156306E-17,1.62370117351429E-15));
#3898=DIRECTION('ref_axis',(0.,1.,-2.42281987003916E-31));
#3899=DIRECTION('center_axis',(1.,-2.77555756156306E-17,1.62370117351429E-15));
#3900=DIRECTION('ref_axis',(0.,1.,-2.42281987003916E-31));
#3901=DIRECTION('center_axis',(-1.,0.,-1.62370117351429E-15));
#3902=DIRECTION('ref_axis',(0.,1.,-4.5066760698664E-32));
#3903=DIRECTION('',(-1.,0.,-1.62370117351429E-15));
#3904=DIRECTION('center_axis',(-1.,2.77555756156306E-17,-1.62370117351429E-15));
#3905=DIRECTION('ref_axis',(2.77555756156306E-17,1.,0.));
#3906=DIRECTION('center_axis',(1.,-2.77555756156306E-17,1.62370117351429E-15));
#3907=DIRECTION('ref_axis',(2.77555756156306E-17,1.,0.));
#3908=DIRECTION('center_axis',(1.,-2.77555756156306E-17,1.62370117351429E-15));
#3909=DIRECTION('ref_axis',(0.,1.,-2.42281987003916E-31));
#3910=DIRECTION('center_axis',(-1.,0.,-7.40148683083438E-16));
#3911=DIRECTION('ref_axis',(0.,1.,0.));
#3912=DIRECTION('center_axis',(-1.,0.,-7.40148683083437E-16));
#3913=DIRECTION('ref_axis',(0.,1.,0.));
#3914=DIRECTION('',(-0.624695047554425,-0.78086880944303,-5.57996065579994E-16));
#3915=DIRECTION('center_axis',(1.,0.,7.40148683083437E-16));
#3916=DIRECTION('ref_axis',(0.,1.,0.));
#3917=DIRECTION('center_axis',(-1.,0.,-7.40148683083437E-16));
#3918=DIRECTION('ref_axis',(0.,1.,0.));
#3919=DIRECTION('center_axis',(1.,0.,7.40148683083434E-16));
#3920=DIRECTION('ref_axis',(0.,1.,0.));
#3921=DIRECTION('',(-1.,0.,-7.40148683083434E-16));
#3922=DIRECTION('center_axis',(-1.,0.,-1.62370117351429E-15));
#3923=DIRECTION('ref_axis',(0.,1.,-2.42281987003916E-31));
#3924=DIRECTION('center_axis',(-1.,2.77555756156306E-17,-1.62370117351429E-15));
#3925=DIRECTION('ref_axis',(2.77555756156306E-17,1.,-1.97215226305252E-31));
#3926=DIRECTION('',(1.,0.,1.62370117351429E-15));
#3927=DIRECTION('center_axis',(1.,-2.77555756156306E-17,1.62370117351429E-15));
#3928=DIRECTION('ref_axis',(2.77555756156306E-17,1.,-1.97215226305252E-31));
#3929=DIRECTION('center_axis',(1.,-2.77555756156306E-17,1.62370117351429E-15));
#3930=DIRECTION('ref_axis',(2.77555756156306E-17,1.,-1.97215226305252E-31));
#3931=DIRECTION('center_axis',(1.,0.,1.62370117351429E-15));
#3932=DIRECTION('ref_axis',(0.,1.,-2.42281987003916E-31));
#3933=DIRECTION('',(-1.,0.,-1.62370117351429E-15));
#3934=DIRECTION('center_axis',(1.,0.,1.62370117351429E-15));
#3935=DIRECTION('ref_axis',(0.,1.,-2.42281987003916E-31));
#3936=DIRECTION('',(-1.,0.,-1.62370117351429E-15));
#3937=DIRECTION('center_axis',(1.,0.,1.62370117351429E-15));
#3938=DIRECTION('ref_axis',(0.,1.,-2.42281987003916E-31));
#3939=DIRECTION('',(-1.,0.,-1.62370117351429E-15));
#3940=CARTESIAN_POINT('',(0.,0.,0.));
#3941=CARTESIAN_POINT('Origin',(1.00000000000001,0.,2.92534955694879E-15));
#3942=CARTESIAN_POINT('',(-4.91375457326342E-14,28.51333878887,38.6133333333335));
#3943=CARTESIAN_POINT('',(0.999999999999943,29.1073666803048,39.4177777777779));
#3944=CARTESIAN_POINT('Origin',(0.999999999999943,28.51333878887,38.6133333333335));
#3945=CARTESIAN_POINT('',(0.999999999999943,33.701111111111,35.5701435177952));
#3946=CARTESIAN_POINT('Origin',(1.00000000000001,0.,2.92534955694879E-15));
#3947=CARTESIAN_POINT('',(-4.28927356584179E-14,33.0133333333333,34.8442222215137));
#3948=CARTESIAN_POINT('Origin',(0.99999999999995,33.0133333333333,34.8442222215137));
#3949=CARTESIAN_POINT('Origin',(1.27675647831893E-14,2.77555756156304E-17,
1.30164838343451E-15));
#3950=CARTESIAN_POINT('Origin',(0.999999999999979,30.9499999999999,32.6664583326691));
#3951=CARTESIAN_POINT('',(0.999999999999979,34.9499999999999,32.6664583326691));
#3952=CARTESIAN_POINT('',(-3.93296506473462E-14,33.9499999999999,32.6664583326691));
#3953=CARTESIAN_POINT('Origin',(0.999999999999979,33.9499999999999,32.6664583326691));
#3954=CARTESIAN_POINT('Origin',(-3.94129173741931E-14,30.9499999999999,
32.6664583326691));
#3955=CARTESIAN_POINT('Origin',(0.999999999999979,30.9499999999999,32.6664583326691));
#3956=CARTESIAN_POINT('Origin',(1.00000000000002,33.9499999999999,-4.79999999999994));
#3957=CARTESIAN_POINT('',(1.00000000000001,34.9499999999999,7.40148683083411E-16));
#3958=CARTESIAN_POINT('',(1.37168054692439E-14,33.9499999999999,-1.11022302462516E-15));
#3959=CARTESIAN_POINT('Origin',(1.00000000000001,33.9499999999999,5.55111512312578E-16));
#3960=CARTESIAN_POINT('',(2.15105711021124E-14,33.9499999999999,-4.79999999999994));
#3961=CARTESIAN_POINT('',(1.00000000000002,34.9499999999999,-4.79999999999994));
#3962=CARTESIAN_POINT('Origin',(1.00000000000001,0.,7.40148683083411E-16));
#3963=CARTESIAN_POINT('',(1.00000000000003,30.0527107047659,-17.8420032310176));
#3964=CARTESIAN_POINT('',(4.17190095023468E-14,29.192833431382,-17.3315024232632));
#3965=CARTESIAN_POINT('Origin',(1.00000000000003,29.192833431382,-17.3315024232632));
#3966=CARTESIAN_POINT('Origin',(1.27675647831893E-14,2.77555756156304E-17,
-8.83552490430868E-16));
#3967=CARTESIAN_POINT('Origin',(1.00000000000001,0.,7.40148683083411E-16));
#3968=CARTESIAN_POINT('Origin',(1.00000000000003,26.6132016112304,-15.7999999999999));
#3969=CARTESIAN_POINT('',(1.00000000000004,26.6132016112304,-19.7999999999999));
#3970=CARTESIAN_POINT('',(4.40064651385796E-14,26.6132016112304,-18.7999999999999));
#3971=CARTESIAN_POINT('Origin',(1.00000000000004,26.6132016112304,-18.7999999999999));
#3972=CARTESIAN_POINT('Origin',(3.91353616180368E-14,26.6132016112304,-15.7999999999999));
#3973=CARTESIAN_POINT('Origin',(1.00000000000003,26.6132016112304,-15.7999999999999));
#3974=CARTESIAN_POINT('Origin',(1.00000000000004,1.19999999999993,-18.7999999999999));
#3975=CARTESIAN_POINT('',(1.00000000000005,-1.70539159868603,-19.7999999999999));
#3976=CARTESIAN_POINT('',(4.32180571441708E-14,-1.70539159868603,-18.7999999999999));
#3977=CARTESIAN_POINT('Origin',(1.00000000000004,-1.70539159868603,-18.7999999999999));
#3978=CARTESIAN_POINT('',(4.32986979603811E-14,1.19999999999993,-18.7999999999999));
#3979=CARTESIAN_POINT('',(1.00000000000005,1.19999999999993,-19.7999999999999));
#3980=CARTESIAN_POINT('Origin',(1.00000000000004,-1.70539159868603,-16.7999999999999));
#3981=CARTESIAN_POINT('',(1.00000000000004,-4.54398056529915,-17.770779418108));
#3982=CARTESIAN_POINT('',(4.09663415596397E-14,-3.59778424309478,-17.4471862787386));
#3983=CARTESIAN_POINT('Origin',(1.00000000000004,-3.59778424309478,-17.4471862787386));
#3984=CARTESIAN_POINT('Origin',(3.99680288865056E-14,-1.70539159868603,
-16.7999999999999));
#3985=CARTESIAN_POINT('Origin',(1.00000000000004,-1.70539159868603,-16.7999999999999));
#3986=CARTESIAN_POINT('Origin',(1.00000000000001,-9.47277273554807,-0.268538686314432));
#3987=CARTESIAN_POINT('',(1.00000000000001,-9.50927303815404,-3.25211105066202));
#3988=CARTESIAN_POINT('',(1.72506031870474E-14,-8.56307671594967,-2.92851791129267));
#3989=CARTESIAN_POINT('Origin',(1.00000000000002,-8.56307671594967,-2.92851791129267));
#3990=CARTESIAN_POINT('',(1.29063426612674E-14,-9.47277273554807,-0.268538686314434));
#3991=CARTESIAN_POINT('',(1.00000000000001,-10.4189690577524,-0.592131825683786));
#3992=CARTESIAN_POINT('Origin',(1.00000000000001,0.,2.92534955694879E-15));
#3993=CARTESIAN_POINT('',(1.00000000000001,-9.927921195435,1.56169162680537));
#3994=CARTESIAN_POINT('',(1.02360180134636E-14,-8.94006834016784,1.4062994251332));
#3995=CARTESIAN_POINT('Origin',(1.,-8.94006834016784,1.4062994251332));
#3996=CARTESIAN_POINT('Origin',(1.27675647831893E-14,2.77555756156304E-17,
1.30164838343451E-15));
#3997=CARTESIAN_POINT('Origin',(1.00000000000001,0.,2.92534955694879E-15));
#3998=CARTESIAN_POINT('Origin',(0.999999999999971,-4.96792069517924,26.6578715788169));
#3999=CARTESIAN_POINT('',(0.999999999999952,-4.24857798041038,37.6661766050166));
#4000=CARTESIAN_POINT('',(-4.82444141487689E-14,-3.26072512514322,37.5107844033444));
#4001=CARTESIAN_POINT('Origin',(0.999999999999954,-3.26072512514322,37.5107844033444));
#4002=CARTESIAN_POINT('',(-3.06699110552699E-14,-4.96792069517924,26.6578715788169));
#4003=CARTESIAN_POINT('',(0.999999999999971,-5.9557735504464,26.813263780489));
#4004=CARTESIAN_POINT('Origin',(0.999999999999952,-1.28501941460891,37.2000000000001));
#4005=CARTESIAN_POINT('',(0.999999999999948,-1.28501941460891,40.2000000000001));
#4006=CARTESIAN_POINT('',(-5.09869924059103E-14,-1.28501941460891,39.2000000000001));
#4007=CARTESIAN_POINT('Origin',(0.999999999999949,-1.28501941460891,39.2000000000001));
#4008=CARTESIAN_POINT('Origin',(-4.77395900588817E-14,-1.28501941460891,
37.2000000000001));
#4009=CARTESIAN_POINT('Origin',(0.999999999999952,-1.28501941460891,37.2000000000001));
#4010=CARTESIAN_POINT('Origin',(0.99999999999995,23.6999999999999,39.2000000000001));
#4011=CARTESIAN_POINT('',(0.999999999999952,26.7312551145657,40.2000000000001));
#4012=CARTESIAN_POINT('',(-5.01534576337457E-14,26.7312551145657,39.2000000000001));
#4013=CARTESIAN_POINT('Origin',(0.99999999999995,26.7312551145657,39.2000000000001));
#4014=CARTESIAN_POINT('',(-5.02375918642883E-14,23.6999999999999,39.2000000000001));
#4015=CARTESIAN_POINT('',(0.999999999999948,23.6999999999999,40.2000000000001));
#4016=CARTESIAN_POINT('Origin',(0.99999999999997,26.7312551145657,36.2000000000001));
#4017=CARTESIAN_POINT('Origin',(0.99999999999997,26.7312551145657,36.2000000000001));
#4018=CARTESIAN_POINT('Origin',(-4.52415882534751E-14,26.7312551145657,
36.2000000000001));
#4019=CARTESIAN_POINT('Origin',(31.5000000000001,-1.70539159868603,-16.7999999999999));
#4020=CARTESIAN_POINT('',(62.0000000000001,-1.70539159868604,-19.7999999999998));
#4021=CARTESIAN_POINT('',(31.5000000000001,-1.70539159868603,-19.7999999999999));
#4022=CARTESIAN_POINT('',(62.0000000000001,-4.54398056529917,-17.7707794181079));
#4023=CARTESIAN_POINT('Origin',(62.0000000000001,-1.70539159868604,-16.7999999999998));
#4024=CARTESIAN_POINT('',(57.,-4.54398056529917,-17.7707794181079));
#4025=CARTESIAN_POINT('',(31.5000000000001,-4.54398056529916,-17.770779418108));
#4026=CARTESIAN_POINT('',(57.,-3.85000000000006,-18.8977737735544));
#4027=CARTESIAN_POINT('Origin',(57.,-1.70539159868604,-16.7999999999998));
#4028=CARTESIAN_POINT('',(6.00000000000005,-3.85000000000006,-18.8977737735545));
#4029=CARTESIAN_POINT('',(31.5000000000001,-3.85000000000006,-18.8977737735544));
#4030=CARTESIAN_POINT('',(6.00000000000004,-4.54398056529915,-17.770779418108));
#4031=CARTESIAN_POINT('Origin',(6.00000000000004,-1.70539159868603,-16.7999999999999));
#4032=CARTESIAN_POINT('',(31.5000000000001,-4.54398056529916,-17.7707794181079));
#4033=CARTESIAN_POINT('Origin',(4.46379044838351E-14,-10.0500000000001,
-19.7999999999999));
#4034=CARTESIAN_POINT('',(62.0000000000001,26.6132016112305,-19.7999999999998));
#4035=CARTESIAN_POINT('',(63.0000000000001,26.6132016112305,-19.7999999999998));
#4036=CARTESIAN_POINT('',(62.0000000000001,1.19999999999993,-19.7999999999998));
#4037=CARTESIAN_POINT('Origin',(63.0000000000001,26.6132016112305,-15.7999999999998));
#4038=CARTESIAN_POINT('',(62.0000000000001,30.0527107047659,-17.8420032310176));
#4039=CARTESIAN_POINT('',(63.0000000000001,30.0527107047659,-17.8420032310176));
#4040=CARTESIAN_POINT('Origin',(62.0000000000001,26.6132016112305,-15.7999999999998));
#4041=CARTESIAN_POINT('Origin',(63.,0.,4.66293670342566E-14));
#4042=CARTESIAN_POINT('',(6.00000000000001,34.9499999999999,6.66133814775092E-15));
#4043=CARTESIAN_POINT('',(63.,34.9499999999999,4.66293670342566E-14));
#4044=CARTESIAN_POINT('',(6.00000000000003,33.4888414251672,-9.99999999999991));
#4045=CARTESIAN_POINT('Origin',(6.00000000000001,0.,4.44089209850059E-15));
#4046=CARTESIAN_POINT('',(57.,33.4888414251672,-9.99999999999983));
#4047=CARTESIAN_POINT('',(63.0000000000001,33.4888414251672,-9.99999999999982));
#4048=CARTESIAN_POINT('',(57.,34.9499999999999,4.44089209850062E-14));
#4049=CARTESIAN_POINT('Origin',(57.,0.,4.21884749357559E-14));
#4050=CARTESIAN_POINT('',(62.0000000000001,34.9499999999999,4.58892183511731E-14));
#4051=CARTESIAN_POINT('',(63.,34.9499999999999,4.66293670342566E-14));
#4052=CARTESIAN_POINT('Origin',(62.0000000000001,0.,4.58892183511731E-14));
#4053=CARTESIAN_POINT('Origin',(4.58869053865385E-14,34.9499999999999,-19.7999999999999));
#4054=CARTESIAN_POINT('',(62.,34.9499999999999,32.6664583326691));
#4055=CARTESIAN_POINT('',(63.,34.9499999999999,32.6664583326691));
#4056=CARTESIAN_POINT('',(62.0000000000001,34.9499999999999,-4.79999999999987));
#4057=CARTESIAN_POINT('',(57.,34.9499999999999,30.4000000000001));
#4058=CARTESIAN_POINT('',(57.,34.9499999999999,40.2000000000001));
#4059=CARTESIAN_POINT('',(5.99999999999997,34.9499999999999,30.4));
#4060=CARTESIAN_POINT('',(5.99999999999997,34.9499999999999,30.4));
#4061=CARTESIAN_POINT('',(6.00000000000005,34.9499999999999,-19.7999999999999));
#4062=CARTESIAN_POINT('Origin',(63.,30.9499999999999,32.6664583326691));
#4063=CARTESIAN_POINT('',(62.,33.701111111111,35.5701435177953));
#4064=CARTESIAN_POINT('',(63.,33.701111111111,35.5701435177953));
#4065=CARTESIAN_POINT('Origin',(62.,30.9499999999999,32.6664583326691));
#4066=CARTESIAN_POINT('Origin',(63.,0.,4.66293670342566E-14));
#4067=CARTESIAN_POINT('',(62.,29.1073666803048,39.4177777777779));
#4068=CARTESIAN_POINT('',(63.,29.1073666803048,39.4177777777779));
#4069=CARTESIAN_POINT('Origin',(62.0000000000001,0.,4.59244635265581E-14));
#4070=CARTESIAN_POINT('Origin',(-3.44863027024197E-15,12.4499999999999,
10.2000000000001));
#4071=CARTESIAN_POINT('',(1.26607058170691E-14,-3.85,-4.71489017671709E-16));
#4072=CARTESIAN_POINT('Origin',(1.31131216996039E-14,-9.86076131526265E-31,
2.22547560642762E-29));
#4073=CARTESIAN_POINT('',(1.32768795957361E-14,18.3499999999999,-7.57178234171874E-16));
#4074=CARTESIAN_POINT('Origin',(1.33226762955019E-14,19.9999999999999,-5.55111512312561E-16));
#4075=CARTESIAN_POINT('',(1.33879018981986E-14,22.3499999999999,1.7978095514899E-14));
#4076=CARTESIAN_POINT('Origin',(1.34336985979644E-14,23.9999999999999,1.81801622367583E-14));
#4077=CARTESIAN_POINT('Origin',(62.,30.9499999999999,32.6664583326691));
#4078=CARTESIAN_POINT('',(63.,33.0133333333333,34.8442222215137));
#4079=CARTESIAN_POINT('Origin',(62.,33.0133333333333,34.8442222215137));
#4080=CARTESIAN_POINT('',(63.,33.9499999999999,32.6664583326691));
#4081=CARTESIAN_POINT('Origin',(63.,30.9499999999999,32.6664583326691));
#4082=CARTESIAN_POINT('Origin',(62.,33.9499999999999,32.6664583326691));
#4083=CARTESIAN_POINT('Origin',(62.0000000000001,33.9499999999999,-4.79999999999987));
#4084=CARTESIAN_POINT('',(63.,33.9499999999999,4.66293670342566E-14));
#4085=CARTESIAN_POINT('Origin',(62.0000000000001,33.9499999999999,4.6074255521944E-14));
#4086=CARTESIAN_POINT('',(63.,33.9499999999999,-4.79999999999987));
#4087=CARTESIAN_POINT('Origin',(62.0000000000001,0.,4.58892183511731E-14));
#4088=CARTESIAN_POINT('',(63.0000000000001,29.192833431382,-17.3315024232632));
#4089=CARTESIAN_POINT('Origin',(62.0000000000001,29.192833431382,-17.3315024232632));
#4090=CARTESIAN_POINT('Origin',(63.,0.,4.66293670342566E-14));
#4091=CARTESIAN_POINT('Origin',(62.0000000000001,26.6132016112305,-15.7999999999998));
#4092=CARTESIAN_POINT('',(63.0000000000001,26.6132016112305,-18.7999999999998));
#4093=CARTESIAN_POINT('Origin',(62.0000000000001,26.6132016112305,-18.7999999999998));
#4094=CARTESIAN_POINT('Origin',(63.0000000000001,26.6132016112305,-15.7999999999998));
#4095=CARTESIAN_POINT('Origin',(62.0000000000001,1.19999999999993,-18.7999999999998));
#4096=CARTESIAN_POINT('',(63.0000000000001,-1.70539159868604,-18.7999999999998));
#4097=CARTESIAN_POINT('Origin',(62.0000000000001,-1.70539159868604,-18.7999999999998));
#4098=CARTESIAN_POINT('',(63.0000000000001,1.19999999999993,-18.7999999999998));
#4099=CARTESIAN_POINT('Origin',(62.0000000000001,-1.70539159868604,-16.7999999999998));
#4100=CARTESIAN_POINT('',(63.0000000000001,-3.59778424309479,-17.4471862787385));
#4101=CARTESIAN_POINT('Origin',(62.0000000000001,-3.59778424309479,-17.4471862787385));
#4102=CARTESIAN_POINT('Origin',(63.0000000000001,-1.70539159868604,-16.7999999999998));
#4103=CARTESIAN_POINT('Origin',(62.0000000000001,-9.47277273554808,-0.26853868631434));
#4104=CARTESIAN_POINT('',(63.,-8.56307671594967,-2.92851791129262));
#4105=CARTESIAN_POINT('',(62.0000000000001,-9.50927303815404,-3.25211105066198));
#4106=CARTESIAN_POINT('Origin',(62.0000000000001,-8.56307671594967,-2.92851791129262));
#4107=CARTESIAN_POINT('',(62.0000000000001,-10.4189690577525,-0.592131825683693));
#4108=CARTESIAN_POINT('',(63.,-9.47277273554808,-0.268538686314339));
#4109=CARTESIAN_POINT('Origin',(62.0000000000001,0.,4.59244635265581E-14));
#4110=CARTESIAN_POINT('',(63.,-8.94006834016784,1.40629942513324));
#4111=CARTESIAN_POINT('',(62.0000000000001,-9.927921195435,1.56169162680542));
#4112=CARTESIAN_POINT('Origin',(62.0000000000001,-8.94006834016784,1.40629942513324));
#4113=CARTESIAN_POINT('Origin',(62.0000000000001,0.,4.59244635265581E-14));
#4114=CARTESIAN_POINT('Origin',(63.,0.,4.66646122096415E-14));
#4115=CARTESIAN_POINT('Origin',(62.,-4.96792069517924,26.657871578817));
#4116=CARTESIAN_POINT('',(63.,-3.26072512514322,37.5107844033445));
#4117=CARTESIAN_POINT('',(62.,-4.24857798041037,37.6661766050167));
#4118=CARTESIAN_POINT('Origin',(62.,-3.26072512514322,37.5107844033445));
#4119=CARTESIAN_POINT('',(62.,-5.95577355044639,26.8132637804891));
#4120=CARTESIAN_POINT('',(63.,-4.96792069517924,26.657871578817));
#4121=CARTESIAN_POINT('Origin',(62.,-1.2850194146089,37.2000000000002));
#4122=CARTESIAN_POINT('',(63.,-1.2850194146089,39.2000000000002));
#4123=CARTESIAN_POINT('',(62.,-1.2850194146089,40.2000000000002));
#4124=CARTESIAN_POINT('Origin',(62.,-1.2850194146089,39.2000000000002));
#4125=CARTESIAN_POINT('Origin',(62.,-1.2850194146089,37.2000000000002));
#4126=CARTESIAN_POINT('Origin',(63.,-1.2850194146089,37.2000000000002));
#4127=CARTESIAN_POINT('Origin',(62.,23.6999999999999,39.2000000000002));
#4128=CARTESIAN_POINT('',(63.,26.7312551145656,39.2000000000002));
#4129=CARTESIAN_POINT('',(62.,26.7312551145656,40.2000000000002));
#4130=CARTESIAN_POINT('Origin',(62.,26.7312551145656,39.2000000000002));
#4131=CARTESIAN_POINT('',(62.,23.6999999999999,40.2000000000002));
#4132=CARTESIAN_POINT('',(63.,23.6999999999999,39.2000000000002));
#4133=CARTESIAN_POINT('Origin',(62.,26.7312551145656,36.2000000000002));
#4134=CARTESIAN_POINT('',(63.,28.51333878887,38.6133333333335));
#4135=CARTESIAN_POINT('Origin',(62.,28.51333878887,38.6133333333335));
#4136=CARTESIAN_POINT('Origin',(62.,26.7312551145656,36.2000000000002));
#4137=CARTESIAN_POINT('Origin',(63.,26.7312551145656,36.2000000000002));
#4138=CARTESIAN_POINT('Origin',(62.0000000000001,0.,4.59244635265581E-14));
#4139=CARTESIAN_POINT('Origin',(63.,0.,4.66646122096415E-14));
#4140=CARTESIAN_POINT('Origin',(63.,0.,4.66293670342566E-14));
#4141=CARTESIAN_POINT('',(57.,-9.927921195435,1.56169162680541));
#4142=CARTESIAN_POINT('',(63.,-9.927921195435,1.56169162680542));
#4143=CARTESIAN_POINT('',(57.,-9.50927303815404,-3.25211105066198));
#4144=CARTESIAN_POINT('Origin',(57.,0.,4.21884749357559E-14));
#4145=CARTESIAN_POINT('',(63.,-9.50927303815404,-3.25211105066198));
#4146=CARTESIAN_POINT('Origin',(63.,-3.85000000000006,40.2000000000002));
#4147=CARTESIAN_POINT('',(57.,-4.24857798041037,37.6661766050167));
#4148=CARTESIAN_POINT('',(31.5,-4.24857798041038,37.6661766050166));
#4149=CARTESIAN_POINT('',(57.,-5.95577355044639,26.8132637804891));
#4150=CARTESIAN_POINT('Origin',(31.5,-1.28501941460891,37.2000000000001));
#4151=CARTESIAN_POINT('',(5.99999999999995,-4.24857798041038,37.6661766050166));
#4152=CARTESIAN_POINT('',(31.5,-4.24857798041038,37.6661766050166));
#4153=CARTESIAN_POINT('',(5.99999999999996,-3.85000000000006,38.7559159992001));
#4154=CARTESIAN_POINT('Origin',(5.99999999999995,-1.28501941460891,37.2000000000001));
#4155=CARTESIAN_POINT('',(57.,-3.85000000000006,38.7559159992001));
#4156=CARTESIAN_POINT('',(31.5,-3.85000000000006,38.7559159992001));
#4157=CARTESIAN_POINT('Origin',(56.9999999999999,-1.2850194146089,37.2000000000002));
#4158=CARTESIAN_POINT('',(31.5,-1.28501941460891,40.2000000000001));
#4159=CARTESIAN_POINT('Origin',(-5.1535165024319E-14,34.9499999999999,40.2000000000001));
#4160=CARTESIAN_POINT('',(63.,26.7312551145656,40.2000000000002));
#4161=CARTESIAN_POINT('Origin',(63.,26.7312551145656,36.2000000000002));
#4162=CARTESIAN_POINT('Origin',(63.,12.4499999999999,10.2000000000002));
#4163=CARTESIAN_POINT('',(63.,-5.,5.12906030016524E-14));
#4164=CARTESIAN_POINT('Origin',(63.,-9.86076131526265E-31,5.19029264012261E-14));
#4165=CARTESIAN_POINT('Origin',(57.,12.4499999999999,10.2000000000002));
#4166=CARTESIAN_POINT('',(57.,-10.4189690577525,-0.592131825683698));
#4167=CARTESIAN_POINT('',(57.,-3.85000000000006,32.4000000000001));
#4168=CARTESIAN_POINT('',(57.,-3.85000000000006,32.4000000000001));
#4169=CARTESIAN_POINT('',(57.,-1.85000000000006,30.4000000000001));
#4170=CARTESIAN_POINT('Origin',(57.,-1.85000000000006,32.4000000000001));
#4171=CARTESIAN_POINT('',(57.,-1.85000000000005,28.9000000000001));
#4172=CARTESIAN_POINT('',(57.,-1.85000000000005,20.3000000000001));
#4173=CARTESIAN_POINT('',(57.,-1.35000000000006,28.4000000000001));
#4174=CARTESIAN_POINT('Origin',(57.,-1.35000000000005,28.9000000000001));
#4175=CARTESIAN_POINT('',(57.,23.1499999999999,28.4000000000001));
#4176=CARTESIAN_POINT('',(57.,11.5499999999999,28.4000000000001));
#4177=CARTESIAN_POINT('',(57.,23.1499999999999,30.4000000000001));
#4178=CARTESIAN_POINT('',(57.,23.1499999999999,20.3000000000001));
#4179=CARTESIAN_POINT('',(57.,-1.85000000000006,30.4000000000001));
#4180=CARTESIAN_POINT('',(57.,25.15,-9.99999999999983));
#4181=CARTESIAN_POINT('',(57.,-1.85000000000006,-9.99999999999983));
#4182=CARTESIAN_POINT('',(57.,23.1499999999999,-7.99999999999983));
#4183=CARTESIAN_POINT('',(57.,16.4249999999999,-1.27499999999984));
#4184=CARTESIAN_POINT('',(57.,-1.35000000000006,-7.99999999999983));
#4185=CARTESIAN_POINT('',(57.,11.5499999999999,-7.99999999999983));
#4186=CARTESIAN_POINT('',(57.,-1.85000000000006,-8.49999999999983));
#4187=CARTESIAN_POINT('Origin',(57.,-1.35000000000006,-8.49999999999983));
#4188=CARTESIAN_POINT('',(57.,-1.85000000000006,-9.99999999999983));
#4189=CARTESIAN_POINT('',(57.,-1.85000000000006,0.10000000000016));
#4190=CARTESIAN_POINT('',(57.,-3.85000000000006,-11.9999999999998));
#4191=CARTESIAN_POINT('Origin',(57.,-1.85000000000006,-11.9999999999998));
#4192=CARTESIAN_POINT('',(57.,-3.85000000000006,-11.9999999999998));
#4193=CARTESIAN_POINT('',(57.,-1.6,4.72660908148619E-14));
#4194=CARTESIAN_POINT('Origin',(57.,-9.86076131526265E-31,4.74620343027254E-14));
#4195=CARTESIAN_POINT('Origin',(63.,-9.50927303815404,-3.25211105066198));
#4196=CARTESIAN_POINT('Origin',(5.99999999999995,-3.85000000000005,40.2000000000001));
#4197=CARTESIAN_POINT('',(5.99999999999996,-3.85000000000005,32.4));
#4198=CARTESIAN_POINT('',(5.99999999999997,-3.85000000000006,25.2000000000001));
#4199=CARTESIAN_POINT('',(16.584072973736,-3.85000000000006,32.4000000000001));
#4200=CARTESIAN_POINT('',(5.99999999999996,-3.85000000000005,32.4));
#4201=CARTESIAN_POINT('',(19.9999998509885,-3.85000000000006,36.5000005438924));
#4202=CARTESIAN_POINT('Ctrl Pts',(16.584072973736,-3.85000000000006,32.4000000000001));
#4203=CARTESIAN_POINT('Ctrl Pts',(16.6228377181829,-3.85000000000006,32.4830239801525));
#4204=CARTESIAN_POINT('Ctrl Pts',(16.7230604577068,-3.85000000000006,32.7031039072381));
#4205=CARTESIAN_POINT('Ctrl Pts',(16.8728568595745,-3.85000000000006,33.0560477150985));
#4206=CARTESIAN_POINT('Ctrl Pts',(17.0452023243989,-3.85000000000006,33.5198049058718));
#4207=CARTESIAN_POINT('Ctrl Pts',(17.2042825139643,-3.85000000000006,34.0473228115129));
#4208=CARTESIAN_POINT('Ctrl Pts',(17.3291374080496,-3.85000000000006,34.5420759899465));
#4209=CARTESIAN_POINT('Ctrl Pts',(17.4458153353663,-3.85000000000006,34.9743221694654));
#4210=CARTESIAN_POINT('Ctrl Pts',(17.5993872380818,-3.85000000000006,35.3636733627977));
#4211=CARTESIAN_POINT('Ctrl Pts',(17.8313511514282,-3.85000000000006,35.7220779026361));
#4212=CARTESIAN_POINT('Ctrl Pts',(18.1699817302504,-3.85000000000006,36.0411090030003));
#4213=CARTESIAN_POINT('Ctrl Pts',(18.6328034937813,-3.85000000000006,36.2990573465546));
#4214=CARTESIAN_POINT('Ctrl Pts',(19.110319480139,-3.85000000000006,36.4355122707663));
#4215=CARTESIAN_POINT('Ctrl Pts',(19.5307984304483,-3.85000000000006,36.4882751613267));
#4216=CARTESIAN_POINT('Ctrl Pts',(19.8389591455322,-3.85000000000006,36.5000005438924));
#4217=CARTESIAN_POINT('Ctrl Pts',(19.9999998509885,-3.85000000000006,36.5000005438924));
#4218=CARTESIAN_POINT('',(23.4159267282409,-3.85000000000006,32.4000000000001));
#4219=CARTESIAN_POINT('Ctrl Pts',(19.9999998509885,-3.85000000000006,36.5000005438924));
#4220=CARTESIAN_POINT('Ctrl Pts',(20.1610405564448,-3.85000000000006,36.5000005438924));
#4221=CARTESIAN_POINT('Ctrl Pts',(20.4692012715288,-3.85000000000006,36.4882751613267));
#4222=CARTESIAN_POINT('Ctrl Pts',(20.8896802218381,-3.85000000000006,36.4355122707663));
#4223=CARTESIAN_POINT('Ctrl Pts',(21.3671962081957,-3.85000000000006,36.2990573465546));
#4224=CARTESIAN_POINT('Ctrl Pts',(21.8300179717266,-3.85000000000006,36.0411090030003));
#4225=CARTESIAN_POINT('Ctrl Pts',(22.1686485505488,-3.85000000000006,35.722077902636));
#4226=CARTESIAN_POINT('Ctrl Pts',(22.4006124638952,-3.85000000000006,35.3636733627977));
#4227=CARTESIAN_POINT('Ctrl Pts',(22.5541843666107,-3.85000000000006,34.9743221694654));
#4228=CARTESIAN_POINT('Ctrl Pts',(22.6708622939274,-3.85000000000006,34.5420759899465));
#4229=CARTESIAN_POINT('Ctrl Pts',(22.7957171880127,-3.85000000000006,34.0473228115129));
#4230=CARTESIAN_POINT('Ctrl Pts',(22.9547973775781,-3.85000000000006,33.5198049058718));
#4231=CARTESIAN_POINT('Ctrl Pts',(23.1271428424025,-3.85000000000006,33.0560477150985));
#4232=CARTESIAN_POINT('Ctrl Pts',(23.2769392442702,-3.85000000000006,32.7031039072381));
#4233=CARTESIAN_POINT('Ctrl Pts',(23.377161983794,-3.85000000000006,32.4830239801525));
#4234=CARTESIAN_POINT('Ctrl Pts',(23.4159267282409,-3.85000000000006,32.4000000000001));
#4235=CARTESIAN_POINT('',(39.5840732717591,-3.85000000000006,32.4000000000001));
#4236=CARTESIAN_POINT('',(5.99999999999996,-3.85000000000005,32.4));
#4237=CARTESIAN_POINT('',(43.0000001490115,-3.85000000000006,36.5000005438924));
#4238=CARTESIAN_POINT('Ctrl Pts',(39.5840732717591,-3.85000000000006,32.4000000000001));
#4239=CARTESIAN_POINT('Ctrl Pts',(39.622838016206,-3.85000000000006,32.4830239801526));
#4240=CARTESIAN_POINT('Ctrl Pts',(39.7230607557298,-3.85000000000006,32.7031039072381));
#4241=CARTESIAN_POINT('Ctrl Pts',(39.8728571575975,-3.85000000000006,33.0560477150985));
#4242=CARTESIAN_POINT('Ctrl Pts',(40.0452026224219,-3.85000000000006,33.5198049058718));
#4243=CARTESIAN_POINT('Ctrl Pts',(40.2042828119873,-3.85000000000006,34.0473228115129));
#4244=CARTESIAN_POINT('Ctrl Pts',(40.3291377060726,-3.85000000000006,34.5420759899465));
#4245=CARTESIAN_POINT('Ctrl Pts',(40.4458156333893,-3.85000000000006,34.9743221694654));
#4246=CARTESIAN_POINT('Ctrl Pts',(40.5993875361048,-3.85000000000006,35.3636733627977));
#4247=CARTESIAN_POINT('Ctrl Pts',(40.8313514494512,-3.85000000000006,35.722077902636));
#4248=CARTESIAN_POINT('Ctrl Pts',(41.1699820282734,-3.85000000000006,36.0411090030003));
#4249=CARTESIAN_POINT('Ctrl Pts',(41.6328037918043,-3.85000000000006,36.2990573465546));
#4250=CARTESIAN_POINT('Ctrl Pts',(42.110319778162,-3.85000000000006,36.4355122707663));
#4251=CARTESIAN_POINT('Ctrl Pts',(42.5307987284712,-3.85000000000006,36.4882751613267));
#4252=CARTESIAN_POINT('Ctrl Pts',(42.8389594435552,-3.85000000000006,36.5000005438924));
#4253=CARTESIAN_POINT('Ctrl Pts',(43.0000001490115,-3.85000000000006,36.5000005438924));
#4254=CARTESIAN_POINT('',(46.415927026264,-3.85000000000006,32.4000000000001));
#4255=CARTESIAN_POINT('Ctrl Pts',(43.0000001490115,-3.85000000000006,36.5000005438924));
#4256=CARTESIAN_POINT('Ctrl Pts',(43.1610408544678,-3.85000000000006,36.5000005438924));
#4257=CARTESIAN_POINT('Ctrl Pts',(43.4692015695518,-3.85000000000006,36.4882751613267));
#4258=CARTESIAN_POINT('Ctrl Pts',(43.8896805198611,-3.85000000000006,36.4355122707663));
#4259=CARTESIAN_POINT('Ctrl Pts',(44.3671965062187,-3.85000000000006,36.2990573465546));
#4260=CARTESIAN_POINT('Ctrl Pts',(44.8300182697496,-3.85000000000006,36.0411090030003));
#4261=CARTESIAN_POINT('Ctrl Pts',(45.1686488485718,-3.85000000000006,35.7220779026361));
#4262=CARTESIAN_POINT('Ctrl Pts',(45.4006127619182,-3.85000000000006,35.3636733627977));
#4263=CARTESIAN_POINT('Ctrl Pts',(45.5541846646337,-3.85000000000006,34.9743221694654));
#4264=CARTESIAN_POINT('Ctrl Pts',(45.6708625919504,-3.85000000000006,34.5420759899465));
#4265=CARTESIAN_POINT('Ctrl Pts',(45.7957174860357,-3.85000000000006,34.0473228115129));
#4266=CARTESIAN_POINT('Ctrl Pts',(45.9547976756011,-3.85000000000006,33.5198049058718));
#4267=CARTESIAN_POINT('Ctrl Pts',(46.1271431404255,-3.85000000000006,33.0560477150986));
#4268=CARTESIAN_POINT('Ctrl Pts',(46.2769395422932,-3.85000000000006,32.7031039072381));
#4269=CARTESIAN_POINT('Ctrl Pts',(46.3771622818171,-3.85000000000006,32.4830239801526));
#4270=CARTESIAN_POINT('Ctrl Pts',(46.415927026264,-3.85000000000006,32.4000000000001));
#4271=CARTESIAN_POINT('',(5.99999999999996,-3.85000000000005,32.4));
#4272=CARTESIAN_POINT('',(36.6500001490115,-3.85000000000006,34.4999999999998));
#4273=CARTESIAN_POINT('Origin',(38.0500001490115,-3.85000000000005,34.4999999999998));
#4274=CARTESIAN_POINT('',(23.5500001490116,-3.85000000000006,34.4999999999999));
#4275=CARTESIAN_POINT('Origin',(24.9500001490116,-3.85000000000005,34.4999999999999));
#4276=CARTESIAN_POINT('',(46.5500001490116,-3.85000000000006,34.4999999999999));
#4277=CARTESIAN_POINT('Origin',(47.9500001490116,-3.85000000000005,34.4999999999999));
#4278=CARTESIAN_POINT('',(13.6500001490115,-3.85000000000006,34.4999999999998));
#4279=CARTESIAN_POINT('Origin',(15.0500001490115,-3.85000000000005,34.4999999999998));
#4280=CARTESIAN_POINT('Origin',(6.,12.4499999999999,10.2000000000001));
#4281=CARTESIAN_POINT('',(6.00000000000003,-3.85000000000006,-11.9999999999999));
#4282=CARTESIAN_POINT('',(6.00000000000002,-3.85000000000006,-0.899999999999923));
#4283=CARTESIAN_POINT('',(6.00000000000003,-1.85000000000005,-9.99999999999991));
#4284=CARTESIAN_POINT('Origin',(6.00000000000003,-1.85000000000005,-11.9999999999999));
#4285=CARTESIAN_POINT('',(6.00000000000003,-1.85000000000005,-8.49999999999991));
#4286=CARTESIAN_POINT('',(6.00000000000001,-1.85000000000005,0.100000000000078));
#4287=CARTESIAN_POINT('',(6.00000000000003,-1.35000000000005,-7.99999999999991));
#4288=CARTESIAN_POINT('Origin',(6.00000000000003,-1.35000000000005,-8.49999999999991));
#4289=CARTESIAN_POINT('',(6.00000000000003,23.1499999999999,-7.99999999999991));
#4290=CARTESIAN_POINT('',(6.00000000000003,11.5499999999999,-7.99999999999991));
#4291=CARTESIAN_POINT('',(6.00000000000003,25.15,-9.99999999999991));
#4292=CARTESIAN_POINT('',(6.00000000000002,16.4249999999999,-1.27499999999993));
#4293=CARTESIAN_POINT('',(6.00000000000003,23.6999999999999,-9.99999999999991));
#4294=CARTESIAN_POINT('',(5.99999999999997,23.1499999999999,30.4000000000001));
#4295=CARTESIAN_POINT('',(5.99999999999996,5.29999999999994,30.4));
#4296=CARTESIAN_POINT('',(5.99999999999997,23.1499999999999,28.4000000000001));
#4297=CARTESIAN_POINT('',(5.99999999999998,23.1499999999999,20.3000000000001));
#4298=CARTESIAN_POINT('',(5.99999999999997,-1.35000000000006,28.4000000000001));
#4299=CARTESIAN_POINT('',(5.99999999999997,11.5499999999999,28.4000000000001));
#4300=CARTESIAN_POINT('',(5.99999999999997,-1.85000000000006,28.9000000000001));
#4301=CARTESIAN_POINT('Origin',(6.,-1.35000000000006,28.9000000000001));
#4302=CARTESIAN_POINT('',(5.99999999999996,-1.85000000000005,30.4));
#4303=CARTESIAN_POINT('',(5.99999999999998,-1.85000000000006,20.3000000000001));
#4304=CARTESIAN_POINT('Origin',(5.99999999999996,-1.85000000000005,32.4));
#4305=CARTESIAN_POINT('',(6.00000000000001,-9.927921195435,1.56169162680538));
#4306=CARTESIAN_POINT('',(5.99999999999997,-5.9557735504464,26.813263780489));
#4307=CARTESIAN_POINT('',(6.00000000000001,-9.50927303815404,-3.25211105066202));
#4308=CARTESIAN_POINT('Origin',(6.00000000000001,0.,4.44089209850059E-15));
#4309=CARTESIAN_POINT('',(6.00000000000001,-10.4189690577524,-0.592131825683779));
#4310=CARTESIAN_POINT('',(6.00000000000001,-3.,9.37481300134157E-15));
#4311=CARTESIAN_POINT('Origin',(6.00000000000001,-2.7755575615629E-16,9.74220704108577E-15));
#4312=CARTESIAN_POINT('',(6.00000000000002,21.9999999999999,-2.23606797749977));
#4313=CARTESIAN_POINT('',(6.00000000000001,21.9999999999999,2.23606797749981));
#4314=CARTESIAN_POINT('Origin',(6.00000000000001,19.9999999999999,9.18709552877319E-15));
#4315=CARTESIAN_POINT('Origin',(6.00000000000001,23.9999999999999,2.79223692778441E-14));
#4316=CARTESIAN_POINT('Origin',(63.,0.,4.66293670342566E-14));
#4317=CARTESIAN_POINT('',(63.,-9.50927303815404,-3.25211105066198));
#4318=CARTESIAN_POINT('',(63.,-9.927921195435,1.56169162680542));
#4319=CARTESIAN_POINT('Origin',(63.,-9.50927303815404,-3.25211105066198));
#4320=CARTESIAN_POINT('Origin',(63.,-3.85000000000006,40.2000000000002));
#4321=CARTESIAN_POINT('Origin',(7.90000007450584,24.1499999999999,-8.99999999999991));
#4322=CARTESIAN_POINT('',(9.30000014901165,23.1499999999999,-7.9999999999999));
#4323=CARTESIAN_POINT('',(9.80000014901165,23.1499999999999,-7.9999999999999));
#4324=CARTESIAN_POINT('',(9.80000014901165,23.6499999999999,-8.4999999999999));
#4325=CARTESIAN_POINT('Origin',(9.30000014901165,23.6499999999999,-8.4999999999999));
#4326=CARTESIAN_POINT('',(9.80000014901166,25.15,-9.9999999999999));
#4327=CARTESIAN_POINT('',(9.80000014901164,17.8999999999999,-2.7499999999999));
#4328=CARTESIAN_POINT('',(7.90000007450584,25.15,-9.99999999999991));
#4329=CARTESIAN_POINT('Origin',(6.00000000000003,34.9499999999999,-9.99999999999991));
#4330=CARTESIAN_POINT('',(9.80000014901166,-1.85000000000005,-9.9999999999999));
#4331=CARTESIAN_POINT('',(9.80000014901166,16.5499999999999,-9.9999999999999));
#4332=CARTESIAN_POINT('',(15.2216626919978,-1.85000000000005,-9.9999999999999));
#4333=CARTESIAN_POINT('',(6.00000000000003,-1.85000000000005,-9.99999999999991));
#4334=CARTESIAN_POINT('',(15.2216626919978,30.1499999999999,-9.99999999999989));
#4335=CARTESIAN_POINT('',(15.2216626919978,-3.85000000000006,-9.99999999999989));
#4336=CARTESIAN_POINT('',(24.7783370099791,30.1499999999999,-9.99999999999988));
#4337=CARTESIAN_POINT('',(12.9999999254943,30.1499999999999,-9.9999999999999));
#4338=CARTESIAN_POINT('',(24.7783370099791,-1.85000000000005,-9.99999999999988));
#4339=CARTESIAN_POINT('',(24.7783370099791,-3.85000000000006,-9.99999999999988));
#4340=CARTESIAN_POINT('',(30.2000001490116,-1.85000000000005,-9.99999999999987));
#4341=CARTESIAN_POINT('',(6.00000000000003,-1.85000000000005,-9.99999999999991));
#4342=CARTESIAN_POINT('',(30.2000001490116,25.15,-9.99999999999987));
#4343=CARTESIAN_POINT('',(30.2000001490116,29.0499999999999,-9.99999999999987));
#4344=CARTESIAN_POINT('',(32.8000001490116,25.15,-9.99999999999986));
#4345=CARTESIAN_POINT('',(19.4000000745058,25.15,-9.99999999999989));
#4346=CARTESIAN_POINT('',(32.8000001490116,-1.85000000000005,-9.99999999999987));
#4347=CARTESIAN_POINT('',(32.8000001490116,16.5499999999999,-9.99999999999987));
#4348=CARTESIAN_POINT('',(38.2216629900208,-1.85000000000005,-9.99999999999986));
#4349=CARTESIAN_POINT('',(6.00000000000003,-1.85000000000005,-9.99999999999991));
#4350=CARTESIAN_POINT('',(38.2216629900208,30.1499999999999,-9.99999999999988));
#4351=CARTESIAN_POINT('',(38.2216629900208,-3.85000000000006,-9.99999999999988));
#4352=CARTESIAN_POINT('',(47.7783373080022,30.1499999999999,-9.9999999999999));
#4353=CARTESIAN_POINT('',(24.5000000745058,30.1499999999999,-9.99999999999988));
#4354=CARTESIAN_POINT('',(47.7783373080022,-1.85000000000006,-9.99999999999984));
#4355=CARTESIAN_POINT('',(47.7783373080022,-3.85000000000006,-9.9999999999999));
#4356=CARTESIAN_POINT('',(53.2000001490117,-1.85000000000006,-9.99999999999983));
#4357=CARTESIAN_POINT('',(6.00000000000003,-1.85000000000005,-9.99999999999991));
#4358=CARTESIAN_POINT('',(53.2000001490117,25.15,-9.99999999999983));
#4359=CARTESIAN_POINT('',(53.2000001490117,29.0499999999999,-9.99999999999983));
#4360=CARTESIAN_POINT('',(31.5,25.15,-9.99999999999987));
#4361=CARTESIAN_POINT('Origin',(31.5,24.1499999999999,-8.99999999999987));
#4362=CARTESIAN_POINT('',(53.2000001490117,23.6499999999999,-8.49999999999983));
#4363=CARTESIAN_POINT('',(53.2000001490117,24.15,-8.99999999999984));
#4364=CARTESIAN_POINT('',(53.7000001490117,23.1499999999999,-7.99999999999983));
#4365=CARTESIAN_POINT('Origin',(53.7000001490117,23.6499999999999,-8.49999999999983));
#4366=CARTESIAN_POINT('',(53.2000001490117,23.1499999999999,-7.99999999999983));
#4367=CARTESIAN_POINT('Origin',(19.4000000745058,24.1499999999999,-8.99999999999989));
#4368=CARTESIAN_POINT('',(32.8000001490116,23.6499999999999,-8.49999999999987));
#4369=CARTESIAN_POINT('',(32.8000001490116,17.8999999999999,-2.74999999999986));
#4370=CARTESIAN_POINT('',(30.2000001490116,23.6499999999999,-8.49999999999987));
#4371=CARTESIAN_POINT('',(30.2000001490116,24.1499999999999,-8.99999999999987));
#4372=CARTESIAN_POINT('',(30.7000001490116,23.1499999999999,-7.99999999999987));
#4373=CARTESIAN_POINT('Origin',(30.7000001490116,23.6499999999999,-8.49999999999987));
#4374=CARTESIAN_POINT('',(32.3000001490116,23.1499999999999,-7.99999999999987));
#4375=CARTESIAN_POINT('',(32.8000001490116,23.1499999999999,-7.99999999999987));
#4376=CARTESIAN_POINT('Origin',(32.3000001490116,23.6499999999999,-8.49999999999987));
#4377=CARTESIAN_POINT('Origin',(53.6999998509884,4.39999999999995,28.9000000000001));
#4378=CARTESIAN_POINT('',(53.1999998509884,-1.85000000000005,28.9000000000001));
#4379=CARTESIAN_POINT('',(53.1999998509884,23.1499999999999,28.9000000000001));
#4380=CARTESIAN_POINT('',(53.1999998509884,4.39999999999995,28.9000000000001));
#4381=CARTESIAN_POINT('',(53.6999998509884,23.1499999999999,28.4000000000001));
#4382=CARTESIAN_POINT('Origin',(53.6999998509884,23.1499999999999,28.9000000000001));
#4383=CARTESIAN_POINT('',(53.6999998509884,-1.35000000000005,28.4000000000001));
#4384=CARTESIAN_POINT('',(53.6999998509884,4.39999999999995,28.4000000000001));
#4385=CARTESIAN_POINT('Origin',(53.6999998509884,-1.35000000000005,28.9000000000001));
#4386=CARTESIAN_POINT('Origin',(56.0499999627471,-1.35000000000005,28.9000000000001));
#4387=CARTESIAN_POINT('',(56.0499999627471,-1.35000000000005,28.4000000000001));
#4388=CARTESIAN_POINT('',(56.0499999627471,-1.85000000000005,28.9000000000001));
#4389=CARTESIAN_POINT('Origin',(53.1999998509884,23.1499999999999,30.4000000000001));
#4390=CARTESIAN_POINT('',(53.1999998509884,23.1499999999999,30.4000000000001));
#4391=CARTESIAN_POINT('',(53.1999998509884,23.1499999999999,30.4000000000001));
#4392=CARTESIAN_POINT('',(29.5999999254942,23.1499999999999,30.4000000000001));
#4393=CARTESIAN_POINT('',(53.1999998509884,23.1499999999999,28.4000000000001));
#4394=CARTESIAN_POINT('Origin',(53.1999998509884,-1.85000000000005,30.4000000000001));
#4395=CARTESIAN_POINT('',(53.1999998509884,-1.85000000000005,30.4000000000001));
#4396=CARTESIAN_POINT('',(53.1999998509884,-1.85000000000005,30.4000000000001));
#4397=CARTESIAN_POINT('',(53.1999998509884,-1.85000000000005,30.4000000000001));
#4398=CARTESIAN_POINT('Origin',(57.,-1.85000000000005,30.4000000000001));
#4399=CARTESIAN_POINT('',(5.99999999999996,-1.85000000000005,30.4));
#4400=CARTESIAN_POINT('Origin',(30.6999998509884,4.39999999999995,28.9000000000001));
#4401=CARTESIAN_POINT('',(30.1999998509884,-1.85000000000005,28.9000000000001));
#4402=CARTESIAN_POINT('',(30.1999998509884,23.1499999999999,28.9000000000001));
#4403=CARTESIAN_POINT('',(30.1999998509884,4.39999999999995,28.9000000000001));
#4404=CARTESIAN_POINT('',(30.6999998509884,23.1499999999999,28.4000000000001));
#4405=CARTESIAN_POINT('Origin',(30.6999998509884,23.1499999999999,28.9000000000001));
#4406=CARTESIAN_POINT('',(30.6999998509884,-1.35000000000006,28.4000000000001));
#4407=CARTESIAN_POINT('',(30.6999998509884,4.39999999999995,28.4000000000001));
#4408=CARTESIAN_POINT('Origin',(30.6999998509884,-1.35000000000005,28.9000000000001));
#4409=CARTESIAN_POINT('Origin',(32.1499998509884,-1.35000000000005,28.9000000000001));
#4410=CARTESIAN_POINT('',(32.2999998509884,-1.35000000000006,28.4000000000001));
#4411=CARTESIAN_POINT('',(32.1499998509884,-1.35000000000005,28.4000000000001));
#4412=CARTESIAN_POINT('',(32.7999998509884,-1.85000000000005,28.9000000000001));
#4413=CARTESIAN_POINT('Origin',(32.2999998509884,-1.35000000000005,28.9000000000001));
#4414=CARTESIAN_POINT('',(32.1499998509884,-1.85000000000005,28.9000000000001));
#4415=CARTESIAN_POINT('Origin',(32.2999998509884,16.8999999999999,28.9000000000001));
#4416=CARTESIAN_POINT('',(32.2999998509884,23.1499999999999,28.4000000000001));
#4417=CARTESIAN_POINT('',(32.2999998509884,16.8999999999999,28.4000000000001));
#4418=CARTESIAN_POINT('',(32.7999998509884,23.1499999999999,28.9000000000001));
#4419=CARTESIAN_POINT('Origin',(32.2999998509884,23.1499999999999,28.9000000000001));
#4420=CARTESIAN_POINT('',(32.7999998509884,16.8999999999999,28.9000000000001));
#4421=CARTESIAN_POINT('Origin',(30.1999998509884,-1.85000000000005,30.4000000000001));
#4422=CARTESIAN_POINT('',(30.1999998509884,-1.85000000000005,30.4000000000001));
#4423=CARTESIAN_POINT('',(30.1999998509884,-1.85000000000005,30.4000000000001));
#4424=CARTESIAN_POINT('',(30.1999998509884,23.1499999999999,30.4000000000001));
#4425=CARTESIAN_POINT('',(30.1999998509884,-1.85000000000005,30.4000000000001));
#4426=CARTESIAN_POINT('',(30.1999998509884,23.1499999999999,30.4000000000001));
#4427=CARTESIAN_POINT('Origin',(32.7999998509884,-1.85000000000005,30.4000000000001));
#4428=CARTESIAN_POINT('',(32.7999998509884,-1.85000000000005,30.4000000000001));
#4429=CARTESIAN_POINT('',(32.7999998509884,-1.85000000000005,30.4000000000001));
#4430=CARTESIAN_POINT('',(5.99999999999996,-1.85000000000005,30.4));
#4431=CARTESIAN_POINT('Origin',(32.7999998509884,23.1499999999999,30.4000000000001));
#4432=CARTESIAN_POINT('',(32.7999998509884,23.1499999999999,30.4000000000001));
#4433=CARTESIAN_POINT('',(32.7999998509884,23.1499999999999,30.4000000000001));
#4434=CARTESIAN_POINT('',(32.7999998509884,10.6499999999999,30.4000000000001));
#4435=CARTESIAN_POINT('Origin',(8.84999988824126,-1.35000000000006,28.9000000000001));
#4436=CARTESIAN_POINT('',(9.79999985098836,-1.85000000000006,28.9000000000001));
#4437=CARTESIAN_POINT('',(8.84999988824126,-1.85000000000006,28.9000000000001));
#4438=CARTESIAN_POINT('',(9.29999985098836,-1.35000000000006,28.4000000000001));
#4439=CARTESIAN_POINT('',(8.84999988824126,-1.35000000000006,28.4000000000001));
#4440=CARTESIAN_POINT('Origin',(9.29999985098836,-1.35000000000006,28.9000000000001));
#4441=CARTESIAN_POINT('Origin',(9.29999985098836,16.8999999999999,28.9000000000001));
#4442=CARTESIAN_POINT('',(9.29999985098836,23.1499999999999,28.4000000000001));
#4443=CARTESIAN_POINT('',(9.29999985098836,16.8999999999999,28.4000000000001));
#4444=CARTESIAN_POINT('',(9.79999985098836,23.1499999999999,28.9000000000001));
#4445=CARTESIAN_POINT('Origin',(9.29999985098836,23.1499999999999,28.9000000000001));
#4446=CARTESIAN_POINT('',(9.79999985098836,16.8999999999999,28.9000000000001));
#4447=CARTESIAN_POINT('Origin',(7.89999992549417,10.6499999999999,28.4000000000001));
#4448=CARTESIAN_POINT('',(9.79999985098836,23.1499999999999,28.4000000000001));
#4449=CARTESIAN_POINT('Origin',(9.79999985098836,-1.85000000000006,30.4000000000001));
#4450=CARTESIAN_POINT('',(9.79999985098836,-1.85000000000006,30.4000000000001));
#4451=CARTESIAN_POINT('',(9.79999985098836,-1.85000000000006,30.4000000000001));
#4452=CARTESIAN_POINT('',(5.99999999999996,-1.85000000000005,30.4));
#4453=CARTESIAN_POINT('Origin',(9.79999985098836,23.1499999999999,30.4000000000001));
#4454=CARTESIAN_POINT('',(9.79999985098836,23.1499999999999,30.4000000000001));
#4455=CARTESIAN_POINT('',(9.79999985098836,23.1499999999999,30.4000000000001));
#4456=CARTESIAN_POINT('',(9.79999985098836,10.6499999999999,30.4));
#4457=CARTESIAN_POINT('Origin',(5.99999999999997,23.1499999999999,30.4000000000001));
#4458=CARTESIAN_POINT('',(5.99999999999997,23.1499999999999,30.4));
#4459=CARTESIAN_POINT('Origin',(5.99999999999996,-1.85000000000005,30.4));
#4460=CARTESIAN_POINT('',(47.7783373080022,-1.85000000000006,30.4000000000001));
#4461=CARTESIAN_POINT('',(5.99999999999996,-1.85000000000005,30.4));
#4462=CARTESIAN_POINT('',(47.7783373080022,30.1499999999999,30.4000000000001));
#4463=CARTESIAN_POINT('',(47.7783373080022,-3.85000000000006,30.4000000000001));
#4464=CARTESIAN_POINT('',(38.2216629900209,30.1499999999999,30.4000000000001));
#4465=CARTESIAN_POINT('',(24.5000000745057,30.1499999999999,30.4000000000001));
#4466=CARTESIAN_POINT('',(38.2216629900209,-1.85000000000006,30.4000000000001));
#4467=CARTESIAN_POINT('',(38.2216629900209,-3.85000000000006,30.4000000000001));
#4468=CARTESIAN_POINT('',(5.99999999999996,-1.85000000000005,30.4));
#4469=CARTESIAN_POINT('',(18.0999999254942,23.1499999999999,30.4000000000001));
#4470=CARTESIAN_POINT('',(24.7783370099792,-1.85000000000006,30.4000000000001));
#4471=CARTESIAN_POINT('',(5.99999999999996,-1.85000000000005,30.4));
#4472=CARTESIAN_POINT('',(24.7783370099792,30.1499999999999,30.4000000000001));
#4473=CARTESIAN_POINT('',(24.7783370099792,-3.85000000000006,30.4000000000001));
#4474=CARTESIAN_POINT('',(15.2216626919978,30.1499999999999,30.4000000000001));
#4475=CARTESIAN_POINT('',(12.9999999254942,30.1499999999999,30.4000000000001));
#4476=CARTESIAN_POINT('',(15.2216626919978,-1.85000000000005,30.4000000000001));
#4477=CARTESIAN_POINT('',(15.2216626919978,-3.85000000000006,30.4000000000001));
#4478=CARTESIAN_POINT('',(5.99999999999996,-1.85000000000005,30.4));
#4479=CARTESIAN_POINT('Origin',(30.1999998509884,23.1499999999999,30.4000000000001));
#4480=CARTESIAN_POINT('',(30.1999998509884,23.1499999999999,28.4000000000001));
#4481=CARTESIAN_POINT('Origin',(31.4999998509884,10.6499999999999,28.4000000000001));
#4482=CARTESIAN_POINT('Origin',(55.0999999254942,10.6499999999999,28.4000000000001));
#4483=CARTESIAN_POINT('Origin',(9.30000014901165,4.39999999999995,-8.4999999999999));
#4484=CARTESIAN_POINT('',(9.80000014901165,-1.85000000000005,-8.4999999999999));
#4485=CARTESIAN_POINT('',(9.80000014901165,4.39999999999995,-8.4999999999999));
#4486=CARTESIAN_POINT('',(9.30000014901165,-1.35000000000005,-7.9999999999999));
#4487=CARTESIAN_POINT('',(9.30000014901165,4.39999999999995,-7.9999999999999));
#4488=CARTESIAN_POINT('Origin',(9.30000014901165,-1.35000000000005,-8.4999999999999));
#4489=CARTESIAN_POINT('Origin',(6.95000003725293,-1.35000000000005,-8.49999999999991));
#4490=CARTESIAN_POINT('',(6.95000003725293,-1.35000000000005,-7.99999999999991));
#4491=CARTESIAN_POINT('',(6.95000003725293,-1.85000000000005,-8.49999999999991));
#4492=CARTESIAN_POINT('Origin',(9.80000014901166,-1.85000000000005,-9.9999999999999));
#4493=CARTESIAN_POINT('',(9.80000014901166,-1.85000000000005,-9.9999999999999));
#4494=CARTESIAN_POINT('Origin',(6.00000000000003,-1.85000000000005,-9.99999999999991));
#4495=CARTESIAN_POINT('',(6.00000000000003,-1.85000000000005,-9.99999999999991));
#4496=CARTESIAN_POINT('Origin',(32.3000001490116,4.39999999999995,-8.49999999999987));
#4497=CARTESIAN_POINT('',(32.8000001490116,-1.85000000000005,-8.49999999999987));
#4498=CARTESIAN_POINT('',(32.8000001490116,4.39999999999995,-8.49999999999987));
#4499=CARTESIAN_POINT('',(32.3000001490116,-1.35000000000006,-7.99999999999987));
#4500=CARTESIAN_POINT('',(32.3000001490116,4.39999999999995,-7.99999999999987));
#4501=CARTESIAN_POINT('Origin',(32.3000001490116,-1.35000000000005,-8.49999999999987));
#4502=CARTESIAN_POINT('Origin',(30.8500001490116,-1.35000000000005,-8.49999999999987));
#4503=CARTESIAN_POINT('',(30.7000001490116,-1.35000000000006,-7.99999999999987));
#4504=CARTESIAN_POINT('',(30.8500001490116,-1.35000000000005,-7.99999999999987));
#4505=CARTESIAN_POINT('',(30.2000001490116,-1.85000000000005,-8.49999999999987));
#4506=CARTESIAN_POINT('Origin',(30.7000001490116,-1.35000000000005,-8.49999999999987));
#4507=CARTESIAN_POINT('',(30.8500001490116,-1.85000000000005,-8.49999999999987));
#4508=CARTESIAN_POINT('Origin',(30.7000001490116,16.8999999999999,-8.49999999999987));
#4509=CARTESIAN_POINT('',(30.7000001490116,16.8999999999999,-7.99999999999987));
#4510=CARTESIAN_POINT('',(30.2000001490116,16.8999999999999,-8.49999999999987));
#4511=CARTESIAN_POINT('Origin',(32.8000001490116,-1.85000000000005,-9.99999999999987));
#4512=CARTESIAN_POINT('',(32.8000001490116,-1.85000000000005,-9.99999999999987));
#4513=CARTESIAN_POINT('Origin',(30.2000001490116,-1.85000000000005,-9.99999999999987));
#4514=CARTESIAN_POINT('',(30.2000001490116,-1.85000000000005,-9.99999999999987));
#4515=CARTESIAN_POINT('',(6.00000000000003,-1.85000000000005,-9.99999999999991));
#4516=CARTESIAN_POINT('Origin',(30.2000001490116,23.1499999999999,-9.99999999999987));
#4517=CARTESIAN_POINT('Origin',(54.1500001117587,-1.35000000000006,-8.49999999999983));
#4518=CARTESIAN_POINT('',(53.2000001490117,-1.85000000000006,-8.49999999999983));
#4519=CARTESIAN_POINT('',(54.1500001117587,-1.85000000000006,-8.49999999999983));
#4520=CARTESIAN_POINT('',(53.7000001490117,-1.35000000000006,-7.99999999999983));
#4521=CARTESIAN_POINT('',(54.1500001117587,-1.35000000000006,-7.99999999999983));
#4522=CARTESIAN_POINT('Origin',(53.7000001490117,-1.35000000000006,-8.49999999999983));
#4523=CARTESIAN_POINT('Origin',(53.7000001490117,16.8999999999999,-8.49999999999983));
#4524=CARTESIAN_POINT('',(53.7000001490117,16.8999999999999,-7.99999999999983));
#4525=CARTESIAN_POINT('',(53.2000001490117,16.8999999999999,-8.49999999999983));
#4526=CARTESIAN_POINT('Origin',(55.1000000745058,10.6499999999999,-7.99999999999983));
#4527=CARTESIAN_POINT('Origin',(53.2000001490117,-1.85000000000006,-9.99999999999983));
#4528=CARTESIAN_POINT('',(53.2000001490117,-1.85000000000006,-9.99999999999983));
#4529=CARTESIAN_POINT('',(6.00000000000003,-1.85000000000005,-9.99999999999991));
#4530=CARTESIAN_POINT('Origin',(53.2000001490117,23.1499999999999,-9.99999999999983));
#4531=CARTESIAN_POINT('Origin',(31.5000001490116,10.6499999999999,-7.99999999999987));
#4532=CARTESIAN_POINT('Origin',(7.90000007450584,10.6499999999999,-7.99999999999991));
#4533=CARTESIAN_POINT('Ctrl Pts',(38.9376997527394,30.1499999999999,-10.7999999999999));
#4534=CARTESIAN_POINT('Ctrl Pts',(41.6459000169208,30.1499999999999,-10.7999999999999));
#4535=CARTESIAN_POINT('Ctrl Pts',(44.3541002811022,30.1499999999999,-10.7999999999999));
#4536=CARTESIAN_POINT('Ctrl Pts',(47.0623005452837,30.1499999999999,-10.7999999999999));
#4537=CARTESIAN_POINT('Ctrl Pts',(38.9376997527394,30.1499999999999,-11.0634057612733));
#4538=CARTESIAN_POINT('Ctrl Pts',(41.6459000169208,30.1499999999999,-11.0634057612733));
#4539=CARTESIAN_POINT('Ctrl Pts',(44.3541002811022,30.1499999999999,-11.0634057612733));
#4540=CARTESIAN_POINT('Ctrl Pts',(47.0623005452837,30.1499999999999,-11.0634057612733));
#4541=CARTESIAN_POINT('Ctrl Pts',(38.9376997527394,30.0415990544151,-11.7244406469764));
#4542=CARTESIAN_POINT('Ctrl Pts',(41.6459000169208,30.0415990544151,-11.7244406469764));
#4543=CARTESIAN_POINT('Ctrl Pts',(44.3541002811023,30.0415990544151,-11.7244406469764));
#4544=CARTESIAN_POINT('Ctrl Pts',(47.0623005452837,30.0415990544151,-11.7244406469764));
#4545=CARTESIAN_POINT('Ctrl Pts',(38.9376997527394,29.3635742053993,-13.1739945020867));
#4546=CARTESIAN_POINT('Ctrl Pts',(41.6459000169208,29.3635742053993,-13.1739945020867));
#4547=CARTESIAN_POINT('Ctrl Pts',(44.3541002811022,29.3635742053993,-13.1739945020867));
#4548=CARTESIAN_POINT('Ctrl Pts',(47.0623005452837,29.3635742053993,-13.1739945020867));
#4549=CARTESIAN_POINT('Ctrl Pts',(38.9376997527393,28.0628572426023,-14.9616081819985));
#4550=CARTESIAN_POINT('Ctrl Pts',(41.6459000169208,28.0628572426023,-14.9616081819985));
#4551=CARTESIAN_POINT('Ctrl Pts',(44.3541002811022,28.0628572426023,-14.9616081819985));
#4552=CARTESIAN_POINT('Ctrl Pts',(47.0623005452837,28.0628572426023,-14.9616081819985));
#4553=CARTESIAN_POINT('Ctrl Pts',(38.9376997527393,26.3114797626062,-16.7142111620344));
#4554=CARTESIAN_POINT('Ctrl Pts',(41.6459000169208,26.3114797626062,-16.7142111620344));
#4555=CARTESIAN_POINT('Ctrl Pts',(44.3541002811022,26.3114797626062,-16.7142111620344));
#4556=CARTESIAN_POINT('Ctrl Pts',(47.0623005452837,26.3114797626062,-16.7142111620344));
#4557=CARTESIAN_POINT('Ctrl Pts',(38.9376997527393,24.5254879694403,-18.0119940514665));
#4558=CARTESIAN_POINT('Ctrl Pts',(41.6459000169208,24.5254879694403,-18.0119940514665));
#4559=CARTESIAN_POINT('Ctrl Pts',(44.3541002811022,24.5254879694403,-18.0119940514665));
#4560=CARTESIAN_POINT('Ctrl Pts',(47.0623005452837,24.5254879694403,-18.0119940514665));
#4561=CARTESIAN_POINT('Ctrl Pts',(38.9376997527393,23.0737547259581,-18.6923055447223));
#4562=CARTESIAN_POINT('Ctrl Pts',(41.6459000169208,23.0737547259581,-18.6923055447223));
#4563=CARTESIAN_POINT('Ctrl Pts',(44.3541002811022,23.0737547259581,-18.6923055447223));
#4564=CARTESIAN_POINT('Ctrl Pts',(47.0623005452837,23.0737547259581,-18.6923055447223));
#4565=CARTESIAN_POINT('Ctrl Pts',(38.9376997527394,22.4134057612733,-18.7999999999999));
#4566=CARTESIAN_POINT('Ctrl Pts',(41.6459000169208,22.4134057612733,-18.7999999999999));
#4567=CARTESIAN_POINT('Ctrl Pts',(44.3541002811022,22.4134057612733,-18.7999999999999));
#4568=CARTESIAN_POINT('Ctrl Pts',(47.0623005452837,22.4134057612733,-18.7999999999999));
#4569=CARTESIAN_POINT('Ctrl Pts',(38.9376997527394,22.1499999999999,-18.7999999999999));
#4570=CARTESIAN_POINT('Ctrl Pts',(41.6459000169208,22.1499999999999,-18.7999999999999));
#4571=CARTESIAN_POINT('Ctrl Pts',(44.3541002811022,22.1499999999999,-18.7999999999999));
#4572=CARTESIAN_POINT('Ctrl Pts',(47.0623005452837,22.1499999999999,-18.7999999999999));
#4573=CARTESIAN_POINT('',(47.0623005452837,30.1499999999999,-10.7999999999999));
#4574=CARTESIAN_POINT('',(45.3787951836261,27.98389734016,-14.96020744771));
#4575=CARTESIAN_POINT('Ctrl Pts',(47.0623005452837,30.1499999999999,-10.7999999999999));
#4576=CARTESIAN_POINT('Ctrl Pts',(46.8621770664914,30.1499999999999,-11.1199950046018));
#4577=CARTESIAN_POINT('Ctrl Pts',(46.6619523234815,30.069411674364,-11.4868239634883));
#4578=CARTESIAN_POINT('Ctrl Pts',(46.3182534082901,29.8119298573449,-12.2010526956071));
#4579=CARTESIAN_POINT('Ctrl Pts',(46.1357769574397,29.6247733352275,-12.6145582463473));
#4580=CARTESIAN_POINT('Ctrl Pts',(45.8192072362574,29.0723176696274,-13.5489786767078));
#4581=CARTESIAN_POINT('Ctrl Pts',(45.7287053379177,28.8071073393541,-13.9223118316745));
#4582=CARTESIAN_POINT('Ctrl Pts',(45.5691069107606,28.365200347888,-14.5082528764962));
#4583=CARTESIAN_POINT('Ctrl Pts',(45.4906813487704,28.1673274670206,-14.7475612076044));
#4584=CARTESIAN_POINT('Ctrl Pts',(45.3787951836262,27.98389734016,-14.96020744771));
#4585=CARTESIAN_POINT('',(38.9376997527394,30.1499999999999,-10.7999999999999));
#4586=CARTESIAN_POINT('Ctrl Pts',(47.0623005452837,30.1499999999999,-10.7999999999999));
#4587=CARTESIAN_POINT('Ctrl Pts',(44.3541002811022,30.1499999999999,-10.7999999999999));
#4588=CARTESIAN_POINT('Ctrl Pts',(41.6459000169208,30.1499999999999,-10.7999999999999));
#4589=CARTESIAN_POINT('Ctrl Pts',(38.9376997527394,30.1499999999999,-10.7999999999999));
#4590=CARTESIAN_POINT('',(40.6212051143968,27.98389734016,-14.96020744771));
#4591=CARTESIAN_POINT('Ctrl Pts',(40.6212051143968,27.98389734016,-14.96020744771));
#4592=CARTESIAN_POINT('Ctrl Pts',(40.5154681543885,28.1572462431562,-14.7592481337769));
#4593=CARTESIAN_POINT('Ctrl Pts',(40.4433003461609,28.3346720838659,-14.5435669420897));
#4594=CARTESIAN_POINT('Ctrl Pts',(40.2570455777937,28.841335307983,-13.8836648652335));
#4595=CARTESIAN_POINT('Ctrl Pts',(40.0817690160176,29.402587491078,-13.1169456779212));
#4596=CARTESIAN_POINT('Ctrl Pts',(39.5638779627595,29.9093410481512,-11.9488136910365));
#4597=CARTESIAN_POINT('Ctrl Pts',(39.4319283754614,30.0062785712949,-11.6775419402939));
#4598=CARTESIAN_POINT('Ctrl Pts',(39.1812388041669,30.1187691228669,-11.208040436075));
#4599=CARTESIAN_POINT('Ctrl Pts',(39.0624549105545,30.1499999999999,-10.9994819775274));
#4600=CARTESIAN_POINT('Ctrl Pts',(38.9376997527394,30.1499999999999,-10.7999999999999));
#4601=CARTESIAN_POINT('',(40.6212051143968,22.1499999999999,-18.7999999999999));
#4602=CARTESIAN_POINT('Ctrl Pts',(40.6212051143968,22.1499999999999,-18.7999999999999));
#4603=CARTESIAN_POINT('Ctrl Pts',(40.6212051143968,22.4591257433578,-18.7999999999999));
#4604=CARTESIAN_POINT('Ctrl Pts',(40.6212051143968,22.7865370716589,-18.7253646324144));
#4605=CARTESIAN_POINT('Ctrl Pts',(40.6212051143968,23.7264165595786,-18.4179884984417));
#4606=CARTESIAN_POINT('Ctrl Pts',(40.6212051143968,24.4697113369372,-18.0198221152386));
#4607=CARTESIAN_POINT('Ctrl Pts',(40.6212051143968,26.2206158294825,-16.7795210957191));
#4608=CARTESIAN_POINT('Ctrl Pts',(40.6212051143968,27.1774329551769,-15.8951226777259));
#4609=CARTESIAN_POINT('Ctrl Pts',(40.6212051143968,27.98389734016,-14.96020744771));
#4610=CARTESIAN_POINT('',(45.3787951836262,22.1499999999999,-18.7999999999999));
#4611=CARTESIAN_POINT('Ctrl Pts',(40.6212051143968,22.1499999999999,-18.7999999999999));
#4612=CARTESIAN_POINT('Ctrl Pts',(42.2070684708066,22.1499999999999,-18.7999999999999));
#4613=CARTESIAN_POINT('Ctrl Pts',(43.7929318272164,22.1499999999999,-18.7999999999999));
#4614=CARTESIAN_POINT('Ctrl Pts',(45.3787951836261,22.1499999999999,-18.7999999999999));
#4615=CARTESIAN_POINT('Ctrl Pts',(45.3787951836262,27.98389734016,-14.96020744771));
#4616=CARTESIAN_POINT('Ctrl Pts',(45.3787951836262,27.0409279261668,-16.0533697534451));
#4617=CARTESIAN_POINT('Ctrl Pts',(45.3787951836262,25.9121536539972,-17.0539176642938));
#4618=CARTESIAN_POINT('Ctrl Pts',(45.3787951836262,24.3233518607912,-18.0794025493154));
#4619=CARTESIAN_POINT('Ctrl Pts',(45.3787951836262,23.778199794877,-18.3779461606175));
#4620=CARTESIAN_POINT('Ctrl Pts',(45.3787951836262,22.9484996274739,-18.6802239458559));
#4621=CARTESIAN_POINT('Ctrl Pts',(45.3787951836262,22.5408713163756,-18.7999999999999));
#4622=CARTESIAN_POINT('Ctrl Pts',(45.3787951836262,22.15,-18.7999999999999));
#4623=CARTESIAN_POINT('Ctrl Pts',(43.0000001490115,-3.85000000000006,-16.1000005438922));
#4624=CARTESIAN_POINT('Ctrl Pts',(43.0000001490115,46.6499999999999,-16.1000005438922));
#4625=CARTESIAN_POINT('Ctrl Pts',(43.1610408544678,-3.85000000000006,-16.1000005438922));
#4626=CARTESIAN_POINT('Ctrl Pts',(43.1610408544678,46.6499999999999,-16.1000005438922));
#4627=CARTESIAN_POINT('Ctrl Pts',(43.4692015695518,-3.85000000000006,-16.0882751613265));
#4628=CARTESIAN_POINT('Ctrl Pts',(43.4692015695518,46.6499999999999,-16.0882751613265));
#4629=CARTESIAN_POINT('Ctrl Pts',(43.889680519861,-3.85000000000006,-16.0355122707661));
#4630=CARTESIAN_POINT('Ctrl Pts',(43.889680519861,46.6499999999999,-16.0355122707661));
#4631=CARTESIAN_POINT('Ctrl Pts',(44.3671965062187,-3.85000000000006,-15.8990573465544));
#4632=CARTESIAN_POINT('Ctrl Pts',(44.3671965062187,46.6499999999999,-15.8990573465544));
#4633=CARTESIAN_POINT('Ctrl Pts',(44.8300182697496,-3.85000000000006,-15.6411090030001));
#4634=CARTESIAN_POINT('Ctrl Pts',(44.8300182697496,46.6499999999999,-15.6411090030001));
#4635=CARTESIAN_POINT('Ctrl Pts',(45.1686488485718,-3.85000000000006,-15.3220779026358));
#4636=CARTESIAN_POINT('Ctrl Pts',(45.1686488485718,46.6499999999999,-15.3220779026358));
#4637=CARTESIAN_POINT('Ctrl Pts',(45.4006127619182,-3.85000000000006,-14.9636733627975));
#4638=CARTESIAN_POINT('Ctrl Pts',(45.4006127619182,46.6499999999999,-14.9636733627975));
#4639=CARTESIAN_POINT('Ctrl Pts',(45.5541846646337,-3.85000000000006,-14.5743221694652));
#4640=CARTESIAN_POINT('Ctrl Pts',(45.5541846646337,46.65,-14.5743221694652));
#4641=CARTESIAN_POINT('Ctrl Pts',(45.6708625919504,-3.85000000000006,-14.1420759899463));
#4642=CARTESIAN_POINT('Ctrl Pts',(45.6708625919504,46.65,-14.1420759899463));
#4643=CARTESIAN_POINT('Ctrl Pts',(45.7957174860357,-3.85000000000006,-13.6473228115127));
#4644=CARTESIAN_POINT('Ctrl Pts',(45.7957174860357,46.65,-13.6473228115127));
#4645=CARTESIAN_POINT('Ctrl Pts',(45.9684713483038,-3.85000000000006,-13.0744623198071));
#4646=CARTESIAN_POINT('Ctrl Pts',(45.9684713483038,46.65,-13.0744623198071));
#4647=CARTESIAN_POINT('Ctrl Pts',(46.2148417306345,-3.85000000000006,-12.4233737559414));
#4648=CARTESIAN_POINT('Ctrl Pts',(46.2148417306345,46.65,-12.4233737559414));
#4649=CARTESIAN_POINT('Ctrl Pts',(46.5358634586047,-3.85000000000006,-11.7235136085942));
#4650=CARTESIAN_POINT('Ctrl Pts',(46.5358634586047,46.65,-11.7235136085942));
#4651=CARTESIAN_POINT('Ctrl Pts',(46.9015300721156,-3.85000000000006,-11.0421407056359));
#4652=CARTESIAN_POINT('Ctrl Pts',(46.9015300721156,46.65,-11.0421407056359));
#4653=CARTESIAN_POINT('Ctrl Pts',(47.2662693442299,-3.85000000000006,-10.46318298065));
#4654=CARTESIAN_POINT('Ctrl Pts',(47.2662693442299,46.6499999999999,-10.46318298065));
#4655=CARTESIAN_POINT('Ctrl Pts',(47.5178820794175,-3.85000000000006,-10.149177510738));
#4656=CARTESIAN_POINT('Ctrl Pts',(47.5178820794175,46.6499999999999,-10.149177510738));
#4657=CARTESIAN_POINT('Ctrl Pts',(47.6659900952527,-3.85000000000006,-10.0271232209019));
#4658=CARTESIAN_POINT('Ctrl Pts',(47.6659900952527,46.6499999999999,-10.0271232209019));
#4659=CARTESIAN_POINT('Ctrl Pts',(47.744294006517,-3.85000000000006,-9.9999999999999));
#4660=CARTESIAN_POINT('Ctrl Pts',(47.744294006517,46.6499999999999,-9.9999999999999));
#4661=CARTESIAN_POINT('Ctrl Pts',(47.7783373080022,-3.85000000000006,-9.9999999999999));
#4662=CARTESIAN_POINT('Ctrl Pts',(47.7783373080022,46.6499999999999,-9.9999999999999));
#4663=CARTESIAN_POINT('',(45.3787951836262,14.1499999999999,-14.96020744771));
#4664=CARTESIAN_POINT('Ctrl Pts',(45.3787951836261,27.98389734016,-14.96020744771));
#4665=CARTESIAN_POINT('Ctrl Pts',(45.3787951836261,25.78926489344,-14.96020744771));
#4666=CARTESIAN_POINT('Ctrl Pts',(45.3787951836261,23.59463244672,-14.96020744771));
#4667=CARTESIAN_POINT('Ctrl Pts',(45.3787951836261,18.9833333333333,-14.96020744771));
#4668=CARTESIAN_POINT('Ctrl Pts',(45.3787951836261,16.5666666666666,-14.96020744771));
#4669=CARTESIAN_POINT('Ctrl Pts',(45.3787951836261,14.15,-14.96020744771));
#4670=CARTESIAN_POINT('',(45.3787951609164,11.6499999999999,-14.9602074908713));
#4671=CARTESIAN_POINT('Ctrl Pts',(45.3787951609164,11.6499999999999,-14.9602074908713));
#4672=CARTESIAN_POINT('Ctrl Pts',(45.3787951609164,12.4833333333333,-14.9602074908713));
#4673=CARTESIAN_POINT('Ctrl Pts',(45.3787951802617,13.3166666666666,-14.9602074541043));
#4674=CARTESIAN_POINT('Ctrl Pts',(45.3787951836262,14.1499999999999,-14.96020744771));
#4675=CARTESIAN_POINT('',(43.0000001490115,11.6499999999999,-16.1000005438922));
#4676=CARTESIAN_POINT('Ctrl Pts',(43.0000001490115,11.6499999999999,-16.1000005438922));
#4677=CARTESIAN_POINT('Ctrl Pts',(43.7210777455582,11.6499999999999,-16.1000005438922));
#4678=CARTESIAN_POINT('Ctrl Pts',(44.4901615671534,11.6499999999999,-15.8956916395801));
#4679=CARTESIAN_POINT('Ctrl Pts',(45.1023371735034,11.6499999999999,-15.3886826350506));
#4680=CARTESIAN_POINT('Ctrl Pts',(45.2947312212557,11.6499999999999,-15.1199759456884));
#4681=CARTESIAN_POINT('Ctrl Pts',(45.3787951609164,11.6499999999999,-14.9602074908712));
#4682=CARTESIAN_POINT('',(43.0000001490115,-3.85000000000006,-16.1000005438922));
#4683=CARTESIAN_POINT('',(43.0000001490115,-3.85000000000006,-16.1000005438922));
#4684=CARTESIAN_POINT('',(46.415927026264,-3.85000000000006,-11.9999999999998));
#4685=CARTESIAN_POINT('Ctrl Pts',(46.415927026264,-3.85000000000006,-11.9999999999998));
#4686=CARTESIAN_POINT('Ctrl Pts',(46.3771622818171,-3.85000000000006,-12.0830239801523));
#4687=CARTESIAN_POINT('Ctrl Pts',(46.2769395422932,-3.85000000000006,-12.3031039072379));
#4688=CARTESIAN_POINT('Ctrl Pts',(46.1271431404255,-3.85000000000006,-12.6560477150983));
#4689=CARTESIAN_POINT('Ctrl Pts',(45.9547976756011,-3.85000000000006,-13.1198049058716));
#4690=CARTESIAN_POINT('Ctrl Pts',(45.7957174860357,-3.85000000000006,-13.6473228115127));
#4691=CARTESIAN_POINT('Ctrl Pts',(45.6708625919504,-3.85000000000006,-14.1420759899463));
#4692=CARTESIAN_POINT('Ctrl Pts',(45.5541846646337,-3.85000000000006,-14.5743221694652));
#4693=CARTESIAN_POINT('Ctrl Pts',(45.4006127619182,-3.85000000000006,-14.9636733627975));
#4694=CARTESIAN_POINT('Ctrl Pts',(45.1686488485718,-3.85000000000006,-15.3220779026358));
#4695=CARTESIAN_POINT('Ctrl Pts',(44.8300182697496,-3.85000000000006,-15.6411090030001));
#4696=CARTESIAN_POINT('Ctrl Pts',(44.3671965062187,-3.85000000000006,-15.8990573465544));
#4697=CARTESIAN_POINT('Ctrl Pts',(43.889680519861,-3.85000000000006,-16.0355122707661));
#4698=CARTESIAN_POINT('Ctrl Pts',(43.4692015695518,-3.85000000000006,-16.0882751613265));
#4699=CARTESIAN_POINT('Ctrl Pts',(43.1610408544678,-3.85000000000006,-16.1000005438922));
#4700=CARTESIAN_POINT('Ctrl Pts',(43.0000001490115,-3.85000000000006,-16.1000005438922));
#4701=CARTESIAN_POINT('Ctrl Pts',(47.7783373080022,-1.85000000000006,-9.9999999999999));
#4702=CARTESIAN_POINT('Ctrl Pts',(47.7778980744992,-1.8519005504922,-9.9999999999999));
#4703=CARTESIAN_POINT('Ctrl Pts',(47.7774578729462,-1.85380087401952,-10.0000027090658));
#4704=CARTESIAN_POINT('Ctrl Pts',(47.7213521766637,-2.09544472444832,-10.0006915138091));
#4705=CARTESIAN_POINT('Ctrl Pts',(47.6507610392487,-2.3286405966949,-10.0443453376115));
#4706=CARTESIAN_POINT('Ctrl Pts',(47.4794926289124,-2.77322160316725,-10.2093365387907));
#4707=CARTESIAN_POINT('Ctrl Pts',(47.3791536253645,-2.97915489719872,-10.3327112932599));
#4708=CARTESIAN_POINT('Ctrl Pts',(47.1343589941264,-3.3792788086186,-10.6779174120043));
#4709=CARTESIAN_POINT('Ctrl Pts',(46.9866259561667,-3.55463973888582,-10.9148717381007));
#4710=CARTESIAN_POINT('Ctrl Pts',(46.693811516461,-3.78872549097948,-11.4340834425296));
#4711=CARTESIAN_POINT('Ctrl Pts',(46.5494627622373,-3.85000000000268,-11.7140012541981));
#4712=CARTESIAN_POINT('Ctrl Pts',(46.4159270262554,-3.85000000000006,-12.0000000000182));
#4713=CARTESIAN_POINT('Ctrl Pts',(47.7783373080022,30.1499999999999,-9.9999999999999));
#4714=CARTESIAN_POINT('Ctrl Pts',(47.7631813391342,30.1499999999999,-9.9999999999999));
#4715=CARTESIAN_POINT('Ctrl Pts',(47.7480337548601,30.1499999999999,-10.0032289631907));
#4716=CARTESIAN_POINT('Ctrl Pts',(47.7067956413042,30.1499999999999,-10.0172107103508));
#4717=CARTESIAN_POINT('Ctrl Pts',(47.680150023151,30.1499999999999,-10.0329774971917));
#4718=CARTESIAN_POINT('Ctrl Pts',(47.5960299301775,30.1499999999999,-10.0920186473876));
#4719=CARTESIAN_POINT('Ctrl Pts',(47.5322080070616,30.1499999999999,-10.1570709559877));
#4720=CARTESIAN_POINT('Ctrl Pts',(47.3517901524219,30.1499999999999,-10.3633822135285));
#4721=CARTESIAN_POINT('Ctrl Pts',(47.2093035526325,30.1499999999999,-10.5649439821005));
#4722=CARTESIAN_POINT('Ctrl Pts',(47.0623005452837,30.1499999999999,-10.7999999999999));
#4723=CARTESIAN_POINT('Origin',(45.3787951836262,19.1499999999999,-14.96020744771));
#4724=CARTESIAN_POINT('',(45.3787951836342,17.6203892569761,-18.7999999999999));
#4725=CARTESIAN_POINT('',(45.3787951836262,19.1499999999999,-18.7999999999999));
#4726=CARTESIAN_POINT('',(45.378795183626,13.7477542633508,-16.6106669994662));
#4727=CARTESIAN_POINT('Ctrl Pts',(45.3787951836262,17.6203892569697,-18.7999999999999));
#4728=CARTESIAN_POINT('Ctrl Pts',(45.3787951836262,17.0647071650979,-18.7999999999999));
#4729=CARTESIAN_POINT('Ctrl Pts',(45.378795183626,16.507074981627,-18.6991759092263));
#4730=CARTESIAN_POINT('Ctrl Pts',(45.378795183626,15.4987332561856,-18.3274550866677));
#4731=CARTESIAN_POINT('Ctrl Pts',(45.3787951836264,15.0413078480087,-18.0658888663901));
#4732=CARTESIAN_POINT('Ctrl Pts',(45.3787951836264,14.2806333335419,-17.4095307620364));
#4733=CARTESIAN_POINT('Ctrl Pts',(45.3787951836261,13.9761689884113,-17.0340760202957));
#4734=CARTESIAN_POINT('Ctrl Pts',(45.3787951836261,13.7477542633508,-16.6106669994662));
#4735=CARTESIAN_POINT('Ctrl Pts',(45.3787951836262,13.7477542633509,-16.6106669994662));
#4736=CARTESIAN_POINT('Ctrl Pts',(45.3787951836262,13.6085742703599,-16.3526710907708));
#4737=CARTESIAN_POINT('Ctrl Pts',(45.3787951836261,13.4379403775015,-16.1116166624653));
#4738=CARTESIAN_POINT('Ctrl Pts',(45.3787951836261,13.0136995941605,-15.6333986501842));
#4739=CARTESIAN_POINT('Ctrl Pts',(45.3787951836261,12.7622378011662,-15.4183959509497));
#4740=CARTESIAN_POINT('Ctrl Pts',(45.3787951836261,12.3937139589572,-15.178584239599));
#4741=CARTESIAN_POINT('Ctrl Pts',(45.3787951836262,12.2529298169195,-15.1022191399115));
#4742=CARTESIAN_POINT('Ctrl Pts',(45.3787951836262,11.9449615577015,-14.9870689122836));
#4743=CARTESIAN_POINT('Ctrl Pts',(45.3787951836262,11.794619344083,-14.96020744771));
#4744=CARTESIAN_POINT('Ctrl Pts',(45.3787951836262,11.6499999999999,-14.96020744771));
#4745=CARTESIAN_POINT('Origin',(45.3787951836262,19.1499999999999,-18.7999999999999));
#4746=CARTESIAN_POINT('',(40.6212051143536,17.6203892570038,-18.7999999999999));
#4747=CARTESIAN_POINT('',(40.6212051143968,19.1499999999999,-18.7999999999999));
#4748=CARTESIAN_POINT('',(43.0000001490115,16.9235183574553,-18.7999999999999));
#4749=CARTESIAN_POINT('Ctrl Pts',(43.0000001490115,16.9235183574553,-18.7999999999999));
#4750=CARTESIAN_POINT('Ctrl Pts',(42.8809391144039,16.9235183574553,-18.7999999999999));
#4751=CARTESIAN_POINT('Ctrl Pts',(42.6413274302495,16.9307492448092,-18.7999999999999));
#4752=CARTESIAN_POINT('Ctrl Pts',(42.2840022819541,16.9734590760028,-18.7999999999999));
#4753=CARTESIAN_POINT('Ctrl Pts',(41.9360854916192,17.05937681835,-18.7999999999999));
#4754=CARTESIAN_POINT('Ctrl Pts',(41.6035405531929,17.1891334819072,-18.7999999999999));
#4755=CARTESIAN_POINT('Ctrl Pts',(41.2781298120267,17.3383123535302,-18.7999999999999));
#4756=CARTESIAN_POINT('Ctrl Pts',(41.0469675597841,17.4424656128646,-18.7999999999999));
#4757=CARTESIAN_POINT('Ctrl Pts',(40.9103510607563,17.5013877511613,-18.7999999999999));
#4758=CARTESIAN_POINT('Ctrl Pts',(40.8555836948212,17.5247584937196,-18.7999999999999));
#4759=CARTESIAN_POINT('Ctrl Pts',(40.78694824865,17.5535673463405,-18.7999999999999));
#4760=CARTESIAN_POINT('Ctrl Pts',(40.7180440969295,17.5817852214449,-18.7999999999999));
#4761=CARTESIAN_POINT('Ctrl Pts',(40.6696721093526,17.601202603232,-18.7999999999999));
#4762=CARTESIAN_POINT('Ctrl Pts',(40.6454503984408,17.610825185055,-18.7999999999999));
#4763=CARTESIAN_POINT('Ctrl Pts',(40.6315993176859,17.6162987497708,-18.7999999999999));
#4764=CARTESIAN_POINT('Ctrl Pts',(40.6246704212883,17.6190271691238,-18.7999999999999));
#4765=CARTESIAN_POINT('Ctrl Pts',(40.6212051143477,17.6203892569891,-18.7999999999999));
#4766=CARTESIAN_POINT('Ctrl Pts',(45.3787951836353,17.6203892569733,-18.7999999999999));
#4767=CARTESIAN_POINT('Ctrl Pts',(45.2677799861468,17.5767531647148,-18.7999999999999));
#4768=CARTESIAN_POINT('Ctrl Pts',(45.0477770913655,17.4851804233683,-18.7999999999999));
#4769=CARTESIAN_POINT('Ctrl Pts',(44.7217716193051,17.3382500118589,-18.7999999999999));
#4770=CARTESIAN_POINT('Ctrl Pts',(44.3968555542768,17.1893672511283,-18.7999999999999));
#4771=CARTESIAN_POINT('Ctrl Pts',(44.0639542704212,17.0593447439451,-18.7999999999999));
#4772=CARTESIAN_POINT('Ctrl Pts',(43.7139435958679,16.9730018514663,-18.7999999999999));
#4773=CARTESIAN_POINT('Ctrl Pts',(43.357022913362,16.9307090944679,-18.7999999999999));
#4774=CARTESIAN_POINT('Ctrl Pts',(43.1191036597387,16.9235183574553,-18.7999999999999));
#4775=CARTESIAN_POINT('Ctrl Pts',(43.0000001490115,16.9235183574553,-18.7999999999999));
#4776=CARTESIAN_POINT('Ctrl Pts',(43.0000001490115,16.9235183574553,-18.7999999999999));
#4777=CARTESIAN_POINT('Ctrl Pts',(43.1191036597387,16.9235183574553,-18.7999999999999));
#4778=CARTESIAN_POINT('Ctrl Pts',(43.357022913362,16.9307090944679,-18.7999999999999));
#4779=CARTESIAN_POINT('Ctrl Pts',(43.7139435958679,16.9730018514663,-18.7999999999999));
#4780=CARTESIAN_POINT('Ctrl Pts',(44.0639542704212,17.0593447439451,-18.7999999999999));
#4781=CARTESIAN_POINT('Ctrl Pts',(44.3968555542768,17.1893672511283,-18.7999999999999));
#4782=CARTESIAN_POINT('Ctrl Pts',(44.7217716193051,17.3382500118589,-18.7999999999999));
#4783=CARTESIAN_POINT('Ctrl Pts',(45.0477770913655,17.4851804233683,-18.7999999999999));
#4784=CARTESIAN_POINT('Ctrl Pts',(45.2677799861468,17.5767531647148,-18.7999999999999));
#4785=CARTESIAN_POINT('Ctrl Pts',(45.3787951836353,17.6203892569733,-18.7999999999999));
#4786=CARTESIAN_POINT('Ctrl Pts',(43.0000001490115,16.2024590708389,-18.7999999999999));
#4787=CARTESIAN_POINT('Ctrl Pts',(43.1337438761078,16.2024590708389,-18.7999999999999));
#4788=CARTESIAN_POINT('Ctrl Pts',(43.4066578653848,16.2082194154757,-18.7988774189109));
#4789=CARTESIAN_POINT('Ctrl Pts',(43.8410749657893,16.2380539977419,-18.7984421199082));
#4790=CARTESIAN_POINT('Ctrl Pts',(44.3077665085222,16.2926147272546,-18.7981258874995));
#4791=CARTESIAN_POINT('Ctrl Pts',(44.7626818029096,16.3596655295523,-18.7989663848349));
#4792=CARTESIAN_POINT('Ctrl Pts',(45.1365628500603,16.4411038328612,-18.7996409660353));
#4793=CARTESIAN_POINT('Ctrl Pts',(45.4641840565649,16.5322367142374,-18.8005991075949));
#4794=CARTESIAN_POINT('Ctrl Pts',(45.6697381160249,16.5924569012316,-18.79968613616));
#4795=CARTESIAN_POINT('Ctrl Pts',(45.7714936272937,16.6213196102708,-18.7999999999999));
#4796=CARTESIAN_POINT('Ctrl Pts',(43.0000001490115,14.9424098186626,-18.4498520180841));
#4797=CARTESIAN_POINT('Ctrl Pts',(43.1593010288171,14.9424098186626,-18.4498520180841));
#4798=CARTESIAN_POINT('Ctrl Pts',(43.4939093500148,14.9444404781578,-18.4472763503393));
#4799=CARTESIAN_POINT('Ctrl Pts',(44.0638780881464,14.9521983483799,-18.4263100425483));
#4800=CARTESIAN_POINT('Ctrl Pts',(44.7344230008122,14.9513897581125,-18.3654097745876));
#4801=CARTESIAN_POINT('Ctrl Pts',(45.4010357153495,14.9110387599449,-18.2413210970134));
#4802=CARTESIAN_POINT('Ctrl Pts',(45.8586553288348,14.8780097889441,-18.1285075839624));
#4803=CARTESIAN_POINT('Ctrl Pts',(46.1878265441428,14.8751886125791,-18.0535291808583));
#4804=CARTESIAN_POINT('Ctrl Pts',(46.3684596398378,14.8811017872927,-18.016919317086));
#4805=CARTESIAN_POINT('Ctrl Pts',(46.4538924897336,14.8852190440022,-18.0008896018919));
#4806=CARTESIAN_POINT('Ctrl Pts',(43.0000001490115,13.9944331007121,-17.5772141098704));
#4807=CARTESIAN_POINT('Ctrl Pts',(43.1785466566979,13.9944331007121,-17.5772141098704));
#4808=CARTESIAN_POINT('Ctrl Pts',(43.5592932643305,13.9966922710153,-17.5683886520816));
#4809=CARTESIAN_POINT('Ctrl Pts',(44.2283337143356,14.0062453085434,-17.5006665772999));
#4810=CARTESIAN_POINT('Ctrl Pts',(45.0358413331967,14.0172435208449,-17.30480675576));
#4811=CARTESIAN_POINT('Ctrl Pts',(45.7992674371161,14.0151299873761,-16.9230166270827));
#4812=CARTESIAN_POINT('Ctrl Pts',(46.2544592913594,14.0209093544575,-16.5946090892678));
#4813=CARTESIAN_POINT('Ctrl Pts',(46.5517888264074,14.041461204656,-16.3838628848094));
#4814=CARTESIAN_POINT('Ctrl Pts',(46.7041375813445,14.0585022489038,-16.2828936003668));
#4815=CARTESIAN_POINT('Ctrl Pts',(46.7754832804933,14.067055379502,-16.2391938169616));
#4816=CARTESIAN_POINT('Ctrl Pts',(43.0000001490115,13.6782762913289,-17.1384618731644));
#4817=CARTESIAN_POINT('Ctrl Pts',(43.1849554982932,13.6782762913289,-17.1384618731644));
#4818=CARTESIAN_POINT('Ctrl Pts',(43.5812642782738,13.6810419594107,-17.12655344645));
#4819=CARTESIAN_POINT('Ctrl Pts',(44.2824442599495,13.6973084044101,-17.03760592432));
#4820=CARTESIAN_POINT('Ctrl Pts',(45.1299272622818,13.7305172092096,-16.7809213188761));
#4821=CARTESIAN_POINT('Ctrl Pts',(45.904640483064,13.7805258658185,-16.2906329318997));
#4822=CARTESIAN_POINT('Ctrl Pts',(46.3386473668862,13.8377884660995,-15.8798018510877));
#4823=CARTESIAN_POINT('Ctrl Pts',(46.6157819585011,13.8943001628339,-15.6206123997705));
#4824=CARTESIAN_POINT('Ctrl Pts',(46.7566241984435,13.9295204479672,-15.4975357764176));
#4825=CARTESIAN_POINT('Ctrl Pts',(46.8229464894866,13.9463035603743,-15.4446094165108));
#4826=CARTESIAN_POINT('',(43.0000001490115,13.6782762913289,-17.1384618731644));
#4827=CARTESIAN_POINT('Origin',(43.0000001490115,16.9235183574553,-14.7999999999999));
#4828=CARTESIAN_POINT('Ctrl Pts',(43.0000001490115,13.6782762913289,-17.1384618731644));
#4829=CARTESIAN_POINT('Ctrl Pts',(43.1849554982932,13.6782762913289,-17.1384618731644));
#4830=CARTESIAN_POINT('Ctrl Pts',(43.5812642782738,13.6810419594107,-17.12655344645));
#4831=CARTESIAN_POINT('Ctrl Pts',(44.2824442599495,13.6973084044101,-17.03760592432));
#4832=CARTESIAN_POINT('Ctrl Pts',(44.9402420015076,13.7230843512277,-16.8383729564739));
#4833=CARTESIAN_POINT('Ctrl Pts',(45.29413892438,13.7427326622033,-16.6559829480223));
#4834=CARTESIAN_POINT('Ctrl Pts',(45.3787617891301,13.7478373063517,-16.608527456819));
#4835=CARTESIAN_POINT('Ctrl Pts',(43.0000001490115,13.6782762913289,-17.1384618731644));
#4836=CARTESIAN_POINT('Ctrl Pts',(42.8151107607214,13.6782762913289,-17.1384618731644));
#4837=CARTESIAN_POINT('Ctrl Pts',(42.4160556435583,13.6810574018496,-17.1264670102179));
#4838=CARTESIAN_POINT('Ctrl Pts',(41.7140384757248,13.697484260001,-17.0357399535786));
#4839=CARTESIAN_POINT('Ctrl Pts',(40.869682751678,13.7305295455192,-16.7806083699852));
#4840=CARTESIAN_POINT('Ctrl Pts',(40.0974352617887,13.7804359545796,-16.2914886481205));
#4841=CARTESIAN_POINT('Ctrl Pts',(39.6613379114076,13.8378124436654,-15.8787371920543));
#4842=CARTESIAN_POINT('Ctrl Pts',(39.4655342698765,13.8778713895633,-15.6959397613193));
#4843=CARTESIAN_POINT('Ctrl Pts',(39.3653524314195,13.9005337504466,-15.6047941949015));
#4844=CARTESIAN_POINT('Ctrl Pts',(39.3265324347324,13.9095224975844,-15.5703277056606));
#4845=CARTESIAN_POINT('Ctrl Pts',(39.2801883464585,13.9206028255156,-15.5298328689214));
#4846=CARTESIAN_POINT('Ctrl Pts',(39.2361548866179,13.9314558544018,-15.4927044868898));
#4847=CARTESIAN_POINT('Ctrl Pts',(39.2063095462626,13.9389240781661,-15.4681870363229));
#4848=CARTESIAN_POINT('Ctrl Pts',(39.1916127651753,13.942625071175,-15.4562856700966));
#4849=CARTESIAN_POINT('Ctrl Pts',(39.1832729861638,13.9447302883733,-15.4495819246027));
#4850=CARTESIAN_POINT('Ctrl Pts',(39.1791240394419,13.9457796804322,-15.4462614973464));
#4851=CARTESIAN_POINT('Ctrl Pts',(39.1770538085126,13.9463035603804,-15.444609416492));
#4852=CARTESIAN_POINT('Ctrl Pts',(43.0000001490115,14.0998187038398,-17.723464855439));
#4853=CARTESIAN_POINT('Ctrl Pts',(42.8236372101166,14.0998187038398,-17.723464855439));
#4854=CARTESIAN_POINT('Ctrl Pts',(42.4460004580003,14.1031101831317,-17.7145846012096));
#4855=CARTESIAN_POINT('Ctrl Pts',(41.7868711475397,14.1108655416482,-17.6522126711754));
#4856=CARTESIAN_POINT('Ctrl Pts',(40.9962767579566,14.1154087348154,-17.4773430884566));
#4857=CARTESIAN_POINT('Ctrl Pts',(40.2383535145653,14.0952566398251,-17.1332477639302));
#4858=CARTESIAN_POINT('Ctrl Pts',(39.7736953480213,14.0831371395133,-16.831519009874));
#4859=CARTESIAN_POINT('Ctrl Pts',(39.5587258136974,14.08898205961,-16.6945820473399));
#4860=CARTESIAN_POINT('Ctrl Pts',(39.448129348464,14.0940328239632,-16.6257889423775));
#4861=CARTESIAN_POINT('Ctrl Pts',(39.4052701178173,14.0961783886652,-16.5997592125525));
#4862=CARTESIAN_POINT('Ctrl Pts',(39.3540817214338,14.0992068058503,-16.5690342449905));
#4863=CARTESIAN_POINT('Ctrl Pts',(39.3054839676921,14.1025038133062,-16.5407641142657));
#4864=CARTESIAN_POINT('Ctrl Pts',(39.2725716333703,14.104883414226,-16.522062649687));
#4865=CARTESIAN_POINT('Ctrl Pts',(39.2563759429938,14.1060928407091,-16.5129744080825));
#4866=CARTESIAN_POINT('Ctrl Pts',(39.2471876716363,14.1067837859561,-16.5078549304136));
#4867=CARTESIAN_POINT('Ctrl Pts',(39.242618130724,14.1071323990167,-16.5053174720057));
#4868=CARTESIAN_POINT('Ctrl Pts',(39.2403380871681,14.1073059858802,-16.5040552837642));
#4869=CARTESIAN_POINT('Ctrl Pts',(43.0000001490115,15.120538332235,-18.5410592715244));
#4870=CARTESIAN_POINT('Ctrl Pts',(42.8443701181451,15.120538332235,-18.5410592715244));
#4871=CARTESIAN_POINT('Ctrl Pts',(42.5161020910072,15.1228901366611,-18.5392507806882));
#4872=CARTESIAN_POINT('Ctrl Pts',(41.9642231352352,15.1332449389445,-18.5236396964464));
#4873=CARTESIAN_POINT('Ctrl Pts',(41.3252678887883,15.1396186992467,-18.4796117791686));
#4874=CARTESIAN_POINT('Ctrl Pts',(40.6891630597004,15.1125490836251,-18.3896890654522));
#4875=CARTESIAN_POINT('Ctrl Pts',(40.2404783115094,15.0929907481522,-18.3079387154073));
#4876=CARTESIAN_POINT('Ctrl Pts',(40.0072187453137,15.0990761897624,-18.2698837956127));
#4877=CARTESIAN_POINT('Ctrl Pts',(39.8821241172419,15.1047996711149,-18.2506628526293));
#4878=CARTESIAN_POINT('Ctrl Pts',(39.8332346107817,15.107432539493,-18.2433436500423));
#4879=CARTESIAN_POINT('Ctrl Pts',(39.7739068896984,15.1110312590856,-18.2347091635925));
#4880=CARTESIAN_POINT('Ctrl Pts',(39.7166406985319,15.1150498467749,-18.2267285519126));
#4881=CARTESIAN_POINT('Ctrl Pts',(39.67744863595,15.1180121685188,-18.2214287898158));
#4882=CARTESIAN_POINT('Ctrl Pts',(39.6580631384672,15.1195268103754,-18.2188491218331));
#4883=CARTESIAN_POINT('Ctrl Pts',(39.6470420515971,15.1204015481147,-18.2173935469685));
#4884=CARTESIAN_POINT('Ctrl Pts',(39.6415504714587,15.1208411067765,-18.2166721711997));
#4885=CARTESIAN_POINT('Ctrl Pts',(39.6388091361655,15.121061799221,-18.2163129503081));
#4886=CARTESIAN_POINT('Ctrl Pts',(43.0000001490115,16.382723892493,-18.7999999999999));
#4887=CARTESIAN_POINT('Ctrl Pts',(42.8699740012722,16.382723892493,-18.7999999999999));
#4888=CARTESIAN_POINT('Ctrl Pts',(42.6036734087431,16.3882798315146,-18.7996252941142));
#4889=CARTESIAN_POINT('Ctrl Pts',(42.1879591621694,16.4211984737805,-18.799447958193));
#4890=CARTESIAN_POINT('Ctrl Pts',(41.7527049108034,16.4831596718357,-18.7992038803348));
#4891=CARTESIAN_POINT('Ctrl Pts',(41.3292401653602,16.5660863042151,-18.799412725123));
#4892=CARTESIAN_POINT('Ctrl Pts',(40.9669691150853,16.6648591284979,-18.7996208692898));
#4893=CARTESIAN_POINT('Ctrl Pts',(40.7352188815897,16.7397278715091,-18.7997671939002));
#4894=CARTESIAN_POINT('Ctrl Pts',(40.6020660612704,16.7827516868419,-18.7998242115208));
#4895=CARTESIAN_POINT('Ctrl Pts',(40.5490702194732,16.7999394994152,-18.7998722397286));
#4896=CARTESIAN_POINT('Ctrl Pts',(40.4832284602021,16.8212161769899,-18.7999024683655));
#4897=CARTESIAN_POINT('Ctrl Pts',(40.4178161162676,16.8422068352583,-18.7999366157235));
#4898=CARTESIAN_POINT('Ctrl Pts',(40.3721989702995,16.8567137461704,-18.7999666838452));
#4899=CARTESIAN_POINT('Ctrl Pts',(40.3494284679799,16.863917228628,-18.7999822779465));
#4900=CARTESIAN_POINT('Ctrl Pts',(40.3364268519441,16.8680194958302,-18.7999925652181));
#4901=CARTESIAN_POINT('Ctrl Pts',(40.3299292712838,16.8700652116601,-18.7999973266069));
#4902=CARTESIAN_POINT('Ctrl Pts',(40.3266812816065,16.8710870219582,-18.7999999999999));
#4903=CARTESIAN_POINT('Ctrl Pts',(43.0000001490115,16.9235183574553,-18.7999999999999));
#4904=CARTESIAN_POINT('Ctrl Pts',(42.8809391144039,16.9235183574553,-18.7999999999999));
#4905=CARTESIAN_POINT('Ctrl Pts',(42.6413274302495,16.9307492448092,-18.7999999999999));
#4906=CARTESIAN_POINT('Ctrl Pts',(42.2840022819541,16.9734590760028,-18.7999999999999));
#4907=CARTESIAN_POINT('Ctrl Pts',(41.9360854916192,17.05937681835,-18.7999999999999));
#4908=CARTESIAN_POINT('Ctrl Pts',(41.6035405531929,17.1891334819072,-18.7999999999999));
#4909=CARTESIAN_POINT('Ctrl Pts',(41.2781298120267,17.3383123535302,-18.7999999999999));
#4910=CARTESIAN_POINT('Ctrl Pts',(41.0469675597841,17.4424656128646,-18.7999999999999));
#4911=CARTESIAN_POINT('Ctrl Pts',(40.9103510607563,17.5013877511613,-18.7999999999999));
#4912=CARTESIAN_POINT('Ctrl Pts',(40.8555836948212,17.5247584937196,-18.7999999999999));
#4913=CARTESIAN_POINT('Ctrl Pts',(40.78694824865,17.5535673463405,-18.7999999999999));
#4914=CARTESIAN_POINT('Ctrl Pts',(40.7180440969295,17.5817852214449,-18.7999999999999));
#4915=CARTESIAN_POINT('Ctrl Pts',(40.6696721093526,17.601202603232,-18.7999999999999));
#4916=CARTESIAN_POINT('Ctrl Pts',(40.6454503984408,17.610825185055,-18.7999999999999));
#4917=CARTESIAN_POINT('Ctrl Pts',(40.6315993176859,17.6162987497708,-18.7999999999999));
#4918=CARTESIAN_POINT('Ctrl Pts',(40.6246704212883,17.6190271691238,-18.7999999999999));
#4919=CARTESIAN_POINT('Ctrl Pts',(40.6212051143477,17.6203892569891,-18.7999999999999));
#4920=CARTESIAN_POINT('',(40.6212051143969,13.7477542633508,-16.6106669994661));
#4921=CARTESIAN_POINT('Ctrl Pts',(40.6212051143968,13.7477542633508,-16.6106669994661));
#4922=CARTESIAN_POINT('Ctrl Pts',(40.6212051143968,13.9865792800852,-17.0533734250626));
#4923=CARTESIAN_POINT('Ctrl Pts',(40.6212051143964,14.3083373894046,-17.4433498968753));
#4924=CARTESIAN_POINT('Ctrl Pts',(40.6212051143964,15.0673637271492,-18.0774875051508));
#4925=CARTESIAN_POINT('Ctrl Pts',(40.621205114397,15.4915531474763,-18.3193638379958));
#4926=CARTESIAN_POINT('Ctrl Pts',(40.621205114397,16.4754891555453,-18.6933836539997));
#4927=CARTESIAN_POINT('Ctrl Pts',(40.6212051143969,17.049080789335,-18.7999999999999));
#4928=CARTESIAN_POINT('Ctrl Pts',(40.6212051143969,17.6203892569697,-18.7999999999999));
#4929=CARTESIAN_POINT('Ctrl Pts',(40.6212433335209,13.747841833986,-16.6083617808691));
#4930=CARTESIAN_POINT('Ctrl Pts',(40.7057169703563,13.7427407893681,-16.6557710564446));
#4931=CARTESIAN_POINT('Ctrl Pts',(41.0585384772546,13.7231383581373,-16.83767325267));
#4932=CARTESIAN_POINT('Ctrl Pts',(41.7140384757248,13.697484260001,-17.0357399535786));
#4933=CARTESIAN_POINT('Ctrl Pts',(42.4160556435583,13.6810574018496,-17.1264670102179));
#4934=CARTESIAN_POINT('Ctrl Pts',(42.8151107607214,13.6782762913289,-17.1384618731644));
#4935=CARTESIAN_POINT('Ctrl Pts',(43.0000001490115,13.6782762913289,-17.1384618731644));
#4936=CARTESIAN_POINT('Origin',(40.6212051143968,19.1499999999999,-18.7999999999999));
#4937=CARTESIAN_POINT('',(40.6212051143968,14.1499999999999,-14.96020744771));
#4938=CARTESIAN_POINT('Ctrl Pts',(40.6212051143968,14.1499999999999,-14.96020744771));
#4939=CARTESIAN_POINT('Ctrl Pts',(40.6212051143968,16.5666666666666,-14.96020744771));
#4940=CARTESIAN_POINT('Ctrl Pts',(40.6212051143968,18.9833333333333,-14.96020744771));
#4941=CARTESIAN_POINT('Ctrl Pts',(40.6212051143968,23.59463244672,-14.96020744771));
#4942=CARTESIAN_POINT('Ctrl Pts',(40.6212051143968,25.78926489344,-14.96020744771));
#4943=CARTESIAN_POINT('Ctrl Pts',(40.6212051143968,27.98389734016,-14.96020744771));
#4944=CARTESIAN_POINT('',(40.6212051144355,11.6499999999999,-14.9602074477835));
#4945=CARTESIAN_POINT('Ctrl Pts',(40.6212051143968,14.1499999999999,-14.96020744771));
#4946=CARTESIAN_POINT('Ctrl Pts',(40.6212051143968,13.3166666666666,-14.96020744771));
#4947=CARTESIAN_POINT('Ctrl Pts',(40.6212051144355,12.4833333333333,-14.9602074477835));
#4948=CARTESIAN_POINT('Ctrl Pts',(40.6212051144355,11.6499999999999,-14.9602074477835));
#4949=CARTESIAN_POINT('Ctrl Pts',(40.6212051143968,11.65,-14.96020744771));
#4950=CARTESIAN_POINT('Ctrl Pts',(40.6212051143968,11.8044054976219,-14.96020744771));
#4951=CARTESIAN_POINT('Ctrl Pts',(40.6212051143969,11.9526318048647,-14.9911036949857));
#4952=CARTESIAN_POINT('Ctrl Pts',(40.6212051143969,12.2790686257047,-15.1106130061843));
#4953=CARTESIAN_POINT('Ctrl Pts',(40.6212051143969,12.4640931333919,-15.2147450226004));
#4954=CARTESIAN_POINT('Ctrl Pts',(40.6212051143969,12.9403418074952,-15.561664608515));
#4955=CARTESIAN_POINT('Ctrl Pts',(40.6212051143969,13.2612444124693,-15.8686482713226));
#4956=CARTESIAN_POINT('Ctrl Pts',(40.6212051143969,13.6102851043722,-16.3723744214782));
#4957=CARTESIAN_POINT('Ctrl Pts',(40.6212051143968,13.6824919091851,-16.4896911321397));
#4958=CARTESIAN_POINT('Ctrl Pts',(40.6212051143968,13.7477542633508,-16.6106669994661));
#4959=CARTESIAN_POINT('Ctrl Pts',(46.3877225703123,13.7477542633509,-15.4910657226987));
#4960=CARTESIAN_POINT('Ctrl Pts',(46.2586132872399,13.7477542633509,-15.7364455118146));
#4961=CARTESIAN_POINT('Ctrl Pts',(45.9466579227343,13.7477542633509,-16.1764364899087));
#4962=CARTESIAN_POINT('Ctrl Pts',(44.9566463763627,13.7477542633509,-16.9880256662614));
#4963=CARTESIAN_POINT('Ctrl Pts',(43.8697489161091,13.7477542633509,-17.2400641297194));
#4964=CARTESIAN_POINT('Ctrl Pts',(43.0000001490115,13.7477542633509,-17.2400641297194));
#4965=CARTESIAN_POINT('Ctrl Pts',(45.7716071718644,13.2964232086492,-15.1668898088222));
#4966=CARTESIAN_POINT('Ctrl Pts',(45.6702469679935,13.2964232086492,-15.3595308401928));
#4967=CARTESIAN_POINT('Ctrl Pts',(45.4304024277411,13.2964232086492,-15.6950006760872));
#4968=CARTESIAN_POINT('Ctrl Pts',(44.6731163071901,13.2964232086492,-16.3190299613912));
#4969=CARTESIAN_POINT('Ctrl Pts',(43.7781636762752,13.2964232086492,-16.5438686059316));
#4970=CARTESIAN_POINT('Ctrl Pts',(43.0000001490115,13.2964232086492,-16.5438686059316));
#4971=CARTESIAN_POINT('Ctrl Pts',(45.3787951836262,12.479691465715,-14.96020744771));
#4972=CARTESIAN_POINT('Ctrl Pts',(45.2949952314665,12.479691465715,-15.119474187479));
#4973=CARTESIAN_POINT('Ctrl Pts',(45.1016164255497,12.479691465715,-15.3882639157608));
#4974=CARTESIAN_POINT('Ctrl Pts',(44.4916210949709,12.479691465715,-15.893563622094));
#4975=CARTESIAN_POINT('Ctrl Pts',(43.7202064427092,12.479691465715,-16.1000005438922));
#4976=CARTESIAN_POINT('Ctrl Pts',(43.0000001490115,12.479691465715,-16.1000005438922));
#4977=CARTESIAN_POINT('Ctrl Pts',(45.3787951836262,11.6499999999999,-14.96020744771));
#4978=CARTESIAN_POINT('Ctrl Pts',(45.2947312385807,11.6499999999999,-15.1199759214915));
#4979=CARTESIAN_POINT('Ctrl Pts',(45.1023371853162,11.6499999999999,-15.3886826252672));
#4980=CARTESIAN_POINT('Ctrl Pts',(44.4901615671534,11.6499999999999,-15.8956916395801));
#4981=CARTESIAN_POINT('Ctrl Pts',(43.7210777455582,11.6499999999999,-16.1000005438922));
#4982=CARTESIAN_POINT('Ctrl Pts',(43.0000001490115,11.6499999999999,-16.1000005438922));
#4983=CARTESIAN_POINT('Origin',(43.0000001490115,11.6499999999999,-18.6000005438922));
#4984=CARTESIAN_POINT('Ctrl Pts',(43.0000001490115,13.7477542633508,-17.2400641297193));
#4985=CARTESIAN_POINT('Ctrl Pts',(42.3476885736869,13.7477542633508,-17.2400641297193));
#4986=CARTESIAN_POINT('Ctrl Pts',(41.336377138921,13.7477542633508,-17.0735773290308));
#4987=CARTESIAN_POINT('Ctrl Pts',(40.2271321434513,13.7477542633508,-16.3874865770789));
#4988=CARTESIAN_POINT('Ctrl Pts',(39.7844234384736,13.7477542633508,-15.8182387748526));
#4989=CARTESIAN_POINT('Ctrl Pts',(39.6122777277106,13.7477542633508,-15.4910657226984));
#4990=CARTESIAN_POINT('Ctrl Pts',(43.0000001490115,13.2964232086491,-16.5438686059315));
#4991=CARTESIAN_POINT('Ctrl Pts',(42.4163775035616,13.2964232086491,-16.5438686059315));
#4992=CARTESIAN_POINT('Ctrl Pts',(41.56181364439,13.2964232086491,-16.3934532021715));
#4993=CARTESIAN_POINT('Ctrl Pts',(40.7002471845776,13.2964232086491,-15.8542770018523));
#4994=CARTESIAN_POINT('Ctrl Pts',(40.3635400646527,13.2964232086491,-15.4237445173156));
#4995=CARTESIAN_POINT('Ctrl Pts',(40.2283931261585,13.2964232086491,-15.166889808822));
#4996=CARTESIAN_POINT('Ctrl Pts',(43.0000001490115,12.479691465715,-16.1000005438922));
#4997=CARTESIAN_POINT('Ctrl Pts',(42.4598454287356,12.479691465715,-16.1000005438922));
#4998=CARTESIAN_POINT('Ctrl Pts',(41.7061846778865,12.479691465715,-15.96075421404));
#4999=CARTESIAN_POINT('Ctrl Pts',(41.0014923531493,12.479691465715,-15.5146403396283));
#5000=CARTESIAN_POINT('Ctrl Pts',(40.7329383839426,12.479691465715,-15.1725631007346));
#5001=CARTESIAN_POINT('Ctrl Pts',(40.6212051143968,12.479691465715,-14.9602074477099));
#5002=CARTESIAN_POINT('Ctrl Pts',(43.0000001490115,11.6499999999999,-16.1000005438922));
#5003=CARTESIAN_POINT('Ctrl Pts',(42.4591919515989,11.6499999999999,-16.1000005438922));
#5004=CARTESIAN_POINT('Ctrl Pts',(41.7074717608637,11.6499999999999,-15.9626060561936));
#5005=CARTESIAN_POINT('Ctrl Pts',(41.0006991220369,11.6499999999999,-15.5152780443475));
#5006=CARTESIAN_POINT('Ctrl Pts',(40.733290374457,11.6499999999999,-15.173232079418));
#5007=CARTESIAN_POINT('Ctrl Pts',(40.6212051143968,11.6499999999999,-14.9602074477099));
#5008=CARTESIAN_POINT('Ctrl Pts',(40.6212051143968,11.6499999999999,-14.9602074477099));
#5009=CARTESIAN_POINT('Ctrl Pts',(40.733290374457,11.6499999999999,-15.173232079418));
#5010=CARTESIAN_POINT('Ctrl Pts',(41.0006991220369,11.6499999999999,-15.5152780443475));
#5011=CARTESIAN_POINT('Ctrl Pts',(41.7074717608637,11.6499999999999,-15.9626060561936));
#5012=CARTESIAN_POINT('Ctrl Pts',(42.4591919515989,11.6499999999999,-16.1000005438922));
#5013=CARTESIAN_POINT('Ctrl Pts',(43.0000001490115,11.6499999999999,-16.1000005438922));
#5014=CARTESIAN_POINT('Ctrl Pts',(38.2216629900208,-3.85000000000006,-9.99999999999988));
#5015=CARTESIAN_POINT('Ctrl Pts',(38.2216629900208,46.6499999999999,-9.99999999999988));
#5016=CARTESIAN_POINT('Ctrl Pts',(38.255706291506,-3.85000000000006,-9.99999999999988));
#5017=CARTESIAN_POINT('Ctrl Pts',(38.255706291506,46.6499999999999,-9.99999999999988));
#5018=CARTESIAN_POINT('Ctrl Pts',(38.3340102027704,-3.85000000000006,-10.0271232209019));
#5019=CARTESIAN_POINT('Ctrl Pts',(38.3340102027704,46.6499999999999,-10.0271232209019));
#5020=CARTESIAN_POINT('Ctrl Pts',(38.4821182186055,-3.85000000000006,-10.149177510738));
#5021=CARTESIAN_POINT('Ctrl Pts',(38.4821182186055,46.65,-10.149177510738));
#5022=CARTESIAN_POINT('Ctrl Pts',(38.7337309537931,-3.85000000000006,-10.46318298065));
#5023=CARTESIAN_POINT('Ctrl Pts',(38.7337309537931,46.65,-10.46318298065));
#5024=CARTESIAN_POINT('Ctrl Pts',(39.0984702259074,-3.85000000000006,-11.0421407056358));
#5025=CARTESIAN_POINT('Ctrl Pts',(39.0984702259074,46.65,-11.0421407056358));
#5026=CARTESIAN_POINT('Ctrl Pts',(39.4641368394183,-3.85000000000006,-11.7235136085942));
#5027=CARTESIAN_POINT('Ctrl Pts',(39.4641368394183,46.65,-11.7235136085942));
#5028=CARTESIAN_POINT('Ctrl Pts',(39.7851585673885,-3.85000000000006,-12.4233737559414));
#5029=CARTESIAN_POINT('Ctrl Pts',(39.7851585673885,46.65,-12.4233737559414));
#5030=CARTESIAN_POINT('Ctrl Pts',(40.0315289497193,-3.85000000000006,-13.0744623198071));
#5031=CARTESIAN_POINT('Ctrl Pts',(40.0315289497193,46.65,-13.0744623198071));
#5032=CARTESIAN_POINT('Ctrl Pts',(40.2042828119873,-3.85000000000006,-13.6473228115127));
#5033=CARTESIAN_POINT('Ctrl Pts',(40.2042828119873,46.65,-13.6473228115127));
#5034=CARTESIAN_POINT('Ctrl Pts',(40.3291377060726,-3.85000000000006,-14.1420759899463));
#5035=CARTESIAN_POINT('Ctrl Pts',(40.3291377060726,46.65,-14.1420759899463));
#5036=CARTESIAN_POINT('Ctrl Pts',(40.4458156333893,-3.85000000000006,-14.5743221694651));
#5037=CARTESIAN_POINT('Ctrl Pts',(40.4458156333893,46.65,-14.5743221694651));
#5038=CARTESIAN_POINT('Ctrl Pts',(40.5993875361048,-3.85000000000006,-14.9636733627975));
#5039=CARTESIAN_POINT('Ctrl Pts',(40.5993875361048,46.65,-14.9636733627975));
#5040=CARTESIAN_POINT('Ctrl Pts',(40.8313514494512,-3.85000000000006,-15.3220779026358));
#5041=CARTESIAN_POINT('Ctrl Pts',(40.8313514494512,46.6499999999999,-15.3220779026358));
#5042=CARTESIAN_POINT('Ctrl Pts',(41.1699820282734,-3.85000000000006,-15.6411090030001));
#5043=CARTESIAN_POINT('Ctrl Pts',(41.1699820282734,46.6499999999999,-15.6411090030001));
#5044=CARTESIAN_POINT('Ctrl Pts',(41.6328037918043,-3.85000000000006,-15.8990573465544));
#5045=CARTESIAN_POINT('Ctrl Pts',(41.6328037918043,46.6499999999999,-15.8990573465544));
#5046=CARTESIAN_POINT('Ctrl Pts',(42.110319778162,-3.85000000000006,-16.0355122707661));
#5047=CARTESIAN_POINT('Ctrl Pts',(42.110319778162,46.6499999999999,-16.0355122707661));
#5048=CARTESIAN_POINT('Ctrl Pts',(42.5307987284712,-3.85000000000006,-16.0882751613264));
#5049=CARTESIAN_POINT('Ctrl Pts',(42.5307987284712,46.6499999999999,-16.0882751613264));
#5050=CARTESIAN_POINT('Ctrl Pts',(42.8389594435552,-3.85000000000006,-16.1000005438922));
#5051=CARTESIAN_POINT('Ctrl Pts',(42.8389594435552,46.6499999999999,-16.1000005438922));
#5052=CARTESIAN_POINT('Ctrl Pts',(43.0000001490115,-3.85000000000006,-16.1000005438922));
#5053=CARTESIAN_POINT('Ctrl Pts',(43.0000001490115,46.6499999999999,-16.1000005438922));
#5054=CARTESIAN_POINT('Ctrl Pts',(38.9376997527394,30.1499999999999,-10.7999999999999));
#5055=CARTESIAN_POINT('Ctrl Pts',(38.8636755203316,30.1499999999999,-10.6816361541737));
#5056=CARTESIAN_POINT('Ctrl Pts',(38.7915088903631,30.1500000000002,-10.5729372093461));
#5057=CARTESIAN_POINT('Ctrl Pts',(38.6409440591346,30.1500000000002,-10.3616247555981));
#5058=CARTESIAN_POINT('Ctrl Pts',(38.5342142102065,30.1500000000002,-10.2223987602057));
#5059=CARTESIAN_POINT('Ctrl Pts',(38.397977437807,30.1500000000002,-10.0913456065905));
#5060=CARTESIAN_POINT('Ctrl Pts',(38.3568041985155,30.1500000000002,-10.0558876885699));
#5061=CARTESIAN_POINT('Ctrl Pts',(38.2999532544785,30.1500000000002,-10.0221597884952));
#5062=CARTESIAN_POINT('Ctrl Pts',(38.2829893020829,30.1500000000002,-10.0136833697015));
#5063=CARTESIAN_POINT('Ctrl Pts',(38.2515428520761,30.1500000000002,-10.0031396581153));
#5064=CARTESIAN_POINT('Ctrl Pts',(38.2366082160401,30.1499999999999,-9.99999999999988));
#5065=CARTESIAN_POINT('Ctrl Pts',(38.2216629900208,30.1499999999999,-9.99999999999988));
#5066=CARTESIAN_POINT('',(39.5840732717591,-3.85000000000006,-11.9999999999999));
#5067=CARTESIAN_POINT('Ctrl Pts',(39.5840732717576,-3.85000000000006,-11.9999999999967));
#5068=CARTESIAN_POINT('Ctrl Pts',(39.4505375357749,-3.84999999999961,-11.7140012541764));
#5069=CARTESIAN_POINT('Ctrl Pts',(39.3061887815507,-3.78872549097331,-11.4340834425081));
#5070=CARTESIAN_POINT('Ctrl Pts',(39.0133743418448,-3.55463973887361,-10.9148717380816));
#5071=CARTESIAN_POINT('Ctrl Pts',(38.8656413038856,-3.37927880860383,-10.6779174119872));
#5072=CARTESIAN_POINT('Ctrl Pts',(38.6208466726513,-2.97915489718414,-10.3327112932508));
#5073=CARTESIAN_POINT('Ctrl Pts',(38.5205076691063,-2.77322160315673,-10.2093365387861));
#5074=CARTESIAN_POINT('Ctrl Pts',(38.3492392551628,-2.32864058731906,-10.0443453341327));
#5075=CARTESIAN_POINT('Ctrl Pts',(38.2786481188538,-2.09544471419879,-10.0006915137799));
#5076=CARTESIAN_POINT('Ctrl Pts',(38.2225424251611,-1.85380087436464,-10.0000027090668));
#5077=CARTESIAN_POINT('Ctrl Pts',(38.222102223444,-1.85190055014676,-9.99999999999988));
#5078=CARTESIAN_POINT('Ctrl Pts',(38.2216629900208,-1.85000000000005,-9.99999999999988));
#5079=CARTESIAN_POINT('Ctrl Pts',(43.0000001490115,-3.85000000000006,-16.1000005438922));
#5080=CARTESIAN_POINT('Ctrl Pts',(42.8389594435552,-3.85000000000006,-16.1000005438922));
#5081=CARTESIAN_POINT('Ctrl Pts',(42.5307987284712,-3.85000000000006,-16.0882751613264));
#5082=CARTESIAN_POINT('Ctrl Pts',(42.110319778162,-3.85000000000006,-16.0355122707661));
#5083=CARTESIAN_POINT('Ctrl Pts',(41.6328037918043,-3.85000000000006,-15.8990573465544));
#5084=CARTESIAN_POINT('Ctrl Pts',(41.1699820282734,-3.85000000000006,-15.6411090030001));
#5085=CARTESIAN_POINT('Ctrl Pts',(40.8313514494512,-3.85000000000006,-15.3220779026358));
#5086=CARTESIAN_POINT('Ctrl Pts',(40.5993875361048,-3.85000000000006,-14.9636733627975));
#5087=CARTESIAN_POINT('Ctrl Pts',(40.4458156333893,-3.85000000000006,-14.5743221694651));
#5088=CARTESIAN_POINT('Ctrl Pts',(40.3291377060726,-3.85000000000006,-14.1420759899463));
#5089=CARTESIAN_POINT('Ctrl Pts',(40.2042828119873,-3.85000000000006,-13.6473228115127));
#5090=CARTESIAN_POINT('Ctrl Pts',(40.0452026224219,-3.85000000000005,-13.1198049058716));
#5091=CARTESIAN_POINT('Ctrl Pts',(39.8728571575975,-3.85000000000005,-12.6560477150983));
#5092=CARTESIAN_POINT('Ctrl Pts',(39.7230607557298,-3.85000000000005,-12.3031039072379));
#5093=CARTESIAN_POINT('Ctrl Pts',(39.622838016206,-3.85000000000006,-12.0830239801523));
#5094=CARTESIAN_POINT('Ctrl Pts',(39.5840732717591,-3.85000000000006,-11.9999999999999));
#5095=CARTESIAN_POINT('Origin',(43.0000001490115,30.1499999999999,-13.050000271946));
#5096=CARTESIAN_POINT('Origin',(6.00000000000003,-3.85000000000006,-11.9999999999999));
#5097=CARTESIAN_POINT('',(6.00000000000003,-3.85000000000006,-11.9999999999999));
#5098=CARTESIAN_POINT('',(23.4159267282409,-3.85000000000006,-11.9999999999999));
#5099=CARTESIAN_POINT('',(6.00000000000003,-3.85000000000006,-11.9999999999999));
#5100=CARTESIAN_POINT('',(19.9999998509885,-3.85000000000006,-16.1000005438922));
#5101=CARTESIAN_POINT('Ctrl Pts',(23.4159267282409,-3.85000000000006,-11.9999999999999));
#5102=CARTESIAN_POINT('Ctrl Pts',(23.377161983794,-3.85000000000006,-12.0830239801523));
#5103=CARTESIAN_POINT('Ctrl Pts',(23.2769392442702,-3.85000000000006,-12.3031039072379));
#5104=CARTESIAN_POINT('Ctrl Pts',(23.1271428424025,-3.85000000000006,-12.6560477150983));
#5105=CARTESIAN_POINT('Ctrl Pts',(22.9547973775781,-3.85000000000006,-13.1198049058716));
#5106=CARTESIAN_POINT('Ctrl Pts',(22.7957171880127,-3.85000000000006,-13.6473228115127));
#5107=CARTESIAN_POINT('Ctrl Pts',(22.6708622939274,-3.85000000000006,-14.1420759899463));
#5108=CARTESIAN_POINT('Ctrl Pts',(22.5541843666107,-3.85000000000006,-14.5743221694651));
#5109=CARTESIAN_POINT('Ctrl Pts',(22.4006124638952,-3.85000000000006,-14.9636733627975));
#5110=CARTESIAN_POINT('Ctrl Pts',(22.1686485505488,-3.85000000000006,-15.3220779026358));
#5111=CARTESIAN_POINT('Ctrl Pts',(21.8300179717266,-3.85000000000006,-15.6411090030001));
#5112=CARTESIAN_POINT('Ctrl Pts',(21.3671962081957,-3.85000000000006,-15.8990573465544));
#5113=CARTESIAN_POINT('Ctrl Pts',(20.889680221838,-3.85000000000006,-16.0355122707661));
#5114=CARTESIAN_POINT('Ctrl Pts',(20.4692012715287,-3.85000000000006,-16.0882751613264));
#5115=CARTESIAN_POINT('Ctrl Pts',(20.1610405564448,-3.85000000000006,-16.1000005438922));
#5116=CARTESIAN_POINT('Ctrl Pts',(19.9999998509885,-3.85000000000006,-16.1000005438922));
#5117=CARTESIAN_POINT('',(16.5840729737361,-3.85000000000006,-11.9999999999999));
#5118=CARTESIAN_POINT('Ctrl Pts',(19.9999998509885,-3.85000000000006,-16.1000005438922));
#5119=CARTESIAN_POINT('Ctrl Pts',(19.8389591455322,-3.85000000000006,-16.1000005438922));
#5120=CARTESIAN_POINT('Ctrl Pts',(19.5307984304482,-3.85000000000006,-16.0882751613265));
#5121=CARTESIAN_POINT('Ctrl Pts',(19.1103194801389,-3.85000000000006,-16.0355122707661));
#5122=CARTESIAN_POINT('Ctrl Pts',(18.6328034937813,-3.85000000000006,-15.8990573465544));
#5123=CARTESIAN_POINT('Ctrl Pts',(18.1699817302504,-3.85000000000006,-15.6411090030001));
#5124=CARTESIAN_POINT('Ctrl Pts',(17.8313511514282,-3.85000000000006,-15.3220779026358));
#5125=CARTESIAN_POINT('Ctrl Pts',(17.5993872380818,-3.85000000000006,-14.9636733627975));
#5126=CARTESIAN_POINT('Ctrl Pts',(17.4458153353663,-3.85000000000006,-14.5743221694652));
#5127=CARTESIAN_POINT('Ctrl Pts',(17.3291374080496,-3.85000000000006,-14.1420759899463));
#5128=CARTESIAN_POINT('Ctrl Pts',(17.2042825139643,-3.85000000000006,-13.6473228115127));
#5129=CARTESIAN_POINT('Ctrl Pts',(17.0452023243989,-3.85000000000006,-13.1198049058716));
#5130=CARTESIAN_POINT('Ctrl Pts',(16.8728568595745,-3.85000000000006,-12.6560477150983));
#5131=CARTESIAN_POINT('Ctrl Pts',(16.7230604577068,-3.85000000000006,-12.3031039072379));
#5132=CARTESIAN_POINT('Ctrl Pts',(16.622837718183,-3.85000000000006,-12.0830239801523));
#5133=CARTESIAN_POINT('Ctrl Pts',(16.5840729737361,-3.85000000000006,-11.9999999999999));
#5134=CARTESIAN_POINT('',(6.00000000000003,-3.85000000000006,-11.9999999999999));
#5135=CARTESIAN_POINT('',(46.5500001490117,-3.85000000000006,-14.1));
#5136=CARTESIAN_POINT('Origin',(47.9500001490117,-3.85000000000006,-14.1));
#5137=CARTESIAN_POINT('',(13.6500001490116,-3.85000000000006,-14.1));
#5138=CARTESIAN_POINT('Origin',(15.0500001490116,-3.85000000000006,-14.1));
#5139=CARTESIAN_POINT('',(36.6500001490117,-3.85000000000006,-14.1));
#5140=CARTESIAN_POINT('Origin',(38.0500001490117,-3.85000000000006,-14.1));
#5141=CARTESIAN_POINT('',(23.5500001490116,-3.85000000000006,-14.1));
#5142=CARTESIAN_POINT('Origin',(24.9500001490116,-3.85000000000006,-14.1));
#5143=CARTESIAN_POINT('Origin',(6.00000000000003,-1.85000000000005,-11.9999999999999));
#5144=CARTESIAN_POINT('Ctrl Pts',(24.7783370099792,-1.85000000000006,-9.99999999999988));
#5145=CARTESIAN_POINT('Ctrl Pts',(24.7778977765984,-1.85190054996365,-9.99999999999988));
#5146=CARTESIAN_POINT('Ctrl Pts',(24.7774575747943,-1.8538008745476,-10.0000027090673));
#5147=CARTESIAN_POINT('Ctrl Pts',(24.7213518824704,-2.09544470878184,-10.0006915137645));
#5148=CARTESIAN_POINT('Ctrl Pts',(24.6507607467455,-2.32864058236593,-10.0443453322941));
#5149=CARTESIAN_POINT('Ctrl Pts',(24.4794923308928,-2.77322160315839,-10.2093365387871));
#5150=CARTESIAN_POINT('Ctrl Pts',(24.3791533273483,-2.97915489718487,-10.3327112932515));
#5151=CARTESIAN_POINT('Ctrl Pts',(24.1343586961144,-3.37927880860386,-10.6779174119873));
#5152=CARTESIAN_POINT('Ctrl Pts',(23.9866256581551,-3.55463973887364,-10.9148717380817));
#5153=CARTESIAN_POINT('Ctrl Pts',(23.6938112184493,-3.78872549097331,-11.4340834425082));
#5154=CARTESIAN_POINT('Ctrl Pts',(23.5494624642251,-3.84999999999961,-11.7140012541764));
#5155=CARTESIAN_POINT('Ctrl Pts',(23.4159267282424,-3.85000000000006,-11.9999999999968));
#5156=CARTESIAN_POINT('Ctrl Pts',(24.0623002472606,22.1499999999999,-18.7999999999999));
#5157=CARTESIAN_POINT('Ctrl Pts',(21.3540999830792,22.1499999999999,-18.7999999999999));
#5158=CARTESIAN_POINT('Ctrl Pts',(18.6458997188978,22.1499999999999,-18.7999999999999));
#5159=CARTESIAN_POINT('Ctrl Pts',(15.9376994547163,22.1499999999999,-18.7999999999999));
#5160=CARTESIAN_POINT('Ctrl Pts',(24.0623002472606,22.4134057612733,-18.7999999999999));
#5161=CARTESIAN_POINT('Ctrl Pts',(21.3540999830792,22.4134057612733,-18.7999999999999));
#5162=CARTESIAN_POINT('Ctrl Pts',(18.6458997188978,22.4134057612733,-18.7999999999999));
#5163=CARTESIAN_POINT('Ctrl Pts',(15.9376994547163,22.4134057612733,-18.7999999999999));
#5164=CARTESIAN_POINT('Ctrl Pts',(24.0623002472606,23.0744452903876,-18.6915962048991));
#5165=CARTESIAN_POINT('Ctrl Pts',(21.3540999830792,23.0744452903876,-18.6915962048991));
#5166=CARTESIAN_POINT('Ctrl Pts',(18.6458997188978,23.0744452903876,-18.6915962048991));
#5167=CARTESIAN_POINT('Ctrl Pts',(15.9376994547163,23.0744452903876,-18.6915962048991));
#5168=CARTESIAN_POINT('Ctrl Pts',(24.0623002472606,24.5240034728061,-18.013570407063));
#5169=CARTESIAN_POINT('Ctrl Pts',(21.3540999830792,24.5240034728061,-18.013570407063));
#5170=CARTESIAN_POINT('Ctrl Pts',(18.6458997188978,24.5240034728061,-18.013570407063));
#5171=CARTESIAN_POINT('Ctrl Pts',(15.9376994547163,24.5240034728061,-18.013570407063));
#5172=CARTESIAN_POINT('Ctrl Pts',(24.0623002472606,26.3116137162615,-16.7128641686428));
#5173=CARTESIAN_POINT('Ctrl Pts',(21.3540999830792,26.3116137162615,-16.7128641686428));
#5174=CARTESIAN_POINT('Ctrl Pts',(18.6458997188978,26.3116137162615,-16.7128641686428));
#5175=CARTESIAN_POINT('Ctrl Pts',(15.9376994547163,26.3116137162615,-16.7128641686428));
#5176=CARTESIAN_POINT('Ctrl Pts',(24.0623002472606,28.0642156505418,-14.96147484312));
#5177=CARTESIAN_POINT('Ctrl Pts',(21.3540999830792,28.0642156505418,-14.96147484312));
#5178=CARTESIAN_POINT('Ctrl Pts',(18.6458997188978,28.0642156505418,-14.96147484312));
#5179=CARTESIAN_POINT('Ctrl Pts',(15.9376994547163,28.0642156505418,-14.96147484312));
#5180=CARTESIAN_POINT('Ctrl Pts',(24.0623002472606,29.3620070861994,-13.1754704960082));
#5181=CARTESIAN_POINT('Ctrl Pts',(21.3540999830792,29.3620070861994,-13.1754704960082));
#5182=CARTESIAN_POINT('Ctrl Pts',(18.6458997188978,29.3620070861994,-13.1754704960082));
#5183=CARTESIAN_POINT('Ctrl Pts',(15.9376994547163,29.3620070861994,-13.1754704960082));
#5184=CARTESIAN_POINT('Ctrl Pts',(24.0623002472606,30.0423085735242,-11.7237484021885));
#5185=CARTESIAN_POINT('Ctrl Pts',(21.3540999830792,30.0423085735242,-11.7237484021885));
#5186=CARTESIAN_POINT('Ctrl Pts',(18.6458997188978,30.0423085735242,-11.7237484021885));
#5187=CARTESIAN_POINT('Ctrl Pts',(15.9376994547163,30.0423085735242,-11.7237484021885));
#5188=CARTESIAN_POINT('Ctrl Pts',(24.0623002472606,30.1499999999999,-11.0634057612733));
#5189=CARTESIAN_POINT('Ctrl Pts',(21.3540999830792,30.1499999999999,-11.0634057612733));
#5190=CARTESIAN_POINT('Ctrl Pts',(18.6458997188978,30.1499999999999,-11.0634057612733));
#5191=CARTESIAN_POINT('Ctrl Pts',(15.9376994547163,30.1499999999999,-11.0634057612733));
#5192=CARTESIAN_POINT('Ctrl Pts',(24.0623002472606,30.1499999999999,-10.7999999999999));
#5193=CARTESIAN_POINT('Ctrl Pts',(21.3540999830792,30.1499999999999,-10.7999999999999));
#5194=CARTESIAN_POINT('Ctrl Pts',(18.6458997188978,30.1499999999999,-10.7999999999999));
#5195=CARTESIAN_POINT('Ctrl Pts',(15.9376994547163,30.1499999999999,-10.7999999999999));
#5196=CARTESIAN_POINT('',(17.6212048163738,22.1499999999999,-18.7999999999999));
#5197=CARTESIAN_POINT('',(17.6212048163738,27.98389734016,-14.96020744771));
#5198=CARTESIAN_POINT('Ctrl Pts',(17.6212048163738,22.1499999999999,-18.7999999999999));
#5199=CARTESIAN_POINT('Ctrl Pts',(17.6212048163738,22.4591257433578,-18.7999999999999));
#5200=CARTESIAN_POINT('Ctrl Pts',(17.6212048163738,22.7865370716588,-18.7253646324144));
#5201=CARTESIAN_POINT('Ctrl Pts',(17.6212048163738,23.726416559579,-18.4179884984416));
#5202=CARTESIAN_POINT('Ctrl Pts',(17.6212048163738,24.4697113369377,-18.0198221152382));
#5203=CARTESIAN_POINT('Ctrl Pts',(17.6212048163738,26.2206158294825,-16.7795210957191));
#5204=CARTESIAN_POINT('Ctrl Pts',(17.6212048163738,27.1774329551768,-15.8951226777259));
#5205=CARTESIAN_POINT('Ctrl Pts',(17.6212048163738,27.98389734016,-14.96020744771));
#5206=CARTESIAN_POINT('',(22.3787948856032,22.1499999999999,-18.7999999999999));
#5207=CARTESIAN_POINT('Ctrl Pts',(17.6212048163738,22.1499999999999,-18.7999999999999));
#5208=CARTESIAN_POINT('Ctrl Pts',(19.2070681727836,22.1499999999999,-18.7999999999999));
#5209=CARTESIAN_POINT('Ctrl Pts',(20.7929315291934,22.1499999999999,-18.7999999999999));
#5210=CARTESIAN_POINT('Ctrl Pts',(22.3787948856032,22.1499999999999,-18.7999999999999));
#5211=CARTESIAN_POINT('',(22.3787948856032,27.98389734016,-14.96020744771));
#5212=CARTESIAN_POINT('Ctrl Pts',(22.3787948856032,27.98389734016,-14.96020744771));
#5213=CARTESIAN_POINT('Ctrl Pts',(22.3787948856032,27.0409279261668,-16.0533697534451));
#5214=CARTESIAN_POINT('Ctrl Pts',(22.3787948856032,25.9121536539971,-17.0539176642939));
#5215=CARTESIAN_POINT('Ctrl Pts',(22.3787948856032,24.3233518607912,-18.0794025493154));
#5216=CARTESIAN_POINT('Ctrl Pts',(22.3787948856032,23.778199794877,-18.3779461606174));
#5217=CARTESIAN_POINT('Ctrl Pts',(22.3787948856032,22.9484996274736,-18.680223945856));
#5218=CARTESIAN_POINT('Ctrl Pts',(22.3787948856032,22.5408713163754,-18.7999999999999));
#5219=CARTESIAN_POINT('Ctrl Pts',(22.3787948856032,22.1499999999999,-18.7999999999999));
#5220=CARTESIAN_POINT('',(24.0623002472606,30.1499999999999,-10.7999999999999));
#5221=CARTESIAN_POINT('Ctrl Pts',(24.0623002472606,30.1499999999999,-10.7999999999999));
#5222=CARTESIAN_POINT('Ctrl Pts',(23.8621767669088,30.1499999999999,-11.1199950070955));
#5223=CARTESIAN_POINT('Ctrl Pts',(23.661952022327,30.0694116731001,-11.4868239692031));
#5224=CARTESIAN_POINT('Ctrl Pts',(23.3182531228721,29.8119298658579,-12.2010526700943));
#5225=CARTESIAN_POINT('Ctrl Pts',(23.1357768042444,29.6247734444047,-12.6145579562773));
#5226=CARTESIAN_POINT('Ctrl Pts',(22.8192065238715,29.0723170752228,-13.5489797765832));
#5227=CARTESIAN_POINT('Ctrl Pts',(22.7287044053719,28.80710549342,-13.9223144962021));
#5228=CARTESIAN_POINT('Ctrl Pts',(22.5691058366057,28.3651982914295,-14.5082553777091));
#5229=CARTESIAN_POINT('Ctrl Pts',(22.4906804881408,28.1673265446637,-14.7475622768712));
#5230=CARTESIAN_POINT('Ctrl Pts',(22.3787948856032,27.98389734016,-14.96020744771));
#5231=CARTESIAN_POINT('',(15.9376994547163,30.1499999999999,-10.7999999999999));
#5232=CARTESIAN_POINT('Ctrl Pts',(24.0623002472606,30.1499999999999,-10.7999999999999));
#5233=CARTESIAN_POINT('Ctrl Pts',(21.3540999830792,30.1499999999999,-10.7999999999999));
#5234=CARTESIAN_POINT('Ctrl Pts',(18.6458997188978,30.1499999999999,-10.7999999999999));
#5235=CARTESIAN_POINT('Ctrl Pts',(15.9376994547163,30.1499999999999,-10.7999999999999));
#5236=CARTESIAN_POINT('Ctrl Pts',(17.6212048163739,27.98389734016,-14.96020744771));
#5237=CARTESIAN_POINT('Ctrl Pts',(17.5154683662391,28.1572454072514,-14.7592491028218));
#5238=CARTESIAN_POINT('Ctrl Pts',(17.4433008419722,28.33467016647,-14.5435692223997));
#5239=CARTESIAN_POINT('Ctrl Pts',(17.2570458204321,28.8413334102205,-13.8836677197921));
#5240=CARTESIAN_POINT('Ctrl Pts',(17.0817696048197,29.4025860745195,-13.1169481254464));
#5241=CARTESIAN_POINT('Ctrl Pts',(16.5638784187348,29.9093404696972,-11.9488152618781));
#5242=CARTESIAN_POINT('Ctrl Pts',(16.4319286734931,30.0062782312389,-11.6775431030555));
#5243=CARTESIAN_POINT('Ctrl Pts',(16.1812388005562,30.1187690461891,-11.2080409519951));
#5244=CARTESIAN_POINT('Ctrl Pts',(16.0624547658248,30.1499999999999,-10.9994822226416));
#5245=CARTESIAN_POINT('Ctrl Pts',(15.9376994547163,30.1499999999999,-10.7999999999999));
#5246=CARTESIAN_POINT('Ctrl Pts',(24.7783370099791,-3.85000000000006,-9.99999999999988));
#5247=CARTESIAN_POINT('Ctrl Pts',(24.7783370099791,46.6499999999999,-9.99999999999988));
#5248=CARTESIAN_POINT('Ctrl Pts',(24.744293708494,-3.85000000000006,-9.99999999999988));
#5249=CARTESIAN_POINT('Ctrl Pts',(24.744293708494,46.6499999999999,-9.99999999999988));
#5250=CARTESIAN_POINT('Ctrl Pts',(24.6659897972296,-3.85000000000006,-10.0271232209019));
#5251=CARTESIAN_POINT('Ctrl Pts',(24.6659897972296,46.6499999999999,-10.0271232209019));
#5252=CARTESIAN_POINT('Ctrl Pts',(24.5178817813945,-3.85000000000006,-10.149177510738));
#5253=CARTESIAN_POINT('Ctrl Pts',(24.5178817813945,46.65,-10.149177510738));
#5254=CARTESIAN_POINT('Ctrl Pts',(24.2662690462069,-3.85000000000006,-10.46318298065));
#5255=CARTESIAN_POINT('Ctrl Pts',(24.2662690462069,46.65,-10.46318298065));
#5256=CARTESIAN_POINT('Ctrl Pts',(23.9015297740926,-3.85000000000006,-11.0421407056358));
#5257=CARTESIAN_POINT('Ctrl Pts',(23.9015297740926,46.65,-11.0421407056358));
#5258=CARTESIAN_POINT('Ctrl Pts',(23.5358631605817,-3.85000000000006,-11.7235136085942));
#5259=CARTESIAN_POINT('Ctrl Pts',(23.5358631605817,46.65,-11.7235136085942));
#5260=CARTESIAN_POINT('Ctrl Pts',(23.2148414326115,-3.85000000000006,-12.4233737559414));
#5261=CARTESIAN_POINT('Ctrl Pts',(23.2148414326115,46.65,-12.4233737559414));
#5262=CARTESIAN_POINT('Ctrl Pts',(22.9684710502807,-3.85000000000006,-13.0744623198071));
#5263=CARTESIAN_POINT('Ctrl Pts',(22.9684710502807,46.65,-13.0744623198071));
#5264=CARTESIAN_POINT('Ctrl Pts',(22.7957171880127,-3.85000000000006,-13.6473228115127));
#5265=CARTESIAN_POINT('Ctrl Pts',(22.7957171880127,46.65,-13.6473228115127));
#5266=CARTESIAN_POINT('Ctrl Pts',(22.6708622939274,-3.85000000000006,-14.1420759899463));
#5267=CARTESIAN_POINT('Ctrl Pts',(22.6708622939274,46.65,-14.1420759899463));
#5268=CARTESIAN_POINT('Ctrl Pts',(22.5541843666107,-3.85000000000006,-14.5743221694651));
#5269=CARTESIAN_POINT('Ctrl Pts',(22.5541843666107,46.65,-14.5743221694651));
#5270=CARTESIAN_POINT('Ctrl Pts',(22.4006124638952,-3.85000000000006,-14.9636733627975));
#5271=CARTESIAN_POINT('Ctrl Pts',(22.4006124638952,46.65,-14.9636733627975));
#5272=CARTESIAN_POINT('Ctrl Pts',(22.1686485505488,-3.85000000000006,-15.3220779026358));
#5273=CARTESIAN_POINT('Ctrl Pts',(22.1686485505488,46.6499999999999,-15.3220779026358));
#5274=CARTESIAN_POINT('Ctrl Pts',(21.8300179717266,-3.85000000000006,-15.6411090030001));
#5275=CARTESIAN_POINT('Ctrl Pts',(21.8300179717266,46.6499999999999,-15.6411090030001));
#5276=CARTESIAN_POINT('Ctrl Pts',(21.3671962081957,-3.85000000000006,-15.8990573465544));
#5277=CARTESIAN_POINT('Ctrl Pts',(21.3671962081957,46.6499999999999,-15.8990573465544));
#5278=CARTESIAN_POINT('Ctrl Pts',(20.889680221838,-3.85000000000006,-16.0355122707661));
#5279=CARTESIAN_POINT('Ctrl Pts',(20.889680221838,46.6499999999999,-16.0355122707661));
#5280=CARTESIAN_POINT('Ctrl Pts',(20.4692012715287,-3.85000000000006,-16.0882751613264));
#5281=CARTESIAN_POINT('Ctrl Pts',(20.4692012715287,46.6499999999999,-16.0882751613264));
#5282=CARTESIAN_POINT('Ctrl Pts',(20.1610405564448,-3.85000000000006,-16.1000005438922));
#5283=CARTESIAN_POINT('Ctrl Pts',(20.1610405564448,46.6499999999999,-16.1000005438922));
#5284=CARTESIAN_POINT('Ctrl Pts',(19.9999998509885,-3.85000000000006,-16.1000005438922));
#5285=CARTESIAN_POINT('Ctrl Pts',(19.9999998509885,46.6499999999999,-16.1000005438922));
#5286=CARTESIAN_POINT('',(22.3787948856032,14.1499999999999,-14.96020744771));
#5287=CARTESIAN_POINT('Ctrl Pts',(22.3787948856032,27.98389734016,-14.96020744771));
#5288=CARTESIAN_POINT('Ctrl Pts',(22.3787948856032,25.78926489344,-14.96020744771));
#5289=CARTESIAN_POINT('Ctrl Pts',(22.3787948856032,23.59463244672,-14.96020744771));
#5290=CARTESIAN_POINT('Ctrl Pts',(22.3787948856032,18.9833333333333,-14.96020744771));
#5291=CARTESIAN_POINT('Ctrl Pts',(22.3787948856032,16.5666666666666,-14.96020744771));
#5292=CARTESIAN_POINT('Ctrl Pts',(22.3787948856032,14.15,-14.96020744771));
#5293=CARTESIAN_POINT('',(22.3787948628934,11.6499999999999,-14.9602074908713));
#5294=CARTESIAN_POINT('Ctrl Pts',(22.3787948628934,11.6499999999999,-14.9602074908713));
#5295=CARTESIAN_POINT('Ctrl Pts',(22.3787948628934,12.4833333333333,-14.9602074908713));
#5296=CARTESIAN_POINT('Ctrl Pts',(22.3787948822387,13.3166666666666,-14.9602074541042));
#5297=CARTESIAN_POINT('Ctrl Pts',(22.3787948856032,14.1499999999999,-14.96020744771));
#5298=CARTESIAN_POINT('',(19.9999998509885,11.6499999999999,-16.1000005438922));
#5299=CARTESIAN_POINT('Ctrl Pts',(19.9999998509885,11.6499999999999,-16.1000005438922));
#5300=CARTESIAN_POINT('Ctrl Pts',(20.7210774475196,11.6499999999999,-16.1000005438922));
#5301=CARTESIAN_POINT('Ctrl Pts',(21.4901865304797,11.6499999999999,-15.8956958487612));
#5302=CARTESIAN_POINT('Ctrl Pts',(22.10234789444,11.6499999999999,-15.388677826737));
#5303=CARTESIAN_POINT('Ctrl Pts',(22.2947309232337,11.6499999999999,-15.1199759456881));
#5304=CARTESIAN_POINT('Ctrl Pts',(22.3787948628934,11.6499999999999,-14.9602074908713));
#5305=CARTESIAN_POINT('',(19.9999998509885,-3.85000000000006,-16.1000005438922));
#5306=CARTESIAN_POINT('Ctrl Pts',(24.7783370099791,30.1499999999999,-9.99999999999988));
#5307=CARTESIAN_POINT('Ctrl Pts',(24.7631810411112,30.1499999999999,-9.99999999999988));
#5308=CARTESIAN_POINT('Ctrl Pts',(24.7480334568371,30.1499999999999,-10.0032289631906));
#5309=CARTESIAN_POINT('Ctrl Pts',(24.7067953432812,30.1499999999999,-10.0172107103508));
#5310=CARTESIAN_POINT('Ctrl Pts',(24.680149725128,30.1499999999999,-10.0329774971917));
#5311=CARTESIAN_POINT('Ctrl Pts',(24.5960296321561,30.1499999999999,-10.0920186473865));
#5312=CARTESIAN_POINT('Ctrl Pts',(24.5322077090412,30.1499999999999,-10.1570709559847));
#5313=CARTESIAN_POINT('Ctrl Pts',(24.3517898543978,30.1499999999999,-10.3633822135297));
#5314=CARTESIAN_POINT('Ctrl Pts',(24.2093032546078,30.1499999999999,-10.5649439821031));
#5315=CARTESIAN_POINT('Ctrl Pts',(24.0623002472606,30.1499999999999,-10.7999999999999));
#5316=CARTESIAN_POINT('Origin',(22.3787948856032,19.1499999999999,-18.7999999999999));
#5317=CARTESIAN_POINT('',(22.3787948856464,17.6203892570037,-18.7999999999999));
#5318=CARTESIAN_POINT('',(22.3787948856032,19.1499999999999,-18.7999999999999));
#5319=CARTESIAN_POINT('',(22.3787948856031,13.7477542633508,-16.6106669994661));
#5320=CARTESIAN_POINT('Ctrl Pts',(22.3787948856032,17.6203892569697,-18.7999999999999));
#5321=CARTESIAN_POINT('Ctrl Pts',(22.3787948856032,17.0678540723927,-18.7999999999999));
#5322=CARTESIAN_POINT('Ctrl Pts',(22.3787948856031,16.5134325238522,-18.7003226286259));
#5323=CARTESIAN_POINT('Ctrl Pts',(22.3787948856031,15.5138128270834,-18.3341129989726));
#5324=CARTESIAN_POINT('Ctrl Pts',(22.3787948856033,15.0613314897696,-18.078007235908));
#5325=CARTESIAN_POINT('Ctrl Pts',(22.3787948856033,14.2933865871573,-17.4251723433571));
#5326=CARTESIAN_POINT('Ctrl Pts',(22.3787948856031,13.9809740620207,-17.0429831146673));
#5327=CARTESIAN_POINT('Ctrl Pts',(22.3787948856031,13.7477542633508,-16.6106669994661));
#5328=CARTESIAN_POINT('Ctrl Pts',(22.3787948856031,13.7477542633508,-16.6106669994661));
#5329=CARTESIAN_POINT('Ctrl Pts',(22.3787948856031,13.6085742703597,-16.3526710907706));
#5330=CARTESIAN_POINT('Ctrl Pts',(22.3787948856031,13.4379403775012,-16.111616662465));
#5331=CARTESIAN_POINT('Ctrl Pts',(22.3787948856031,13.0136995941635,-15.6333986501877));
#5332=CARTESIAN_POINT('Ctrl Pts',(22.3787948856032,12.7622378011695,-15.4183959509518));
#5333=CARTESIAN_POINT('Ctrl Pts',(22.3787948856032,12.3937139589559,-15.1785842395981));
#5334=CARTESIAN_POINT('Ctrl Pts',(22.3787948856032,12.252929816919,-15.1022191399114));
#5335=CARTESIAN_POINT('Ctrl Pts',(22.3787948856032,11.9449615576822,-14.9870689122764));
#5336=CARTESIAN_POINT('Ctrl Pts',(22.3787948856031,11.794619344065,-14.96020744771));
#5337=CARTESIAN_POINT('Ctrl Pts',(22.3787948856031,11.6499999999999,-14.96020744771));
#5338=CARTESIAN_POINT('Origin',(17.6212048163738,19.1499999999999,-18.7999999999999));
#5339=CARTESIAN_POINT('',(17.6212048163658,17.6203892569761,-18.7999999999999));
#5340=CARTESIAN_POINT('',(17.6212048163738,19.1499999999999,-18.7999999999999));
#5341=CARTESIAN_POINT('',(19.9999998509885,16.9235183574553,-18.7999999999999));
#5342=CARTESIAN_POINT('Ctrl Pts',(19.9999998509885,16.9235183574553,-18.7999999999999));
#5343=CARTESIAN_POINT('Ctrl Pts',(19.8808963402613,16.9235183574553,-18.7999999999999));
#5344=CARTESIAN_POINT('Ctrl Pts',(19.6429732858683,16.9306862348694,-18.7999999999999));
#5345=CARTESIAN_POINT('Ctrl Pts',(19.2859734229452,16.973001340329,-18.7999999999999));
#5346=CARTESIAN_POINT('Ctrl Pts',(18.9359155884893,17.0591688721762,-18.7999999999999));
#5347=CARTESIAN_POINT('Ctrl Pts',(18.603092961999,17.1892946822898,-18.7999999999999));
#5348=CARTESIAN_POINT('Ctrl Pts',(18.3324433483519,17.3134787614401,-18.7999999999999));
#5349=CARTESIAN_POINT('Ctrl Pts',(18.1423594010461,17.3994273263309,-18.7999999999999));
#5350=CARTESIAN_POINT('Ctrl Pts',(18.0334881583556,17.4478750262734,-18.7999999999999));
#5351=CARTESIAN_POINT('Ctrl Pts',(17.9243498348509,17.4956146460881,-18.7999999999999));
#5352=CARTESIAN_POINT('Ctrl Pts',(17.814698549759,17.54220830013,-18.7999999999999));
#5353=CARTESIAN_POINT('Ctrl Pts',(17.7181444469507,17.5817452202758,-18.7999999999999));
#5354=CARTESIAN_POINT('Ctrl Pts',(17.6697249506832,17.6011819531221,-18.7999999999999));
#5355=CARTESIAN_POINT('Ctrl Pts',(17.6420130662041,17.6121907286059,-18.7999999999999));
#5356=CARTESIAN_POINT('Ctrl Pts',(17.6281432662078,17.6176620012072,-18.7999999999999));
#5357=CARTESIAN_POINT('Ctrl Pts',(17.6212048163648,17.6203892569733,-18.7999999999999));
#5358=CARTESIAN_POINT('Ctrl Pts',(22.3787948856522,17.620389256989,-18.7999999999999));
#5359=CARTESIAN_POINT('Ctrl Pts',(22.2679050635533,17.5768024452999,-18.7999999999999));
#5360=CARTESIAN_POINT('Ctrl Pts',(22.0481230541317,17.4853037848108,-18.7999999999999));
#5361=CARTESIAN_POINT('Ctrl Pts',(21.7219775691053,17.3383933185488,-18.7999999999999));
#5362=CARTESIAN_POINT('Ctrl Pts',(21.3965329581365,17.1890990152664,-18.7999999999999));
#5363=CARTESIAN_POINT('Ctrl Pts',(21.0640834987002,17.0591694288889,-18.7999999999999));
#5364=CARTESIAN_POINT('Ctrl Pts',(20.6001238965218,16.9448598841528,-18.7999999999999));
#5365=CARTESIAN_POINT('Ctrl Pts',(20.2381219202037,16.9235183574553,-18.7999999999999));
#5366=CARTESIAN_POINT('Ctrl Pts',(19.9999998509885,16.9235183574553,-18.7999999999999));
#5367=CARTESIAN_POINT('Ctrl Pts',(19.9999998509885,13.6782762913289,-17.1384618731644));
#5368=CARTESIAN_POINT('Ctrl Pts',(19.8150445017058,13.6782762913289,-17.1384618731644));
#5369=CARTESIAN_POINT('Ctrl Pts',(19.4173796184875,13.6810331672574,-17.1268966446054));
#5370=CARTESIAN_POINT('Ctrl Pts',(18.7165847972123,13.6973082078188,-17.0386190453235));
#5371=CARTESIAN_POINT('Ctrl Pts',(17.8696299428957,13.7304495662216,-16.783286682229));
#5372=CARTESIAN_POINT('Ctrl Pts',(17.0986457366886,13.7804979547268,-16.2927037318134));
#5373=CARTESIAN_POINT('Ctrl Pts',(16.7357421507957,13.8282610620923,-15.9463497850862));
#5374=CARTESIAN_POINT('Ctrl Pts',(16.5505012420572,13.8613182024349,-15.7755121790518));
#5375=CARTESIAN_POINT('Ctrl Pts',(16.459025747544,13.879951933182,-15.6893349188481));
#5376=CARTESIAN_POINT('Ctrl Pts',(16.3743246504225,13.8983133254185,-15.6120194529507));
#5377=CARTESIAN_POINT('Ctrl Pts',(16.2981138867276,13.9162339615884,-15.5447067686485));
#5378=CARTESIAN_POINT('Ctrl Pts',(16.2362688818619,13.9314404693368,-15.4927273924522));
#5379=CARTESIAN_POINT('Ctrl Pts',(16.2063606881668,13.9389161358161,-15.4682044779794));
#5380=CARTESIAN_POINT('Ctrl Pts',(16.1895316958287,13.943150280233,-15.4545944980705));
#5381=CARTESIAN_POINT('Ctrl Pts',(16.1811986537037,13.9452546158489,-15.4479173140052));
#5382=CARTESIAN_POINT('Ctrl Pts',(16.1770535105135,13.9463035603743,-15.444609416511));
#5383=CARTESIAN_POINT('Ctrl Pts',(19.9999998509885,14.0998187038398,-17.723464855439));
#5384=CARTESIAN_POINT('Ctrl Pts',(19.8235739929905,14.0998187038398,-17.723464855439));
#5385=CARTESIAN_POINT('Ctrl Pts',(19.4474013088738,14.1028891865099,-17.7151373708511));
#5386=CARTESIAN_POINT('Ctrl Pts',(18.7895017372719,14.1104715493136,-17.654708483369));
#5387=CARTESIAN_POINT('Ctrl Pts',(17.9961567214313,14.1147950253314,-17.4797427766874));
#5388=CARTESIAN_POINT('Ctrl Pts',(17.2392221969596,14.0948707446103,-17.1343005061141));
#5389=CARTESIAN_POINT('Ctrl Pts',(16.8519911437563,14.0841660078537,-16.8811981787767));
#5390=CARTESIAN_POINT('Ctrl Pts',(16.6515642115291,14.0869530782263,-16.7540405677072));
#5391=CARTESIAN_POINT('Ctrl Pts',(16.5509582343839,14.0892893791736,-16.6896256561791));
#5392=CARTESIAN_POINT('Ctrl Pts',(16.4577972225699,14.0929118363216,-16.6314619263641));
#5393=CARTESIAN_POINT('Ctrl Pts',(16.3737964690987,14.0978646513472,-16.5803482697044));
#5394=CARTESIAN_POINT('Ctrl Pts',(16.3055732686212,14.1024547327895,-16.5407962619035));
#5395=CARTESIAN_POINT('Ctrl Pts',(16.2726186241991,14.1048735332542,-16.5220774274725));
#5396=CARTESIAN_POINT('Ctrl Pts',(16.2540767531515,14.10625426842,-16.5116871346326));
#5397=CARTESIAN_POINT('Ctrl Pts',(16.2449030320559,14.1069584196259,-16.5065825143983));
#5398=CARTESIAN_POINT('Ctrl Pts',(16.2403377891714,14.107305985878,-16.5040552837788));
#5399=CARTESIAN_POINT('Ctrl Pts',(19.9999998509885,15.1205034749894,-18.5411119670822));
#5400=CARTESIAN_POINT('Ctrl Pts',(19.8443142976755,15.1205034749894,-18.5411119670822));
#5401=CARTESIAN_POINT('Ctrl Pts',(19.5178457994313,15.1230538321628,-18.5394098156315));
#5402=CARTESIAN_POINT('Ctrl Pts',(18.9672363383153,15.1337793864576,-18.5242159252377));
#5403=CARTESIAN_POINT('Ctrl Pts',(18.3257391032573,15.1401611135036,-18.4801074038127));
#5404=CARTESIAN_POINT('Ctrl Pts',(17.6897654019927,15.1127412464424,-18.3899428590901));
#5405=CARTESIAN_POINT('Ctrl Pts',(17.3157554212831,15.0957914559785,-18.3213417149068));
#5406=CARTESIAN_POINT('Ctrl Pts',(17.1065036170917,15.0971397799174,-18.2864824386996));
#5407=CARTESIAN_POINT('Ctrl Pts',(16.9971989862108,15.0997116058914,-18.2685529220858));
#5408=CARTESIAN_POINT('Ctrl Pts',(16.893621403359,15.1037350360718,-18.2523460656538));
#5409=CARTESIAN_POINT('Ctrl Pts',(16.796953580698,15.1091706700143,-18.2380929468192));
#5410=CARTESIAN_POINT('Ctrl Pts',(16.7166570439121,15.1148264478354,-18.2269190208059));
#5411=CARTESIAN_POINT('Ctrl Pts',(16.6774135064869,15.1177922882508,-18.2216242996018));
#5412=CARTESIAN_POINT('Ctrl Pts',(16.6552299197997,15.1195280569551,-18.2186741560902));
#5413=CARTESIAN_POINT('Ctrl Pts',(16.6442133661514,15.1204053409314,-18.2172254339185));
#5414=CARTESIAN_POINT('Ctrl Pts',(16.6387244966915,15.1208472248635,-18.216506179843));
#5415=CARTESIAN_POINT('Ctrl Pts',(19.9999998509885,16.382723892493,-18.7999999999999));
#5416=CARTESIAN_POINT('Ctrl Pts',(19.8699273152242,16.382723892493,-18.7999999999999));
#5417=CARTESIAN_POINT('Ctrl Pts',(19.605374297502,16.3883520037836,-18.7997071090069));
#5418=CARTESIAN_POINT('Ctrl Pts',(19.1902952162172,16.4211646211223,-18.7996278174987));
#5419=CARTESIAN_POINT('Ctrl Pts',(18.7528011384983,16.4833468968565,-18.7994420663376));
#5420=CARTESIAN_POINT('Ctrl Pts',(18.329156760158,16.5663795883739,-18.7995550398263));
#5421=CARTESIAN_POINT('Ctrl Pts',(18.0276150990766,16.648428893048,-18.7997638847732));
#5422=CARTESIAN_POINT('Ctrl Pts',(17.8317903149061,16.709041360309,-18.7997450058102));
#5423=CARTESIAN_POINT('Ctrl Pts',(17.7228183462624,16.7438145155042,-18.7998565350792));
#5424=CARTESIAN_POINT('Ctrl Pts',(17.6153592533848,16.7784949505115,-18.7999094837831));
#5425=CARTESIAN_POINT('Ctrl Pts',(17.5095916991553,16.8127555253086,-18.7998872586359));
#5426=CARTESIAN_POINT('Ctrl Pts',(17.417918373709,16.8421804587172,-18.7999456424167));
#5427=CARTESIAN_POINT('Ctrl Pts',(17.3722509193746,16.8566981603724,-18.7999678847883));
#5428=CARTESIAN_POINT('Ctrl Pts',(17.3461982373147,16.8649409622478,-18.7999868463971));
#5429=CARTESIAN_POINT('Ctrl Pts',(17.3331843075265,16.8690410907709,-18.7999946471687));
#5430=CARTESIAN_POINT('Ctrl Pts',(17.326680983621,16.8710870219464,-18.7999999999999));
#5431=CARTESIAN_POINT('Ctrl Pts',(19.9999998509885,16.9235183574553,-18.7999999999999));
#5432=CARTESIAN_POINT('Ctrl Pts',(19.8808963402613,16.9235183574553,-18.7999999999999));
#5433=CARTESIAN_POINT('Ctrl Pts',(19.6429732858683,16.9306862348694,-18.7999999999999));
#5434=CARTESIAN_POINT('Ctrl Pts',(19.2859734229452,16.973001340329,-18.7999999999999));
#5435=CARTESIAN_POINT('Ctrl Pts',(18.9359155884893,17.0591688721762,-18.7999999999999));
#5436=CARTESIAN_POINT('Ctrl Pts',(18.603092961999,17.1892946822898,-18.7999999999999));
#5437=CARTESIAN_POINT('Ctrl Pts',(18.3324433483519,17.3134787614401,-18.7999999999999));
#5438=CARTESIAN_POINT('Ctrl Pts',(18.1423594010461,17.3994273263309,-18.7999999999999));
#5439=CARTESIAN_POINT('Ctrl Pts',(18.0334881583556,17.4478750262734,-18.7999999999999));
#5440=CARTESIAN_POINT('Ctrl Pts',(17.9243498348509,17.4956146460881,-18.7999999999999));
#5441=CARTESIAN_POINT('Ctrl Pts',(17.814698549759,17.54220830013,-18.7999999999999));
#5442=CARTESIAN_POINT('Ctrl Pts',(17.7181444469507,17.5817452202758,-18.7999999999999));
#5443=CARTESIAN_POINT('Ctrl Pts',(17.6697249506832,17.6011819531221,-18.7999999999999));
#5444=CARTESIAN_POINT('Ctrl Pts',(17.6420130662041,17.6121907286059,-18.7999999999999));
#5445=CARTESIAN_POINT('Ctrl Pts',(17.6281432662078,17.6176620012072,-18.7999999999999));
#5446=CARTESIAN_POINT('Ctrl Pts',(17.6212048163648,17.6203892569733,-18.7999999999999));
#5447=CARTESIAN_POINT('',(17.6212048163738,13.7477542633508,-16.6106669994661));
#5448=CARTESIAN_POINT('Ctrl Pts',(17.6212048163738,13.7477542633508,-16.6106669994661));
#5449=CARTESIAN_POINT('Ctrl Pts',(17.6212048163738,13.9874901322165,-17.0550618582795));
#5450=CARTESIAN_POINT('Ctrl Pts',(17.6212048163738,14.3107743798571,-17.4462967367877));
#5451=CARTESIAN_POINT('Ctrl Pts',(17.6212048163738,15.0633237884281,-18.0732499910574));
#5452=CARTESIAN_POINT('Ctrl Pts',(17.6212048163739,15.4765399688375,-18.3104593413313));
#5453=CARTESIAN_POINT('Ctrl Pts',(17.6212048163739,16.4562707757256,-18.6897821857322));
#5454=CARTESIAN_POINT('Ctrl Pts',(17.6212048163738,17.039579521313,-18.7999999999999));
#5455=CARTESIAN_POINT('Ctrl Pts',(17.6212048163738,17.6203892569697,-18.7999999999999));
#5456=CARTESIAN_POINT('',(19.9999998509885,13.6782762913289,-17.1384618731644));
#5457=CARTESIAN_POINT('Ctrl Pts',(17.6212389362348,13.7478434678687,-16.6101725771888));
#5458=CARTESIAN_POINT('Ctrl Pts',(17.7058463501065,13.7427168325263,-16.6578348330322));
#5459=CARTESIAN_POINT('Ctrl Pts',(18.0588624518693,13.7230448948045,-16.8403348040318));
#5460=CARTESIAN_POINT('Ctrl Pts',(18.7165847972123,13.6973082078188,-17.0386190453235));
#5461=CARTESIAN_POINT('Ctrl Pts',(19.4173796184875,13.6810331672574,-17.1268966446054));
#5462=CARTESIAN_POINT('Ctrl Pts',(19.8150445017058,13.6782762913289,-17.1384618731644));
#5463=CARTESIAN_POINT('Ctrl Pts',(19.9999998509885,13.6782762913289,-17.1384618731644));
#5464=CARTESIAN_POINT('Origin',(19.9999998509885,16.9235183574553,-14.7999999999999));
#5465=CARTESIAN_POINT('Ctrl Pts',(19.9999998509885,16.9235183574553,-18.7999999999999));
#5466=CARTESIAN_POINT('Ctrl Pts',(20.2381219202037,16.9235183574553,-18.7999999999999));
#5467=CARTESIAN_POINT('Ctrl Pts',(20.6001238965218,16.9448598841528,-18.7999999999999));
#5468=CARTESIAN_POINT('Ctrl Pts',(21.0640834987002,17.0591694288889,-18.7999999999999));
#5469=CARTESIAN_POINT('Ctrl Pts',(21.3965329581365,17.1890990152664,-18.7999999999999));
#5470=CARTESIAN_POINT('Ctrl Pts',(21.7219775691053,17.3383933185488,-18.7999999999999));
#5471=CARTESIAN_POINT('Ctrl Pts',(22.0481230541317,17.4853037848108,-18.7999999999999));
#5472=CARTESIAN_POINT('Ctrl Pts',(22.2679050635533,17.5768024452999,-18.7999999999999));
#5473=CARTESIAN_POINT('Ctrl Pts',(22.3787948856522,17.620389256989,-18.7999999999999));
#5474=CARTESIAN_POINT('Ctrl Pts',(19.9999998509885,16.2024590708389,-18.7999999999999));
#5475=CARTESIAN_POINT('Ctrl Pts',(20.2673919106062,16.2024590708389,-18.7999999999999));
#5476=CARTESIAN_POINT('Ctrl Pts',(20.6895685612385,16.2208059229026,-18.797514625083));
#5477=CARTESIAN_POINT('Ctrl Pts',(21.3071772299722,16.2930186027984,-18.7978012419527));
#5478=CARTESIAN_POINT('Ctrl Pts',(21.761222143695,16.3598079151941,-18.7985025236503));
#5479=CARTESIAN_POINT('Ctrl Pts',(22.1363565859429,16.4411862418218,-18.7994869293291));
#5480=CARTESIAN_POINT('Ctrl Pts',(22.4641697430702,16.5324185905892,-18.8001501850911));
#5481=CARTESIAN_POINT('Ctrl Pts',(22.6698527359705,16.5924894974406,-18.7996864906232));
#5482=CARTESIAN_POINT('Ctrl Pts',(22.7714933293072,16.6213196102812,-18.7999999999999));
#5483=CARTESIAN_POINT('Ctrl Pts',(19.9999998509885,14.9423890734024,-18.4499068025731));
#5484=CARTESIAN_POINT('Ctrl Pts',(20.3184879870343,14.9423890734024,-18.4499068025731));
#5485=CARTESIAN_POINT('Ctrl Pts',(20.8471072158358,14.9527144308873,-18.446731172305));
#5486=CARTESIAN_POINT('Ctrl Pts',(21.7327834374824,14.9523619025247,-18.3668771523047));
#5487=CARTESIAN_POINT('Ctrl Pts',(22.3978639711803,14.9113057811296,-18.2423112152433));
#5488=CARTESIAN_POINT('Ctrl Pts',(22.8578328134399,14.8777241120674,-18.1285917130724));
#5489=CARTESIAN_POINT('Ctrl Pts',(23.1874526984246,14.8748707485998,-18.0536677049243));
#5490=CARTESIAN_POINT('Ctrl Pts',(23.368607907139,14.8809739360736,-18.0171410598783));
#5491=CARTESIAN_POINT('Ctrl Pts',(23.4539442731547,14.8850865429455,-18.0011294478979));
#5492=CARTESIAN_POINT('Ctrl Pts',(19.9999998509885,13.9944331007121,-17.5772141098704));
#5493=CARTESIAN_POINT('Ctrl Pts',(20.356965515587,13.9944331007121,-17.5772141098704));
#5494=CARTESIAN_POINT('Ctrl Pts',(20.9680085387416,14.0030768029905,-17.5652576392507));
#5495=CARTESIAN_POINT('Ctrl Pts',(22.034173735717,14.0178286275397,-17.3088459350292));
#5496=CARTESIAN_POINT('Ctrl Pts',(22.7948407216031,14.0154148274074,-16.9256633822699));
#5497=CARTESIAN_POINT('Ctrl Pts',(23.2526921291009,14.0209013636925,-16.5945064992171));
#5498=CARTESIAN_POINT('Ctrl Pts',(23.5506494653956,14.0415144575737,-16.3836886970698));
#5499=CARTESIAN_POINT('Ctrl Pts',(23.7042178578558,14.058511908414,-16.282844247851));
#5500=CARTESIAN_POINT('Ctrl Pts',(23.7754829824958,14.0670553795052,-16.2391938169461));
#5501=CARTESIAN_POINT('Ctrl Pts',(19.9999998509885,13.6782762913289,-17.1384618731644));
#5502=CARTESIAN_POINT('Ctrl Pts',(20.3697786275832,13.6782762913289,-17.1384618731644));
#5503=CARTESIAN_POINT('Ctrl Pts',(21.0097994479041,13.686484570828,-17.1218351162996));
#5504=CARTESIAN_POINT('Ctrl Pts',(22.1286286722389,13.7304497803418,-16.7860668003346));
#5505=CARTESIAN_POINT('Ctrl Pts',(22.8999877434808,13.7804226981793,-16.2940863757315));
#5506=CARTESIAN_POINT('Ctrl Pts',(23.3365024664577,13.8378435840572,-15.8797974759475));
#5507=CARTESIAN_POINT('Ctrl Pts',(23.6143959712495,13.8943476095426,-15.6204011288362));
#5508=CARTESIAN_POINT('Ctrl Pts',(23.7566988017499,13.9295394020384,-15.4974760038327));
#5509=CARTESIAN_POINT('Ctrl Pts',(23.8229461914874,13.9463035603804,-15.4446094164919));
#5510=CARTESIAN_POINT('Ctrl Pts',(19.9999998509885,13.6782762913289,-17.1384618731644));
#5511=CARTESIAN_POINT('Ctrl Pts',(20.3697786275832,13.6782762913289,-17.1384618731644));
#5512=CARTESIAN_POINT('Ctrl Pts',(21.0097994479041,13.686484570828,-17.1218351162996));
#5513=CARTESIAN_POINT('Ctrl Pts',(21.9417333042612,13.7231055906911,-16.8421553807923));
#5514=CARTESIAN_POINT('Ctrl Pts',(22.2942202768783,13.7427693082142,-16.6593646470981));
#5515=CARTESIAN_POINT('Ctrl Pts',(22.3791714860153,13.7479222427415,-16.6113513567967));
#5516=CARTESIAN_POINT('Ctrl Pts',(19.9999998509885,13.7477542633508,-17.2400641297193));
#5517=CARTESIAN_POINT('Ctrl Pts',(19.3476882756663,13.7477542633508,-17.2400641297193));
#5518=CARTESIAN_POINT('Ctrl Pts',(18.3363797002536,13.7477542633508,-17.073580256354));
#5519=CARTESIAN_POINT('Ctrl Pts',(17.227128661858,13.7477542633508,-16.3874819544851));
#5520=CARTESIAN_POINT('Ctrl Pts',(16.7844231404509,13.7477542633508,-15.818238774853));
#5521=CARTESIAN_POINT('Ctrl Pts',(16.6122774296878,13.7477542633508,-15.4910657226986));
#5522=CARTESIAN_POINT('Ctrl Pts',(19.9999998509885,13.2964232086491,-16.5438686059315));
#5523=CARTESIAN_POINT('Ctrl Pts',(19.4163772055422,13.2964232086491,-16.5438686059315));
#5524=CARTESIAN_POINT('Ctrl Pts',(18.5618152044688,13.2964232086491,-16.3934757066602));
#5525=CARTESIAN_POINT('Ctrl Pts',(17.7002413615483,13.2964232086491,-15.8542827010292));
#5526=CARTESIAN_POINT('Ctrl Pts',(17.36353976663,13.2964232086491,-15.4237445173161));
#5527=CARTESIAN_POINT('Ctrl Pts',(17.2283928281356,13.2964232086491,-15.1668898088222));
#5528=CARTESIAN_POINT('Ctrl Pts',(19.9999998509885,12.479691465715,-16.1000005438922));
#5529=CARTESIAN_POINT('Ctrl Pts',(19.4598451307169,12.479691465715,-16.1000005438922));
#5530=CARTESIAN_POINT('Ctrl Pts',(18.7061820690507,12.479691465715,-15.9607728548033));
#5531=CARTESIAN_POINT('Ctrl Pts',(18.001484795373,12.479691465715,-15.5146417756583));
#5532=CARTESIAN_POINT('Ctrl Pts',(17.7329380859199,12.479691465715,-15.1725631007351));
#5533=CARTESIAN_POINT('Ctrl Pts',(17.6212048163739,12.479691465715,-14.96020744771));
#5534=CARTESIAN_POINT('Ctrl Pts',(19.9999998509885,11.6499999999999,-16.1000005438922));
#5535=CARTESIAN_POINT('Ctrl Pts',(19.4591916535802,11.6499999999999,-16.1000005438922));
#5536=CARTESIAN_POINT('Ctrl Pts',(18.7074620651673,11.65,-15.9625918869413));
#5537=CARTESIAN_POINT('Ctrl Pts',(18.0006910786244,11.6499999999999,-15.5152577134342));
#5538=CARTESIAN_POINT('Ctrl Pts',(17.7332900764343,11.6499999999999,-15.1732320794185));
#5539=CARTESIAN_POINT('Ctrl Pts',(17.6212048163739,11.6499999999999,-14.96020744771));
#5540=CARTESIAN_POINT('',(17.6212048164125,11.6499999999999,-14.9602074477835));
#5541=CARTESIAN_POINT('Ctrl Pts',(17.6212048163739,11.6499999999999,-14.96020744771));
#5542=CARTESIAN_POINT('Ctrl Pts',(17.6212048163739,11.8044054976217,-14.96020744771));
#5543=CARTESIAN_POINT('Ctrl Pts',(17.6212048163738,11.9526318048642,-14.9911036949855));
#5544=CARTESIAN_POINT('Ctrl Pts',(17.6212048163738,12.2790686256959,-15.110613006181));
#5545=CARTESIAN_POINT('Ctrl Pts',(17.6212048163738,12.4640931333813,-15.2147450225926));
#5546=CARTESIAN_POINT('Ctrl Pts',(17.6212048163738,12.9403418075004,-15.5616646085187));
#5547=CARTESIAN_POINT('Ctrl Pts',(17.6212048163739,13.261244412473,-15.8686482713278));
#5548=CARTESIAN_POINT('Ctrl Pts',(17.6212048163739,13.6102851043726,-16.3723744214789));
#5549=CARTESIAN_POINT('Ctrl Pts',(17.6212048163738,13.6824919091853,-16.48969113214));
#5550=CARTESIAN_POINT('Ctrl Pts',(17.6212048163738,13.7477542633508,-16.6106669994661));
#5551=CARTESIAN_POINT('Ctrl Pts',(17.6212048163739,11.6499999999999,-14.96020744771));
#5552=CARTESIAN_POINT('Ctrl Pts',(17.7332900764343,11.6499999999999,-15.1732320794185));
#5553=CARTESIAN_POINT('Ctrl Pts',(18.0006910786244,11.6499999999999,-15.5152577134342));
#5554=CARTESIAN_POINT('Ctrl Pts',(18.7074620651673,11.65,-15.9625918869413));
#5555=CARTESIAN_POINT('Ctrl Pts',(19.4591916535802,11.6499999999999,-16.1000005438922));
#5556=CARTESIAN_POINT('Ctrl Pts',(19.9999998509885,11.6499999999999,-16.1000005438922));
#5557=CARTESIAN_POINT('Origin',(19.9999998509885,11.6499999999999,-18.6000005438922));
#5558=CARTESIAN_POINT('Origin',(17.6212048163738,19.1499999999999,-14.96020744771));
#5559=CARTESIAN_POINT('',(17.6212048163738,14.1499999999999,-14.96020744771));
#5560=CARTESIAN_POINT('Ctrl Pts',(17.6212048163738,14.1499999999999,-14.96020744771));
#5561=CARTESIAN_POINT('Ctrl Pts',(17.6212048163738,16.5666666666666,-14.96020744771));
#5562=CARTESIAN_POINT('Ctrl Pts',(17.6212048163738,18.9833333333333,-14.96020744771));
#5563=CARTESIAN_POINT('Ctrl Pts',(17.6212048163738,23.59463244672,-14.96020744771));
#5564=CARTESIAN_POINT('Ctrl Pts',(17.6212048163738,25.78926489344,-14.96020744771));
#5565=CARTESIAN_POINT('Ctrl Pts',(17.6212048163738,27.98389734016,-14.96020744771));
#5566=CARTESIAN_POINT('Ctrl Pts',(17.6212048163738,14.1499999999999,-14.96020744771));
#5567=CARTESIAN_POINT('Ctrl Pts',(17.6212048163738,13.3166666666666,-14.96020744771));
#5568=CARTESIAN_POINT('Ctrl Pts',(17.6212048164125,12.4833333333333,-14.9602074477835));
#5569=CARTESIAN_POINT('Ctrl Pts',(17.6212048164125,11.6499999999999,-14.9602074477835));
#5570=CARTESIAN_POINT('Ctrl Pts',(23.3877222722892,13.7477542633508,-15.4910657226987));
#5571=CARTESIAN_POINT('Ctrl Pts',(23.2586129892168,13.7477542633508,-15.7364455118146));
#5572=CARTESIAN_POINT('Ctrl Pts',(22.9466527059736,13.7477542633508,-16.1764514545944));
#5573=CARTESIAN_POINT('Ctrl Pts',(21.9566275063063,13.7477542633508,-16.9880730589635));
#5574=CARTESIAN_POINT('Ctrl Pts',(20.8697486180776,13.7477542633508,-17.2400641297193));
#5575=CARTESIAN_POINT('Ctrl Pts',(19.9999998509885,13.7477542633508,-17.2400641297194));
#5576=CARTESIAN_POINT('Ctrl Pts',(22.7716068738414,13.2964232086491,-15.1668898088222));
#5577=CARTESIAN_POINT('Ctrl Pts',(22.6702466699705,13.2964232086491,-15.3595308401928));
#5578=CARTESIAN_POINT('Ctrl Pts',(22.4304056883129,13.2964232086491,-15.6950289192789));
#5579=CARTESIAN_POINT('Ctrl Pts',(21.673113432235,13.2964232086491,-16.319101674155));
#5580=CARTESIAN_POINT('Ctrl Pts',(20.7781633782393,13.2964232086491,-16.5438686059315));
#5581=CARTESIAN_POINT('Ctrl Pts',(19.9999998509885,13.2964232086491,-16.5438686059315));
#5582=CARTESIAN_POINT('Ctrl Pts',(22.3787948856031,12.479691465715,-14.9602074477101));
#5583=CARTESIAN_POINT('Ctrl Pts',(22.2949949334435,12.479691465715,-15.119474187479));
#5584=CARTESIAN_POINT('Ctrl Pts',(22.1016257744664,12.479691465715,-15.3882868192708));
#5585=CARTESIAN_POINT('Ctrl Pts',(21.4916342837624,12.479691465715,-15.8936232378196));
#5586=CARTESIAN_POINT('Ctrl Pts',(20.7202061446706,12.479691465715,-16.1000005438922));
#5587=CARTESIAN_POINT('Ctrl Pts',(19.9999998509885,12.479691465715,-16.1000005438922));
#5588=CARTESIAN_POINT('Ctrl Pts',(22.3787948856031,11.6499999999999,-14.9602074477101));
#5589=CARTESIAN_POINT('Ctrl Pts',(22.2947309405577,11.6499999999999,-15.1199759214916));
#5590=CARTESIAN_POINT('Ctrl Pts',(22.1023479062524,11.6499999999999,-15.3886778169534));
#5591=CARTESIAN_POINT('Ctrl Pts',(21.4901865304797,11.6499999999999,-15.8956958487612));
#5592=CARTESIAN_POINT('Ctrl Pts',(20.7210774475196,11.6499999999999,-16.1000005438922));
#5593=CARTESIAN_POINT('Ctrl Pts',(19.9999998509885,11.6499999999999,-16.1000005438922));
#5594=CARTESIAN_POINT('Ctrl Pts',(19.9999998509885,-3.85000000000006,-16.1000005438922));
#5595=CARTESIAN_POINT('Ctrl Pts',(19.9999998509885,46.6499999999999,-16.1000005438922));
#5596=CARTESIAN_POINT('Ctrl Pts',(19.8389591455322,-3.85000000000006,-16.1000005438922));
#5597=CARTESIAN_POINT('Ctrl Pts',(19.8389591455322,46.6499999999999,-16.1000005438922));
#5598=CARTESIAN_POINT('Ctrl Pts',(19.5307984304482,-3.85000000000006,-16.0882751613265));
#5599=CARTESIAN_POINT('Ctrl Pts',(19.5307984304482,46.6499999999999,-16.0882751613265));
#5600=CARTESIAN_POINT('Ctrl Pts',(19.1103194801389,-3.85000000000006,-16.0355122707661));
#5601=CARTESIAN_POINT('Ctrl Pts',(19.1103194801389,46.6499999999999,-16.0355122707661));
#5602=CARTESIAN_POINT('Ctrl Pts',(18.6328034937813,-3.85000000000006,-15.8990573465544));
#5603=CARTESIAN_POINT('Ctrl Pts',(18.6328034937813,46.6499999999999,-15.8990573465544));
#5604=CARTESIAN_POINT('Ctrl Pts',(18.1699817302504,-3.85000000000006,-15.6411090030001));
#5605=CARTESIAN_POINT('Ctrl Pts',(18.1699817302504,46.6499999999999,-15.6411090030001));
#5606=CARTESIAN_POINT('Ctrl Pts',(17.8313511514282,-3.85000000000006,-15.3220779026358));
#5607=CARTESIAN_POINT('Ctrl Pts',(17.8313511514282,46.6499999999999,-15.3220779026358));
#5608=CARTESIAN_POINT('Ctrl Pts',(17.5993872380818,-3.85000000000006,-14.9636733627975));
#5609=CARTESIAN_POINT('Ctrl Pts',(17.5993872380818,46.6499999999999,-14.9636733627975));
#5610=CARTESIAN_POINT('Ctrl Pts',(17.4458153353663,-3.85000000000006,-14.5743221694652));
#5611=CARTESIAN_POINT('Ctrl Pts',(17.4458153353663,46.65,-14.5743221694652));
#5612=CARTESIAN_POINT('Ctrl Pts',(17.3291374080496,-3.85000000000006,-14.1420759899463));
#5613=CARTESIAN_POINT('Ctrl Pts',(17.3291374080496,46.65,-14.1420759899463));
#5614=CARTESIAN_POINT('Ctrl Pts',(17.2042825139643,-3.85000000000006,-13.6473228115127));
#5615=CARTESIAN_POINT('Ctrl Pts',(17.2042825139643,46.65,-13.6473228115127));
#5616=CARTESIAN_POINT('Ctrl Pts',(17.0315286516962,-3.85000000000006,-13.0744623198071));
#5617=CARTESIAN_POINT('Ctrl Pts',(17.0315286516962,46.65,-13.0744623198071));
#5618=CARTESIAN_POINT('Ctrl Pts',(16.7851582693655,-3.85000000000006,-12.4233737559414));
#5619=CARTESIAN_POINT('Ctrl Pts',(16.7851582693655,46.65,-12.4233737559414));
#5620=CARTESIAN_POINT('Ctrl Pts',(16.4641365413953,-3.85000000000006,-11.7235136085942));
#5621=CARTESIAN_POINT('Ctrl Pts',(16.4641365413953,46.65,-11.7235136085942));
#5622=CARTESIAN_POINT('Ctrl Pts',(16.0984699278844,-3.85000000000006,-11.0421407056358));
#5623=CARTESIAN_POINT('Ctrl Pts',(16.0984699278844,46.65,-11.0421407056358));
#5624=CARTESIAN_POINT('Ctrl Pts',(15.7337306557701,-3.85000000000006,-10.46318298065));
#5625=CARTESIAN_POINT('Ctrl Pts',(15.7337306557701,46.6499999999999,-10.46318298065));
#5626=CARTESIAN_POINT('Ctrl Pts',(15.4821179205825,-3.85000000000006,-10.149177510738));
#5627=CARTESIAN_POINT('Ctrl Pts',(15.4821179205825,46.6499999999999,-10.149177510738));
#5628=CARTESIAN_POINT('Ctrl Pts',(15.3340099047473,-3.85000000000006,-10.0271232209019));
#5629=CARTESIAN_POINT('Ctrl Pts',(15.3340099047473,46.6499999999999,-10.0271232209019));
#5630=CARTESIAN_POINT('Ctrl Pts',(15.255705993483,-3.85000000000006,-9.99999999999989));
#5631=CARTESIAN_POINT('Ctrl Pts',(15.255705993483,46.6499999999999,-9.99999999999989));
#5632=CARTESIAN_POINT('Ctrl Pts',(15.2216626919978,-3.85000000000006,-9.99999999999989));
#5633=CARTESIAN_POINT('Ctrl Pts',(15.2216626919978,46.6499999999999,-9.99999999999989));
#5634=CARTESIAN_POINT('Ctrl Pts',(15.9376994547163,30.1499999999999,-10.7999999999999));
#5635=CARTESIAN_POINT('Ctrl Pts',(15.8636752223087,30.1499999999999,-10.6816361541738));
#5636=CARTESIAN_POINT('Ctrl Pts',(15.7915085923398,30.1499999999999,-10.5729372093456));
#5637=CARTESIAN_POINT('Ctrl Pts',(15.6409437611106,30.1499999999999,-10.3616247555968));
#5638=CARTESIAN_POINT('Ctrl Pts',(15.5342139121828,30.1499999999999,-10.2223987602049));
#5639=CARTESIAN_POINT('Ctrl Pts',(15.3979771397835,30.1499999999999,-10.0913456065902));
#5640=CARTESIAN_POINT('Ctrl Pts',(15.3568039004921,30.1499999999999,-10.0558876885697));
#5641=CARTESIAN_POINT('Ctrl Pts',(15.2999529564552,30.1499999999999,-10.0221597884951));
#5642=CARTESIAN_POINT('Ctrl Pts',(15.2829890040597,30.1499999999999,-10.0136833697014));
#5643=CARTESIAN_POINT('Ctrl Pts',(15.251542554053,30.1499999999999,-10.0031396581153));
#5644=CARTESIAN_POINT('Ctrl Pts',(15.2366079180171,30.1499999999999,-9.99999999999989));
#5645=CARTESIAN_POINT('Ctrl Pts',(15.2216626919978,30.1499999999999,-9.99999999999989));
#5646=CARTESIAN_POINT('Ctrl Pts',(16.5840729737446,-3.85000000000006,-12.0000000000182));
#5647=CARTESIAN_POINT('Ctrl Pts',(16.4505372377628,-3.85000000000267,-11.7140012541982));
#5648=CARTESIAN_POINT('Ctrl Pts',(16.3061884835391,-3.78872549097952,-11.4340834425298));
#5649=CARTESIAN_POINT('Ctrl Pts',(16.0133740438334,-3.55463973888592,-10.9148717381009));
#5650=CARTESIAN_POINT('Ctrl Pts',(15.8656410058737,-3.37927880861873,-10.6779174120045));
#5651=CARTESIAN_POINT('Ctrl Pts',(15.6208463746368,-2.97915489720084,-10.3327112932618));
#5652=CARTESIAN_POINT('Ctrl Pts',(15.52050737109,-2.77322160317198,-10.2093365387936));
#5653=CARTESIAN_POINT('Ctrl Pts',(15.349238955436,-2.3286405828983,-10.0443453324904));
#5654=CARTESIAN_POINT('Ctrl Pts',(15.2786478196478,-2.0954447093598,-10.0006915137662));
#5655=CARTESIAN_POINT('Ctrl Pts',(15.2225421271776,-1.85380087452685,-10.0000027090673));
#5656=CARTESIAN_POINT('Ctrl Pts',(15.2221019253835,-1.85190054998473,-9.99999999999989));
#5657=CARTESIAN_POINT('Ctrl Pts',(15.2216626919978,-1.85000000000005,-9.99999999999989));
#5658=CARTESIAN_POINT('Origin',(19.9999998509885,30.1499999999999,-13.050000271946));
#5659=CARTESIAN_POINT('Origin',(6.00000000000003,-1.85000000000005,-11.9999999999999));
#5660=CARTESIAN_POINT('Origin',(6.00000000000003,-1.85000000000005,-11.9999999999999));
#5661=CARTESIAN_POINT('Ctrl Pts',(24.0623002472606,30.1499999999999,31.2000000000001));
#5662=CARTESIAN_POINT('Ctrl Pts',(21.3540999830792,30.1499999999999,31.2000000000001));
#5663=CARTESIAN_POINT('Ctrl Pts',(18.6458997188978,30.1499999999999,31.2000000000001));
#5664=CARTESIAN_POINT('Ctrl Pts',(15.9376994547163,30.1499999999999,31.2000000000001));
#5665=CARTESIAN_POINT('Ctrl Pts',(24.0623002472606,30.1499999999999,31.4634057612735));
#5666=CARTESIAN_POINT('Ctrl Pts',(21.3540999830792,30.1499999999999,31.4634057612735));
#5667=CARTESIAN_POINT('Ctrl Pts',(18.6458997188978,30.1499999999999,31.4634057612735));
#5668=CARTESIAN_POINT('Ctrl Pts',(15.9376994547163,30.1499999999999,31.4634057612735));
#5669=CARTESIAN_POINT('Ctrl Pts',(24.0623002472606,30.0415987868704,32.1244411004618));
#5670=CARTESIAN_POINT('Ctrl Pts',(21.3540999830792,30.0415987868704,32.1244411004618));
#5671=CARTESIAN_POINT('Ctrl Pts',(18.6458997188978,30.0415987868704,32.1244411004618));
#5672=CARTESIAN_POINT('Ctrl Pts',(15.9376994547163,30.0415987868704,32.1244411004618));
#5673=CARTESIAN_POINT('Ctrl Pts',(24.0623002472606,29.3635738514254,33.5739953406768));
#5674=CARTESIAN_POINT('Ctrl Pts',(21.3540999830792,29.3635738514254,33.5739953406768));
#5675=CARTESIAN_POINT('Ctrl Pts',(18.6458997188978,29.3635738514254,33.5739953406768));
#5676=CARTESIAN_POINT('Ctrl Pts',(15.9376994547163,29.3635738514254,33.5739953406768));
#5677=CARTESIAN_POINT('Ctrl Pts',(24.0623002472606,28.0628578145048,35.3616087464401));
#5678=CARTESIAN_POINT('Ctrl Pts',(21.3540999830792,28.0628578145048,35.3616087464401));
#5679=CARTESIAN_POINT('Ctrl Pts',(18.6458997188978,28.0628578145048,35.3616087464401));
#5680=CARTESIAN_POINT('Ctrl Pts',(15.9376994547163,28.0628578145048,35.3616087464401));
#5681=CARTESIAN_POINT('Ctrl Pts',(24.0623002472607,26.3114792826482,37.1142116302116));
#5682=CARTESIAN_POINT('Ctrl Pts',(21.3540999830792,26.3114792826482,37.1142116302116));
#5683=CARTESIAN_POINT('Ctrl Pts',(18.6458997188978,26.3114792826482,37.1142116302116));
#5684=CARTESIAN_POINT('Ctrl Pts',(15.9376994547163,26.3114792826482,37.1142116302116));
#5685=CARTESIAN_POINT('Ctrl Pts',(24.0623002472606,24.5254863765601,38.4119952621732));
#5686=CARTESIAN_POINT('Ctrl Pts',(21.3540999830792,24.5254863765601,38.4119952621732));
#5687=CARTESIAN_POINT('Ctrl Pts',(18.6458997188978,24.5254863765601,38.4119952621732));
#5688=CARTESIAN_POINT('Ctrl Pts',(15.9376994547163,24.5254863765601,38.4119952621732));
#5689=CARTESIAN_POINT('Ctrl Pts',(24.0623002472606,23.0737541243377,39.0923058632108));
#5690=CARTESIAN_POINT('Ctrl Pts',(21.3540999830792,23.0737541243377,39.0923058632108));
#5691=CARTESIAN_POINT('Ctrl Pts',(18.6458997188978,23.0737541243377,39.0923058632108));
#5692=CARTESIAN_POINT('Ctrl Pts',(15.9376994547163,23.0737541243377,39.0923058632108));
#5693=CARTESIAN_POINT('Ctrl Pts',(24.0623002472606,22.4134057612733,39.2000000000001));
#5694=CARTESIAN_POINT('Ctrl Pts',(21.3540999830792,22.4134057612733,39.2000000000001));
#5695=CARTESIAN_POINT('Ctrl Pts',(18.6458997188978,22.4134057612733,39.2000000000001));
#5696=CARTESIAN_POINT('Ctrl Pts',(15.9376994547163,22.4134057612733,39.2000000000001));
#5697=CARTESIAN_POINT('Ctrl Pts',(24.0623002472606,22.1499999999999,39.2000000000001));
#5698=CARTESIAN_POINT('Ctrl Pts',(21.3540999830792,22.1499999999999,39.2000000000001));
#5699=CARTESIAN_POINT('Ctrl Pts',(18.6458997188978,22.1499999999999,39.2000000000001));
#5700=CARTESIAN_POINT('Ctrl Pts',(15.9376994547163,22.1499999999999,39.2000000000001));
#5701=CARTESIAN_POINT('',(15.9376994547163,30.1499999999999,31.2000000000001));
#5702=CARTESIAN_POINT('',(17.6212048163738,27.98389734016,35.3602074477103));
#5703=CARTESIAN_POINT('Ctrl Pts',(15.9376994547163,30.1499999999999,31.2000000000001));
#5704=CARTESIAN_POINT('Ctrl Pts',(16.1378229335077,30.1499999999999,31.5199950046006));
#5705=CARTESIAN_POINT('Ctrl Pts',(16.3380476765175,30.0694116743647,31.8868239634865));
#5706=CARTESIAN_POINT('Ctrl Pts',(16.6817465917035,29.8119298573498,32.6010526955939));
#5707=CARTESIAN_POINT('Ctrl Pts',(16.8642230425555,29.6247733352358,33.0145582463334));
#5708=CARTESIAN_POINT('Ctrl Pts',(17.1807927637421,29.0723176696285,33.9489786767063));
#5709=CARTESIAN_POINT('Ctrl Pts',(17.2712946620814,28.8071073393565,34.3223118316712));
#5710=CARTESIAN_POINT('Ctrl Pts',(17.4308930892385,28.3652003478905,34.9082528764934));
#5711=CARTESIAN_POINT('Ctrl Pts',(17.5093186512289,28.1673274670218,35.1475612076033));
#5712=CARTESIAN_POINT('Ctrl Pts',(17.6212048163738,27.98389734016,35.3602074477102));
#5713=CARTESIAN_POINT('',(24.0623002472606,30.1499999999999,31.2000000000001));
#5714=CARTESIAN_POINT('Ctrl Pts',(15.9376994547163,30.1499999999999,31.2000000000001));
#5715=CARTESIAN_POINT('Ctrl Pts',(18.6458997188978,30.1499999999999,31.2000000000001));
#5716=CARTESIAN_POINT('Ctrl Pts',(21.3540999830792,30.1499999999999,31.2000000000001));
#5717=CARTESIAN_POINT('Ctrl Pts',(24.0623002472606,30.1499999999999,31.2000000000001));
#5718=CARTESIAN_POINT('',(22.3787948856032,27.98389734016,35.3602074477102));
#5719=CARTESIAN_POINT('Ctrl Pts',(22.3787948856032,27.98389734016,35.3602074477102));
#5720=CARTESIAN_POINT('Ctrl Pts',(22.4845318456115,28.157246243156,35.1592481337773));
#5721=CARTESIAN_POINT('Ctrl Pts',(22.556699653839,28.3346720838655,34.9435669420903));
#5722=CARTESIAN_POINT('Ctrl Pts',(22.7429544222056,28.8413353079809,34.2836648652366));
#5723=CARTESIAN_POINT('Ctrl Pts',(22.9182309839814,29.4025874910768,33.5169456779238));
#5724=CARTESIAN_POINT('Ctrl Pts',(23.4361220372402,29.909341048151,32.3488136910372));
#5725=CARTESIAN_POINT('Ctrl Pts',(23.5680716245384,30.0062785712948,32.0775419402945));
#5726=CARTESIAN_POINT('Ctrl Pts',(23.818761195833,30.1187691228669,31.6080404360755));
#5727=CARTESIAN_POINT('Ctrl Pts',(23.9375450894455,30.1499999999999,31.3994819775277));
#5728=CARTESIAN_POINT('Ctrl Pts',(24.0623002472606,30.1499999999999,31.2000000000001));
#5729=CARTESIAN_POINT('',(22.3787948856032,22.1499999999999,39.2000000000001));
#5730=CARTESIAN_POINT('Ctrl Pts',(22.3787948856032,22.1499999999999,39.2000000000001));
#5731=CARTESIAN_POINT('Ctrl Pts',(22.3787948856032,22.4591257433578,39.2000000000001));
#5732=CARTESIAN_POINT('Ctrl Pts',(22.3787948856032,22.7865370716589,39.1253646324146));
#5733=CARTESIAN_POINT('Ctrl Pts',(22.3787948856032,23.7264165595783,38.817988498442));
#5734=CARTESIAN_POINT('Ctrl Pts',(22.3787948856032,24.4697113369368,38.4198221152391));
#5735=CARTESIAN_POINT('Ctrl Pts',(22.3787948856032,26.2206158294825,37.1795210957193));
#5736=CARTESIAN_POINT('Ctrl Pts',(22.3787948856032,27.1774329551769,36.2951226777261));
#5737=CARTESIAN_POINT('Ctrl Pts',(22.3787948856032,27.98389734016,35.3602074477102));
#5738=CARTESIAN_POINT('',(17.6212048163739,22.1499999999999,39.2000000000001));
#5739=CARTESIAN_POINT('Ctrl Pts',(22.3787948856032,22.1499999999999,39.2000000000001));
#5740=CARTESIAN_POINT('Ctrl Pts',(20.7929315291934,22.1499999999999,39.2000000000001));
#5741=CARTESIAN_POINT('Ctrl Pts',(19.2070681727836,22.1499999999999,39.2000000000001));
#5742=CARTESIAN_POINT('Ctrl Pts',(17.6212048163739,22.1499999999999,39.2000000000001));
#5743=CARTESIAN_POINT('Ctrl Pts',(17.6212048163738,27.98389734016,35.3602074477103));
#5744=CARTESIAN_POINT('Ctrl Pts',(17.6212048163738,27.0409279261668,36.4533697534453));
#5745=CARTESIAN_POINT('Ctrl Pts',(17.6212048163739,25.9121536539971,37.4539176642941));
#5746=CARTESIAN_POINT('Ctrl Pts',(17.6212048163739,24.3233518607912,38.4794025493156));
#5747=CARTESIAN_POINT('Ctrl Pts',(17.6212048163739,23.7781997948771,38.7779461606177));
#5748=CARTESIAN_POINT('Ctrl Pts',(17.6212048163739,22.9484996274736,39.0802239458563));
#5749=CARTESIAN_POINT('Ctrl Pts',(17.6212048163738,22.5408713163754,39.2000000000001));
#5750=CARTESIAN_POINT('Ctrl Pts',(17.6212048163738,22.1499999999999,39.2000000000001));
#5751=CARTESIAN_POINT('Ctrl Pts',(19.9999998509885,-3.85000000000006,36.5000005438924));
#5752=CARTESIAN_POINT('Ctrl Pts',(19.9999998509885,46.6499999999999,36.5000005438924));
#5753=CARTESIAN_POINT('Ctrl Pts',(19.8389591455322,-3.85000000000006,36.5000005438924));
#5754=CARTESIAN_POINT('Ctrl Pts',(19.8389591455322,46.6499999999999,36.5000005438924));
#5755=CARTESIAN_POINT('Ctrl Pts',(19.5307984304483,-3.85000000000006,36.4882751613267));
#5756=CARTESIAN_POINT('Ctrl Pts',(19.5307984304483,46.6499999999999,36.4882751613267));
#5757=CARTESIAN_POINT('Ctrl Pts',(19.110319480139,-3.85000000000006,36.4355122707663));
#5758=CARTESIAN_POINT('Ctrl Pts',(19.110319480139,46.6499999999999,36.4355122707663));
#5759=CARTESIAN_POINT('Ctrl Pts',(18.6328034937813,-3.85000000000006,36.2990573465546));
#5760=CARTESIAN_POINT('Ctrl Pts',(18.6328034937813,46.6499999999999,36.2990573465546));
#5761=CARTESIAN_POINT('Ctrl Pts',(18.1699817302504,-3.85000000000006,36.0411090030003));
#5762=CARTESIAN_POINT('Ctrl Pts',(18.1699817302504,46.6499999999999,36.0411090030003));
#5763=CARTESIAN_POINT('Ctrl Pts',(17.8313511514282,-3.85000000000006,35.7220779026361));
#5764=CARTESIAN_POINT('Ctrl Pts',(17.8313511514282,46.6499999999999,35.7220779026361));
#5765=CARTESIAN_POINT('Ctrl Pts',(17.5993872380818,-3.85000000000006,35.3636733627977));
#5766=CARTESIAN_POINT('Ctrl Pts',(17.5993872380818,46.6499999999999,35.3636733627977));
#5767=CARTESIAN_POINT('Ctrl Pts',(17.4458153353663,-3.85000000000006,34.9743221694654));
#5768=CARTESIAN_POINT('Ctrl Pts',(17.4458153353663,46.65,34.9743221694654));
#5769=CARTESIAN_POINT('Ctrl Pts',(17.3291374080496,-3.85000000000006,34.5420759899465));
#5770=CARTESIAN_POINT('Ctrl Pts',(17.3291374080496,46.65,34.5420759899465));
#5771=CARTESIAN_POINT('Ctrl Pts',(17.2042825139643,-3.85000000000006,34.0473228115129));
#5772=CARTESIAN_POINT('Ctrl Pts',(17.2042825139643,46.65,34.0473228115129));
#5773=CARTESIAN_POINT('Ctrl Pts',(17.0315286516962,-3.85000000000006,33.4744623198073));
#5774=CARTESIAN_POINT('Ctrl Pts',(17.0315286516962,46.65,33.4744623198073));
#5775=CARTESIAN_POINT('Ctrl Pts',(16.7851582693655,-3.85000000000006,32.8233737559416));
#5776=CARTESIAN_POINT('Ctrl Pts',(16.7851582693655,46.65,32.8233737559416));
#5777=CARTESIAN_POINT('Ctrl Pts',(16.4641365413953,-3.85000000000006,32.1235136085944));
#5778=CARTESIAN_POINT('Ctrl Pts',(16.4641365413953,46.65,32.1235136085944));
#5779=CARTESIAN_POINT('Ctrl Pts',(16.0984699278844,-3.85000000000006,31.4421407056361));
#5780=CARTESIAN_POINT('Ctrl Pts',(16.0984699278844,46.65,31.4421407056361));
#5781=CARTESIAN_POINT('Ctrl Pts',(15.7337306557701,-3.85000000000006,30.8631829806502));
#5782=CARTESIAN_POINT('Ctrl Pts',(15.7337306557701,46.6499999999999,30.8631829806502));
#5783=CARTESIAN_POINT('Ctrl Pts',(15.4821179205825,-3.85000000000006,30.5491775107383));
#5784=CARTESIAN_POINT('Ctrl Pts',(15.4821179205825,46.6499999999999,30.5491775107383));
#5785=CARTESIAN_POINT('Ctrl Pts',(15.3340099047473,-3.85000000000006,30.4271232209021));
#5786=CARTESIAN_POINT('Ctrl Pts',(15.3340099047473,46.6499999999999,30.4271232209021));
#5787=CARTESIAN_POINT('Ctrl Pts',(15.255705993483,-3.85000000000006,30.4000000000001));
#5788=CARTESIAN_POINT('Ctrl Pts',(15.255705993483,46.6499999999999,30.4000000000001));
#5789=CARTESIAN_POINT('Ctrl Pts',(15.2216626919978,-3.85000000000006,30.4000000000001));
#5790=CARTESIAN_POINT('Ctrl Pts',(15.2216626919978,46.6499999999999,30.4000000000001));
#5791=CARTESIAN_POINT('',(17.6212048163738,14.1499999999999,35.3602074477102));
#5792=CARTESIAN_POINT('Ctrl Pts',(17.6212048163738,27.98389734016,35.3602074477103));
#5793=CARTESIAN_POINT('Ctrl Pts',(17.6212048163738,25.78926489344,35.3602074477103));
#5794=CARTESIAN_POINT('Ctrl Pts',(17.6212048163738,23.59463244672,35.3602074477102));
#5795=CARTESIAN_POINT('Ctrl Pts',(17.6212048163738,18.9833333333333,35.3602074477102));
#5796=CARTESIAN_POINT('Ctrl Pts',(17.6212048163738,16.5666666666666,35.3602074477103));
#5797=CARTESIAN_POINT('Ctrl Pts',(17.6212048163739,14.15,35.3602074477103));
#5798=CARTESIAN_POINT('',(17.6212048390836,11.6499999999999,35.3602074908715));
#5799=CARTESIAN_POINT('Ctrl Pts',(17.6212048390836,11.6499999999999,35.3602074908715));
#5800=CARTESIAN_POINT('Ctrl Pts',(17.6212048390836,12.4833333333333,35.3602074908715));
#5801=CARTESIAN_POINT('Ctrl Pts',(17.6212048197383,13.3166666666666,35.3602074541045));
#5802=CARTESIAN_POINT('Ctrl Pts',(17.6212048163738,14.1499999999999,35.3602074477102));
#5803=CARTESIAN_POINT('',(19.9999998509885,11.6499999999999,36.5000005438924));
#5804=CARTESIAN_POINT('Ctrl Pts',(19.9999998509885,11.6499999999999,36.5000005438924));
#5805=CARTESIAN_POINT('Ctrl Pts',(19.2789222544477,11.6499999999999,36.5000005438924));
#5806=CARTESIAN_POINT('Ctrl Pts',(18.5098347337112,11.6499999999999,36.295692241153));
#5807=CARTESIAN_POINT('Ctrl Pts',(17.8976612041001,11.6499999999999,35.788681944324));
#5808=CARTESIAN_POINT('Ctrl Pts',(17.7052687787441,11.6499999999999,35.5199759456885));
#5809=CARTESIAN_POINT('Ctrl Pts',(17.6212048390836,11.6499999999999,35.3602074908715));
#5810=CARTESIAN_POINT('',(19.9999998509885,-3.85000000000006,36.5000005438924));
#5811=CARTESIAN_POINT('Ctrl Pts',(15.2216626919978,-1.85000000000005,30.4000000000001));
#5812=CARTESIAN_POINT('Ctrl Pts',(15.2221019255152,-1.85190055055456,30.4000000000001));
#5813=CARTESIAN_POINT('Ctrl Pts',(15.2225421270388,-1.85380087395815,30.4000027090658));
#5814=CARTESIAN_POINT('Ctrl Pts',(15.2786478237938,-2.09544472631968,30.4006915138148));
#5815=CARTESIAN_POINT('Ctrl Pts',(15.3492389614105,-2.32864059840605,30.4443453382468));
#5816=CARTESIAN_POINT('Ctrl Pts',(15.5205073710876,-2.77322160316716,30.6093365387908));
#5817=CARTESIAN_POINT('Ctrl Pts',(15.6208463746356,-2.97915489719884,30.7327112932602));
#5818=CARTESIAN_POINT('Ctrl Pts',(15.8656410058738,-3.37927880861885,31.0779174120048));
#5819=CARTESIAN_POINT('Ctrl Pts',(16.0133740438335,-3.55463973888602,31.3148717381013));
#5820=CARTESIAN_POINT('Ctrl Pts',(16.3061884835392,-3.78872549097956,31.8340834425301));
#5821=CARTESIAN_POINT('Ctrl Pts',(16.4505372377628,-3.85000000000267,32.1140012541985));
#5822=CARTESIAN_POINT('Ctrl Pts',(16.5840729737446,-3.85000000000006,32.4000000000184));
#5823=CARTESIAN_POINT('Ctrl Pts',(15.2216626919978,30.1499999999999,30.4000000000001));
#5824=CARTESIAN_POINT('Ctrl Pts',(15.2368186608658,30.1499999999999,30.4000000000001));
#5825=CARTESIAN_POINT('Ctrl Pts',(15.2519662451398,30.1499999999999,30.4032289631909));
#5826=CARTESIAN_POINT('Ctrl Pts',(15.2932043586958,30.1499999999999,30.417210710351));
#5827=CARTESIAN_POINT('Ctrl Pts',(15.319849976849,30.1499999999999,30.432977497192));
#5828=CARTESIAN_POINT('Ctrl Pts',(15.4039700698217,30.1499999999999,30.4920186473873));
#5829=CARTESIAN_POINT('Ctrl Pts',(15.4677919929372,30.1499999999999,30.5570709559865));
#5830=CARTESIAN_POINT('Ctrl Pts',(15.6482098475792,30.1499999999999,30.7633822135301));
#5831=CARTESIAN_POINT('Ctrl Pts',(15.790696447369,30.1499999999999,30.9649439821031));
#5832=CARTESIAN_POINT('Ctrl Pts',(15.9376994547163,30.1499999999999,31.2000000000001));
#5833=CARTESIAN_POINT('Origin',(17.6212048163738,19.1499999999999,35.3602074477102));
#5834=CARTESIAN_POINT('',(17.6212048163658,17.6203892569761,39.2000000000001));
#5835=CARTESIAN_POINT('',(17.6212048163739,19.1499999999999,39.2000000000001));
#5836=CARTESIAN_POINT('',(17.6212048163739,13.7477542633508,37.0106669994664));
#5837=CARTESIAN_POINT('Ctrl Pts',(17.6212048163739,17.6203892569698,39.2000000000001));
#5838=CARTESIAN_POINT('Ctrl Pts',(17.6212048163739,17.0647071650979,39.2000000000001));
#5839=CARTESIAN_POINT('Ctrl Pts',(17.621204816374,16.507074981627,39.0991759092265));
#5840=CARTESIAN_POINT('Ctrl Pts',(17.621204816374,15.4987332561859,38.7274550866681));
#5841=CARTESIAN_POINT('Ctrl Pts',(17.621204816374,15.0413078480088,38.4658888663905));
#5842=CARTESIAN_POINT('Ctrl Pts',(17.621204816374,14.2806333335421,37.8095307620369));
#5843=CARTESIAN_POINT('Ctrl Pts',(17.6212048163739,13.9761689884114,37.4340760202961));
#5844=CARTESIAN_POINT('Ctrl Pts',(17.6212048163739,13.7477542633509,37.0106669994665));
#5845=CARTESIAN_POINT('Ctrl Pts',(17.6212048163738,13.7477542633508,37.0106669994664));
#5846=CARTESIAN_POINT('Ctrl Pts',(17.6212048163738,13.6085742703599,36.7526710907711));
#5847=CARTESIAN_POINT('Ctrl Pts',(17.6212048163738,13.4379403775016,36.5116166624656));
#5848=CARTESIAN_POINT('Ctrl Pts',(17.6212048163738,13.0136995941607,36.0333986501846));
#5849=CARTESIAN_POINT('Ctrl Pts',(17.6212048163738,12.7622378011666,35.8183959509501));
#5850=CARTESIAN_POINT('Ctrl Pts',(17.6212048163738,12.3937139589554,35.578584239598));
#5851=CARTESIAN_POINT('Ctrl Pts',(17.6212048163739,12.2529298169188,35.5022191399116));
#5852=CARTESIAN_POINT('Ctrl Pts',(17.6212048163739,11.9449615576679,35.3870689122714));
#5853=CARTESIAN_POINT('Ctrl Pts',(17.6212048163738,11.7946193440517,35.3602074477102));
#5854=CARTESIAN_POINT('Ctrl Pts',(17.6212048163738,11.6499999999999,35.3602074477102));
#5855=CARTESIAN_POINT('Origin',(17.6212048163739,19.1499999999999,39.2000000000001));
#5856=CARTESIAN_POINT('',(22.3787948856465,17.6203892570038,39.2000000000001));
#5857=CARTESIAN_POINT('',(22.3787948856032,19.1499999999999,39.2000000000001));
#5858=CARTESIAN_POINT('',(19.9999998509885,16.9235183574553,39.2000000000001));
#5859=CARTESIAN_POINT('Ctrl Pts',(19.9999998509885,16.9235183574553,39.2000000000001));
#5860=CARTESIAN_POINT('Ctrl Pts',(20.1190608855961,16.9235183574553,39.2000000000001));
#5861=CARTESIAN_POINT('Ctrl Pts',(20.3586725511456,16.9307492600444,39.2000000000001));
#5862=CARTESIAN_POINT('Ctrl Pts',(20.7159976979046,16.9734590923241,39.2000000000001));
#5863=CARTESIAN_POINT('Ctrl Pts',(21.0639144774761,17.0593768434691,39.2000000000001));
#5864=CARTESIAN_POINT('Ctrl Pts',(21.3964594260159,17.1891334951778,39.2000000000002));
#5865=CARTESIAN_POINT('Ctrl Pts',(21.721870174265,17.3383123571629,39.2000000000001));
#5866=CARTESIAN_POINT('Ctrl Pts',(21.9530324327167,17.4424656156549,39.2000000000002));
#5867=CARTESIAN_POINT('Ctrl Pts',(22.0896489358,17.5013877522968,39.2000000000001));
#5868=CARTESIAN_POINT('Ctrl Pts',(22.1444163018345,17.524758494861,39.2000000000002));
#5869=CARTESIAN_POINT('Ctrl Pts',(22.2130517495567,17.5535673469296,39.2000000000001));
#5870=CARTESIAN_POINT('Ctrl Pts',(22.28195590242,17.5817852216646,39.2000000000001));
#5871=CARTESIAN_POINT('Ctrl Pts',(22.3303278904252,17.6012026033052,39.2000000000001));
#5872=CARTESIAN_POINT('Ctrl Pts',(22.3545496015054,17.610825185073,39.2000000000001));
#5873=CARTESIAN_POINT('Ctrl Pts',(22.3684006822848,17.6162987497805,39.2000000000001));
#5874=CARTESIAN_POINT('Ctrl Pts',(22.3753295787117,17.6190271691238,39.2000000000001));
#5875=CARTESIAN_POINT('Ctrl Pts',(22.3787948856523,17.6203892569891,39.2000000000001));
#5876=CARTESIAN_POINT('Ctrl Pts',(17.6212048163647,17.6203892569733,39.2000000000001));
#5877=CARTESIAN_POINT('Ctrl Pts',(17.7322200138533,17.5767531647148,39.2000000000001));
#5878=CARTESIAN_POINT('Ctrl Pts',(17.952222808237,17.4851803542019,39.2000000000001));
#5879=CARTESIAN_POINT('Ctrl Pts',(18.2782282410201,17.3382499271413,39.2000000000001));
#5880=CARTESIAN_POINT('Ctrl Pts',(18.6031442361025,17.1893671145691,39.2000000000001));
#5881=CARTESIAN_POINT('Ctrl Pts',(18.9360454260603,17.059344541744,39.2000000000001));
#5882=CARTESIAN_POINT('Ctrl Pts',(19.2860562001217,16.9730017319131,39.2000000000001));
#5883=CARTESIAN_POINT('Ctrl Pts',(19.6429769075649,16.9307090001806,39.2000000000001));
#5884=CARTESIAN_POINT('Ctrl Pts',(19.8808963402614,16.9235183574553,39.2000000000001));
#5885=CARTESIAN_POINT('Ctrl Pts',(19.9999998509885,16.9235183574553,39.2000000000001));
#5886=CARTESIAN_POINT('Ctrl Pts',(19.9999998509885,16.9235183574553,39.2000000000001));
#5887=CARTESIAN_POINT('Ctrl Pts',(19.8808963402614,16.9235183574553,39.2000000000001));
#5888=CARTESIAN_POINT('Ctrl Pts',(19.6429769075649,16.9307090001806,39.2000000000001));
#5889=CARTESIAN_POINT('Ctrl Pts',(19.2860562001217,16.9730017319131,39.2000000000001));
#5890=CARTESIAN_POINT('Ctrl Pts',(18.9360454260603,17.059344541744,39.2000000000001));
#5891=CARTESIAN_POINT('Ctrl Pts',(18.6031442361025,17.1893671145691,39.2000000000001));
#5892=CARTESIAN_POINT('Ctrl Pts',(18.2782282410201,17.3382499271413,39.2000000000001));
#5893=CARTESIAN_POINT('Ctrl Pts',(17.952222808237,17.4851803542019,39.2000000000001));
#5894=CARTESIAN_POINT('Ctrl Pts',(17.7322200138533,17.5767531647148,39.2000000000001));
#5895=CARTESIAN_POINT('Ctrl Pts',(17.6212048163647,17.6203892569733,39.2000000000001));
#5896=CARTESIAN_POINT('Ctrl Pts',(19.9999998509885,16.2024590708389,39.2000000000001));
#5897=CARTESIAN_POINT('Ctrl Pts',(19.866256123894,16.2024590708389,39.2000000000001));
#5898=CARTESIAN_POINT('Ctrl Pts',(19.5933418379577,16.2082178355486,39.1988813682222));
#5899=CARTESIAN_POINT('Ctrl Pts',(19.1589248733648,16.2380521075509,39.1984466003283));
#5900=CARTESIAN_POINT('Ctrl Pts',(18.6922333817269,16.292611936464,39.1981323621215));
#5901=CARTESIAN_POINT('Ctrl Pts',(18.2373183839651,16.3596632295498,39.1989712554139));
#5902=CARTESIAN_POINT('Ctrl Pts',(17.8634375735875,16.4411019189858,39.1996445529006));
#5903=CARTESIAN_POINT('Ctrl Pts',(17.5358162506446,16.5322353652225,39.200601615043));
#5904=CARTESIAN_POINT('Ctrl Pts',(17.3302618839752,16.5924569012316,39.1996861361603));
#5905=CARTESIAN_POINT('Ctrl Pts',(17.2285063727064,16.6213196102708,39.2000000000001));
#5906=CARTESIAN_POINT('Ctrl Pts',(19.9999998509885,14.9424056811644,38.8498629444703));
#5907=CARTESIAN_POINT('Ctrl Pts',(19.8406989711876,14.9424056811644,38.8498629444703));
#5908=CARTESIAN_POINT('Ctrl Pts',(19.5060898587652,14.9444334188138,38.8472934929294));
#5909=CARTESIAN_POINT('Ctrl Pts',(18.9361206310177,14.9521892100441,38.8263307599229));
#5910=CARTESIAN_POINT('Ctrl Pts',(18.2655752088125,14.9513779285962,38.7654357818904));
#5911=CARTESIAN_POINT('Ctrl Pts',(17.5989611102717,14.9110238194339,38.6413512995949));
#5912=CARTESIAN_POINT('Ctrl Pts',(17.1413395465687,14.8779905777608,38.5285440395701));
#5913=CARTESIAN_POINT('Ctrl Pts',(16.8121670603584,14.8751679504821,38.4535679240708));
#5914=CARTESIAN_POINT('Ctrl Pts',(16.6315299728859,14.8810753608765,38.4169671527085));
#5915=CARTESIAN_POINT('Ctrl Pts',(16.5460971229902,14.885192617586,38.4009374375143));
#5916=CARTESIAN_POINT('Ctrl Pts',(19.9999998509885,13.9944331007121,37.9772141098706));
#5917=CARTESIAN_POINT('Ctrl Pts',(19.8214533433091,13.9944331007121,37.9772141098706));
#5918=CARTESIAN_POINT('Ctrl Pts',(19.4407075464579,13.9966915006794,37.9683893784023));
#5919=CARTESIAN_POINT('Ctrl Pts',(18.7716679312095,14.0062443881433,37.9006673785342));
#5920=CARTESIAN_POINT('Ctrl Pts',(17.9641615140342,14.0172421878944,37.7048081166933));
#5921=CARTESIAN_POINT('Ctrl Pts',(17.2007357454566,14.0151288523661,37.3230171897191));
#5922=CARTESIAN_POINT('Ctrl Pts',(16.7455441640638,14.0209083680818,36.9946089667535));
#5923=CARTESIAN_POINT('Ctrl Pts',(16.4482135730311,14.0414605173747,36.7838628513561));
#5924=CARTESIAN_POINT('Ctrl Pts',(16.2958624186557,14.0585022489038,36.6828936003672));
#5925=CARTESIAN_POINT('Ctrl Pts',(16.2245167195069,14.0670553795021,36.639193816962));
#5926=CARTESIAN_POINT('Ctrl Pts',(19.9999998509885,13.6782762913289,37.5384618731646));
#5927=CARTESIAN_POINT('Ctrl Pts',(19.8150445017145,13.6782762913289,37.5384618731646));
#5928=CARTESIAN_POINT('Ctrl Pts',(19.4187367532442,13.6810419231465,37.5265554748413));
#5929=CARTESIAN_POINT('Ctrl Pts',(18.7175577264832,13.6973083584281,37.4376083070146));
#5930=CARTESIAN_POINT('Ctrl Pts',(17.8700760964803,13.73051713144,37.1809250961232));
#5931=CARTESIAN_POINT('Ctrl Pts',(17.0953632427153,13.7805258132958,36.6906353762787));
#5932=CARTESIAN_POINT('Ctrl Pts',(16.6613566656031,13.8377884335158,36.2798031680608));
#5933=CARTESIAN_POINT('Ctrl Pts',(16.384220820895,13.8943001362315,36.0206133917095));
#5934=CARTESIAN_POINT('Ctrl Pts',(16.2433758015566,13.9295204479672,35.8975357764181));
#5935=CARTESIAN_POINT('Ctrl Pts',(16.1770535105135,13.9463035603743,35.8446094165112));
#5936=CARTESIAN_POINT('',(19.9999998509885,13.6782762913289,37.5384618731646));
#5937=CARTESIAN_POINT('Origin',(19.9999998509885,16.9235183574553,35.2000000000001));
#5938=CARTESIAN_POINT('Ctrl Pts',(19.9999998509885,13.6782762913289,37.5384618731646));
#5939=CARTESIAN_POINT('Ctrl Pts',(19.8150445017145,13.6782762913289,37.5384618731646));
#5940=CARTESIAN_POINT('Ctrl Pts',(19.4187367532442,13.6810419231465,37.5265554748413));
#5941=CARTESIAN_POINT('Ctrl Pts',(18.7175577264832,13.6973083584281,37.4376083070146));
#5942=CARTESIAN_POINT('Ctrl Pts',(18.0597598145095,13.7230843289897,37.2383760473579));
#5943=CARTESIAN_POINT('Ctrl Pts',(17.7058621089975,13.7427327236232,37.0559850274445));
#5944=CARTESIAN_POINT('Ctrl Pts',(17.6212382593187,13.7478374436012,37.0085287644069));
#5945=CARTESIAN_POINT('Ctrl Pts',(19.9999998509885,13.6782762913289,37.5384618731646));
#5946=CARTESIAN_POINT('Ctrl Pts',(20.1848892392775,13.6782762913289,37.5384618731646));
#5947=CARTESIAN_POINT('Ctrl Pts',(20.5839442773842,13.6810574077093,37.5264665334156));
#5948=CARTESIAN_POINT('Ctrl Pts',(21.2859615598947,13.6974842662785,37.4357394254757));
#5949=CARTESIAN_POINT('Ctrl Pts',(22.1303174062674,13.7305295551804,37.1806075703713));
#5950=CARTESIAN_POINT('Ctrl Pts',(22.902564926155,13.7804359596837,36.6914881293232));
#5951=CARTESIAN_POINT('Ctrl Pts',(23.3386623328443,13.8378124450626,36.2787368853855));
#5952=CARTESIAN_POINT('Ctrl Pts',(23.5344658378825,13.8778713906365,36.0959395884428));
#5953=CARTESIAN_POINT('Ctrl Pts',(23.6346476303402,13.9005337508833,36.0047941158187));
#5954=CARTESIAN_POINT('Ctrl Pts',(23.6734676234318,13.9095224980234,35.9703276286128));
#5955=CARTESIAN_POINT('Ctrl Pts',(23.719811686793,13.9206028257421,35.9298328276422));
#5956=CARTESIAN_POINT('Ctrl Pts',(23.7638451251619,13.9314558544864,35.8927044718764));
#5957=CARTESIAN_POINT('Ctrl Pts',(23.7936904578735,13.9389240781943,35.8681870312043));
#5958=CARTESIAN_POINT('Ctrl Pts',(23.8083872358127,13.9426250711819,35.8562856688559));
#5959=CARTESIAN_POINT('Ctrl Pts',(23.8167270143803,13.9447302883771,35.849581923927));
#5960=CARTESIAN_POINT('Ctrl Pts',(23.8208759605582,13.9457796804322,35.8462614973464));
#5961=CARTESIAN_POINT('Ctrl Pts',(23.8229461914875,13.9463035603804,35.844609416492));
#5962=CARTESIAN_POINT('Ctrl Pts',(19.9999998509885,14.0998187038398,38.1234648554392));
#5963=CARTESIAN_POINT('Ctrl Pts',(20.1763627898825,14.0998187038398,38.1234648554392));
#5964=CARTESIAN_POINT('Ctrl Pts',(20.5539991448533,14.1031112179486,38.1145837936583));
#5965=CARTESIAN_POINT('Ctrl Pts',(21.2131285103275,14.1108667435487,38.0522117878984));
#5966=CARTESIAN_POINT('Ctrl Pts',(22.0037228254244,14.1154105641621,37.8773417848438));
#5967=CARTESIAN_POINT('Ctrl Pts',(22.7616462521051,14.0952580095332,37.5332468828459));
#5968=CARTESIAN_POINT('Ctrl Pts',(23.2263045833046,14.08313821284,37.231518441017));
#5969=CARTESIAN_POINT('Ctrl Pts',(23.441274140077,14.0889826149878,37.0945817403845));
#5970=CARTESIAN_POINT('Ctrl Pts',(23.5518706327918,14.0940331244125,37.025788790922));
#5971=CARTESIAN_POINT('Ctrl Pts',(23.5947298636315,14.0961786755267,36.9997590665026));
#5972=CARTESIAN_POINT('Ctrl Pts',(23.645918269055,14.0992069679248,36.9690341647732));
#5973=CARTESIAN_POINT('Ctrl Pts',(23.6945160287758,14.1025038720477,36.9407640851624));
#5974=CARTESIAN_POINT('Ctrl Pts',(23.7274283654434,14.104883434628,36.9220626396702));
#5975=CARTESIAN_POINT('Ctrl Pts',(23.7436240567148,14.1060928456415,36.9129744056583));
#5976=CARTESIAN_POINT('Ctrl Pts',(23.7528123282062,14.1067837886556,36.9078549290899));
#5977=CARTESIAN_POINT('Ctrl Pts',(23.7573818692761,14.1071323990166,36.9053174720057));
#5978=CARTESIAN_POINT('Ctrl Pts',(23.759661912832,14.1073059858801,36.9040552837643));
#5979=CARTESIAN_POINT('Ctrl Pts',(19.9999998509885,15.1205388719502,38.9410584556084));
#5980=CARTESIAN_POINT('Ctrl Pts',(20.1556298818543,15.1205388719502,38.9410584556084));
#5981=CARTESIAN_POINT('Ctrl Pts',(20.4838976977765,15.122891097805,38.9392494533758));
#5982=CARTESIAN_POINT('Ctrl Pts',(21.0357765306151,15.1332462715867,38.9236380632302));
#5983=CARTESIAN_POINT('Ctrl Pts',(21.6747316089685,15.1396205277463,38.8796096575907));
#5984=CARTESIAN_POINT('Ctrl Pts',(22.310836271711,15.112551249679,38.7896867812783));
#5985=CARTESIAN_POINT('Ctrl Pts',(22.7595207910993,15.0929934106062,38.7079361192529));
#5986=CARTESIAN_POINT('Ctrl Pts',(22.9927801702267,15.0990791323437,38.6698810316886));
#5987=CARTESIAN_POINT('Ctrl Pts',(23.1178746873357,15.1048028057604,38.650659975017));
#5988=CARTESIAN_POINT('Ctrl Pts',(23.1667641897165,15.1074356802971,38.6433407684936));
#5989=CARTESIAN_POINT('Ctrl Pts',(23.226091862965,15.1110344816369,38.6347062326153));
#5990=CARTESIAN_POINT('Ctrl Pts',(23.2833580166787,15.1150531328862,38.6267255821179));
#5991=CARTESIAN_POINT('Ctrl Pts',(23.3225500654235,15.1180154784317,38.6214258055373));
#5992=CARTESIAN_POINT('Ctrl Pts',(23.3419355573802,15.1195301297379,38.6188461317867));
#5993=CARTESIAN_POINT('Ctrl Pts',(23.3529566434546,15.1204048688479,38.6173905560873));
#5994=CARTESIAN_POINT('Ctrl Pts',(23.3584482226327,15.1208444291571,38.6166691793137));
#5995=CARTESIAN_POINT('Ctrl Pts',(23.3611895579259,15.1210651216016,38.616309958422));
#5996=CARTESIAN_POINT('Ctrl Pts',(19.9999998509885,16.382723892493,39.2000000000001));
#5997=CARTESIAN_POINT('Ctrl Pts',(20.1300259987277,16.382723892493,39.2000000000001));
#5998=CARTESIAN_POINT('Ctrl Pts',(20.3963266728288,16.3882796047059,39.1996250180547));
#5999=CARTESIAN_POINT('Ctrl Pts',(20.8120409443249,16.4211982162645,39.1994476392543));
#6000=CARTESIAN_POINT('Ctrl Pts',(21.247295260219,16.4831592842694,39.199203395161));
#6001=CARTESIAN_POINT('Ctrl Pts',(21.6707599618215,16.5660860196864,39.1994123654433));
#6002=CARTESIAN_POINT('Ctrl Pts',(22.0330309827878,16.6648589131937,39.1996205926858));
#6003=CARTESIAN_POINT('Ctrl Pts',(22.2647811668973,16.7397277588758,39.1997670503153));
#6004=CARTESIAN_POINT('Ctrl Pts',(22.3979339638112,16.7827516272041,39.1998241346082));
#6005=CARTESIAN_POINT('Ctrl Pts',(22.4509298044797,16.7999394423402,39.1998721662267));
#6006=CARTESIAN_POINT('Ctrl Pts',(22.5167715531117,16.8212161449427,39.1999024269617));
#6007=CARTESIAN_POINT('Ctrl Pts',(22.5821838885029,16.8422068236351,39.1999366007207));
#6008=CARTESIAN_POINT('Ctrl Pts',(22.6278010313558,16.8567137421421,39.199966678639));
#6009=CARTESIAN_POINT('Ctrl Pts',(22.6505715324181,16.8639172276536,39.199982276688));
#6010=CARTESIAN_POINT('Ctrl Pts',(22.663573148274,16.8680194952972,39.1999925645295));
#6011=CARTESIAN_POINT('Ctrl Pts',(22.6700707287163,16.8700652116601,39.1999973266071));
#6012=CARTESIAN_POINT('Ctrl Pts',(22.6733187183935,16.8710870219582,39.2000000000001));
#6013=CARTESIAN_POINT('Ctrl Pts',(19.9999998509885,16.9235183574553,39.2000000000001));
#6014=CARTESIAN_POINT('Ctrl Pts',(20.1190608855961,16.9235183574553,39.2000000000001));
#6015=CARTESIAN_POINT('Ctrl Pts',(20.3586725511456,16.9307492600444,39.2000000000001));
#6016=CARTESIAN_POINT('Ctrl Pts',(20.7159976979046,16.9734590923241,39.2000000000001));
#6017=CARTESIAN_POINT('Ctrl Pts',(21.0639144774761,17.0593768434691,39.2000000000001));
#6018=CARTESIAN_POINT('Ctrl Pts',(21.3964594260159,17.1891334951778,39.2000000000002));
#6019=CARTESIAN_POINT('Ctrl Pts',(21.721870174265,17.3383123571629,39.2000000000001));
#6020=CARTESIAN_POINT('Ctrl Pts',(21.9530324327167,17.4424656156549,39.2000000000002));
#6021=CARTESIAN_POINT('Ctrl Pts',(22.0896489358,17.5013877522968,39.2000000000001));
#6022=CARTESIAN_POINT('Ctrl Pts',(22.1444163018345,17.524758494861,39.2000000000002));
#6023=CARTESIAN_POINT('Ctrl Pts',(22.2130517495567,17.5535673469296,39.2000000000001));
#6024=CARTESIAN_POINT('Ctrl Pts',(22.28195590242,17.5817852216646,39.2000000000001));
#6025=CARTESIAN_POINT('Ctrl Pts',(22.3303278904252,17.6012026033052,39.2000000000001));
#6026=CARTESIAN_POINT('Ctrl Pts',(22.3545496015054,17.610825185073,39.2000000000001));
#6027=CARTESIAN_POINT('Ctrl Pts',(22.3684006822848,17.6162987497805,39.2000000000001));
#6028=CARTESIAN_POINT('Ctrl Pts',(22.3753295787117,17.6190271691238,39.2000000000001));
#6029=CARTESIAN_POINT('Ctrl Pts',(22.3787948856523,17.6203892569891,39.2000000000001));
#6030=CARTESIAN_POINT('',(22.3787948856033,13.7477542633508,37.0106669994662));
#6031=CARTESIAN_POINT('Ctrl Pts',(22.3787948856033,13.7477542633508,37.0106669994663));
#6032=CARTESIAN_POINT('Ctrl Pts',(22.3787948856033,13.9865792800852,37.4533734250626));
#6033=CARTESIAN_POINT('Ctrl Pts',(22.3787948856032,14.3083373894042,37.8433498968753));
#6034=CARTESIAN_POINT('Ctrl Pts',(22.3787948856032,15.0673637271492,38.4774875051511));
#6035=CARTESIAN_POINT('Ctrl Pts',(22.378794885603,15.4915531474764,38.7193638379961));
#6036=CARTESIAN_POINT('Ctrl Pts',(22.378794885603,16.4754891555453,39.0933836539999));
#6037=CARTESIAN_POINT('Ctrl Pts',(22.3787948856032,17.049080789335,39.2000000000001));
#6038=CARTESIAN_POINT('Ctrl Pts',(22.3787948856032,17.6203892569698,39.2000000000001));
#6039=CARTESIAN_POINT('Ctrl Pts',(22.3787566640331,13.7478418317431,37.0083611940803));
#6040=CARTESIAN_POINT('Ctrl Pts',(22.2942830729765,13.7427407910855,37.0557704187799));
#6041=CARTESIAN_POINT('Ctrl Pts',(21.9414615927613,13.7231383646712,37.2376725320863));
#6042=CARTESIAN_POINT('Ctrl Pts',(21.2859615598947,13.6974842662785,37.4357394254757));
#6043=CARTESIAN_POINT('Ctrl Pts',(20.5839442773842,13.6810574077093,37.5264665334156));
#6044=CARTESIAN_POINT('Ctrl Pts',(20.1848892392775,13.6782762913289,37.5384618731646));
#6045=CARTESIAN_POINT('Ctrl Pts',(19.9999998509885,13.6782762913289,37.5384618731646));
#6046=CARTESIAN_POINT('Origin',(22.3787948856032,19.1499999999999,39.2000000000001));
#6047=CARTESIAN_POINT('',(22.3787948856032,14.1499999999999,35.3602074477102));
#6048=CARTESIAN_POINT('Ctrl Pts',(22.3787948856032,14.1499999999999,35.3602074477102));
#6049=CARTESIAN_POINT('Ctrl Pts',(22.3787948856032,16.5666666666666,35.3602074477102));
#6050=CARTESIAN_POINT('Ctrl Pts',(22.3787948856032,18.9833333333333,35.3602074477102));
#6051=CARTESIAN_POINT('Ctrl Pts',(22.3787948856032,23.59463244672,35.3602074477102));
#6052=CARTESIAN_POINT('Ctrl Pts',(22.3787948856032,25.78926489344,35.3602074477102));
#6053=CARTESIAN_POINT('Ctrl Pts',(22.3787948856032,27.98389734016,35.3602074477102));
#6054=CARTESIAN_POINT('',(22.3787948855645,11.6499999999999,35.3602074477837));
#6055=CARTESIAN_POINT('Ctrl Pts',(22.3787948856032,14.1499999999999,35.3602074477102));
#6056=CARTESIAN_POINT('Ctrl Pts',(22.3787948856032,13.3166666666666,35.3602074477102));
#6057=CARTESIAN_POINT('Ctrl Pts',(22.3787948855645,12.4833333333333,35.3602074477837));
#6058=CARTESIAN_POINT('Ctrl Pts',(22.3787948855645,11.6499999999999,35.3602074477837));
#6059=CARTESIAN_POINT('Ctrl Pts',(22.3787948856032,11.6499999999999,35.3602074477102));
#6060=CARTESIAN_POINT('Ctrl Pts',(22.3787948856032,11.8044054976218,35.3602074477102));
#6061=CARTESIAN_POINT('Ctrl Pts',(22.3787948856032,11.9526318048643,35.3911036949857));
#6062=CARTESIAN_POINT('Ctrl Pts',(22.3787948856032,12.2790686256977,35.5106130061818));
#6063=CARTESIAN_POINT('Ctrl Pts',(22.3787948856032,12.4640931333834,35.6147450225943));
#6064=CARTESIAN_POINT('Ctrl Pts',(22.3787948856032,12.9403418074979,35.961664608517));
#6065=CARTESIAN_POINT('Ctrl Pts',(22.3787948856032,13.2612444124713,36.2686482713255));
#6066=CARTESIAN_POINT('Ctrl Pts',(22.3787948856032,13.6102851043726,36.772374421479));
#6067=CARTESIAN_POINT('Ctrl Pts',(22.3787948856033,13.6824919091853,36.8896911321401));
#6068=CARTESIAN_POINT('Ctrl Pts',(22.3787948856033,13.7477542633508,37.0106669994661));
#6069=CARTESIAN_POINT('Ctrl Pts',(16.6122774296877,13.7477542633508,35.8910657226989));
#6070=CARTESIAN_POINT('Ctrl Pts',(16.7413867127601,13.7477542633508,36.1364455118148));
#6071=CARTESIAN_POINT('Ctrl Pts',(17.0533428097401,13.7477542633508,36.5764387080677));
#6072=CARTESIAN_POINT('Ctrl Pts',(18.0433563361374,13.7477542633508,37.3880325934797));
#6073=CARTESIAN_POINT('Ctrl Pts',(19.1302510838941,13.7477542633508,37.6400641297196));
#6074=CARTESIAN_POINT('Ctrl Pts',(19.9999998509885,13.7477542633508,37.6400641297196));
#6075=CARTESIAN_POINT('Ctrl Pts',(17.2283928281356,13.2964232086491,35.5668898088224));
#6076=CARTESIAN_POINT('Ctrl Pts',(17.3297530320064,13.2964232086491,35.7595308401929));
#6077=CARTESIAN_POINT('Ctrl Pts',(17.5695970604491,13.2964232086491,36.0950048424061));
#6078=CARTESIAN_POINT('Ctrl Pts',(18.3268840597329,13.2964232086491,36.7190404558535));
#6079=CARTESIAN_POINT('Ctrl Pts',(19.2218363237297,13.2964232086491,36.9438686059318));
#6080=CARTESIAN_POINT('Ctrl Pts',(19.9999998509885,13.2964232086491,36.9438686059318));
#6081=CARTESIAN_POINT('Ctrl Pts',(17.6212048163738,12.479691465715,35.3602074477103));
#6082=CARTESIAN_POINT('Ctrl Pts',(17.7050047685334,12.479691465715,35.5194741874791));
#6083=CARTESIAN_POINT('Ctrl Pts',(17.898382163829,12.479691465715,35.788267296045));
#6084=CARTESIAN_POINT('Ctrl Pts',(18.50837692171,12.479691465715,36.2935723449915));
#6085=CARTESIAN_POINT('Ctrl Pts',(19.2797935572967,12.479691465715,36.5000005438924));
#6086=CARTESIAN_POINT('Ctrl Pts',(19.9999998509885,12.479691465715,36.5000005438924));
#6087=CARTESIAN_POINT('Ctrl Pts',(17.6212048163738,11.6499999999999,35.3602074477103));
#6088=CARTESIAN_POINT('Ctrl Pts',(17.7052687614192,11.6499999999999,35.5199759214917));
#6089=CARTESIAN_POINT('Ctrl Pts',(17.8976611922874,11.6499999999999,35.7886819345406));
#6090=CARTESIAN_POINT('Ctrl Pts',(18.5098347337112,11.6499999999999,36.295692241153));
#6091=CARTESIAN_POINT('Ctrl Pts',(19.2789222544477,11.6499999999999,36.5000005438924));
#6092=CARTESIAN_POINT('Ctrl Pts',(19.9999998509885,11.6499999999999,36.5000005438924));
#6093=CARTESIAN_POINT('Origin',(19.9999998509885,11.6499999999999,39.0000005438924));
#6094=CARTESIAN_POINT('Ctrl Pts',(19.9999998509885,13.7477542633508,37.6400641297196));
#6095=CARTESIAN_POINT('Ctrl Pts',(20.6523114263143,13.7477542633508,37.6400641297196));
#6096=CARTESIAN_POINT('Ctrl Pts',(21.6636227943906,13.7477542633508,37.4735773970051));
#6097=CARTESIAN_POINT('Ctrl Pts',(22.7728679309188,13.7477542633508,36.7874864689107));
#6098=CARTESIAN_POINT('Ctrl Pts',(23.215576561526,13.7477542633508,36.2182387748534));
#6099=CARTESIAN_POINT('Ctrl Pts',(23.3877222722893,13.7477542633508,35.8910657226988));
#6100=CARTESIAN_POINT('Ctrl Pts',(19.9999998509885,13.2964232086491,36.9438686059317));
#6101=CARTESIAN_POINT('Ctrl Pts',(20.5836224964402,13.2964232086491,36.9438686059317));
#6102=CARTESIAN_POINT('Ctrl Pts',(21.4381863130344,13.2964232086491,36.7934537338083));
#6103=CARTESIAN_POINT('Ctrl Pts',(22.2997529449525,13.2964232086491,36.2542771391056));
#6104=CARTESIAN_POINT('Ctrl Pts',(22.6364599353468,13.2964232086491,35.8237445173166));
#6105=CARTESIAN_POINT('Ctrl Pts',(22.7716068738414,13.2964232086491,35.5668898088224));
#6106=CARTESIAN_POINT('Ctrl Pts',(19.9999998509885,12.479691465715,36.5000005438924));
#6107=CARTESIAN_POINT('Ctrl Pts',(20.5401545712666,12.479691465715,36.5000005438924));
#6108=CARTESIAN_POINT('Ctrl Pts',(21.2938153781719,12.479691465715,36.3607546536793));
#6109=CARTESIAN_POINT('Ctrl Pts',(21.998507817759,12.479691465715,35.9146403761457));
#6110=CARTESIAN_POINT('Ctrl Pts',(22.267061616057,12.479691465715,35.5725631007356));
#6111=CARTESIAN_POINT('Ctrl Pts',(22.3787948856032,12.479691465715,35.3602074477102));
#6112=CARTESIAN_POINT('Ctrl Pts',(19.9999998509885,11.6499999999999,36.5000005438924));
#6113=CARTESIAN_POINT('Ctrl Pts',(20.5408080484033,11.6499999999999,36.5000005438924));
#6114=CARTESIAN_POINT('Ctrl Pts',(21.2925284623235,11.6499999999999,36.3626057177827));
#6115=CARTESIAN_POINT('Ctrl Pts',(21.9993010613372,11.6499999999999,35.9152775645738));
#6116=CARTESIAN_POINT('Ctrl Pts',(22.2667096255425,11.6499999999999,35.573232079419));
#6117=CARTESIAN_POINT('Ctrl Pts',(22.3787948856032,11.6499999999999,35.3602074477102));
#6118=CARTESIAN_POINT('Ctrl Pts',(22.3787948856032,11.6499999999999,35.3602074477102));
#6119=CARTESIAN_POINT('Ctrl Pts',(22.2667096255425,11.6499999999999,35.573232079419));
#6120=CARTESIAN_POINT('Ctrl Pts',(21.9993010613372,11.6499999999999,35.9152775645738));
#6121=CARTESIAN_POINT('Ctrl Pts',(21.2925284623235,11.6499999999999,36.3626057177827));
#6122=CARTESIAN_POINT('Ctrl Pts',(20.5408080484033,11.6499999999999,36.5000005438924));
#6123=CARTESIAN_POINT('Ctrl Pts',(19.9999998509885,11.6499999999999,36.5000005438924));
#6124=CARTESIAN_POINT('Ctrl Pts',(24.7783370099792,-3.85000000000006,30.4000000000001));
#6125=CARTESIAN_POINT('Ctrl Pts',(24.7783370099792,46.6499999999999,30.4000000000001));
#6126=CARTESIAN_POINT('Ctrl Pts',(24.744293708494,-3.85000000000006,30.4000000000001));
#6127=CARTESIAN_POINT('Ctrl Pts',(24.744293708494,46.6499999999999,30.4000000000001));
#6128=CARTESIAN_POINT('Ctrl Pts',(24.6659897972296,-3.85000000000006,30.4271232209021));
#6129=CARTESIAN_POINT('Ctrl Pts',(24.6659897972296,46.6499999999999,30.4271232209021));
#6130=CARTESIAN_POINT('Ctrl Pts',(24.5178817813945,-3.85000000000006,30.5491775107383));
#6131=CARTESIAN_POINT('Ctrl Pts',(24.5178817813945,46.65,30.5491775107383));
#6132=CARTESIAN_POINT('Ctrl Pts',(24.2662690462069,-3.85000000000006,30.8631829806502));
#6133=CARTESIAN_POINT('Ctrl Pts',(24.2662690462069,46.65,30.8631829806502));
#6134=CARTESIAN_POINT('Ctrl Pts',(23.9015297740926,-3.85000000000006,31.4421407056361));
#6135=CARTESIAN_POINT('Ctrl Pts',(23.9015297740926,46.65,31.4421407056361));
#6136=CARTESIAN_POINT('Ctrl Pts',(23.5358631605817,-3.85000000000006,32.1235136085944));
#6137=CARTESIAN_POINT('Ctrl Pts',(23.5358631605817,46.65,32.1235136085944));
#6138=CARTESIAN_POINT('Ctrl Pts',(23.2148414326115,-3.85000000000006,32.8233737559416));
#6139=CARTESIAN_POINT('Ctrl Pts',(23.2148414326115,46.65,32.8233737559416));
#6140=CARTESIAN_POINT('Ctrl Pts',(22.9684710502807,-3.85000000000006,33.4744623198073));
#6141=CARTESIAN_POINT('Ctrl Pts',(22.9684710502807,46.65,33.4744623198073));
#6142=CARTESIAN_POINT('Ctrl Pts',(22.7957171880127,-3.85000000000006,34.0473228115129));
#6143=CARTESIAN_POINT('Ctrl Pts',(22.7957171880127,46.65,34.0473228115129));
#6144=CARTESIAN_POINT('Ctrl Pts',(22.6708622939274,-3.85000000000006,34.5420759899465));
#6145=CARTESIAN_POINT('Ctrl Pts',(22.6708622939274,46.65,34.5420759899465));
#6146=CARTESIAN_POINT('Ctrl Pts',(22.5541843666107,-3.85000000000006,34.9743221694654));
#6147=CARTESIAN_POINT('Ctrl Pts',(22.5541843666107,46.65,34.9743221694654));
#6148=CARTESIAN_POINT('Ctrl Pts',(22.4006124638952,-3.85000000000006,35.3636733627977));
#6149=CARTESIAN_POINT('Ctrl Pts',(22.4006124638952,46.65,35.3636733627977));
#6150=CARTESIAN_POINT('Ctrl Pts',(22.1686485505488,-3.85000000000006,35.722077902636));
#6151=CARTESIAN_POINT('Ctrl Pts',(22.1686485505488,46.6499999999999,35.722077902636));
#6152=CARTESIAN_POINT('Ctrl Pts',(21.8300179717266,-3.85000000000006,36.0411090030003));
#6153=CARTESIAN_POINT('Ctrl Pts',(21.8300179717266,46.6499999999999,36.0411090030003));
#6154=CARTESIAN_POINT('Ctrl Pts',(21.3671962081957,-3.85000000000006,36.2990573465546));
#6155=CARTESIAN_POINT('Ctrl Pts',(21.3671962081957,46.6499999999999,36.2990573465546));
#6156=CARTESIAN_POINT('Ctrl Pts',(20.8896802218381,-3.85000000000006,36.4355122707663));
#6157=CARTESIAN_POINT('Ctrl Pts',(20.8896802218381,46.6499999999999,36.4355122707663));
#6158=CARTESIAN_POINT('Ctrl Pts',(20.4692012715288,-3.85000000000006,36.4882751613267));
#6159=CARTESIAN_POINT('Ctrl Pts',(20.4692012715288,46.6499999999999,36.4882751613267));
#6160=CARTESIAN_POINT('Ctrl Pts',(20.1610405564448,-3.85000000000006,36.5000005438924));
#6161=CARTESIAN_POINT('Ctrl Pts',(20.1610405564448,46.6499999999999,36.5000005438924));
#6162=CARTESIAN_POINT('Ctrl Pts',(19.9999998509885,-3.85000000000006,36.5000005438924));
#6163=CARTESIAN_POINT('Ctrl Pts',(19.9999998509885,46.6499999999999,36.5000005438924));
#6164=CARTESIAN_POINT('Ctrl Pts',(24.0623002472606,30.1499999999999,31.2000000000001));
#6165=CARTESIAN_POINT('Ctrl Pts',(24.1363244796685,30.1499999999999,31.0816361541737));
#6166=CARTESIAN_POINT('Ctrl Pts',(24.2084911096378,30.15,30.9729372093449));
#6167=CARTESIAN_POINT('Ctrl Pts',(24.3590559408671,30.15,30.7616247555961));
#6168=CARTESIAN_POINT('Ctrl Pts',(24.4657857897948,30.15,30.6223987602044));
#6169=CARTESIAN_POINT('Ctrl Pts',(24.6020225621938,30.15,30.4913456065901));
#6170=CARTESIAN_POINT('Ctrl Pts',(24.6431958014851,30.15,30.4558876885698));
#6171=CARTESIAN_POINT('Ctrl Pts',(24.7000467455219,30.15,30.4221597884952));
#6172=CARTESIAN_POINT('Ctrl Pts',(24.7170106979174,30.15,30.4136833697016));
#6173=CARTESIAN_POINT('Ctrl Pts',(24.7484571479238,30.15,30.4031396581156));
#6174=CARTESIAN_POINT('Ctrl Pts',(24.7633917839599,30.1499999999999,30.4000000000001));
#6175=CARTESIAN_POINT('Ctrl Pts',(24.7783370099792,30.1499999999999,30.4000000000001));
#6176=CARTESIAN_POINT('Ctrl Pts',(23.4159267282424,-3.85000000000006,32.3999999999969));
#6177=CARTESIAN_POINT('Ctrl Pts',(23.5494624642251,-3.84999999999961,32.1140012541766));
#6178=CARTESIAN_POINT('Ctrl Pts',(23.6938112184493,-3.78872549097331,31.8340834425084));
#6179=CARTESIAN_POINT('Ctrl Pts',(23.9866256581552,-3.55463973887365,31.3148717380819));
#6180=CARTESIAN_POINT('Ctrl Pts',(24.1343586961144,-3.37927880860387,31.0779174119875));
#6181=CARTESIAN_POINT('Ctrl Pts',(24.3791533273488,-2.97915489718398,30.7327112932509));
#6182=CARTESIAN_POINT('Ctrl Pts',(24.4794923308939,-2.7732216031563,30.6093365387861));
#6183=CARTESIAN_POINT('Ctrl Pts',(24.6507607436093,-2.3286405905065,30.4443453353159));
#6184=CARTESIAN_POINT('Ctrl Pts',(24.7213518802939,-2.09544471768491,30.4006915137903));
#6185=CARTESIAN_POINT('Ctrl Pts',(24.7774575748683,-1.85380087424424,30.4000027090666));
#6186=CARTESIAN_POINT('Ctrl Pts',(24.7778977765277,-1.85190055026948,30.4000000000001));
#6187=CARTESIAN_POINT('Ctrl Pts',(24.7783370099792,-1.85000000000006,30.4000000000001));
#6188=CARTESIAN_POINT('Origin',(19.9999998509885,30.1499999999999,33.4500002719462));
#6189=CARTESIAN_POINT('Origin',(5.99999999999996,-1.85000000000005,32.4));
#6190=CARTESIAN_POINT('Ctrl Pts',(38.2216629900209,-1.85000000000006,30.4000000000001));
#6191=CARTESIAN_POINT('Ctrl Pts',(38.222102223397,-1.8519005499434,30.4000000000001));
#6192=CARTESIAN_POINT('Ctrl Pts',(38.2225424252103,-1.85380087456624,30.4000027090676));
#6193=CARTESIAN_POINT('Ctrl Pts',(38.2786481173571,-2.09544470807632,30.4006915137625));
#6194=CARTESIAN_POINT('Ctrl Pts',(38.3492392530061,-2.32864058172097,30.444345332055));
#6195=CARTESIAN_POINT('Ctrl Pts',(38.5205076691071,-2.77322160315815,30.6093365387872));
#6196=CARTESIAN_POINT('Ctrl Pts',(38.6208466726517,-2.9791548971848,30.7327112932516));
#6197=CARTESIAN_POINT('Ctrl Pts',(38.8656413038856,-3.37927880860388,31.0779174119875));
#6198=CARTESIAN_POINT('Ctrl Pts',(39.0133743418449,-3.55463973887365,31.3148717380819));
#6199=CARTESIAN_POINT('Ctrl Pts',(39.3061887815507,-3.78872549097333,31.8340834425085));
#6200=CARTESIAN_POINT('Ctrl Pts',(39.450537535775,-3.84999999999961,32.1140012541766));
#6201=CARTESIAN_POINT('Ctrl Pts',(39.5840732717576,-3.85000000000006,32.399999999997));
#6202=CARTESIAN_POINT('Ctrl Pts',(38.9376997527394,22.1499999999999,39.2000000000001));
#6203=CARTESIAN_POINT('Ctrl Pts',(41.6459000169208,22.1499999999999,39.2000000000001));
#6204=CARTESIAN_POINT('Ctrl Pts',(44.3541002811022,22.1499999999999,39.2000000000001));
#6205=CARTESIAN_POINT('Ctrl Pts',(47.0623005452837,22.1499999999999,39.2000000000001));
#6206=CARTESIAN_POINT('Ctrl Pts',(38.9376997527394,22.4134057612733,39.2000000000001));
#6207=CARTESIAN_POINT('Ctrl Pts',(41.6459000169208,22.4134057612733,39.2000000000001));
#6208=CARTESIAN_POINT('Ctrl Pts',(44.3541002811022,22.4134057612733,39.2000000000001));
#6209=CARTESIAN_POINT('Ctrl Pts',(47.0623005452837,22.4134057612733,39.2000000000001));
#6210=CARTESIAN_POINT('Ctrl Pts',(38.9376997527394,23.07443756684,39.0916008268327));
#6211=CARTESIAN_POINT('Ctrl Pts',(41.6459000169208,23.07443756684,39.0916008268327));
#6212=CARTESIAN_POINT('Ctrl Pts',(44.3541002811022,23.07443756684,39.0916008268327));
#6213=CARTESIAN_POINT('Ctrl Pts',(47.0623005452837,23.07443756684,39.0916008268327));
#6214=CARTESIAN_POINT('Ctrl Pts',(38.9376997527394,24.5239889766595,38.4135765397946));
#6215=CARTESIAN_POINT('Ctrl Pts',(41.6459000169208,24.5239889766595,38.4135765397946));
#6216=CARTESIAN_POINT('Ctrl Pts',(44.3541002811022,24.5239889766595,38.4135765397946));
#6217=CARTESIAN_POINT('Ctrl Pts',(47.0623005452837,24.5239889766595,38.4135765397946));
#6218=CARTESIAN_POINT('Ctrl Pts',(38.9376997527394,26.3116042313691,37.112853856129));
#6219=CARTESIAN_POINT('Ctrl Pts',(41.6459000169208,26.3116042313691,37.112853856129));
#6220=CARTESIAN_POINT('Ctrl Pts',(44.3541002811022,26.3116042313691,37.112853856129));
#6221=CARTESIAN_POINT('Ctrl Pts',(47.0623005452837,26.3116042313691,37.112853856129));
#6222=CARTESIAN_POINT('Ctrl Pts',(38.9376997527394,28.0642078424023,35.3614830194335));
#6223=CARTESIAN_POINT('Ctrl Pts',(41.6459000169208,28.0642078424023,35.3614830194335));
#6224=CARTESIAN_POINT('Ctrl Pts',(44.3541002811022,28.0642078424023,35.3614830194335));
#6225=CARTESIAN_POINT('Ctrl Pts',(47.0623005452837,28.0642078424023,35.3614830194335));
#6226=CARTESIAN_POINT('Ctrl Pts',(38.9376997527394,29.3619861170254,33.5754982485367));
#6227=CARTESIAN_POINT('Ctrl Pts',(41.6459000169208,29.3619861170254,33.5754982485367));
#6228=CARTESIAN_POINT('Ctrl Pts',(44.3541002811022,29.3619861170254,33.5754982485367));
#6229=CARTESIAN_POINT('Ctrl Pts',(47.0623005452837,29.3619861170254,33.5754982485367));
#6230=CARTESIAN_POINT('Ctrl Pts',(38.9376997527394,30.0423032782038,32.1237587272736));
#6231=CARTESIAN_POINT('Ctrl Pts',(41.6459000169208,30.0423032782038,32.1237587272736));
#6232=CARTESIAN_POINT('Ctrl Pts',(44.3541002811022,30.0423032782038,32.1237587272736));
#6233=CARTESIAN_POINT('Ctrl Pts',(47.0623005452837,30.0423032782038,32.1237587272736));
#6234=CARTESIAN_POINT('Ctrl Pts',(38.9376997527394,30.1499999999999,31.4634057612735));
#6235=CARTESIAN_POINT('Ctrl Pts',(41.6459000169208,30.1499999999999,31.4634057612735));
#6236=CARTESIAN_POINT('Ctrl Pts',(44.3541002811022,30.1499999999999,31.4634057612735));
#6237=CARTESIAN_POINT('Ctrl Pts',(47.0623005452837,30.1499999999999,31.4634057612735));
#6238=CARTESIAN_POINT('Ctrl Pts',(38.9376997527394,30.1499999999999,31.2000000000001));
#6239=CARTESIAN_POINT('Ctrl Pts',(41.6459000169208,30.1499999999999,31.2000000000001));
#6240=CARTESIAN_POINT('Ctrl Pts',(44.3541002811022,30.1499999999999,31.2000000000001));
#6241=CARTESIAN_POINT('Ctrl Pts',(47.0623005452837,30.1499999999999,31.2000000000001));
#6242=CARTESIAN_POINT('',(45.3787951836262,22.1499999999999,39.2000000000001));
#6243=CARTESIAN_POINT('',(45.3787951836262,27.98389734016,35.3602074477102));
#6244=CARTESIAN_POINT('Ctrl Pts',(45.3787951836262,22.1499999999999,39.2000000000001));
#6245=CARTESIAN_POINT('Ctrl Pts',(45.3787951836262,22.4591257433578,39.2000000000001));
#6246=CARTESIAN_POINT('Ctrl Pts',(45.3787951836262,22.7865370716588,39.1253646324146));
#6247=CARTESIAN_POINT('Ctrl Pts',(45.3787951836262,23.7264165595789,38.8179884984418));
#6248=CARTESIAN_POINT('Ctrl Pts',(45.3787951836262,24.4697113369376,38.4198221152385));
#6249=CARTESIAN_POINT('Ctrl Pts',(45.3787951836262,26.2206158294825,37.1795210957193));
#6250=CARTESIAN_POINT('Ctrl Pts',(45.3787951836262,27.1774329551768,36.2951226777261));
#6251=CARTESIAN_POINT('Ctrl Pts',(45.3787951836262,27.98389734016,35.3602074477102));
#6252=CARTESIAN_POINT('',(40.6212051143968,22.1499999999999,39.2000000000001));
#6253=CARTESIAN_POINT('Ctrl Pts',(45.3787951836262,22.1499999999999,39.2000000000001));
#6254=CARTESIAN_POINT('Ctrl Pts',(43.7929318272164,22.1499999999999,39.2000000000001));
#6255=CARTESIAN_POINT('Ctrl Pts',(42.2070684708066,22.1499999999999,39.2000000000001));
#6256=CARTESIAN_POINT('Ctrl Pts',(40.6212051143969,22.1499999999999,39.2000000000001));
#6257=CARTESIAN_POINT('',(40.6212051143968,27.98389734016,35.3602074477102));
#6258=CARTESIAN_POINT('Ctrl Pts',(40.6212051143968,27.98389734016,35.3602074477102));
#6259=CARTESIAN_POINT('Ctrl Pts',(40.6212051143968,27.0409279261668,36.4533697534453));
#6260=CARTESIAN_POINT('Ctrl Pts',(40.6212051143969,25.9121536539971,37.4539176642941));
#6261=CARTESIAN_POINT('Ctrl Pts',(40.6212051143969,24.3233518607912,38.4794025493156));
#6262=CARTESIAN_POINT('Ctrl Pts',(40.6212051143969,23.7781997948771,38.7779461606176));
#6263=CARTESIAN_POINT('Ctrl Pts',(40.6212051143969,22.9484996274734,39.0802239458563));
#6264=CARTESIAN_POINT('Ctrl Pts',(40.6212051143968,22.5408713163753,39.2000000000001));
#6265=CARTESIAN_POINT('Ctrl Pts',(40.6212051143968,22.1499999999999,39.2000000000001));
#6266=CARTESIAN_POINT('',(38.9376997527394,30.1499999999999,31.2000000000001));
#6267=CARTESIAN_POINT('Ctrl Pts',(38.9376997527394,30.1499999999999,31.2000000000001));
#6268=CARTESIAN_POINT('Ctrl Pts',(39.1378232330918,30.1499999999999,31.5199950070967));
#6269=CARTESIAN_POINT('Ctrl Pts',(39.3380479776736,30.0694116730995,31.8868239692047));
#6270=CARTESIAN_POINT('Ctrl Pts',(39.6817468771221,29.8119298658623,32.6010526700823));
#6271=CARTESIAN_POINT('Ctrl Pts',(39.8642231957514,29.6247734444122,33.0145579562649));
#6272=CARTESIAN_POINT('Ctrl Pts',(40.1807934761287,29.0723170752223,33.9489797765843));
#6273=CARTESIAN_POINT('Ctrl Pts',(40.2712955946284,28.8071054934194,34.3223144962032));
#6274=CARTESIAN_POINT('Ctrl Pts',(40.4308941633943,28.3651982914295,34.9082553777092));
#6275=CARTESIAN_POINT('Ctrl Pts',(40.5093195118591,28.1673265446638,35.1475622768712));
#6276=CARTESIAN_POINT('Ctrl Pts',(40.6212051143969,27.98389734016,35.3602074477102));
#6277=CARTESIAN_POINT('',(47.0623005452837,30.1499999999999,31.2000000000001));
#6278=CARTESIAN_POINT('Ctrl Pts',(38.9376997527394,30.1499999999999,31.2000000000001));
#6279=CARTESIAN_POINT('Ctrl Pts',(41.6459000169208,30.1499999999999,31.2000000000001));
#6280=CARTESIAN_POINT('Ctrl Pts',(44.3541002811022,30.1499999999999,31.2000000000001));
#6281=CARTESIAN_POINT('Ctrl Pts',(47.0623005452837,30.1499999999999,31.2000000000001));
#6282=CARTESIAN_POINT('Ctrl Pts',(45.3787951836262,27.98389734016,35.3602074477102));
#6283=CARTESIAN_POINT('Ctrl Pts',(45.4845316337622,28.1572454072535,35.1592491028195));
#6284=CARTESIAN_POINT('Ctrl Pts',(45.5566991580287,28.3346701664727,34.9435692223963));
#6285=CARTESIAN_POINT('Ctrl Pts',(45.7429541795681,28.8413334102207,34.2836677197921));
#6286=CARTESIAN_POINT('Ctrl Pts',(45.9182303951806,29.4025860745195,33.5169481254464));
#6287=CARTESIAN_POINT('Ctrl Pts',(46.4361215812644,29.9093404696965,32.3488152618799));
#6288=CARTESIAN_POINT('Ctrl Pts',(46.5680713265063,30.0062782312386,32.0775431030567));
#6289=CARTESIAN_POINT('Ctrl Pts',(46.8187611994437,30.1187690461891,31.6080409519955));
#6290=CARTESIAN_POINT('Ctrl Pts',(46.9375452341751,30.1499999999999,31.399482222642));
#6291=CARTESIAN_POINT('Ctrl Pts',(47.0623005452837,30.1499999999999,31.2000000000001));
#6292=CARTESIAN_POINT('Ctrl Pts',(38.2216629900209,-3.85000000000006,30.4000000000001));
#6293=CARTESIAN_POINT('Ctrl Pts',(38.2216629900209,46.6499999999999,30.4000000000001));
#6294=CARTESIAN_POINT('Ctrl Pts',(38.255706291506,-3.85000000000006,30.4000000000001));
#6295=CARTESIAN_POINT('Ctrl Pts',(38.255706291506,46.6499999999999,30.4000000000001));
#6296=CARTESIAN_POINT('Ctrl Pts',(38.3340102027704,-3.85000000000006,30.4271232209021));
#6297=CARTESIAN_POINT('Ctrl Pts',(38.3340102027704,46.6499999999999,30.4271232209021));
#6298=CARTESIAN_POINT('Ctrl Pts',(38.4821182186055,-3.85000000000006,30.5491775107383));
#6299=CARTESIAN_POINT('Ctrl Pts',(38.4821182186055,46.65,30.5491775107383));
#6300=CARTESIAN_POINT('Ctrl Pts',(38.7337309537931,-3.85000000000006,30.8631829806502));
#6301=CARTESIAN_POINT('Ctrl Pts',(38.7337309537931,46.65,30.8631829806502));
#6302=CARTESIAN_POINT('Ctrl Pts',(39.0984702259074,-3.85000000000006,31.4421407056361));
#6303=CARTESIAN_POINT('Ctrl Pts',(39.0984702259074,46.65,31.4421407056361));
#6304=CARTESIAN_POINT('Ctrl Pts',(39.4641368394183,-3.85000000000006,32.1235136085944));
#6305=CARTESIAN_POINT('Ctrl Pts',(39.4641368394183,46.65,32.1235136085944));
#6306=CARTESIAN_POINT('Ctrl Pts',(39.7851585673885,-3.85000000000006,32.8233737559416));
#6307=CARTESIAN_POINT('Ctrl Pts',(39.7851585673885,46.65,32.8233737559416));
#6308=CARTESIAN_POINT('Ctrl Pts',(40.0315289497193,-3.85000000000006,33.4744623198073));
#6309=CARTESIAN_POINT('Ctrl Pts',(40.0315289497193,46.65,33.4744623198073));
#6310=CARTESIAN_POINT('Ctrl Pts',(40.2042828119873,-3.85000000000006,34.0473228115129));
#6311=CARTESIAN_POINT('Ctrl Pts',(40.2042828119873,46.65,34.0473228115129));
#6312=CARTESIAN_POINT('Ctrl Pts',(40.3291377060726,-3.85000000000006,34.5420759899465));
#6313=CARTESIAN_POINT('Ctrl Pts',(40.3291377060726,46.65,34.5420759899465));
#6314=CARTESIAN_POINT('Ctrl Pts',(40.4458156333893,-3.85000000000006,34.9743221694654));
#6315=CARTESIAN_POINT('Ctrl Pts',(40.4458156333893,46.65,34.9743221694654));
#6316=CARTESIAN_POINT('Ctrl Pts',(40.5993875361048,-3.85000000000006,35.3636733627977));
#6317=CARTESIAN_POINT('Ctrl Pts',(40.5993875361048,46.65,35.3636733627977));
#6318=CARTESIAN_POINT('Ctrl Pts',(40.8313514494512,-3.85000000000006,35.722077902636));
#6319=CARTESIAN_POINT('Ctrl Pts',(40.8313514494512,46.6499999999999,35.722077902636));
#6320=CARTESIAN_POINT('Ctrl Pts',(41.1699820282734,-3.85000000000006,36.0411090030003));
#6321=CARTESIAN_POINT('Ctrl Pts',(41.1699820282734,46.6499999999999,36.0411090030003));
#6322=CARTESIAN_POINT('Ctrl Pts',(41.6328037918043,-3.85000000000006,36.2990573465546));
#6323=CARTESIAN_POINT('Ctrl Pts',(41.6328037918043,46.6499999999999,36.2990573465546));
#6324=CARTESIAN_POINT('Ctrl Pts',(42.110319778162,-3.85000000000006,36.4355122707663));
#6325=CARTESIAN_POINT('Ctrl Pts',(42.110319778162,46.6499999999999,36.4355122707663));
#6326=CARTESIAN_POINT('Ctrl Pts',(42.5307987284712,-3.85000000000006,36.4882751613267));
#6327=CARTESIAN_POINT('Ctrl Pts',(42.5307987284712,46.6499999999999,36.4882751613267));
#6328=CARTESIAN_POINT('Ctrl Pts',(42.8389594435552,-3.85000000000006,36.5000005438924));
#6329=CARTESIAN_POINT('Ctrl Pts',(42.8389594435552,46.6499999999999,36.5000005438924));
#6330=CARTESIAN_POINT('Ctrl Pts',(43.0000001490115,-3.85000000000006,36.5000005438924));
#6331=CARTESIAN_POINT('Ctrl Pts',(43.0000001490115,46.6499999999999,36.5000005438924));
#6332=CARTESIAN_POINT('',(40.6212051143968,14.1499999999999,35.3602074477102));
#6333=CARTESIAN_POINT('Ctrl Pts',(40.6212051143968,27.98389734016,35.3602074477102));
#6334=CARTESIAN_POINT('Ctrl Pts',(40.6212051143968,25.78926489344,35.3602074477102));
#6335=CARTESIAN_POINT('Ctrl Pts',(40.6212051143968,23.59463244672,35.3602074477102));
#6336=CARTESIAN_POINT('Ctrl Pts',(40.6212051143968,18.9833333333333,35.3602074477102));
#6337=CARTESIAN_POINT('Ctrl Pts',(40.6212051143968,16.5666666666666,35.3602074477102));
#6338=CARTESIAN_POINT('Ctrl Pts',(40.6212051143968,14.1499999999999,35.3602074477102));
#6339=CARTESIAN_POINT('',(40.6212051371067,11.6499999999999,35.3602074908716));
#6340=CARTESIAN_POINT('Ctrl Pts',(40.6212051371067,11.6499999999999,35.3602074908716));
#6341=CARTESIAN_POINT('Ctrl Pts',(40.6212051371067,12.4833333333333,35.3602074908716));
#6342=CARTESIAN_POINT('Ctrl Pts',(40.6212051177613,13.3166666666666,35.3602074541045));
#6343=CARTESIAN_POINT('Ctrl Pts',(40.6212051143968,14.1499999999999,35.3602074477102));
#6344=CARTESIAN_POINT('',(43.0000001490115,11.6499999999999,36.5000005438924));
#6345=CARTESIAN_POINT('Ctrl Pts',(43.0000001490115,11.6499999999999,36.5000005438924));
#6346=CARTESIAN_POINT('Ctrl Pts',(42.2789225524708,11.6499999999999,36.5000005438924));
#6347=CARTESIAN_POINT('Ctrl Pts',(41.5098506629644,11.6499999999999,36.2956897326068));
#6348=CARTESIAN_POINT('Ctrl Pts',(40.8976683778077,11.6499999999999,35.788684832818));
#6349=CARTESIAN_POINT('Ctrl Pts',(40.7052690767676,11.6499999999999,35.5199759456886));
#6350=CARTESIAN_POINT('Ctrl Pts',(40.6212051371066,11.6499999999999,35.3602074908714));
#6351=CARTESIAN_POINT('',(43.0000001490115,-3.85000000000006,36.5000005438924));
#6352=CARTESIAN_POINT('Ctrl Pts',(38.2216629900209,30.1499999999999,30.4000000000001));
#6353=CARTESIAN_POINT('Ctrl Pts',(38.2368189588888,30.1499999999999,30.4000000000001));
#6354=CARTESIAN_POINT('Ctrl Pts',(38.2519665431629,30.1499999999999,30.4032289631909));
#6355=CARTESIAN_POINT('Ctrl Pts',(38.2932046567188,30.1499999999999,30.417210710351));
#6356=CARTESIAN_POINT('Ctrl Pts',(38.319850274872,30.1499999999999,30.4329774971919));
#6357=CARTESIAN_POINT('Ctrl Pts',(38.4039703678441,30.1499999999999,30.4920186473868));
#6358=CARTESIAN_POINT('Ctrl Pts',(38.4677922909592,30.1499999999999,30.5570709559854));
#6359=CARTESIAN_POINT('Ctrl Pts',(38.6482101456017,30.1499999999999,30.7633822135294));
#6360=CARTESIAN_POINT('Ctrl Pts',(38.7906967453916,30.1499999999999,30.9649439821024));
#6361=CARTESIAN_POINT('Ctrl Pts',(38.9376997527394,30.1499999999999,31.2000000000001));
#6362=CARTESIAN_POINT('Origin',(40.6212051143968,19.1499999999999,39.2000000000001));
#6363=CARTESIAN_POINT('',(40.6212051143536,17.6203892570037,39.2000000000001));
#6364=CARTESIAN_POINT('',(40.6212051143968,19.1499999999999,39.2000000000001));
#6365=CARTESIAN_POINT('',(40.6212051143968,13.7477542633508,37.0106669994663));
#6366=CARTESIAN_POINT('Ctrl Pts',(40.6212051143969,17.6203892569698,39.2000000000001));
#6367=CARTESIAN_POINT('Ctrl Pts',(40.6212051143969,17.0678540723927,39.2000000000001));
#6368=CARTESIAN_POINT('Ctrl Pts',(40.6212051143968,16.5134325238523,39.1003226286261));
#6369=CARTESIAN_POINT('Ctrl Pts',(40.6212051143968,15.5138128270837,38.734112998973));
#6370=CARTESIAN_POINT('Ctrl Pts',(40.6212051143969,15.0613314897699,38.4780072359085));
#6371=CARTESIAN_POINT('Ctrl Pts',(40.6212051143969,14.2933865871571,37.8251723433573));
#6372=CARTESIAN_POINT('Ctrl Pts',(40.6212051143969,13.9809740620206,37.4429831146673));
#6373=CARTESIAN_POINT('Ctrl Pts',(40.6212051143969,13.7477542633507,37.0106669994662));
#6374=CARTESIAN_POINT('Ctrl Pts',(40.6212051143968,13.7477542633508,37.0106669994664));
#6375=CARTESIAN_POINT('Ctrl Pts',(40.6212051143968,13.6085742703598,36.752671090771));
#6376=CARTESIAN_POINT('Ctrl Pts',(40.6212051143969,13.4379403775014,36.5116166624655));
#6377=CARTESIAN_POINT('Ctrl Pts',(40.6212051143969,13.0136995941634,36.0333986501878));
#6378=CARTESIAN_POINT('Ctrl Pts',(40.6212051143968,12.7622378011696,35.818395950952));
#6379=CARTESIAN_POINT('Ctrl Pts',(40.6212051143968,12.3937139589551,35.5785842395977));
#6380=CARTESIAN_POINT('Ctrl Pts',(40.6212051143969,12.2529298169187,35.5022191399115));
#6381=CARTESIAN_POINT('Ctrl Pts',(40.6212051143969,11.944961557649,35.3870689122643));
#6382=CARTESIAN_POINT('Ctrl Pts',(40.6212051143969,11.7946193440341,35.3602074477103));
#6383=CARTESIAN_POINT('Ctrl Pts',(40.6212051143969,11.65,35.3602074477103));
#6384=CARTESIAN_POINT('Origin',(45.3787951836262,19.1499999999999,39.2000000000001));
#6385=CARTESIAN_POINT('',(45.3787951836342,17.620389256976,39.2000000000001));
#6386=CARTESIAN_POINT('',(45.3787951836262,19.1499999999999,39.2000000000001));
#6387=CARTESIAN_POINT('',(43.0000001490115,16.9235183574553,39.2000000000001));
#6388=CARTESIAN_POINT('Ctrl Pts',(43.0000001490116,16.9235183574553,39.2000000000001));
#6389=CARTESIAN_POINT('Ctrl Pts',(43.1191036597421,16.9235183574553,39.2000000000001));
#6390=CARTESIAN_POINT('Ctrl Pts',(43.3570259014254,16.9306851466033,39.2000000000001));
#6391=CARTESIAN_POINT('Ctrl Pts',(43.7140258754795,16.9729995582786,39.2000000000001));
#6392=CARTESIAN_POINT('Ctrl Pts',(44.064083818894,17.0591667851624,39.2000000000001));
#6393=CARTESIAN_POINT('Ctrl Pts',(44.39690646537,17.1892926020008,39.2000000000001));
#6394=CARTESIAN_POINT('Ctrl Pts',(44.6675561194688,17.3134773009516,39.2000000000001));
#6395=CARTESIAN_POINT('Ctrl Pts',(44.857640132672,17.3994266874785,39.2));
#6396=CARTESIAN_POINT('Ctrl Pts',(44.9665114053565,17.4478743771868,39.2));
#6397=CARTESIAN_POINT('Ctrl Pts',(45.075649810873,17.4956141679184,39.2));
#6398=CARTESIAN_POINT('Ctrl Pts',(45.1853013613971,17.5422081727217,39.2));
#6399=CARTESIAN_POINT('Ctrl Pts',(45.2818555053058,17.5817451566139,39.2));
#6400=CARTESIAN_POINT('Ctrl Pts',(45.3302750374301,17.6011819366312,39.2));
#6401=CARTESIAN_POINT('Ctrl Pts',(45.3579869275344,17.6121907201748,39.2));
#6402=CARTESIAN_POINT('Ctrl Pts',(45.3718567337923,17.6176620012072,39.2));
#6403=CARTESIAN_POINT('Ctrl Pts',(45.3787951836353,17.6203892569733,39.2));
#6404=CARTESIAN_POINT('Ctrl Pts',(40.6212051143478,17.620389256989,39.2000000000001));
#6405=CARTESIAN_POINT('Ctrl Pts',(40.7320949364467,17.5768024452998,39.2000000000001));
#6406=CARTESIAN_POINT('Ctrl Pts',(40.951875657444,17.4853033290154,39.2000000000002));
#6407=CARTESIAN_POINT('Ctrl Pts',(41.2780207639981,17.3383926665954,39.2000000000001));
#6408=CARTESIAN_POINT('Ctrl Pts',(41.6034643903341,17.1890978493685,39.2000000000002));
#6409=CARTESIAN_POINT('Ctrl Pts',(41.9359142354241,17.0591683572648,39.2000000000001));
#6410=CARTESIAN_POINT('Ctrl Pts',(42.3998732396441,16.9448585473493,39.2000000000001));
#6411=CARTESIAN_POINT('Ctrl Pts',(42.7618780797963,16.9235183574553,39.2000000000001));
#6412=CARTESIAN_POINT('Ctrl Pts',(43.0000001490115,16.9235183574553,39.2000000000001));
#6413=CARTESIAN_POINT('Ctrl Pts',(43.0000001490116,13.6782762913289,37.5384618731646));
#6414=CARTESIAN_POINT('Ctrl Pts',(43.1849554982956,13.6782762913289,37.5384618731646));
#6415=CARTESIAN_POINT('Ctrl Pts',(43.5826262006187,13.6810327486935,37.5269124096497));
#6416=CARTESIAN_POINT('Ctrl Pts',(44.283422203985,13.6973075224148,37.4386461001132));
#6417=CARTESIAN_POINT('Ctrl Pts',(45.1303601425753,13.730448763524,37.1833170947472));
#6418=CARTESIAN_POINT('Ctrl Pts',(45.901326782932,13.7804971546157,36.692733374949));
#6419=CARTESIAN_POINT('Ctrl Pts',(46.2642388322514,13.828260500366,36.3463698406704));
#6420=CARTESIAN_POINT('Ctrl Pts',(46.4494833956356,13.8613179567225,36.1755192227911));
#6421=CARTESIAN_POINT('Ctrl Pts',(46.5409599975895,13.8799516835334,36.0893423686775));
#6422=CARTESIAN_POINT('Ctrl Pts',(46.6256638123463,13.898313141507,36.0120246914949));
#6423=CARTESIAN_POINT('Ctrl Pts',(46.7018830715813,13.9162339125852,35.9447081869267));
#6424=CARTESIAN_POINT('Ctrl Pts',(46.763729539589,13.9314404448515,35.8927280822492));
#6425=CARTESIAN_POINT('Ctrl Pts',(46.7936389088023,13.9389161294735,35.8682046590277));
#6426=CARTESIAN_POINT('Ctrl Pts',(46.8104680954633,13.9431502769903,35.8545945896706));
#6427=CARTESIAN_POINT('Ctrl Pts',(46.8188013462964,13.9452546158489,35.8479173140052));
#6428=CARTESIAN_POINT('Ctrl Pts',(46.8229464894866,13.9463035603743,35.844609416511));
#6429=CARTESIAN_POINT('Ctrl Pts',(43.0000001490116,14.0998187038398,38.1234648554392));
#6430=CARTESIAN_POINT('Ctrl Pts',(43.1764260070115,14.0998187038398,38.1234648554392));
#6431=CARTESIAN_POINT('Ctrl Pts',(43.5525735967422,14.1029735937363,38.115118345702));
#6432=CARTESIAN_POINT('Ctrl Pts',(44.2104581380023,14.1105999179233,38.0546817319277));
#6433=CARTESIAN_POINT('Ctrl Pts',(45.0037883036671,14.1149392563054,37.8797167299675));
#6434=CARTESIAN_POINT('Ctrl Pts',(45.7607130214268,14.0950153969548,37.5342772869816));
#6435=CARTESIAN_POINT('Ctrl Pts',(46.1479643399935,14.0842751364279,37.2811807448943));
#6436=CARTESIAN_POINT('Ctrl Pts',(46.3484100685882,14.0870158498749,37.154028719185));
#6437=CARTESIAN_POINT('Ctrl Pts',(46.4490171363184,14.0893503847039,37.0896145591625));
#6438=CARTESIAN_POINT('Ctrl Pts',(46.5421837527178,14.0929590529477,37.0314531342435));
#6439=CARTESIAN_POINT('Ctrl Pts',(46.6261985309494,14.0978777117961,36.9803458727517));
#6440=CARTESIAN_POINT('Ctrl Pts',(46.6944241614657,14.1024613414916,36.9407950211935));
#6441=CARTESIAN_POINT('Ctrl Pts',(46.7273807176421,14.104875264789,36.9220771053333));
#6442=CARTESIAN_POINT('Ctrl Pts',(46.7459229069263,14.1062551537538,36.9116869685247));
#6443=CARTESIAN_POINT('Ctrl Pts',(46.7550969679442,14.1069584196259,36.9065825143983));
#6444=CARTESIAN_POINT('Ctrl Pts',(46.7596622108288,14.107305985878,36.9040552837788));
#6445=CARTESIAN_POINT('Ctrl Pts',(43.0000001490116,15.1205597061563,38.9410269594275));
#6446=CARTESIAN_POINT('Ctrl Pts',(43.1556857023274,15.1205597061563,38.9410269594275));
#6447=CARTESIAN_POINT('Ctrl Pts',(43.4821280065709,15.1231601486399,38.9392910514363));
#6448=CARTESIAN_POINT('Ctrl Pts',(44.032726219534,15.1339049253809,38.9240858056089));
#6449=CARTESIAN_POINT('Ctrl Pts',(44.6741883804131,15.1403400515871,38.8799334233548));
#6450=CARTESIAN_POINT('Ctrl Pts',(45.3101349301805,15.112958063769,38.7897359621994));
#6451=CARTESIAN_POINT('Ctrl Pts',(45.6841366870511,15.0960394057199,38.7211083275823));
#6452=CARTESIAN_POINT('Ctrl Pts',(45.8933715317987,15.0974351329529,38.6862086554392));
#6453=CARTESIAN_POINT('Ctrl Pts',(46.0026764157224,15.100007772307,38.6682788676193));
#6454=CARTESIAN_POINT('Ctrl Pts',(46.1062508298971,15.1040431486784,38.6520626755536));
#6455=CARTESIAN_POINT('Ctrl Pts',(46.2029125697103,15.1095065799872,38.6377888326316));
#6456=CARTESIAN_POINT('Ctrl Pts',(46.2832079975953,15.1151674232848,38.6266111330008));
#6457=CARTESIAN_POINT('Ctrl Pts',(46.3224507204165,15.1181370952523,38.621313576772));
#6458=CARTESIAN_POINT('Ctrl Pts',(46.3446341675464,15.1198735176858,38.6183629492678));
#6459=CARTESIAN_POINT('Ctrl Pts',(46.3556505754796,15.1207514889465,38.616913719042));
#6460=CARTESIAN_POINT('Ctrl Pts',(46.3611394449395,15.1211933728785,38.6161944649666));
#6461=CARTESIAN_POINT('Ctrl Pts',(43.0000001490116,16.382723892493,39.2000000000001));
#6462=CARTESIAN_POINT('Ctrl Pts',(43.1300726847791,16.382723892493,39.2000000000001));
#6463=CARTESIAN_POINT('Ctrl Pts',(43.3946295276485,16.388337448115,39.19968670681));
#6464=CARTESIAN_POINT('Ctrl Pts',(43.80971067568,16.421142585003,39.1995968426574));
#6465=CARTESIAN_POINT('Ctrl Pts',(44.2472025265813,16.4833215364501,39.1994069265624));
#6466=CARTESIAN_POINT('Ctrl Pts',(44.6708438817818,16.5663535726118,39.1995194875252));
#6467=CARTESIAN_POINT('Ctrl Pts',(44.9723851889987,16.6484092101225,39.1997370675456));
#6468=CARTESIAN_POINT('Ctrl Pts',(45.1682089406655,16.7090296447304,39.1997294297059));
#6469=CARTESIAN_POINT('Ctrl Pts',(45.2771810046175,16.7438031867238,39.1998414273046));
#6470=CARTESIAN_POINT('Ctrl Pts',(45.3846401340072,16.7784861372164,39.1998977754745));
#6471=CARTESIAN_POINT('Ctrl Pts',(45.4904081352246,16.8127530941433,39.1998840286735));
#6472=CARTESIAN_POINT('Ctrl Pts',(45.5820815392995,16.8421792251139,39.1999440058768));
#6473=CARTESIAN_POINT('Ctrl Pts',(45.6277490584617,16.8566978377237,39.199967456567));
#6474=CARTESIAN_POINT('Ctrl Pts',(45.6538017511896,16.8649407970894,39.1999866272997));
#6475=CARTESIAN_POINT('Ctrl Pts',(45.6668156924736,16.8690410907709,39.1999946471688));
#6476=CARTESIAN_POINT('Ctrl Pts',(45.6733190163791,16.8710870219464,39.2));
#6477=CARTESIAN_POINT('Ctrl Pts',(43.0000001490116,16.9235183574553,39.2000000000001));
#6478=CARTESIAN_POINT('Ctrl Pts',(43.1191036597421,16.9235183574553,39.2000000000001));
#6479=CARTESIAN_POINT('Ctrl Pts',(43.3570259014254,16.9306851466033,39.2000000000001));
#6480=CARTESIAN_POINT('Ctrl Pts',(43.7140258754795,16.9729995582786,39.2000000000001));
#6481=CARTESIAN_POINT('Ctrl Pts',(44.064083818894,17.0591667851624,39.2000000000001));
#6482=CARTESIAN_POINT('Ctrl Pts',(44.39690646537,17.1892926020008,39.2000000000001));
#6483=CARTESIAN_POINT('Ctrl Pts',(44.6675561194688,17.3134773009516,39.2000000000001));
#6484=CARTESIAN_POINT('Ctrl Pts',(44.857640132672,17.3994266874785,39.2));
#6485=CARTESIAN_POINT('Ctrl Pts',(44.9665114053565,17.4478743771868,39.2));
#6486=CARTESIAN_POINT('Ctrl Pts',(45.075649810873,17.4956141679184,39.2));
#6487=CARTESIAN_POINT('Ctrl Pts',(45.1853013613971,17.5422081727217,39.2));
#6488=CARTESIAN_POINT('Ctrl Pts',(45.2818555053058,17.5817451566139,39.2));
#6489=CARTESIAN_POINT('Ctrl Pts',(45.3302750374301,17.6011819366312,39.2));
#6490=CARTESIAN_POINT('Ctrl Pts',(45.3579869275344,17.6121907201748,39.2));
#6491=CARTESIAN_POINT('Ctrl Pts',(45.3718567337923,17.6176620012072,39.2));
#6492=CARTESIAN_POINT('Ctrl Pts',(45.3787951836353,17.6203892569733,39.2));
#6493=CARTESIAN_POINT('',(45.3787951836261,13.7477542633508,37.0106669994664));
#6494=CARTESIAN_POINT('Ctrl Pts',(45.3787951836261,13.7477542633509,37.0106669994665));
#6495=CARTESIAN_POINT('Ctrl Pts',(45.3787951836261,13.9874901322166,37.45506185828));
#6496=CARTESIAN_POINT('Ctrl Pts',(45.3787951836262,14.3107743798574,37.8462967367882));
#6497=CARTESIAN_POINT('Ctrl Pts',(45.3787951836262,15.0633237884279,38.4732499910575));
#6498=CARTESIAN_POINT('Ctrl Pts',(45.3787951836259,15.4765399688368,38.7104593413314));
#6499=CARTESIAN_POINT('Ctrl Pts',(45.3787951836259,16.4562707757278,39.0897821857334));
#6500=CARTESIAN_POINT('Ctrl Pts',(45.3787951836262,17.0395795213142,39.2000000000002));
#6501=CARTESIAN_POINT('Ctrl Pts',(45.3787951836262,17.6203892569697,39.2000000000002));
#6502=CARTESIAN_POINT('',(43.0000001490116,13.6782762913289,37.5384618731646));
#6503=CARTESIAN_POINT('Ctrl Pts',(45.378761028714,13.7478436152733,37.0101937112626));
#6504=CARTESIAN_POINT('Ctrl Pts',(45.294150542716,13.7427166366089,37.0578592267387));
#6505=CARTESIAN_POINT('Ctrl Pts',(44.9411371114978,13.7230443412982,37.2403627484084));
#6506=CARTESIAN_POINT('Ctrl Pts',(44.283422203985,13.6973075224148,37.4386461001132));
#6507=CARTESIAN_POINT('Ctrl Pts',(43.5826262006187,13.6810327486935,37.5269124096497));
#6508=CARTESIAN_POINT('Ctrl Pts',(43.1849554982956,13.6782762913289,37.5384618731646));
#6509=CARTESIAN_POINT('Ctrl Pts',(43.0000001490116,13.6782762913289,37.5384618731646));
#6510=CARTESIAN_POINT('Origin',(43.0000001490115,16.9235183574553,35.2000000000001));
#6511=CARTESIAN_POINT('Ctrl Pts',(43.0000001490115,16.9235183574553,39.2000000000001));
#6512=CARTESIAN_POINT('Ctrl Pts',(42.7618780797963,16.9235183574553,39.2000000000001));
#6513=CARTESIAN_POINT('Ctrl Pts',(42.3998732396441,16.9448585473493,39.2000000000001));
#6514=CARTESIAN_POINT('Ctrl Pts',(41.9359142354241,17.0591683572648,39.2000000000001));
#6515=CARTESIAN_POINT('Ctrl Pts',(41.6034643903341,17.1890978493685,39.2000000000002));
#6516=CARTESIAN_POINT('Ctrl Pts',(41.2780207639981,17.3383926665954,39.2000000000001));
#6517=CARTESIAN_POINT('Ctrl Pts',(40.951875657444,17.4853033290154,39.2000000000002));
#6518=CARTESIAN_POINT('Ctrl Pts',(40.7320949364467,17.5768024452998,39.2000000000001));
#6519=CARTESIAN_POINT('Ctrl Pts',(40.6212051143478,17.620389256989,39.2000000000001));
#6520=CARTESIAN_POINT('Ctrl Pts',(43.0000001490115,16.2024590708389,39.2000000000001));
#6521=CARTESIAN_POINT('Ctrl Pts',(42.7326080893964,16.2024590708389,39.2000000000001));
#6522=CARTESIAN_POINT('Ctrl Pts',(42.3104458303048,16.220838958352,39.1974502079872));
#6523=CARTESIAN_POINT('Ctrl Pts',(41.6928355220373,16.2930447072457,39.1977507826918));
#6524=CARTESIAN_POINT('Ctrl Pts',(41.238793679161,16.3598375735822,39.198446888446));
#6525=CARTESIAN_POINT('Ctrl Pts',(40.8636527669064,16.4412044166354,39.1994536888375));
#6526=CARTESIAN_POINT('Ctrl Pts',(40.5358373027137,16.5324322287468,39.2001262843367));
#6527=CARTESIAN_POINT('Ctrl Pts',(40.3301472640295,16.5924894974406,39.1996864906234));
#6528=CARTESIAN_POINT('Ctrl Pts',(40.2285066706928,16.6213196102812,39.2000000000001));
#6529=CARTESIAN_POINT('Ctrl Pts',(43.0000001490115,14.9424198849475,38.8498254348421));
#6530=CARTESIAN_POINT('Ctrl Pts',(42.6815120129728,14.9424198849475,38.8498254348421));
#6531=CARTESIAN_POINT('Ctrl Pts',(42.152940198556,14.9528196431457,38.8465774603663));
#6532=CARTESIAN_POINT('Ctrl Pts',(41.26727160098,14.9524765826942,38.7666930853091));
#6533=CARTESIAN_POINT('Ctrl Pts',(40.6022104940108,14.9114440518094,38.6420916346997));
#6534=CARTESIAN_POINT('Ctrl Pts',(40.1422409792363,14.8778801610286,38.5283268059349));
#6535=CARTESIAN_POINT('Ctrl Pts',(39.8126265572915,14.8750422238836,38.4533704109276));
#6536=CARTESIAN_POINT('Ctrl Pts',(39.6314694458952,14.8811707310185,38.4167848326658));
#6537=CARTESIAN_POINT('Ctrl Pts',(39.5461330798795,14.8852833378904,38.4007732206854));
#6538=CARTESIAN_POINT('Ctrl Pts',(43.0000001490115,13.9944331007121,37.9772141098706));
#6539=CARTESIAN_POINT('Ctrl Pts',(42.6430344844235,13.9944331007121,37.9772141098706));
#6540=CARTESIAN_POINT('Ctrl Pts',(42.0320112801316,14.0031017910938,37.9653392303308));
#6541=CARTESIAN_POINT('Ctrl Pts',(40.965850370276,14.0178478460852,37.708908480985));
#6542=CARTESIAN_POINT('Ctrl Pts',(40.2051955061197,14.0154363838998,37.3257355730917));
#6543=CARTESIAN_POINT('Ctrl Pts',(39.7473303246958,14.0209144586088,36.9945505541757));
#6544=CARTESIAN_POINT('Ctrl Pts',(39.4493700193284,14.0415241166878,36.7837218813536));
#6545=CARTESIAN_POINT('Ctrl Pts',(39.2957821421442,14.0585119084139,36.6828442478512));
#6546=CARTESIAN_POINT('Ctrl Pts',(39.2245170175042,14.0670553795051,36.6391938169463));
#6547=CARTESIAN_POINT('Ctrl Pts',(43.0000001490115,13.6782762913289,37.5384618731646));
#6548=CARTESIAN_POINT('Ctrl Pts',(42.6302213724285,13.6782762913289,37.5384618731646));
#6549=CARTESIAN_POINT('Ctrl Pts',(41.9902081483449,13.6864840566727,37.5219233531371));
#6550=CARTESIAN_POINT('Ctrl Pts',(40.8713879442916,13.7304493681787,37.1861338734227));
#6551=CARTESIAN_POINT('Ctrl Pts',(40.1000420279383,13.780422249757,36.694164188547));
#6552=CARTESIAN_POINT('Ctrl Pts',(39.6635164813915,13.8378433333058,36.2798449199098));
#6553=CARTESIAN_POINT('Ctrl Pts',(39.3856218915362,13.8943474342366,36.0204369721794));
#6554=CARTESIAN_POINT('Ctrl Pts',(39.2433011982501,13.9295394020383,35.8974760038329));
#6555=CARTESIAN_POINT('Ctrl Pts',(39.1770538085126,13.9463035603803,35.8446094164921));
#6556=CARTESIAN_POINT('Ctrl Pts',(43.0000001490115,13.6782762913289,37.5384618731646));
#6557=CARTESIAN_POINT('Ctrl Pts',(42.6302213724285,13.6782762913289,37.5384618731646));
#6558=CARTESIAN_POINT('Ctrl Pts',(41.9902081483449,13.6864840566727,37.5219233531371));
#6559=CARTESIAN_POINT('Ctrl Pts',(41.0582648162711,13.7231058291006,37.2422208902511));
#6560=CARTESIAN_POINT('Ctrl Pts',(40.7057675741555,13.7427706732413,37.0594194032116));
#6561=CARTESIAN_POINT('Ctrl Pts',(40.6208030168903,13.7479246441436,37.0113966996222));
#6562=CARTESIAN_POINT('Ctrl Pts',(43.0000001490115,13.7477542633508,37.6400641297196));
#6563=CARTESIAN_POINT('Ctrl Pts',(43.8697489161229,13.7477542633508,37.6400641297196));
#6564=CARTESIAN_POINT('Ctrl Pts',(44.9566557993409,13.7477542633508,37.3880015877986));
#6565=CARTESIAN_POINT('Ctrl Pts',(45.9466605038028,13.7477542633508,36.5764286998632));
#6566=CARTESIAN_POINT('Ctrl Pts',(46.2586132872399,13.7477542633508,36.1364455118147));
#6567=CARTESIAN_POINT('Ctrl Pts',(46.3877225703122,13.7477542633508,35.891065722699));
#6568=CARTESIAN_POINT('Ctrl Pts',(43.0000001490115,13.2964232086491,36.9438686059318));
#6569=CARTESIAN_POINT('Ctrl Pts',(43.7781636762961,13.2964232086491,36.9438686059317));
#6570=CARTESIAN_POINT('Ctrl Pts',(44.6731175573473,13.2964232086491,36.7189934511488));
#6571=CARTESIAN_POINT('Ctrl Pts',(45.4304006703401,13.2964232086491,36.0949860954986));
#6572=CARTESIAN_POINT('Ctrl Pts',(45.6702469679936,13.2964232086491,35.7595308401929));
#6573=CARTESIAN_POINT('Ctrl Pts',(45.7716071718643,13.2964232086491,35.5668898088225));
#6574=CARTESIAN_POINT('Ctrl Pts',(43.0000001490115,12.479691465715,36.5000005438924));
#6575=CARTESIAN_POINT('Ctrl Pts',(43.7202064427348,12.479691465715,36.5000005438924));
#6576=CARTESIAN_POINT('Ctrl Pts',(44.4916141700072,12.479691465715,36.2935332784446));
#6577=CARTESIAN_POINT('Ctrl Pts',(45.1016115208808,12.479691465715,35.7882520817602));
#6578=CARTESIAN_POINT('Ctrl Pts',(45.2949952314666,12.479691465715,35.519474187479));
#6579=CARTESIAN_POINT('Ctrl Pts',(45.3787951836261,12.479691465715,35.3602074477104));
#6580=CARTESIAN_POINT('Ctrl Pts',(43.0000001490115,11.6499999999999,36.5000005438924));
#6581=CARTESIAN_POINT('Ctrl Pts',(43.7210777455836,11.6499999999999,36.5000005438924));
#6582=CARTESIAN_POINT('Ctrl Pts',(44.4901486916888,11.6499999999999,36.2956895839894));
#6583=CARTESIAN_POINT('Ctrl Pts',(45.1023315154201,11.6499999999999,35.7886849948499));
#6584=CARTESIAN_POINT('Ctrl Pts',(45.2947312385808,11.6499999999999,35.5199759214916));
#6585=CARTESIAN_POINT('Ctrl Pts',(45.3787951836261,11.6499999999999,35.3602074477104));
#6586=CARTESIAN_POINT('',(45.3787951835875,11.6499999999999,35.3602074477838));
#6587=CARTESIAN_POINT('Ctrl Pts',(45.3787951836262,11.6499999999999,35.3602074477102));
#6588=CARTESIAN_POINT('Ctrl Pts',(45.3787951836262,11.804405497621,35.3602074477102));
#6589=CARTESIAN_POINT('Ctrl Pts',(45.3787951836263,11.9526318048623,35.3911036949848));
#6590=CARTESIAN_POINT('Ctrl Pts',(45.3787951836263,12.2790686257249,35.5106130061916));
#6591=CARTESIAN_POINT('Ctrl Pts',(45.3787951836261,12.4640931334161,35.6147450226183));
#6592=CARTESIAN_POINT('Ctrl Pts',(45.3787951836261,12.9403418074987,35.9616646085176));
#6593=CARTESIAN_POINT('Ctrl Pts',(45.3787951836261,13.2612444124718,36.2686482713263));
#6594=CARTESIAN_POINT('Ctrl Pts',(45.3787951836261,13.6102851043724,36.7723744214788));
#6595=CARTESIAN_POINT('Ctrl Pts',(45.3787951836261,13.6824919091852,36.8896911321402));
#6596=CARTESIAN_POINT('Ctrl Pts',(45.3787951836261,13.7477542633508,37.0106669994664));
#6597=CARTESIAN_POINT('Ctrl Pts',(45.3787951836261,11.6499999999999,35.3602074477104));
#6598=CARTESIAN_POINT('Ctrl Pts',(45.2947312385808,11.6499999999999,35.5199759214916));
#6599=CARTESIAN_POINT('Ctrl Pts',(45.1023315154201,11.6499999999999,35.7886849948499));
#6600=CARTESIAN_POINT('Ctrl Pts',(44.4901486916888,11.6499999999999,36.2956895839894));
#6601=CARTESIAN_POINT('Ctrl Pts',(43.7210777455836,11.6499999999999,36.5000005438924));
#6602=CARTESIAN_POINT('Ctrl Pts',(43.0000001490115,11.6499999999999,36.5000005438924));
#6603=CARTESIAN_POINT('Origin',(43.0000001490115,11.6499999999999,39.0000005438924));
#6604=CARTESIAN_POINT('Origin',(45.3787951836262,19.1499999999999,35.3602074477102));
#6605=CARTESIAN_POINT('',(45.3787951836262,14.1499999999999,35.3602074477102));
#6606=CARTESIAN_POINT('Ctrl Pts',(45.3787951836262,14.1499999999999,35.3602074477102));
#6607=CARTESIAN_POINT('Ctrl Pts',(45.3787951836262,16.5666666666666,35.3602074477102));
#6608=CARTESIAN_POINT('Ctrl Pts',(45.3787951836262,18.9833333333333,35.3602074477102));
#6609=CARTESIAN_POINT('Ctrl Pts',(45.3787951836262,23.59463244672,35.3602074477102));
#6610=CARTESIAN_POINT('Ctrl Pts',(45.3787951836262,25.78926489344,35.3602074477102));
#6611=CARTESIAN_POINT('Ctrl Pts',(45.3787951836262,27.98389734016,35.3602074477102));
#6612=CARTESIAN_POINT('Ctrl Pts',(45.3787951836262,14.1499999999999,35.3602074477102));
#6613=CARTESIAN_POINT('Ctrl Pts',(45.3787951836262,13.3166666666666,35.3602074477102));
#6614=CARTESIAN_POINT('Ctrl Pts',(45.3787951835875,12.4833333333333,35.3602074477838));
#6615=CARTESIAN_POINT('Ctrl Pts',(45.3787951835875,11.6499999999999,35.3602074477838));
#6616=CARTESIAN_POINT('Ctrl Pts',(39.6122777277107,13.7477542633508,35.8910657226987));
#6617=CARTESIAN_POINT('Ctrl Pts',(39.741387010783,13.7477542633508,36.1364455118145));
#6618=CARTESIAN_POINT('Ctrl Pts',(40.053339984977,13.7477542633508,36.5764292742367));
#6619=CARTESIAN_POINT('Ctrl Pts',(41.0433451881324,13.7477542633508,37.3880033502783));
#6620=CARTESIAN_POINT('Ctrl Pts',(42.1302513819172,13.7477542633508,37.6400641297196));
#6621=CARTESIAN_POINT('Ctrl Pts',(43.0000001490115,13.7477542633508,37.6400641297196));
#6622=CARTESIAN_POINT('Ctrl Pts',(40.2283931261585,13.2964232086491,35.5668898088223));
#6623=CARTESIAN_POINT('Ctrl Pts',(40.3297533300293,13.2964232086491,35.7595308401927));
#6624=CARTESIAN_POINT('Ctrl Pts',(40.5695995001769,13.2964232086491,36.0949871679063));
#6625=CARTESIAN_POINT('Ctrl Pts',(41.3268828308651,13.2964232086491,36.7189961252859));
#6626=CARTESIAN_POINT('Ctrl Pts',(42.2218366217528,13.2964232086491,36.9438686059317));
#6627=CARTESIAN_POINT('Ctrl Pts',(43.0000001490115,13.2964232086491,36.9438686059317));
#6628=CARTESIAN_POINT('Ctrl Pts',(40.6212051143968,12.479691465715,35.3602074477101));
#6629=CARTESIAN_POINT('Ctrl Pts',(40.7050050665563,12.479691465715,35.5194741874789));
#6630=CARTESIAN_POINT('Ctrl Pts',(40.8983884180636,12.479691465715,35.7882529523749));
#6631=CARTESIAN_POINT('Ctrl Pts',(41.5083856195015,12.479691465715,36.2935355007461));
#6632=CARTESIAN_POINT('Ctrl Pts',(42.2797938553197,12.479691465715,36.5000005438924));
#6633=CARTESIAN_POINT('Ctrl Pts',(43.0000001490115,12.479691465715,36.5000005438924));
#6634=CARTESIAN_POINT('Ctrl Pts',(40.6212051143968,11.6499999999999,35.3602074477101));
#6635=CARTESIAN_POINT('Ctrl Pts',(40.7052690594421,11.6499999999999,35.5199759214915));
#6636=CARTESIAN_POINT('Ctrl Pts',(40.8976683659948,11.6499999999999,35.7886848230347));
#6637=CARTESIAN_POINT('Ctrl Pts',(41.5098506629644,11.6499999999999,36.2956897326068));
#6638=CARTESIAN_POINT('Ctrl Pts',(42.2789225524708,11.6499999999999,36.5000005438924));
#6639=CARTESIAN_POINT('Ctrl Pts',(43.0000001490115,11.6499999999999,36.5000005438924));
#6640=CARTESIAN_POINT('Ctrl Pts',(43.0000001490115,-3.85000000000006,36.5000005438924));
#6641=CARTESIAN_POINT('Ctrl Pts',(43.0000001490115,46.6499999999999,36.5000005438924));
#6642=CARTESIAN_POINT('Ctrl Pts',(43.1610408544678,-3.85000000000006,36.5000005438924));
#6643=CARTESIAN_POINT('Ctrl Pts',(43.1610408544678,46.6499999999999,36.5000005438924));
#6644=CARTESIAN_POINT('Ctrl Pts',(43.4692015695518,-3.85000000000006,36.4882751613267));
#6645=CARTESIAN_POINT('Ctrl Pts',(43.4692015695518,46.6499999999999,36.4882751613267));
#6646=CARTESIAN_POINT('Ctrl Pts',(43.8896805198611,-3.85000000000006,36.4355122707663));
#6647=CARTESIAN_POINT('Ctrl Pts',(43.8896805198611,46.6499999999999,36.4355122707663));
#6648=CARTESIAN_POINT('Ctrl Pts',(44.3671965062187,-3.85000000000006,36.2990573465546));
#6649=CARTESIAN_POINT('Ctrl Pts',(44.3671965062187,46.6499999999999,36.2990573465546));
#6650=CARTESIAN_POINT('Ctrl Pts',(44.8300182697496,-3.85000000000006,36.0411090030003));
#6651=CARTESIAN_POINT('Ctrl Pts',(44.8300182697496,46.6499999999999,36.0411090030003));
#6652=CARTESIAN_POINT('Ctrl Pts',(45.1686488485718,-3.85000000000006,35.7220779026361));
#6653=CARTESIAN_POINT('Ctrl Pts',(45.1686488485718,46.6499999999999,35.7220779026361));
#6654=CARTESIAN_POINT('Ctrl Pts',(45.4006127619182,-3.85000000000006,35.3636733627977));
#6655=CARTESIAN_POINT('Ctrl Pts',(45.4006127619182,46.6499999999999,35.3636733627977));
#6656=CARTESIAN_POINT('Ctrl Pts',(45.5541846646337,-3.85000000000006,34.9743221694654));
#6657=CARTESIAN_POINT('Ctrl Pts',(45.5541846646337,46.65,34.9743221694654));
#6658=CARTESIAN_POINT('Ctrl Pts',(45.6708625919504,-3.85000000000006,34.5420759899465));
#6659=CARTESIAN_POINT('Ctrl Pts',(45.6708625919504,46.65,34.5420759899465));
#6660=CARTESIAN_POINT('Ctrl Pts',(45.7957174860357,-3.85000000000006,34.0473228115129));
#6661=CARTESIAN_POINT('Ctrl Pts',(45.7957174860357,46.65,34.0473228115129));
#6662=CARTESIAN_POINT('Ctrl Pts',(45.9684713483038,-3.85000000000006,33.4744623198073));
#6663=CARTESIAN_POINT('Ctrl Pts',(45.9684713483038,46.65,33.4744623198073));
#6664=CARTESIAN_POINT('Ctrl Pts',(46.2148417306345,-3.85000000000006,32.8233737559416));
#6665=CARTESIAN_POINT('Ctrl Pts',(46.2148417306345,46.65,32.8233737559416));
#6666=CARTESIAN_POINT('Ctrl Pts',(46.5358634586047,-3.85000000000006,32.1235136085944));
#6667=CARTESIAN_POINT('Ctrl Pts',(46.5358634586047,46.65,32.1235136085944));
#6668=CARTESIAN_POINT('Ctrl Pts',(46.9015300721156,-3.85000000000006,31.4421407056361));
#6669=CARTESIAN_POINT('Ctrl Pts',(46.9015300721156,46.65,31.4421407056361));
#6670=CARTESIAN_POINT('Ctrl Pts',(47.26626934423,-3.85000000000006,30.8631829806502));
#6671=CARTESIAN_POINT('Ctrl Pts',(47.26626934423,46.6499999999999,30.8631829806502));
#6672=CARTESIAN_POINT('Ctrl Pts',(47.5178820794175,-3.85000000000006,30.5491775107383));
#6673=CARTESIAN_POINT('Ctrl Pts',(47.5178820794175,46.6499999999999,30.5491775107383));
#6674=CARTESIAN_POINT('Ctrl Pts',(47.6659900952527,-3.85000000000006,30.4271232209021));
#6675=CARTESIAN_POINT('Ctrl Pts',(47.6659900952527,46.6499999999999,30.4271232209021));
#6676=CARTESIAN_POINT('Ctrl Pts',(47.744294006517,-3.85000000000006,30.4000000000001));
#6677=CARTESIAN_POINT('Ctrl Pts',(47.744294006517,46.6499999999999,30.4000000000001));
#6678=CARTESIAN_POINT('Ctrl Pts',(47.7783373080022,-3.85000000000006,30.4000000000001));
#6679=CARTESIAN_POINT('Ctrl Pts',(47.7783373080022,46.6499999999999,30.4000000000001));
#6680=CARTESIAN_POINT('Ctrl Pts',(47.0623005452837,30.1499999999999,31.2000000000001));
#6681=CARTESIAN_POINT('Ctrl Pts',(47.1363247776912,30.1499999999999,31.0816361541743));
#6682=CARTESIAN_POINT('Ctrl Pts',(47.2084914076598,30.1499999999998,30.9729372093466));
#6683=CARTESIAN_POINT('Ctrl Pts',(47.3590562388883,30.1499999999998,30.7616247555985));
#6684=CARTESIAN_POINT('Ctrl Pts',(47.4657860878165,30.1499999999998,30.6223987602058));
#6685=CARTESIAN_POINT('Ctrl Pts',(47.6020228602161,30.1499999999998,30.4913456065908));
#6686=CARTESIAN_POINT('Ctrl Pts',(47.6431960995076,30.1499999999998,30.4558876885702));
#6687=CARTESIAN_POINT('Ctrl Pts',(47.7000470435446,30.1499999999998,30.4221597884954));
#6688=CARTESIAN_POINT('Ctrl Pts',(47.7170109959402,30.1499999999998,30.4136833697017));
#6689=CARTESIAN_POINT('Ctrl Pts',(47.748457445947,30.1499999999998,30.4031396581155));
#6690=CARTESIAN_POINT('Ctrl Pts',(47.7633920819829,30.1499999999999,30.4000000000001));
#6691=CARTESIAN_POINT('Ctrl Pts',(47.7783373080022,30.1499999999999,30.4000000000001));
#6692=CARTESIAN_POINT('Ctrl Pts',(46.4159270262554,-3.85000000000006,32.4000000000184));
#6693=CARTESIAN_POINT('Ctrl Pts',(46.5494627622372,-3.85000000000267,32.1140012541984));
#6694=CARTESIAN_POINT('Ctrl Pts',(46.6938115164609,-3.78872549097954,31.83408344253));
#6695=CARTESIAN_POINT('Ctrl Pts',(46.9866259561666,-3.55463973888594,31.3148717381012));
#6696=CARTESIAN_POINT('Ctrl Pts',(47.1343589941262,-3.37927880861875,31.0779174120048));
#6697=CARTESIAN_POINT('Ctrl Pts',(47.3791536253632,-2.97915489720081,30.7327112932619));
#6698=CARTESIAN_POINT('Ctrl Pts',(47.4794926289101,-2.77322160317185,30.6093365387937));
#6699=CARTESIAN_POINT('Ctrl Pts',(47.6507610437301,-2.328640585063,30.444345333294));
#6700=CARTESIAN_POINT('Ctrl Pts',(47.7213521797734,-2.09544471172737,30.4006915137734));
#6701=CARTESIAN_POINT('Ctrl Pts',(47.7774578728418,-1.85380087444718,30.4000027090672));
#6702=CARTESIAN_POINT('Ctrl Pts',(47.7778980745976,-1.85190055006637,30.4000000000001));
#6703=CARTESIAN_POINT('Ctrl Pts',(47.7783373080022,-1.85000000000006,30.4000000000001));
#6704=CARTESIAN_POINT('Origin',(43.0000001490115,30.1499999999999,33.4500002719462));
#6705=CARTESIAN_POINT('Origin',(5.99999999999996,-1.85000000000005,32.4));
#6706=CARTESIAN_POINT('Origin',(5.99999999999996,-1.85000000000005,32.4));
#6707=CARTESIAN_POINT('Origin',(24.9500001490116,-3.85000000000006,-14.1));
#6708=CARTESIAN_POINT('',(23.5500001490116,21.1499999999999,-14.1));
#6709=CARTESIAN_POINT('',(23.5500001490116,-3.85000000000006,-14.1));
#6710=CARTESIAN_POINT('Origin',(24.9500001490116,21.1499999999999,-14.1));
#6711=CARTESIAN_POINT('Origin',(24.9500001490116,21.1499999999999,-14.1));
#6712=CARTESIAN_POINT('Origin',(38.0500001490115,-3.85000000000006,34.4999999999998));
#6713=CARTESIAN_POINT('',(36.6500001490115,21.1499999999999,34.4999999999998));
#6714=CARTESIAN_POINT('',(36.6500001490115,-3.85000000000006,34.4999999999998));
#6715=CARTESIAN_POINT('Origin',(38.0500001490115,21.1499999999999,34.4999999999998));
#6716=CARTESIAN_POINT('Origin',(38.0500001490115,21.1499999999999,34.4999999999998));
#6717=CARTESIAN_POINT('Origin',(24.9500001490116,-3.85000000000006,34.4999999999999));
#6718=CARTESIAN_POINT('',(23.5500001490116,21.1499999999999,34.4999999999999));
#6719=CARTESIAN_POINT('',(23.5500001490116,-3.85000000000006,34.4999999999999));
#6720=CARTESIAN_POINT('Origin',(24.9500001490116,21.1499999999999,34.4999999999999));
#6721=CARTESIAN_POINT('Origin',(24.9500001490116,21.1499999999999,34.4999999999999));
#6722=CARTESIAN_POINT('Origin',(38.0500001490117,-3.85000000000006,-14.1));
#6723=CARTESIAN_POINT('',(36.6500001490117,21.1499999999999,-14.1));
#6724=CARTESIAN_POINT('',(36.6500001490117,-3.85000000000006,-14.1));
#6725=CARTESIAN_POINT('Origin',(38.0500001490117,21.1499999999999,-14.1));
#6726=CARTESIAN_POINT('Origin',(38.0500001490117,21.1499999999999,-14.1));
#6727=CARTESIAN_POINT('Origin',(15.0500001490116,-3.85000000000006,-14.1));
#6728=CARTESIAN_POINT('',(13.6500001490116,21.1499999999999,-14.1));
#6729=CARTESIAN_POINT('',(13.6500001490116,-3.85000000000006,-14.1));
#6730=CARTESIAN_POINT('Origin',(15.0500001490116,21.1499999999999,-14.1));
#6731=CARTESIAN_POINT('Origin',(15.0500001490116,21.1499999999999,-14.1));
#6732=CARTESIAN_POINT('Origin',(47.9500001490116,-3.85000000000006,34.4999999999999));
#6733=CARTESIAN_POINT('',(46.5500001490116,21.1499999999999,34.4999999999999));
#6734=CARTESIAN_POINT('',(46.5500001490116,-3.85000000000006,34.4999999999999));
#6735=CARTESIAN_POINT('Origin',(47.9500001490116,21.1499999999999,34.4999999999999));
#6736=CARTESIAN_POINT('Origin',(47.9500001490116,21.1499999999999,34.4999999999999));
#6737=CARTESIAN_POINT('Origin',(15.0500001490115,-3.85000000000006,34.4999999999998));
#6738=CARTESIAN_POINT('',(13.6500001490115,21.1499999999999,34.4999999999998));
#6739=CARTESIAN_POINT('',(13.6500001490115,-3.85000000000006,34.4999999999998));
#6740=CARTESIAN_POINT('Origin',(15.0500001490115,21.1499999999999,34.4999999999998));
#6741=CARTESIAN_POINT('Origin',(15.0500001490115,21.1499999999999,34.4999999999998));
#6742=CARTESIAN_POINT('Origin',(47.9500001490117,-3.85000000000006,-14.1));
#6743=CARTESIAN_POINT('',(46.5500001490117,21.1499999999999,-14.1));
#6744=CARTESIAN_POINT('',(46.5500001490117,-3.85000000000006,-14.1));
#6745=CARTESIAN_POINT('Origin',(47.9500001490117,21.1499999999999,-14.1));
#6746=CARTESIAN_POINT('Origin',(47.9500001490117,21.1499999999999,-14.1));
#6747=CARTESIAN_POINT('Origin',(6.00000000000002,19.9999999999999,9.18709552877319E-15));
#6748=CARTESIAN_POINT('',(4.00000000000002,21.9999999999999,-2.23606797749978));
#6749=CARTESIAN_POINT('',(6.00000000000002,21.9999999999999,-2.23606797749977));
#6750=CARTESIAN_POINT('',(4.00000000000001,21.9999999999999,2.23606797749981));
#6751=CARTESIAN_POINT('Origin',(4.00000000000002,19.9999999999999,5.93969318174461E-15));
#6752=CARTESIAN_POINT('',(6.00000000000001,21.9999999999999,2.23606797749981));
#6753=CARTESIAN_POINT('Origin',(6.00000000000002,23.9999999999999,2.79223692778441E-14));
#6754=CARTESIAN_POINT('Origin',(4.00000000000002,23.9999999999999,2.46749669308155E-14));
#6755=CARTESIAN_POINT('Origin',(4.00000000000002,21.9999999999999,1.64868119156836E-14));
#6756=CARTESIAN_POINT('',(4.00000000000001,18.3499999999999,5.73762645988529E-15));
#6757=CARTESIAN_POINT('Origin',(4.00000000000002,19.9999999999999,5.93969318174461E-15));
#6758=CARTESIAN_POINT('',(4.00000000000002,22.3499999999999,2.44729002089562E-14));
#6759=CARTESIAN_POINT('Origin',(4.00000000000002,23.9999999999999,2.46749669308155E-14));
#6760=CARTESIAN_POINT('Origin',(6.00000000000001,-2.7755575615629E-16,9.74220704108577E-15));
#6761=CARTESIAN_POINT('',(4.00000000000001,-3.,6.12741065431298E-15));
#6762=CARTESIAN_POINT('',(6.00000000000001,-3.,1.010960108083E-14));
#6763=CARTESIAN_POINT('Origin',(4.00000000000001,-2.7755575615629E-16,6.49480469405719E-15));
#6764=CARTESIAN_POINT('Origin',(4.00000000000001,-1.66533453693784E-16,
6.49480469405719E-15));
#6765=CARTESIAN_POINT('',(4.00000000000001,-1.65,6.29273797219788E-15));
#6766=CARTESIAN_POINT('Origin',(4.00000000000001,-9.86076131526265E-31,
6.49480469405719E-15));
#6767=CARTESIAN_POINT('Origin',(64.0000000000001,-9.86076131526265E-31,
5.26430750843095E-14));
#6768=CARTESIAN_POINT('',(65.0000000000001,-2.5,5.36893854671798E-14));
#6769=CARTESIAN_POINT('Origin',(65.0000000000001,-9.86076131526265E-31,
5.3383223767393E-14));
#6770=CARTESIAN_POINT('',(64.0000000000001,-3.75,5.21838325346293E-14));
#6771=CARTESIAN_POINT('Origin',(65.0000000000001,0.,5.36607795235492E-14));
#6772=CARTESIAN_POINT('',(65.0000000000001,-1.6,5.31872802795294E-14));
#6773=CARTESIAN_POINT('Origin',(65.0000000000001,-9.86076131526265E-31,
5.3383223767393E-14));
#6774=CARTESIAN_POINT('Origin',(63.,-9.86076131526265E-31,5.19029264012261E-14));
#6775=CARTESIAN_POINT('',(63.,-1.6,5.17069829133625E-14));
#6776=CARTESIAN_POINT('Origin',(1.27675647831893E-14,-9.86076131526265E-31,
2.16936748935778E-29));
#6777=CARTESIAN_POINT('',(-0.999999999999987,-3.85,-2.095190191186E-15));
#6778=CARTESIAN_POINT('Origin',(-0.999999999999987,-9.86076131526265E-31,
-1.62370117351427E-15));
#6779=CARTESIAN_POINT('',(1.27675647831893E-14,-3.85,4.71489017671754E-16));
#6780=CARTESIAN_POINT('Origin',(-0.999999999999987,-9.86076131526265E-31,
-1.62370117351427E-15));
#6781=CARTESIAN_POINT('',(-0.999999999999987,-1.65,-1.82576789537358E-15));
#6782=CARTESIAN_POINT('Origin',(-0.999999999999987,-9.86076131526265E-31,
-1.62370117351427E-15));
#6783=CARTESIAN_POINT('Origin',(1.34336985979644E-14,23.9999999999999,1.81801622367583E-14));
#6784=CARTESIAN_POINT('',(1.34336985979644E-14,22.3499999999999,1.7978095514899E-14));
#6785=CARTESIAN_POINT('Origin',(1.27675647831893E-14,-9.86076131526265E-31,
2.16936748935778E-29));
#6786=CARTESIAN_POINT('',(1.27675647831893E-14,-1.65,-2.02066721859291E-16));
#6787=CARTESIAN_POINT('Origin',(1.33226762955019E-14,19.9999999999999,-5.55111512312561E-16));
#6788=CARTESIAN_POINT('',(1.33226762955019E-14,18.3499999999999,-7.57178234171874E-16));
#6789=UNCERTAINTY_MEASURE_WITH_UNIT(LENGTH_MEASURE(0.01),#6793,
'DISTANCE_ACCURACY_VALUE',
'Maximum model space distance between geometric entities at asserted c
onnectivities');
#6790=UNCERTAINTY_MEASURE_WITH_UNIT(LENGTH_MEASURE(0.01),#6793,
'DISTANCE_ACCURACY_VALUE',
'Maximum model space distance between geometric entities at asserted c
onnectivities');
#6791=(
GEOMETRIC_REPRESENTATION_CONTEXT(3)
GLOBAL_UNCERTAINTY_ASSIGNED_CONTEXT((#6789))
GLOBAL_UNIT_ASSIGNED_CONTEXT((#6793,#6795,#6796))
REPRESENTATION_CONTEXT('','3D')
);
#6792=(
GEOMETRIC_REPRESENTATION_CONTEXT(3)
GLOBAL_UNCERTAINTY_ASSIGNED_CONTEXT((#6790))
GLOBAL_UNIT_ASSIGNED_CONTEXT((#6793,#6795,#6796))
REPRESENTATION_CONTEXT('','3D')
);
#6793=(
LENGTH_UNIT()
NAMED_UNIT(*)
SI_UNIT(.MILLI.,.METRE.)
);
#6794=(
LENGTH_UNIT()
NAMED_UNIT(*)
SI_UNIT($,.METRE.)
);
#6795=(
NAMED_UNIT(*)
PLANE_ANGLE_UNIT()
SI_UNIT($,.RADIAN.)
);
#6796=(
NAMED_UNIT(*)
SI_UNIT($,.STERADIAN.)
SOLID_ANGLE_UNIT()
);
#6797=SHAPE_DEFINITION_REPRESENTATION(#6798,#6799);
#6798=PRODUCT_DEFINITION_SHAPE('',$,#6801);
#6799=SHAPE_REPRESENTATION('',(#2925),#6791);
#6800=PRODUCT_DEFINITION_CONTEXT('part definition',#6805,'design');
#6801=PRODUCT_DEFINITION('Aufnahme_ALG','Aufnahme_ALG v1',#6802,#6800);
#6802=PRODUCT_DEFINITION_FORMATION('',$,#6807);
#6803=PRODUCT_RELATED_PRODUCT_CATEGORY('Aufnahme_ALG v1',
'Aufnahme_ALG v1',(#6807));
#6804=APPLICATION_PROTOCOL_DEFINITION('international standard',
'automotive_design',2009,#6805);
#6805=APPLICATION_CONTEXT(
'Core Data for Automotive Mechanical Design Process');
#6806=PRODUCT_CONTEXT('part definition',#6805,'mechanical');
#6807=PRODUCT('Aufnahme_ALG','Aufnahme_ALG v1',$,(#6806));
#6808=PRESENTATION_STYLE_ASSIGNMENT((#6809));
#6809=SURFACE_STYLE_USAGE(.BOTH.,#6810);
#6810=SURFACE_SIDE_STYLE('',(#6811));
#6811=SURFACE_STYLE_FILL_AREA(#6812);
#6812=FILL_AREA_STYLE('Steel - Satin',(#6813));
#6813=FILL_AREA_STYLE_COLOUR('Steel - Satin',#6814);
#6814=COLOUR_RGB('Steel - Satin',0.627450980392157,0.627450980392157,0.627450980392157);
ENDSEC;
END-ISO-10303-21;
