ISO-10303-21;
HEADER;
/* Generated by software containing ST-Developer
 * from STEP Tools, Inc. (www.steptools.com) 
 */

FILE_DESCRIPTION(
/* description */ (''),
/* implementation_level */ '2;1');

FILE_NAME(
/* name */ 'AufnahmeFR v4.stp',
/* time_stamp */ '2024-02-14T22:45:09+01:00',
/* author */ (''),
/* organization */ (''),
/* preprocessor_version */ 'ST-DEVELOPER v20',
/* originating_system */ 'Autodesk Translation Framework v12.20.1.177',

/* authorisation */ '');

FILE_SCHEMA (('AUTOMOTIVE_DESIGN { 1 0 10303 214 3 1 1 }'));
ENDSEC;

DATA;
#10=MECHANICAL_DESIGN_GEOMETRIC_PRESENTATION_REPRESENTATION('',(#13),#5166);
#11=SHAPE_REPRESENTATION_RELATIONSHIP('SRR','None',#5173,#12);
#12=ADVANCED_BREP_SHAPE_REPRESENTATION('',(#14),#5165);
#13=STYLED_ITEM('',(#5182),#14);
#14=MANIFOLD_SOLID_BREP('Body1',#2464);
#15=CONICAL_SURFACE('',#2725,3.75,0.896055384571343);
#16=(
BOUNDED_SURFACE()
B_SPLINE_SURFACE(5,1,((#4078,#4079),(#4080,#4081),(#4082,#4083),(#4084,
#4085),(#4086,#4087),(#4088,#4089),(#4090,#4091),(#4092,#4093),(#4094,#4095),
(#4096,#4097),(#4098,#4099),(#4100,#4101),(#4102,#4103),(#4104,#4105),(#4106,
#4107),(#4108,#4109),(#4110,#4111),(#4112,#4113),(#4114,#4115),(#4116,#4117)),
 .UNSPECIFIED.,.F.,.F.,.F.)
B_SPLINE_SURFACE_WITH_KNOTS((6,1,1,1,1,1,1,1,1,1,1,1,1,1,1,6),(2,2),(-1.,
-0.933333333333333,-0.866666666666667,-0.8,-0.733333333333333,-0.666666666666667,
-0.6,-0.533333333333333,-0.466666666666667,-0.4,-0.333333333333333,-0.266666666666667,
-0.2,-0.133333333333333,-0.0666666666666667,0.),(0.,5.05),.UNSPECIFIED.)
GEOMETRIC_REPRESENTATION_ITEM()
RATIONAL_B_SPLINE_SURFACE(((1.,1.),(1.,1.),(1.,1.),(1.,1.),(1.,1.),(1.,
1.),(1.,1.),(1.,1.),(1.,1.),(1.,1.),(1.,1.),(1.,1.),(1.,1.),(1.,1.),(1.,
1.),(1.,1.),(1.,1.),(1.,1.),(1.,1.),(1.,1.)))
REPRESENTATION_ITEM('')
SURFACE()
);
#17=(
BOUNDED_SURFACE()
B_SPLINE_SURFACE(5,1,((#4469,#4470),(#4471,#4472),(#4473,#4474),(#4475,
#4476),(#4477,#4478),(#4479,#4480),(#4481,#4482),(#4483,#4484),(#4485,#4486),
(#4487,#4488),(#4489,#4490),(#4491,#4492),(#4493,#4494),(#4495,#4496),(#4497,
#4498),(#4499,#4500),(#4501,#4502),(#4503,#4504),(#4505,#4506),(#4507,#4508)),
 .UNSPECIFIED.,.F.,.F.,.F.)
B_SPLINE_SURFACE_WITH_KNOTS((6,1,1,1,1,1,1,1,1,1,1,1,1,1,1,6),(2,2),(0.,
0.0666666666666667,0.133333333333333,0.2,0.266666666666667,0.333333333333333,
0.4,0.466666666666667,0.533333333333333,0.6,0.666666666666667,0.733333333333333,
0.8,0.866666666666667,0.933333333333333,1.),(0.,5.05),.UNSPECIFIED.)
GEOMETRIC_REPRESENTATION_ITEM()
RATIONAL_B_SPLINE_SURFACE(((1.,1.),(1.,1.),(1.,1.),(1.,1.),(1.,1.),(1.,
1.),(1.,1.),(1.,1.),(1.,1.),(1.,1.),(1.,1.),(1.,1.),(1.,1.),(1.,1.),(1.,
1.),(1.,1.),(1.,1.),(1.,1.),(1.,1.),(1.,1.)))
REPRESENTATION_ITEM('')
SURFACE()
);
#18=(
BOUNDED_SURFACE()
B_SPLINE_SURFACE(5,1,((#4654,#4655),(#4656,#4657),(#4658,#4659),(#4660,
#4661),(#4662,#4663),(#4664,#4665),(#4666,#4667),(#4668,#4669),(#4670,#4671),
(#4672,#4673),(#4674,#4675),(#4676,#4677),(#4678,#4679),(#4680,#4681),(#4682,
#4683),(#4684,#4685),(#4686,#4687),(#4688,#4689),(#4690,#4691),(#4692,#4693)),
 .UNSPECIFIED.,.F.,.F.,.F.)
B_SPLINE_SURFACE_WITH_KNOTS((6,1,1,1,1,1,1,1,1,1,1,1,1,1,1,6),(2,2),(-1.,
-0.933333333333333,-0.866666666666667,-0.8,-0.733333333333333,-0.666666666666667,
-0.6,-0.533333333333333,-0.466666666666667,-0.4,-0.333333333333333,-0.266666666666667,
-0.2,-0.133333333333333,-0.0666666666666667,0.),(0.,5.05),.UNSPECIFIED.)
GEOMETRIC_REPRESENTATION_ITEM()
RATIONAL_B_SPLINE_SURFACE(((1.,1.),(1.,1.),(1.,1.),(1.,1.),(1.,1.),(1.,
1.),(1.,1.),(1.,1.),(1.,1.),(1.,1.),(1.,1.),(1.,1.),(1.,1.),(1.,1.),(1.,
1.),(1.,1.),(1.,1.),(1.,1.),(1.,1.),(1.,1.)))
REPRESENTATION_ITEM('')
SURFACE()
);
#19=(
BOUNDED_SURFACE()
B_SPLINE_SURFACE(5,1,((#5027,#5028),(#5029,#5030),(#5031,#5032),(#5033,
#5034),(#5035,#5036),(#5037,#5038),(#5039,#5040),(#5041,#5042),(#5043,#5044),
(#5045,#5046),(#5047,#5048),(#5049,#5050),(#5051,#5052),(#5053,#5054),(#5055,
#5056),(#5057,#5058),(#5059,#5060),(#5061,#5062),(#5063,#5064),(#5065,#5066)),
 .UNSPECIFIED.,.F.,.F.,.F.)
B_SPLINE_SURFACE_WITH_KNOTS((6,1,1,1,1,1,1,1,1,1,1,1,1,1,1,6),(2,2),(0.,
0.0666666666666667,0.133333333333333,0.2,0.266666666666667,0.333333333333333,
0.4,0.466666666666667,0.533333333333333,0.6,0.666666666666667,0.733333333333333,
0.8,0.866666666666667,0.933333333333333,1.),(0.,5.05),.UNSPECIFIED.)
GEOMETRIC_REPRESENTATION_ITEM()
RATIONAL_B_SPLINE_SURFACE(((1.,1.),(1.,1.),(1.,1.),(1.,1.),(1.,1.),(1.,
1.),(1.,1.),(1.,1.),(1.,1.),(1.,1.),(1.,1.),(1.,1.),(1.,1.),(1.,1.),(1.,
1.),(1.,1.),(1.,1.),(1.,1.),(1.,1.),(1.,1.)))
REPRESENTATION_ITEM('')
SURFACE()
);
#20=B_SPLINE_SURFACE_WITH_KNOTS('',3,3,((#3988,#3989,#3990,#3991),(#3992,
#3993,#3994,#3995),(#3996,#3997,#3998,#3999),(#4000,#4001,#4002,#4003),
(#4004,#4005,#4006,#4007),(#4008,#4009,#4010,#4011),(#4012,#4013,#4014,
#4015),(#4016,#4017,#4018,#4019),(#4020,#4021,#4022,#4023),(#4024,#4025,
#4026,#4027)),.UNSPECIFIED.,.F.,.F.,.F.,(4,1,1,1,1,1,1,4),(4,4),(0.,0.142857142857143,
0.285714285714286,0.428571428571429,0.571428571428571,0.714285714285714,
0.857142857142857,1.),(-0.525169791357948,0.287290287896482),
 .UNSPECIFIED.);
#21=B_SPLINE_SURFACE_WITH_KNOTS('',3,3,((#4231,#4232,#4233,#4234,#4235,
#4236,#4237,#4238,#4239,#4240),(#4241,#4242,#4243,#4244,#4245,#4246,#4247,
#4248,#4249,#4250),(#4251,#4252,#4253,#4254,#4255,#4256,#4257,#4258,#4259,
#4260),(#4261,#4262,#4263,#4264,#4265,#4266,#4267,#4268,#4269,#4270),(#4271,
#4272,#4273,#4274,#4275,#4276,#4277,#4278,#4279,#4280)),.UNSPECIFIED.,.F.,
 .F.,.F.,(4,1,4),(4,1,1,1,1,1,1,4),(0.,0.571428571428571,1.),(1.53482895163045E-16,
0.0357310532181623,0.0714621064363244,0.107193159654486,0.142924212872649,
0.178655266090811,0.214386319308973,0.250117372527135),.UNSPECIFIED.);
#22=B_SPLINE_SURFACE_WITH_KNOTS('',3,3,((#4290,#4291,#4292,#4293,#4294,
#4295,#4296,#4297,#4298,#4299,#4300,#4301,#4302,#4303,#4304,#4305,#4306),
(#4307,#4308,#4309,#4310,#4311,#4312,#4313,#4314,#4315,#4316,#4317,#4318,
#4319,#4320,#4321,#4322,#4323),(#4324,#4325,#4326,#4327,#4328,#4329,#4330,
#4331,#4332,#4333,#4334,#4335,#4336,#4337,#4338,#4339,#4340),(#4341,#4342,
#4343,#4344,#4345,#4346,#4347,#4348,#4349,#4350,#4351,#4352,#4353,#4354,
#4355,#4356,#4357),(#4358,#4359,#4360,#4361,#4362,#4363,#4364,#4365,#4366,
#4367,#4368,#4369,#4370,#4371,#4372,#4373,#4374)),.UNSPECIFIED.,.F.,.F.,
 .F.,(4,1,4),(4,1,1,1,1,1,1,1,1,1,1,1,1,1,4),(0.,0.571428571428571,1.),
(-0.217104147675512,-0.181385837293225,-0.145667526910939,-0.109949216528652,
-0.074230906146366,-0.0385125957640796,-0.00279428538179319,0.00167050341599261,
0.00613529221377842,0.01506486980935,0.0239944474049216,0.0284592362027074,
0.0306916306016003,0.0318078278010468,0.0329240250004932),.UNSPECIFIED.);
#23=B_SPLINE_SURFACE_WITH_KNOTS('',3,3,((#4414,#4415,#4416,#4417,#4418,
#4419),(#4420,#4421,#4422,#4423,#4424,#4425),(#4426,#4427,#4428,#4429,#4430,
#4431),(#4432,#4433,#4434,#4435,#4436,#4437)),.UNSPECIFIED.,.F.,.F.,.F.,
(4,4),(4,1,1,4),(0.366162409553385,1.),(0.463643017310073,0.581440943938516,
0.69923887056696,1.01336667490947),.UNSPECIFIED.);
#24=B_SPLINE_SURFACE_WITH_KNOTS('',3,3,((#4439,#4440,#4441,#4442,#4443,
#4444),(#4445,#4446,#4447,#4448,#4449,#4450),(#4451,#4452,#4453,#4454,#4455,
#4456),(#4457,#4458,#4459,#4460,#4461,#4462)),.UNSPECIFIED.,.F.,.F.,.F.,
(4,4),(4,1,1,4),(0.366162409553411,1.),(0.,0.235595853256898,0.392659755428163,
0.549723657599428),.UNSPECIFIED.);
#25=B_SPLINE_SURFACE_WITH_KNOTS('',3,3,((#4564,#4565,#4566,#4567),(#4568,
#4569,#4570,#4571),(#4572,#4573,#4574,#4575),(#4576,#4577,#4578,#4579),
(#4580,#4581,#4582,#4583),(#4584,#4585,#4586,#4587),(#4588,#4589,#4590,
#4591),(#4592,#4593,#4594,#4595),(#4596,#4597,#4598,#4599),(#4600,#4601,
#4602,#4603)),.UNSPECIFIED.,.F.,.F.,.F.,(4,1,1,1,1,1,1,4),(4,4),(0.,0.142857142857143,
0.285714285714286,0.428571428571429,0.571428571428571,0.714285714285714,
0.857142857142857,1.),(-0.525169791357947,0.287290287896484),
 .UNSPECIFIED.);
#26=B_SPLINE_SURFACE_WITH_KNOTS('',3,3,((#4789,#4790,#4791,#4792,#4793,
#4794,#4795,#4796,#4797,#4798),(#4799,#4800,#4801,#4802,#4803,#4804,#4805,
#4806,#4807,#4808),(#4809,#4810,#4811,#4812,#4813,#4814,#4815,#4816,#4817,
#4818),(#4819,#4820,#4821,#4822,#4823,#4824,#4825,#4826,#4827,#4828),(#4829,
#4830,#4831,#4832,#4833,#4834,#4835,#4836,#4837,#4838)),.UNSPECIFIED.,.F.,
 .F.,.F.,(4,1,4),(4,1,1,1,1,1,1,4),(0.,0.571428571428571,1.),(-6.44799202402599E-15,
0.0357310532181563,0.071462106436319,0.107193159654482,0.142924212872644,
0.178655266090807,0.21438631930897,0.250117372527133),.UNSPECIFIED.);
#27=B_SPLINE_SURFACE_WITH_KNOTS('',3,3,((#4848,#4849,#4850,#4851,#4852,
#4853,#4854,#4855,#4856,#4857,#4858,#4859,#4860,#4861,#4862,#4863,#4864),
(#4865,#4866,#4867,#4868,#4869,#4870,#4871,#4872,#4873,#4874,#4875,#4876,
#4877,#4878,#4879,#4880,#4881),(#4882,#4883,#4884,#4885,#4886,#4887,#4888,
#4889,#4890,#4891,#4892,#4893,#4894,#4895,#4896,#4897,#4898),(#4899,#4900,
#4901,#4902,#4903,#4904,#4905,#4906,#4907,#4908,#4909,#4910,#4911,#4912,
#4913,#4914,#4915),(#4916,#4917,#4918,#4919,#4920,#4921,#4922,#4923,#4924,
#4925,#4926,#4927,#4928,#4929,#4930,#4931,#4932)),.UNSPECIFIED.,.F.,.F.,
 .F.,(4,1,4),(4,1,1,1,1,1,1,1,1,1,1,1,1,1,4),(0.,0.571428571428571,1.),
(-0.217104147675522,-0.181385837293236,-0.14566752691095,-0.109949216528664,
-0.0742309061463774,-0.0385125957640913,-0.00279428538180515,0.00167050341598062,
0.00613529221376639,0.0150648698093379,0.0239944474049095,0.0284592362026952,
0.0306916306015881,0.0318078278010346,0.032924025000481),.UNSPECIFIED.);
#28=B_SPLINE_SURFACE_WITH_KNOTS('',3,3,((#4972,#4973,#4974,#4975,#4976,
#4977),(#4978,#4979,#4980,#4981,#4982,#4983),(#4984,#4985,#4986,#4987,#4988,
#4989),(#4990,#4991,#4992,#4993,#4994,#4995)),.UNSPECIFIED.,.F.,.F.,.F.,
(4,4),(4,1,1,4),(0.366162409553403,1.),(0.463643017310031,0.581440943938479,
0.699238870566927,1.01336667490945),.UNSPECIFIED.);
#29=B_SPLINE_SURFACE_WITH_KNOTS('',3,3,((#4997,#4998,#4999,#5000,#5001,
#5002),(#5003,#5004,#5005,#5006,#5007,#5008),(#5009,#5010,#5011,#5012,#5013,
#5014),(#5015,#5016,#5017,#5018,#5019,#5020)),.UNSPECIFIED.,.F.,.F.,.F.,
(4,4),(4,1,1,4),(0.366162409553411,1.),(0.,0.235595853256894,0.392659755428157,
0.54972365759942),.UNSPECIFIED.);
#30=(
BOUNDED_CURVE()
B_SPLINE_CURVE(5,(#3793,#3794,#3795,#3796,#3797,#3798,#3799,#3800,#3801,
#3802,#3803,#3804,#3805,#3806,#3807,#3808),.UNSPECIFIED.,.F.,.F.)
B_SPLINE_CURVE_WITH_KNOTS((6,1,1,1,1,1,1,1,1,1,1,6),(0.293050394596355,
0.333333333333333,0.4,0.466666666666667,0.533333333333333,0.6,0.666666666666667,
0.733333333333333,0.8,0.866666666666667,0.933333333333333,1.),
 .UNSPECIFIED.)
CURVE()
GEOMETRIC_REPRESENTATION_ITEM()
RATIONAL_B_SPLINE_CURVE((1.,1.,1.,1.,1.,1.,1.,1.,1.,1.,1.,1.,1.,1.,1.,1.))
REPRESENTATION_ITEM('')
);
#31=(
BOUNDED_CURVE()
B_SPLINE_CURVE(5,(#3809,#3810,#3811,#3812,#3813,#3814,#3815,#3816,#3817,
#3818,#3819,#3820,#3821,#3822,#3823,#3824),.UNSPECIFIED.,.F.,.F.)
B_SPLINE_CURVE_WITH_KNOTS((6,1,1,1,1,1,1,1,1,1,1,6),(-1.,-0.933333333333333,
-0.866666666666667,-0.8,-0.733333333333333,-0.666666666666667,-0.6,-0.533333333333333,
-0.466666666666667,-0.4,-0.333333333333333,-0.293050394596357),
 .UNSPECIFIED.)
CURVE()
GEOMETRIC_REPRESENTATION_ITEM()
RATIONAL_B_SPLINE_CURVE((1.,1.,1.,1.,1.,1.,1.,1.,1.,1.,1.,1.,1.,1.,1.,1.))
REPRESENTATION_ITEM('')
);
#32=(
BOUNDED_CURVE()
B_SPLINE_CURVE(5,(#4140,#4141,#4142,#4143,#4144,#4145,#4146,#4147,#4148,
#4149,#4150,#4151,#4152,#4153,#4154,#4155),.UNSPECIFIED.,.F.,.F.)
B_SPLINE_CURVE_WITH_KNOTS((6,1,1,1,1,1,1,1,1,1,1,6),(0.293050394596355,
0.333333333333333,0.4,0.466666666666667,0.533333333333333,0.6,0.666666666666667,
0.733333333333333,0.8,0.866666666666667,0.933333333333333,1.),
 .UNSPECIFIED.)
CURVE()
GEOMETRIC_REPRESENTATION_ITEM()
RATIONAL_B_SPLINE_CURVE((1.,1.,1.,1.,1.,1.,1.,1.,1.,1.,1.,1.,1.,1.,1.,1.))
REPRESENTATION_ITEM('')
);
#33=(
BOUNDED_CURVE()
B_SPLINE_CURVE(5,(#4534,#4535,#4536,#4537,#4538,#4539,#4540,#4541,#4542,
#4543,#4544,#4545,#4546,#4547,#4548,#4549),.UNSPECIFIED.,.F.,.F.)
B_SPLINE_CURVE_WITH_KNOTS((6,1,1,1,1,1,1,1,1,1,1,6),(-1.,-0.933333333333333,
-0.866666666666667,-0.8,-0.733333333333333,-0.666666666666667,-0.6,-0.533333333333333,
-0.466666666666667,-0.4,-0.333333333333333,-0.293050394596358),
 .UNSPECIFIED.)
CURVE()
GEOMETRIC_REPRESENTATION_ITEM()
RATIONAL_B_SPLINE_CURVE((1.,1.,1.,1.,1.,1.,1.,1.,1.,1.,1.,1.,1.,1.,1.,1.))
REPRESENTATION_ITEM('')
);
#34=TOROIDAL_SURFACE('',#2498,48.,1.);
#35=TOROIDAL_SURFACE('',#2503,3.,1.);
#36=TOROIDAL_SURFACE('',#2509,33.9499999999999,1.);
#37=TOROIDAL_SURFACE('',#2513,3.,1.);
#38=TOROIDAL_SURFACE('',#2519,2.,1.);
#39=TOROIDAL_SURFACE('',#2525,9.05000000000007,1.);
#40=TOROIDAL_SURFACE('',#2531,2.,1.);
#41=TOROIDAL_SURFACE('',#2537,3.,1.);
#42=TOROIDAL_SURFACE('',#2558,3.,1.);
#43=TOROIDAL_SURFACE('',#2564,33.9499999999999,1.);
#44=TOROIDAL_SURFACE('',#2567,3.,1.);
#45=TOROIDAL_SURFACE('',#2572,2.,1.);
#46=TOROIDAL_SURFACE('',#2577,9.05000000000007,1.);
#47=TOROIDAL_SURFACE('',#2583,2.,1.);
#48=TOROIDAL_SURFACE('',#2589,3.,1.);
#49=TOROIDAL_SURFACE('',#2593,48.,1.);
#50=B_SPLINE_CURVE_WITH_KNOTS('',3,(#3537,#3538,#3539,#3540,#3541,#3542,
#3543,#3544,#3545,#3546,#3547,#3548),.UNSPECIFIED.,.F.,.F.,(4,2,2,2,2,4),
(0.994725484067163,1.08924230606855,1.18634769149111,1.26362510356061,1.33745416887622,
1.33803930261165),.UNSPECIFIED.);
#51=B_SPLINE_CURVE_WITH_KNOTS('',3,(#4030,#4031,#4032,#4033,#4034,#4035,
#4036,#4037,#4038,#4039),.UNSPECIFIED.,.F.,.F.,(4,2,2,2,4),(0.,0.113226140427323,
0.210549410966199,0.297803322322068,0.388511162558754),.UNSPECIFIED.);
#52=B_SPLINE_CURVE_WITH_KNOTS('',3,(#4041,#4042,#4043,#4044),
 .UNSPECIFIED.,.F.,.F.,(4,4),(-0.287290287896482,0.525169791357948),
 .UNSPECIFIED.);
#53=B_SPLINE_CURVE_WITH_KNOTS('',3,(#4046,#4047,#4048,#4049,#4050,#4051,
#4052,#4053,#4054,#4055),.UNSPECIFIED.,.F.,.F.,(4,2,2,2,4),(0.285331745057248,
0.34311701506649,0.445061091280144,0.47465763791579,0.497258109321365),
 .UNSPECIFIED.);
#54=B_SPLINE_CURVE_WITH_KNOTS('',3,(#4057,#4058,#4059,#4060,#4061,#4062,
#4063,#4064),.UNSPECIFIED.,.F.,.F.,(4,2,2,4),(0.,0.0927377230073579,0.295551040629409,
0.553707559691731),.UNSPECIFIED.);
#55=B_SPLINE_CURVE_WITH_KNOTS('',3,(#4066,#4067,#4068,#4069),
 .UNSPECIFIED.,.F.,.F.,(4,4),(-0.3568192551922,0.118939751730731),
 .UNSPECIFIED.);
#56=B_SPLINE_CURVE_WITH_KNOTS('',3,(#4070,#4071,#4072,#4073,#4074,#4075,
#4076,#4077),.UNSPECIFIED.,.F.,.F.,(4,2,2,4),(0.0643646406590143,0.491262735239402,
0.680159920309337,0.781098445264223),.UNSPECIFIED.);
#57=B_SPLINE_CURVE_WITH_KNOTS('',3,(#4119,#4120,#4121,#4122,#4123,#4124),
 .UNSPECIFIED.,.F.,.F.,(4,2,4),(1.86661026598399,2.525,3.25),
 .UNSPECIFIED.);
#58=B_SPLINE_CURVE_WITH_KNOTS('',3,(#4126,#4127,#4128,#4129),
 .UNSPECIFIED.,.F.,.F.,(4,4),(-0.75,-0.499999999999999),.UNSPECIFIED.);
#59=B_SPLINE_CURVE_WITH_KNOTS('',3,(#4131,#4132,#4133,#4134,#4135,#4136),
 .UNSPECIFIED.,.F.,.F.,(4,1,1,4),(-1.01336667490947,-0.69923887056696,-0.581440943938516,
-0.463643027917716),.UNSPECIFIED.);
#60=B_SPLINE_CURVE_WITH_KNOTS('',3,(#4156,#4157,#4158,#4159,#4160,#4161,
#4162,#4163,#4164,#4165,#4166,#4167),.UNSPECIFIED.,.F.,.F.,(4,2,2,2,2,4),
(-0.000585193678961,0.,0.0738366221089119,0.151121946129514,0.24823727356324,
0.342763772548778),.UNSPECIFIED.);
#61=B_SPLINE_CURVE_WITH_KNOTS('',3,(#4168,#4169,#4170,#4171,#4172,#4173,
#4174,#4175,#4176,#4177),.UNSPECIFIED.,.F.,.F.,(4,2,2,2,4),(0.,0.00454679066039635,
0.0130745414113868,0.0355077198408183,0.0848712528622285),.UNSPECIFIED.);
#62=B_SPLINE_CURVE_WITH_KNOTS('',3,(#4182,#4183,#4184,#4185,#4186,#4187,
#4188,#4189),.UNSPECIFIED.,.F.,.F.,(4,2,2,4),(0.,0.166704627561557,0.323733397677731,
0.46850269949309),.UNSPECIFIED.);
#63=B_SPLINE_CURVE_WITH_KNOTS('',3,(#4190,#4191,#4192,#4193,#4194,#4195,
#4196,#4197,#4198,#4199),.UNSPECIFIED.,.F.,.F.,(4,2,2,2,4),(0.160929440311319,
0.248682906445119,0.352967509704087,0.409532350599848,0.472715604807347),
 .UNSPECIFIED.);
#64=B_SPLINE_CURVE_WITH_KNOTS('',3,(#4204,#4205,#4206,#4207,#4208,#4209,
#4210,#4211,#4212,#4213,#4214,#4215,#4216,#4217,#4218,#4219,#4220),
 .UNSPECIFIED.,.F.,.F.,(4,1,1,1,1,1,1,1,1,1,1,1,1,1,4),(-0.217104147675512,
-0.181385837293225,-0.145667526910939,-0.109949216528652,-0.074230906146366,
-0.0385125957640796,-0.00279428538179319,0.00167050341599261,0.00613529221377842,
0.01506486980935,0.0239944474049216,0.0284592362027074,0.0306916306016003,
0.0318078278010468,0.0329240250004932),.UNSPECIFIED.);
#65=B_SPLINE_CURVE_WITH_KNOTS('',3,(#4221,#4222,#4223,#4224,#4225,#4226,
#4227,#4228,#4229,#4230),.UNSPECIFIED.,.F.,.F.,(4,1,1,1,1,1,1,4),(-0.250117372527135,
-0.214386319308973,-0.178655266090811,-0.142924212872649,-0.107193159654486,
-0.0714621064363244,-0.0357310532181623,-1.53482895163045E-16),
 .UNSPECIFIED.);
#66=B_SPLINE_CURVE_WITH_KNOTS('',3,(#4283,#4284,#4285,#4286,#4287,#4288,
#4289),.UNSPECIFIED.,.F.,.F.,(4,1,1,1,4),(1.53482895163045E-16,0.0357310532181623,
0.0714621064363244,0.107193159654486,0.118932035582585),.UNSPECIFIED.);
#67=B_SPLINE_CURVE_WITH_KNOTS('',3,(#4376,#4377,#4378,#4379,#4380,#4381,
#4382,#4383),.UNSPECIFIED.,.F.,.F.,(4,2,2,4),(0.,0.150905179200182,0.296105784959217,
0.466793024444733),.UNSPECIFIED.);
#68=B_SPLINE_CURVE_WITH_KNOTS('',3,(#4384,#4385,#4386,#4387,#4388,#4389,
#4390),.UNSPECIFIED.,.F.,.F.,(4,1,1,1,4),(0.098198082177177,0.109949216528652,
0.145667526910939,0.181385837293225,0.217104147675512),.UNSPECIFIED.);
#69=B_SPLINE_CURVE_WITH_KNOTS('',3,(#4393,#4394,#4395,#4396,#4397,#4398),
 .UNSPECIFIED.,.F.,.F.,(4,2,4),(1.8,2.525,3.18338973401601),
 .UNSPECIFIED.);
#70=B_SPLINE_CURVE_WITH_KNOTS('',3,(#4400,#4401,#4402,#4403),
 .UNSPECIFIED.,.F.,.F.,(4,4),(-1.8,-1.55),.UNSPECIFIED.);
#71=B_SPLINE_CURVE_WITH_KNOTS('',3,(#4404,#4405,#4406,#4407,#4408,#4409,
#4410,#4411,#4412,#4413),.UNSPECIFIED.,.F.,.F.,(4,2,2,2,4),(0.,0.0463216492865957,
0.104745353494677,0.193322430747446,0.218989973313064),.UNSPECIFIED.);
#72=B_SPLINE_CURVE_WITH_KNOTS('',3,(#4463,#4464,#4465,#4466,#4467,#4468),
 .UNSPECIFIED.,.F.,.F.,(4,1,1,4),(-0.549723657599428,-0.392659755428163,
-0.235595853256898,0.),.UNSPECIFIED.);
#73=B_SPLINE_CURVE_WITH_KNOTS('',3,(#4509,#4510,#4511,#4512,#4513,#4514,
#4515,#4516,#4517,#4518,#4519,#4520),.UNSPECIFIED.,.F.,.F.,(4,2,2,2,2,4),
(0.637439218441639,0.666316101230805,0.70079631528779,0.712418729372157,
0.71683950903621,0.720459866678369),.UNSPECIFIED.);
#74=B_SPLINE_CURVE_WITH_KNOTS('',3,(#4522,#4523,#4524,#4525,#4526,#4527,
#4528,#4529,#4530,#4531,#4532,#4533),.UNSPECIFIED.,.F.,.F.,(4,2,2,2,2,4),
(0.994725455836617,1.0892422750771,1.18634765766313,1.26362506747522,1.33745413171788,
1.33803926541554),.UNSPECIFIED.);
#75=B_SPLINE_CURVE_WITH_KNOTS('',3,(#4606,#4607,#4608,#4609,#4610,#4611,
#4612,#4613,#4614,#4615),.UNSPECIFIED.,.F.,.F.,(4,2,2,2,4),(0.,0.11322614042683,
0.210549410961225,0.297803322310424,0.38851116254121),.UNSPECIFIED.);
#76=B_SPLINE_CURVE_WITH_KNOTS('',3,(#4617,#4618,#4619,#4620),
 .UNSPECIFIED.,.F.,.F.,(4,4),(-0.287290287896484,0.525169791357947),
 .UNSPECIFIED.);
#77=B_SPLINE_CURVE_WITH_KNOTS('',3,(#4622,#4623,#4624,#4625,#4626,#4627,
#4628,#4629,#4630,#4631),.UNSPECIFIED.,.F.,.F.,(4,2,2,2,4),(0.285331745059526,
0.343117015071144,0.445061091289653,0.474657637926723,0.497258109333409),
 .UNSPECIFIED.);
#78=B_SPLINE_CURVE_WITH_KNOTS('',3,(#4633,#4634,#4635,#4636,#4637,#4638,
#4639,#4640),.UNSPECIFIED.,.F.,.F.,(4,2,2,4),(0.,0.0927377230073585,0.29555104062933,
0.553707559691427),.UNSPECIFIED.);
#79=B_SPLINE_CURVE_WITH_KNOTS('',3,(#4642,#4643,#4644,#4645),
 .UNSPECIFIED.,.F.,.F.,(4,4),(-0.356819255192201,0.118939751730731),
 .UNSPECIFIED.);
#80=B_SPLINE_CURVE_WITH_KNOTS('',3,(#4646,#4647,#4648,#4649,#4650,#4651,
#4652,#4653),.UNSPECIFIED.,.F.,.F.,(4,2,2,4),(0.0643646406590426,0.491262735239455,
0.68015992030944,0.781098445264475),.UNSPECIFIED.);
#81=B_SPLINE_CURVE_WITH_KNOTS('',3,(#4695,#4696,#4697,#4698,#4699,#4700),
 .UNSPECIFIED.,.F.,.F.,(4,2,4),(1.866610265984,2.525,3.25),
 .UNSPECIFIED.);
#82=B_SPLINE_CURVE_WITH_KNOTS('',3,(#4702,#4703,#4704,#4705),
 .UNSPECIFIED.,.F.,.F.,(4,4),(-0.75,-0.499999999999999),.UNSPECIFIED.);
#83=B_SPLINE_CURVE_WITH_KNOTS('',3,(#4707,#4708,#4709,#4710,#4711,#4712),
 .UNSPECIFIED.,.F.,.F.,(4,1,1,4),(-1.01336667490945,-0.699238870566927,
-0.581440943938479,-0.463643027917684),.UNSPECIFIED.);
#84=B_SPLINE_CURVE_WITH_KNOTS('',3,(#4714,#4715,#4716,#4717,#4718,#4719,
#4720,#4721,#4722,#4723,#4724,#4725),.UNSPECIFIED.,.F.,.F.,(4,2,2,2,2,4),
(-0.000585193698164237,0.,0.0738366226865635,0.151121947920785,0.248237276879399,
0.342763777349153),.UNSPECIFIED.);
#85=B_SPLINE_CURVE_WITH_KNOTS('',3,(#4726,#4727,#4728,#4729,#4730,#4731,
#4732,#4733,#4734,#4735),.UNSPECIFIED.,.F.,.F.,(4,2,2,2,4),(0.,0.00454679066039244,
0.0130745414113432,0.0355077198404367,0.0848712528602461),.UNSPECIFIED.);
#86=B_SPLINE_CURVE_WITH_KNOTS('',3,(#4740,#4741,#4742,#4743,#4744,#4745,
#4746,#4747),.UNSPECIFIED.,.F.,.F.,(4,2,2,4),(0.,0.166704627561558,0.323733397677635,
0.468502699492842),.UNSPECIFIED.);
#87=B_SPLINE_CURVE_WITH_KNOTS('',3,(#4748,#4749,#4750,#4751,#4752,#4753,
#4754,#4755,#4756,#4757),.UNSPECIFIED.,.F.,.F.,(4,2,2,2,4),(0.160929440311325,
0.248682906445067,0.35296750970376,0.409532350600051,0.472715604821425),
 .UNSPECIFIED.);
#88=B_SPLINE_CURVE_WITH_KNOTS('',3,(#4762,#4763,#4764,#4765,#4766,#4767,
#4768,#4769,#4770,#4771,#4772,#4773,#4774,#4775,#4776,#4777,#4778),
 .UNSPECIFIED.,.F.,.F.,(4,1,1,1,1,1,1,1,1,1,1,1,1,1,4),(-0.217104147675522,
-0.181385837293236,-0.14566752691095,-0.109949216528664,-0.0742309061463774,
-0.0385125957640913,-0.00279428538180515,0.00167050341598062,0.00613529221376639,
0.0150648698093379,0.0239944474049095,0.0284592362026952,0.0306916306015881,
0.0318078278010346,0.032924025000481),.UNSPECIFIED.);
#89=B_SPLINE_CURVE_WITH_KNOTS('',3,(#4779,#4780,#4781,#4782,#4783,#4784,
#4785,#4786,#4787,#4788),.UNSPECIFIED.,.F.,.F.,(4,1,1,1,1,1,1,4),(-0.250117372527133,
-0.21438631930897,-0.178655266090807,-0.142924212872644,-0.107193159654482,
-0.071462106436319,-0.0357310532181563,6.44799202402599E-15),
 .UNSPECIFIED.);
#90=B_SPLINE_CURVE_WITH_KNOTS('',3,(#4841,#4842,#4843,#4844,#4845,#4846,
#4847),.UNSPECIFIED.,.F.,.F.,(4,1,1,1,4),(-6.44799202402599E-15,0.0357310532181563,
0.071462106436319,0.107193159654482,0.118932191865066),.UNSPECIFIED.);
#91=B_SPLINE_CURVE_WITH_KNOTS('',3,(#4934,#4935,#4936,#4937,#4938,#4939,
#4940,#4941),.UNSPECIFIED.,.F.,.F.,(4,2,2,4),(0.,0.150905179200132,0.296105784958976,
0.466793024444206),.UNSPECIFIED.);
#92=B_SPLINE_CURVE_WITH_KNOTS('',3,(#4942,#4943,#4944,#4945,#4946,#4947,
#4948),.UNSPECIFIED.,.F.,.F.,(4,1,1,1,4),(0.0981980898638484,0.109949216528664,
0.14566752691095,0.181385837293236,0.217104147675522),.UNSPECIFIED.);
#93=B_SPLINE_CURVE_WITH_KNOTS('',3,(#4951,#4952,#4953,#4954,#4955,#4956),
 .UNSPECIFIED.,.F.,.F.,(4,2,4),(1.8,2.525,3.18338973401601),
 .UNSPECIFIED.);
#94=B_SPLINE_CURVE_WITH_KNOTS('',3,(#4958,#4959,#4960,#4961),
 .UNSPECIFIED.,.F.,.F.,(4,4),(-1.8,-1.55),.UNSPECIFIED.);
#95=B_SPLINE_CURVE_WITH_KNOTS('',3,(#4962,#4963,#4964,#4965,#4966,#4967,
#4968,#4969,#4970,#4971),.UNSPECIFIED.,.F.,.F.,(4,2,2,2,4),(0.,0.0463216492865514,
0.104745353492068,0.193322430737773,0.218989973301368),.UNSPECIFIED.);
#96=B_SPLINE_CURVE_WITH_KNOTS('',3,(#5021,#5022,#5023,#5024,#5025,#5026),
 .UNSPECIFIED.,.F.,.F.,(4,1,1,4),(-0.54972365759942,-0.392659755428157,
-0.235595853256894,0.),.UNSPECIFIED.);
#97=B_SPLINE_CURVE_WITH_KNOTS('',3,(#5067,#5068,#5069,#5070,#5071,#5072,
#5073,#5074,#5075,#5076,#5077,#5078),.UNSPECIFIED.,.F.,.F.,(4,2,2,2,2,4),
(0.637439218388374,0.666316101173011,0.700796315223704,0.71241872930595,
0.716839508969222,0.720459866610697),.UNSPECIFIED.);
#98=CYLINDRICAL_SURFACE('',#2496,2.);
#99=CYLINDRICAL_SURFACE('',#2507,1.);
#100=CYLINDRICAL_SURFACE('',#2517,1.);
#101=CYLINDRICAL_SURFACE('',#2523,1.);
#102=CYLINDRICAL_SURFACE('',#2529,1.);
#103=CYLINDRICAL_SURFACE('',#2535,1.);
#104=CYLINDRICAL_SURFACE('',#2540,3.);
#105=CYLINDRICAL_SURFACE('',#2544,4.);
#106=CYLINDRICAL_SURFACE('',#2546,34.9499999999999);
#107=CYLINDRICAL_SURFACE('',#2550,4.);
#108=CYLINDRICAL_SURFACE('',#2552,49.);
#109=CYLINDRICAL_SURFACE('',#2562,1.);
#110=CYLINDRICAL_SURFACE('',#2570,1.);
#111=CYLINDRICAL_SURFACE('',#2575,1.);
#112=CYLINDRICAL_SURFACE('',#2581,1.);
#113=CYLINDRICAL_SURFACE('',#2587,1.);
#114=CYLINDRICAL_SURFACE('',#2595,10.0500000000001);
#115=CYLINDRICAL_SURFACE('',#2597,3.);
#116=CYLINDRICAL_SURFACE('',#2600,4.);
#117=CYLINDRICAL_SURFACE('',#2618,10.0500000000001);
#118=CYLINDRICAL_SURFACE('',#2628,0.5);
#119=CYLINDRICAL_SURFACE('',#2630,0.5);
#120=CYLINDRICAL_SURFACE('',#2633,0.5);
#121=CYLINDRICAL_SURFACE('',#2635,0.5);
#122=CYLINDRICAL_SURFACE('',#2637,0.5);
#123=CYLINDRICAL_SURFACE('',#2641,0.5);
#124=CYLINDRICAL_SURFACE('',#2643,0.5);
#125=CYLINDRICAL_SURFACE('',#2649,0.5);
#126=CYLINDRICAL_SURFACE('',#2651,0.5);
#127=CYLINDRICAL_SURFACE('',#2654,0.5);
#128=CYLINDRICAL_SURFACE('',#2656,0.5);
#129=CYLINDRICAL_SURFACE('',#2658,0.5);
#130=CYLINDRICAL_SURFACE('',#2662,0.5);
#131=CYLINDRICAL_SURFACE('',#2664,0.5);
#132=CYLINDRICAL_SURFACE('',#2681,2.);
#133=CYLINDRICAL_SURFACE('',#2682,2.);
#134=CYLINDRICAL_SURFACE('',#2689,2.);
#135=CYLINDRICAL_SURFACE('',#2690,1.4);
#136=CYLINDRICAL_SURFACE('',#2693,1.4);
#137=CYLINDRICAL_SURFACE('',#2696,1.4);
#138=CYLINDRICAL_SURFACE('',#2699,1.4);
#139=CYLINDRICAL_SURFACE('',#2702,1.4);
#140=CYLINDRICAL_SURFACE('',#2705,1.4);
#141=CYLINDRICAL_SURFACE('',#2708,1.4);
#142=CYLINDRICAL_SURFACE('',#2711,1.4);
#143=CYLINDRICAL_SURFACE('',#2714,3.);
#144=CYLINDRICAL_SURFACE('',#2716,3.);
#145=CYLINDRICAL_SURFACE('',#2721,3.);
#146=CYLINDRICAL_SURFACE('',#2729,1.6);
#147=CYLINDRICAL_SURFACE('',#2730,3.85);
#148=CYLINDRICAL_SURFACE('',#2734,1.65);
#149=CYLINDRICAL_SURFACE('',#2735,1.65);
#150=CYLINDRICAL_SURFACE('',#2736,1.65);
#151=FACE_BOUND('',#430,.T.);
#152=FACE_BOUND('',#457,.T.);
#153=FACE_BOUND('',#458,.T.);
#154=FACE_BOUND('',#459,.T.);
#155=FACE_BOUND('',#479,.T.);
#156=FACE_BOUND('',#482,.T.);
#157=FACE_BOUND('',#483,.T.);
#158=FACE_BOUND('',#484,.T.);
#159=FACE_BOUND('',#485,.T.);
#160=FACE_BOUND('',#487,.T.);
#161=FACE_BOUND('',#488,.T.);
#162=FACE_BOUND('',#541,.T.);
#163=FACE_BOUND('',#542,.T.);
#164=FACE_BOUND('',#543,.T.);
#165=FACE_BOUND('',#544,.T.);
#166=FACE_BOUND('',#578,.T.);
#167=FACE_BOUND('',#579,.T.);
#168=FACE_BOUND('',#582,.T.);
#169=FACE_BOUND('',#585,.T.);
#170=FACE_BOUND('',#589,.T.);
#171=CIRCLE('',#2481,34.9499999999999);
#172=CIRCLE('',#2482,0.5);
#173=CIRCLE('',#2483,2.);
#174=CIRCLE('',#2484,3.);
#175=CIRCLE('',#2485,10.0500000000001);
#176=CIRCLE('',#2486,3.);
#177=CIRCLE('',#2487,2.);
#178=CIRCLE('',#2488,0.5);
#179=CIRCLE('',#2489,1.6);
#180=CIRCLE('',#2499,0.999999999999993);
#181=CIRCLE('',#2500,49.);
#182=CIRCLE('',#2501,0.999999999999999);
#183=CIRCLE('',#2502,48.);
#184=CIRCLE('',#2504,0.999999999999992);
#185=CIRCLE('',#2505,3.);
#186=CIRCLE('',#2506,4.);
#187=CIRCLE('',#2508,0.999999999999996);
#188=CIRCLE('',#2510,0.999999999999997);
#189=CIRCLE('',#2511,33.9499999999999);
#190=CIRCLE('',#2512,34.9499999999999);
#191=CIRCLE('',#2514,0.999999999999996);
#192=CIRCLE('',#2515,3.);
#193=CIRCLE('',#2516,4.);
#194=CIRCLE('',#2518,0.999999999999999);
#195=CIRCLE('',#2520,0.999999999999999);
#196=CIRCLE('',#2521,2.);
#197=CIRCLE('',#2522,3.);
#198=CIRCLE('',#2524,1.);
#199=CIRCLE('',#2526,0.999999999999998);
#200=CIRCLE('',#2527,9.05000000000007);
#201=CIRCLE('',#2528,10.0500000000001);
#202=CIRCLE('',#2530,1.);
#203=CIRCLE('',#2532,0.999999999999996);
#204=CIRCLE('',#2533,2.);
#205=CIRCLE('',#2534,3.);
#206=CIRCLE('',#2536,1.);
#207=CIRCLE('',#2538,4.);
#208=CIRCLE('',#2539,3.);
#209=CIRCLE('',#2541,3.);
#210=CIRCLE('',#2542,3.);
#211=CIRCLE('',#2545,4.);
#212=CIRCLE('',#2547,34.9499999999999);
#213=CIRCLE('',#2548,34.9499999999999);
#214=CIRCLE('',#2551,4.);
#215=CIRCLE('',#2553,49.);
#216=CIRCLE('',#2555,3.85);
#217=CIRCLE('',#2556,1.65);
#218=CIRCLE('',#2557,1.65);
#219=CIRCLE('',#2559,1.);
#220=CIRCLE('',#2560,3.);
#221=CIRCLE('',#2561,0.999999999999996);
#222=CIRCLE('',#2563,0.999999999999988);
#223=CIRCLE('',#2565,0.999999999999996);
#224=CIRCLE('',#2566,33.9499999999999);
#225=CIRCLE('',#2568,0.999999999999979);
#226=CIRCLE('',#2569,3.);
#227=CIRCLE('',#2571,0.999999999999996);
#228=CIRCLE('',#2573,0.999999999999979);
#229=CIRCLE('',#2574,2.);
#230=CIRCLE('',#2576,0.999999999999996);
#231=CIRCLE('',#2578,0.999999999999996);
#232=CIRCLE('',#2579,10.0500000000001);
#233=CIRCLE('',#2580,9.05000000000007);
#234=CIRCLE('',#2582,0.999999999999996);
#235=CIRCLE('',#2584,1.00000000000002);
#236=CIRCLE('',#2585,3.);
#237=CIRCLE('',#2586,2.);
#238=CIRCLE('',#2588,0.999999999999996);
#239=CIRCLE('',#2590,1.00000000000001);
#240=CIRCLE('',#2591,4.);
#241=CIRCLE('',#2592,3.);
#242=CIRCLE('',#2594,48.);
#243=CIRCLE('',#2598,3.);
#244=CIRCLE('',#2602,5.);
#245=CIRCLE('',#2605,1.4);
#246=CIRCLE('',#2606,1.4);
#247=CIRCLE('',#2607,1.4);
#248=CIRCLE('',#2608,1.4);
#249=CIRCLE('',#2610,0.5);
#250=CIRCLE('',#2611,2.);
#251=CIRCLE('',#2612,10.0500000000001);
#252=CIRCLE('',#2613,2.);
#253=CIRCLE('',#2614,0.5);
#254=CIRCLE('',#2615,3.);
#255=CIRCLE('',#2616,3.);
#256=CIRCLE('',#2617,3.);
#257=CIRCLE('',#2672,4.);
#258=CIRCLE('',#2674,2.5);
#259=CIRCLE('',#2677,1.4);
#260=CIRCLE('',#2678,1.4);
#261=CIRCLE('',#2679,1.4);
#262=CIRCLE('',#2680,1.4);
#263=CIRCLE('',#2685,4.);
#264=CIRCLE('',#2687,2.5);
#265=CIRCLE('',#2691,1.4);
#266=CIRCLE('',#2694,1.4);
#267=CIRCLE('',#2697,1.4);
#268=CIRCLE('',#2700,1.4);
#269=CIRCLE('',#2703,1.4);
#270=CIRCLE('',#2706,1.4);
#271=CIRCLE('',#2709,1.4);
#272=CIRCLE('',#2712,1.4);
#273=CIRCLE('',#2715,3.);
#274=CIRCLE('',#2717,3.);
#275=CIRCLE('',#2719,1.65);
#276=CIRCLE('',#2720,1.65);
#277=CIRCLE('',#2722,3.);
#278=CIRCLE('',#2724,1.65);
#279=CIRCLE('',#2726,2.5);
#280=CIRCLE('',#2728,1.6);
#281=CIRCLE('',#2731,3.85);
#282=CIRCLE('',#2733,1.65);
#283=FACE_OUTER_BOUND('',#428,.T.);
#284=FACE_OUTER_BOUND('',#429,.T.);
#285=FACE_OUTER_BOUND('',#431,.T.);
#286=FACE_OUTER_BOUND('',#432,.T.);
#287=FACE_OUTER_BOUND('',#433,.T.);
#288=FACE_OUTER_BOUND('',#434,.T.);
#289=FACE_OUTER_BOUND('',#435,.T.);
#290=FACE_OUTER_BOUND('',#436,.T.);
#291=FACE_OUTER_BOUND('',#437,.T.);
#292=FACE_OUTER_BOUND('',#438,.T.);
#293=FACE_OUTER_BOUND('',#439,.T.);
#294=FACE_OUTER_BOUND('',#440,.T.);
#295=FACE_OUTER_BOUND('',#441,.T.);
#296=FACE_OUTER_BOUND('',#442,.T.);
#297=FACE_OUTER_BOUND('',#443,.T.);
#298=FACE_OUTER_BOUND('',#444,.T.);
#299=FACE_OUTER_BOUND('',#445,.T.);
#300=FACE_OUTER_BOUND('',#446,.T.);
#301=FACE_OUTER_BOUND('',#447,.T.);
#302=FACE_OUTER_BOUND('',#448,.T.);
#303=FACE_OUTER_BOUND('',#449,.T.);
#304=FACE_OUTER_BOUND('',#450,.T.);
#305=FACE_OUTER_BOUND('',#451,.T.);
#306=FACE_OUTER_BOUND('',#452,.T.);
#307=FACE_OUTER_BOUND('',#453,.T.);
#308=FACE_OUTER_BOUND('',#454,.T.);
#309=FACE_OUTER_BOUND('',#455,.T.);
#310=FACE_OUTER_BOUND('',#456,.T.);
#311=FACE_OUTER_BOUND('',#460,.T.);
#312=FACE_OUTER_BOUND('',#461,.T.);
#313=FACE_OUTER_BOUND('',#462,.T.);
#314=FACE_OUTER_BOUND('',#463,.T.);
#315=FACE_OUTER_BOUND('',#464,.T.);
#316=FACE_OUTER_BOUND('',#465,.T.);
#317=FACE_OUTER_BOUND('',#466,.T.);
#318=FACE_OUTER_BOUND('',#467,.T.);
#319=FACE_OUTER_BOUND('',#468,.T.);
#320=FACE_OUTER_BOUND('',#469,.T.);
#321=FACE_OUTER_BOUND('',#470,.T.);
#322=FACE_OUTER_BOUND('',#471,.T.);
#323=FACE_OUTER_BOUND('',#472,.T.);
#324=FACE_OUTER_BOUND('',#473,.T.);
#325=FACE_OUTER_BOUND('',#474,.T.);
#326=FACE_OUTER_BOUND('',#475,.T.);
#327=FACE_OUTER_BOUND('',#476,.T.);
#328=FACE_OUTER_BOUND('',#477,.T.);
#329=FACE_OUTER_BOUND('',#478,.T.);
#330=FACE_OUTER_BOUND('',#480,.T.);
#331=FACE_OUTER_BOUND('',#481,.T.);
#332=FACE_OUTER_BOUND('',#486,.T.);
#333=FACE_OUTER_BOUND('',#489,.T.);
#334=FACE_OUTER_BOUND('',#490,.T.);
#335=FACE_OUTER_BOUND('',#491,.T.);
#336=FACE_OUTER_BOUND('',#492,.T.);
#337=FACE_OUTER_BOUND('',#493,.T.);
#338=FACE_OUTER_BOUND('',#494,.T.);
#339=FACE_OUTER_BOUND('',#495,.T.);
#340=FACE_OUTER_BOUND('',#496,.T.);
#341=FACE_OUTER_BOUND('',#497,.T.);
#342=FACE_OUTER_BOUND('',#498,.T.);
#343=FACE_OUTER_BOUND('',#499,.T.);
#344=FACE_OUTER_BOUND('',#500,.T.);
#345=FACE_OUTER_BOUND('',#501,.T.);
#346=FACE_OUTER_BOUND('',#502,.T.);
#347=FACE_OUTER_BOUND('',#503,.T.);
#348=FACE_OUTER_BOUND('',#504,.T.);
#349=FACE_OUTER_BOUND('',#505,.T.);
#350=FACE_OUTER_BOUND('',#506,.T.);
#351=FACE_OUTER_BOUND('',#507,.T.);
#352=FACE_OUTER_BOUND('',#508,.T.);
#353=FACE_OUTER_BOUND('',#509,.T.);
#354=FACE_OUTER_BOUND('',#510,.T.);
#355=FACE_OUTER_BOUND('',#511,.T.);
#356=FACE_OUTER_BOUND('',#512,.T.);
#357=FACE_OUTER_BOUND('',#513,.T.);
#358=FACE_OUTER_BOUND('',#514,.T.);
#359=FACE_OUTER_BOUND('',#515,.T.);
#360=FACE_OUTER_BOUND('',#516,.T.);
#361=FACE_OUTER_BOUND('',#517,.T.);
#362=FACE_OUTER_BOUND('',#518,.T.);
#363=FACE_OUTER_BOUND('',#519,.T.);
#364=FACE_OUTER_BOUND('',#520,.T.);
#365=FACE_OUTER_BOUND('',#521,.T.);
#366=FACE_OUTER_BOUND('',#522,.T.);
#367=FACE_OUTER_BOUND('',#523,.T.);
#368=FACE_OUTER_BOUND('',#524,.T.);
#369=FACE_OUTER_BOUND('',#525,.T.);
#370=FACE_OUTER_BOUND('',#526,.T.);
#371=FACE_OUTER_BOUND('',#527,.T.);
#372=FACE_OUTER_BOUND('',#528,.T.);
#373=FACE_OUTER_BOUND('',#529,.T.);
#374=FACE_OUTER_BOUND('',#530,.T.);
#375=FACE_OUTER_BOUND('',#531,.T.);
#376=FACE_OUTER_BOUND('',#532,.T.);
#377=FACE_OUTER_BOUND('',#533,.T.);
#378=FACE_OUTER_BOUND('',#534,.T.);
#379=FACE_OUTER_BOUND('',#535,.T.);
#380=FACE_OUTER_BOUND('',#536,.T.);
#381=FACE_OUTER_BOUND('',#537,.T.);
#382=FACE_OUTER_BOUND('',#538,.T.);
#383=FACE_OUTER_BOUND('',#539,.T.);
#384=FACE_OUTER_BOUND('',#540,.T.);
#385=FACE_OUTER_BOUND('',#545,.T.);
#386=FACE_OUTER_BOUND('',#546,.T.);
#387=FACE_OUTER_BOUND('',#547,.T.);
#388=FACE_OUTER_BOUND('',#548,.T.);
#389=FACE_OUTER_BOUND('',#549,.T.);
#390=FACE_OUTER_BOUND('',#550,.T.);
#391=FACE_OUTER_BOUND('',#551,.T.);
#392=FACE_OUTER_BOUND('',#552,.T.);
#393=FACE_OUTER_BOUND('',#553,.T.);
#394=FACE_OUTER_BOUND('',#554,.T.);
#395=FACE_OUTER_BOUND('',#555,.T.);
#396=FACE_OUTER_BOUND('',#556,.T.);
#397=FACE_OUTER_BOUND('',#557,.T.);
#398=FACE_OUTER_BOUND('',#558,.T.);
#399=FACE_OUTER_BOUND('',#559,.T.);
#400=FACE_OUTER_BOUND('',#560,.T.);
#401=FACE_OUTER_BOUND('',#561,.T.);
#402=FACE_OUTER_BOUND('',#562,.T.);
#403=FACE_OUTER_BOUND('',#563,.T.);
#404=FACE_OUTER_BOUND('',#564,.T.);
#405=FACE_OUTER_BOUND('',#565,.T.);
#406=FACE_OUTER_BOUND('',#566,.T.);
#407=FACE_OUTER_BOUND('',#567,.T.);
#408=FACE_OUTER_BOUND('',#568,.T.);
#409=FACE_OUTER_BOUND('',#569,.T.);
#410=FACE_OUTER_BOUND('',#570,.T.);
#411=FACE_OUTER_BOUND('',#571,.T.);
#412=FACE_OUTER_BOUND('',#572,.T.);
#413=FACE_OUTER_BOUND('',#573,.T.);
#414=FACE_OUTER_BOUND('',#574,.T.);
#415=FACE_OUTER_BOUND('',#575,.T.);
#416=FACE_OUTER_BOUND('',#576,.T.);
#417=FACE_OUTER_BOUND('',#577,.T.);
#418=FACE_OUTER_BOUND('',#580,.T.);
#419=FACE_OUTER_BOUND('',#581,.T.);
#420=FACE_OUTER_BOUND('',#583,.T.);
#421=FACE_OUTER_BOUND('',#584,.T.);
#422=FACE_OUTER_BOUND('',#586,.T.);
#423=FACE_OUTER_BOUND('',#587,.T.);
#424=FACE_OUTER_BOUND('',#588,.T.);
#425=FACE_OUTER_BOUND('',#590,.T.);
#426=FACE_OUTER_BOUND('',#591,.T.);
#427=FACE_OUTER_BOUND('',#592,.T.);
#428=EDGE_LOOP('',(#1544,#1545,#1546,#1547,#1548));
#429=EDGE_LOOP('',(#1549,#1550,#1551,#1552,#1553,#1554,#1555,#1556,#1557,
#1558,#1559,#1560,#1561,#1562,#1563,#1564,#1565,#1566,#1567,#1568,#1569));
#430=EDGE_LOOP('',(#1570));
#431=EDGE_LOOP('',(#1571,#1572,#1573,#1574,#1575,#1576,#1577,#1578,#1579,
#1580,#1581,#1582,#1583,#1584,#1585,#1586));
#432=EDGE_LOOP('',(#1587,#1588,#1589,#1590,#1591));
#433=EDGE_LOOP('',(#1592,#1593,#1594,#1595,#1596,#1597));
#434=EDGE_LOOP('',(#1598,#1599,#1600,#1601,#1602,#1603,#1604));
#435=EDGE_LOOP('',(#1605,#1606,#1607,#1608,#1609,#1610,#1611,#1612,#1613,
#1614,#1615,#1616,#1617,#1618,#1619,#1620));
#436=EDGE_LOOP('',(#1621,#1622,#1623,#1624));
#437=EDGE_LOOP('',(#1625,#1626,#1627,#1628));
#438=EDGE_LOOP('',(#1629,#1630,#1631,#1632));
#439=EDGE_LOOP('',(#1633,#1634,#1635,#1636));
#440=EDGE_LOOP('',(#1637,#1638,#1639,#1640));
#441=EDGE_LOOP('',(#1641,#1642,#1643,#1644));
#442=EDGE_LOOP('',(#1645,#1646,#1647,#1648));
#443=EDGE_LOOP('',(#1649,#1650,#1651,#1652));
#444=EDGE_LOOP('',(#1653,#1654,#1655,#1656));
#445=EDGE_LOOP('',(#1657,#1658,#1659,#1660));
#446=EDGE_LOOP('',(#1661,#1662,#1663,#1664));
#447=EDGE_LOOP('',(#1665,#1666,#1667,#1668));
#448=EDGE_LOOP('',(#1669,#1670,#1671,#1672));
#449=EDGE_LOOP('',(#1673,#1674,#1675,#1676,#1677,#1678,#1679,#1680));
#450=EDGE_LOOP('',(#1681,#1682,#1683,#1684));
#451=EDGE_LOOP('',(#1685,#1686,#1687,#1688));
#452=EDGE_LOOP('',(#1689,#1690,#1691,#1692,#1693,#1694,#1695,#1696));
#453=EDGE_LOOP('',(#1697,#1698,#1699,#1700,#1701,#1702,#1703,#1704));
#454=EDGE_LOOP('',(#1705,#1706,#1707,#1708));
#455=EDGE_LOOP('',(#1709,#1710,#1711,#1712));
#456=EDGE_LOOP('',(#1713,#1714,#1715,#1716,#1717,#1718,#1719,#1720,#1721,
#1722,#1723,#1724,#1725));
#457=EDGE_LOOP('',(#1726));
#458=EDGE_LOOP('',(#1727));
#459=EDGE_LOOP('',(#1728));
#460=EDGE_LOOP('',(#1729,#1730,#1731,#1732));
#461=EDGE_LOOP('',(#1733,#1734,#1735,#1736));
#462=EDGE_LOOP('',(#1737,#1738,#1739,#1740));
#463=EDGE_LOOP('',(#1741,#1742,#1743,#1744));
#464=EDGE_LOOP('',(#1745,#1746,#1747,#1748));
#465=EDGE_LOOP('',(#1749,#1750,#1751,#1752));
#466=EDGE_LOOP('',(#1753,#1754,#1755,#1756));
#467=EDGE_LOOP('',(#1757,#1758,#1759,#1760));
#468=EDGE_LOOP('',(#1761,#1762,#1763,#1764));
#469=EDGE_LOOP('',(#1765,#1766,#1767,#1768));
#470=EDGE_LOOP('',(#1769,#1770,#1771,#1772));
#471=EDGE_LOOP('',(#1773,#1774,#1775,#1776));
#472=EDGE_LOOP('',(#1777,#1778,#1779,#1780));
#473=EDGE_LOOP('',(#1781,#1782,#1783,#1784));
#474=EDGE_LOOP('',(#1785,#1786,#1787,#1788));
#475=EDGE_LOOP('',(#1789,#1790,#1791,#1792,#1793,#1794,#1795,#1796));
#476=EDGE_LOOP('',(#1797,#1798,#1799,#1800));
#477=EDGE_LOOP('',(#1801,#1802,#1803,#1804));
#478=EDGE_LOOP('',(#1805,#1806,#1807,#1808,#1809,#1810,#1811,#1812,#1813,
#1814,#1815,#1816,#1817));
#479=EDGE_LOOP('',(#1818));
#480=EDGE_LOOP('',(#1819,#1820,#1821,#1822));
#481=EDGE_LOOP('',(#1823,#1824,#1825,#1826,#1827,#1828,#1829));
#482=EDGE_LOOP('',(#1830));
#483=EDGE_LOOP('',(#1831));
#484=EDGE_LOOP('',(#1832));
#485=EDGE_LOOP('',(#1833));
#486=EDGE_LOOP('',(#1834,#1835,#1836,#1837,#1838,#1839,#1840,#1841,#1842,
#1843,#1844,#1845,#1846,#1847,#1848,#1849,#1850,#1851,#1852,#1853,#1854));
#487=EDGE_LOOP('',(#1855));
#488=EDGE_LOOP('',(#1856,#1857));
#489=EDGE_LOOP('',(#1858,#1859,#1860,#1861));
#490=EDGE_LOOP('',(#1862,#1863,#1864,#1865));
#491=EDGE_LOOP('',(#1866,#1867,#1868,#1869));
#492=EDGE_LOOP('',(#1870,#1871,#1872,#1873,#1874));
#493=EDGE_LOOP('',(#1875,#1876,#1877,#1878,#1879));
#494=EDGE_LOOP('',(#1880,#1881,#1882,#1883,#1884,#1885));
#495=EDGE_LOOP('',(#1886,#1887,#1888,#1889));
#496=EDGE_LOOP('',(#1890,#1891,#1892,#1893));
#497=EDGE_LOOP('',(#1894,#1895,#1896,#1897));
#498=EDGE_LOOP('',(#1898,#1899,#1900,#1901));
#499=EDGE_LOOP('',(#1902,#1903,#1904,#1905));
#500=EDGE_LOOP('',(#1906,#1907,#1908,#1909));
#501=EDGE_LOOP('',(#1910,#1911,#1912,#1913));
#502=EDGE_LOOP('',(#1914,#1915,#1916,#1917));
#503=EDGE_LOOP('',(#1918,#1919,#1920,#1921));
#504=EDGE_LOOP('',(#1922,#1923,#1924,#1925));
#505=EDGE_LOOP('',(#1926,#1927,#1928,#1929));
#506=EDGE_LOOP('',(#1930,#1931,#1932,#1933));
#507=EDGE_LOOP('',(#1934,#1935,#1936,#1937));
#508=EDGE_LOOP('',(#1938,#1939,#1940,#1941));
#509=EDGE_LOOP('',(#1942,#1943,#1944,#1945));
#510=EDGE_LOOP('',(#1946,#1947,#1948,#1949));
#511=EDGE_LOOP('',(#1950,#1951,#1952,#1953));
#512=EDGE_LOOP('',(#1954,#1955,#1956,#1957));
#513=EDGE_LOOP('',(#1958,#1959,#1960,#1961));
#514=EDGE_LOOP('',(#1962,#1963,#1964,#1965));
#515=EDGE_LOOP('',(#1966,#1967,#1968,#1969));
#516=EDGE_LOOP('',(#1970,#1971,#1972,#1973));
#517=EDGE_LOOP('',(#1974,#1975,#1976,#1977));
#518=EDGE_LOOP('',(#1978,#1979,#1980,#1981));
#519=EDGE_LOOP('',(#1982,#1983,#1984,#1985));
#520=EDGE_LOOP('',(#1986,#1987,#1988,#1989));
#521=EDGE_LOOP('',(#1990,#1991,#1992,#1993));
#522=EDGE_LOOP('',(#1994,#1995,#1996,#1997));
#523=EDGE_LOOP('',(#1998,#1999,#2000,#2001));
#524=EDGE_LOOP('',(#2002,#2003,#2004,#2005));
#525=EDGE_LOOP('',(#2006,#2007,#2008,#2009));
#526=EDGE_LOOP('',(#2010,#2011,#2012,#2013));
#527=EDGE_LOOP('',(#2014,#2015,#2016,#2017));
#528=EDGE_LOOP('',(#2018,#2019,#2020,#2021));
#529=EDGE_LOOP('',(#2022,#2023,#2024,#2025,#2026,#2027));
#530=EDGE_LOOP('',(#2028,#2029,#2030,#2031,#2032,#2033,#2034,#2035,#2036));
#531=EDGE_LOOP('',(#2037,#2038,#2039,#2040,#2041,#2042));
#532=EDGE_LOOP('',(#2043,#2044,#2045,#2046,#2047));
#533=EDGE_LOOP('',(#2048,#2049,#2050,#2051));
#534=EDGE_LOOP('',(#2052,#2053,#2054,#2055));
#535=EDGE_LOOP('',(#2056,#2057,#2058,#2059,#2060,#2061));
#536=EDGE_LOOP('',(#2062,#2063,#2064,#2065));
#537=EDGE_LOOP('',(#2066,#2067,#2068,#2069));
#538=EDGE_LOOP('',(#2070,#2071,#2072,#2073,#2074,#2075,#2076,#2077,#2078));
#539=EDGE_LOOP('',(#2079,#2080,#2081,#2082));
#540=EDGE_LOOP('',(#2083,#2084,#2085,#2086,#2087,#2088,#2089));
#541=EDGE_LOOP('',(#2090));
#542=EDGE_LOOP('',(#2091));
#543=EDGE_LOOP('',(#2092));
#544=EDGE_LOOP('',(#2093));
#545=EDGE_LOOP('',(#2094,#2095,#2096,#2097,#2098,#2099,#2100));
#546=EDGE_LOOP('',(#2101,#2102,#2103,#2104,#2105));
#547=EDGE_LOOP('',(#2106,#2107,#2108,#2109,#2110,#2111));
#548=EDGE_LOOP('',(#2112,#2113,#2114,#2115,#2116,#2117,#2118,#2119,#2120));
#549=EDGE_LOOP('',(#2121,#2122,#2123,#2124,#2125,#2126));
#550=EDGE_LOOP('',(#2127,#2128,#2129,#2130,#2131));
#551=EDGE_LOOP('',(#2132,#2133,#2134,#2135));
#552=EDGE_LOOP('',(#2136,#2137,#2138,#2139));
#553=EDGE_LOOP('',(#2140,#2141,#2142,#2143,#2144,#2145));
#554=EDGE_LOOP('',(#2146,#2147,#2148,#2149));
#555=EDGE_LOOP('',(#2150,#2151,#2152,#2153));
#556=EDGE_LOOP('',(#2154,#2155,#2156,#2157,#2158,#2159,#2160,#2161,#2162));
#557=EDGE_LOOP('',(#2163,#2164,#2165,#2166));
#558=EDGE_LOOP('',(#2167,#2168,#2169,#2170,#2171));
#559=EDGE_LOOP('',(#2172,#2173,#2174,#2175));
#560=EDGE_LOOP('',(#2176));
#561=EDGE_LOOP('',(#2177,#2178,#2179,#2180));
#562=EDGE_LOOP('',(#2181));
#563=EDGE_LOOP('',(#2182,#2183,#2184,#2185));
#564=EDGE_LOOP('',(#2186));
#565=EDGE_LOOP('',(#2187,#2188,#2189,#2190));
#566=EDGE_LOOP('',(#2191));
#567=EDGE_LOOP('',(#2192,#2193,#2194,#2195));
#568=EDGE_LOOP('',(#2196));
#569=EDGE_LOOP('',(#2197,#2198,#2199,#2200));
#570=EDGE_LOOP('',(#2201));
#571=EDGE_LOOP('',(#2202,#2203,#2204,#2205));
#572=EDGE_LOOP('',(#2206));
#573=EDGE_LOOP('',(#2207,#2208,#2209,#2210));
#574=EDGE_LOOP('',(#2211));
#575=EDGE_LOOP('',(#2212,#2213,#2214,#2215));
#576=EDGE_LOOP('',(#2216,#2217,#2218,#2219));
#577=EDGE_LOOP('',(#2220,#2221));
#578=EDGE_LOOP('',(#2222));
#579=EDGE_LOOP('',(#2223));
#580=EDGE_LOOP('',(#2224,#2225,#2226,#2227));
#581=EDGE_LOOP('',(#2228));
#582=EDGE_LOOP('',(#2229));
#583=EDGE_LOOP('',(#2230,#2231,#2232,#2233));
#584=EDGE_LOOP('',(#2234));
#585=EDGE_LOOP('',(#2235));
#586=EDGE_LOOP('',(#2236,#2237,#2238,#2239));
#587=EDGE_LOOP('',(#2240,#2241,#2242,#2243));
#588=EDGE_LOOP('',(#2244));
#589=EDGE_LOOP('',(#2245));
#590=EDGE_LOOP('',(#2246,#2247,#2248,#2249));
#591=EDGE_LOOP('',(#2250,#2251,#2252,#2253));
#592=EDGE_LOOP('',(#2254,#2255,#2256,#2257));
#593=ELLIPSE('',#2479,0.707106781186548,0.5);
#594=ELLIPSE('',#2492,0.707106781186548,0.5);
#595=ELLIPSE('',#2494,0.707106781186549,0.5);
#596=ELLIPSE('',#2495,0.707106781186548,0.5);
#597=ELLIPSE('',#2622,0.707106781186549,0.5);
#598=ELLIPSE('',#2624,0.707106781186548,0.5);
#599=ELLIPSE('',#2626,0.707106781186549,0.5);
#600=ELLIPSE('',#2627,0.707106781186548,0.5);
#601=ELLIPSE('',#2629,0.707106781186548,0.5);
#602=ELLIPSE('',#2634,0.707106781186549,0.5);
#603=ELLIPSE('',#2636,0.707106781186547,0.5);
#604=ELLIPSE('',#2642,0.707106781186548,0.5);
#605=ELLIPSE('',#2650,0.707106781186547,0.5);
#606=ELLIPSE('',#2655,0.707106781186549,0.5);
#607=ELLIPSE('',#2657,0.707106781186547,0.5);
#608=ELLIPSE('',#2663,0.707106781186547,0.5);
#609=LINE('',#3438,#786);
#610=LINE('',#3440,#787);
#611=LINE('',#3444,#788);
#612=LINE('',#3445,#789);
#613=LINE('',#3448,#790);
#614=LINE('',#3450,#791);
#615=LINE('',#3454,#792);
#616=LINE('',#3456,#793);
#617=LINE('',#3458,#794);
#618=LINE('',#3462,#795);
#619=LINE('',#3466,#796);
#620=LINE('',#3470,#797);
#621=LINE('',#3474,#798);
#622=LINE('',#3478,#799);
#623=LINE('',#3482,#800);
#624=LINE('',#3485,#801);
#625=LINE('',#3490,#802);
#626=LINE('',#3492,#803);
#627=LINE('',#3494,#804);
#628=LINE('',#3496,#805);
#629=LINE('',#3498,#806);
#630=LINE('',#3500,#807);
#631=LINE('',#3502,#808);
#632=LINE('',#3504,#809);
#633=LINE('',#3506,#810);
#634=LINE('',#3508,#811);
#635=LINE('',#3510,#812);
#636=LINE('',#3512,#813);
#637=LINE('',#3514,#814);
#638=LINE('',#3515,#815);
#639=LINE('',#3518,#816);
#640=LINE('',#3520,#817);
#641=LINE('',#3523,#818);
#642=LINE('',#3526,#819);
#643=LINE('',#3528,#820);
#644=LINE('',#3532,#821);
#645=LINE('',#3536,#822);
#646=LINE('',#3549,#823);
#647=LINE('',#3550,#824);
#648=LINE('',#3554,#825);
#649=LINE('',#3556,#826);
#650=LINE('',#3558,#827);
#651=LINE('',#3560,#828);
#652=LINE('',#3562,#829);
#653=LINE('',#3564,#830);
#654=LINE('',#3566,#831);
#655=LINE('',#3568,#832);
#656=LINE('',#3570,#833);
#657=LINE('',#3572,#834);
#658=LINE('',#3573,#835);
#659=LINE('',#3575,#836);
#660=LINE('',#3577,#837);
#661=LINE('',#3579,#838);
#662=LINE('',#3580,#839);
#663=LINE('',#3600,#840);
#664=LINE('',#3601,#841);
#665=LINE('',#3618,#842);
#666=LINE('',#3619,#843);
#667=LINE('',#3630,#844);
#668=LINE('',#3631,#845);
#669=LINE('',#3642,#846);
#670=LINE('',#3643,#847);
#671=LINE('',#3654,#848);
#672=LINE('',#3655,#849);
#673=LINE('',#3661,#850);
#674=LINE('',#3664,#851);
#675=LINE('',#3666,#852);
#676=LINE('',#3669,#853);
#677=LINE('',#3672,#854);
#678=LINE('',#3673,#855);
#679=LINE('',#3676,#856);
#680=LINE('',#3680,#857);
#681=LINE('',#3683,#858);
#682=LINE('',#3687,#859);
#683=LINE('',#3688,#860);
#684=LINE('',#3689,#861);
#685=LINE('',#3692,#862);
#686=LINE('',#3696,#863);
#687=LINE('',#3714,#864);
#688=LINE('',#3726,#865);
#689=LINE('',#3735,#866);
#690=LINE('',#3736,#867);
#691=LINE('',#3747,#868);
#692=LINE('',#3748,#869);
#693=LINE('',#3759,#870);
#694=LINE('',#3760,#871);
#695=LINE('',#3769,#872);
#696=LINE('',#3770,#873);
#697=LINE('',#3772,#874);
#698=LINE('',#3775,#875);
#699=LINE('',#3778,#876);
#700=LINE('',#3779,#877);
#701=LINE('',#3781,#878);
#702=LINE('',#3789,#879);
#703=LINE('',#3791,#880);
#704=LINE('',#3835,#881);
#705=LINE('',#3839,#882);
#706=LINE('',#3842,#883);
#707=LINE('',#3845,#884);
#708=LINE('',#3847,#885);
#709=LINE('',#3851,#886);
#710=LINE('',#3855,#887);
#711=LINE('',#3856,#888);
#712=LINE('',#3864,#889);
#713=LINE('',#3865,#890);
#714=LINE('',#3870,#891);
#715=LINE('',#3873,#892);
#716=LINE('',#3876,#893);
#717=LINE('',#3879,#894);
#718=LINE('',#3882,#895);
#719=LINE('',#3884,#896);
#720=LINE('',#3888,#897);
#721=LINE('',#3892,#898);
#722=LINE('',#3894,#899);
#723=LINE('',#3897,#900);
#724=LINE('',#3898,#901);
#725=LINE('',#3900,#902);
#726=LINE('',#3904,#903);
#727=LINE('',#3906,#904);
#728=LINE('',#3910,#905);
#729=LINE('',#3913,#906);
#730=LINE('',#3915,#907);
#731=LINE('',#3916,#908);
#732=LINE('',#3918,#909);
#733=LINE('',#3920,#910);
#734=LINE('',#3924,#911);
#735=LINE('',#3926,#912);
#736=LINE('',#3929,#913);
#737=LINE('',#3930,#914);
#738=LINE('',#3933,#915);
#739=LINE('',#3934,#916);
#740=LINE('',#3940,#917);
#741=LINE('',#3942,#918);
#742=LINE('',#3945,#919);
#743=LINE('',#3946,#920);
#744=LINE('',#3948,#921);
#745=LINE('',#3950,#922);
#746=LINE('',#3953,#923);
#747=LINE('',#3955,#924);
#748=LINE('',#3959,#925);
#749=LINE('',#3962,#926);
#750=LINE('',#3964,#927);
#751=LINE('',#3965,#928);
#752=LINE('',#3967,#929);
#753=LINE('',#3969,#930);
#754=LINE('',#3970,#931);
#755=LINE('',#3974,#932);
#756=LINE('',#3976,#933);
#757=LINE('',#3979,#934);
#758=LINE('',#3980,#935);
#759=LINE('',#3983,#936);
#760=LINE('',#3984,#937);
#761=LINE('',#4138,#938);
#762=LINE('',#4180,#939);
#763=LINE('',#4202,#940);
#764=LINE('',#4552,#941);
#765=LINE('',#4553,#942);
#766=LINE('',#4713,#943);
#767=LINE('',#4738,#944);
#768=LINE('',#4760,#945);
#769=LINE('',#5083,#946);
#770=LINE('',#5088,#947);
#771=LINE('',#5093,#948);
#772=LINE('',#5098,#949);
#773=LINE('',#5103,#950);
#774=LINE('',#5108,#951);
#775=LINE('',#5113,#952);
#776=LINE('',#5118,#953);
#777=LINE('',#5123,#954);
#778=LINE('',#5126,#955);
#779=LINE('',#5136,#956);
#780=LINE('',#5144,#957);
#781=LINE('',#5149,#958);
#782=LINE('',#5153,#959);
#783=LINE('',#5158,#960);
#784=LINE('',#5160,#961);
#785=LINE('',#5162,#962);
#786=VECTOR('',#2741,10.);
#787=VECTOR('',#2742,10.);
#788=VECTOR('',#2745,10.);
#789=VECTOR('',#2746,10.);
#790=VECTOR('',#2749,10.);
#791=VECTOR('',#2750,10.);
#792=VECTOR('',#2753,10.);
#793=VECTOR('',#2754,10.);
#794=VECTOR('',#2755,10.);
#795=VECTOR('',#2758,10.);
#796=VECTOR('',#2761,10.);
#797=VECTOR('',#2764,10.);
#798=VECTOR('',#2767,10.);
#799=VECTOR('',#2770,10.);
#800=VECTOR('',#2773,10.);
#801=VECTOR('',#2776,10.);
#802=VECTOR('',#2781,10.);
#803=VECTOR('',#2782,2.);
#804=VECTOR('',#2783,10.);
#805=VECTOR('',#2784,10.);
#806=VECTOR('',#2785,10.);
#807=VECTOR('',#2786,2.);
#808=VECTOR('',#2787,10.);
#809=VECTOR('',#2788,10.);
#810=VECTOR('',#2789,10.);
#811=VECTOR('',#2790,2.);
#812=VECTOR('',#2791,10.);
#813=VECTOR('',#2792,10.);
#814=VECTOR('',#2793,10.);
#815=VECTOR('',#2794,10.);
#816=VECTOR('',#2797,10.);
#817=VECTOR('',#2798,10.);
#818=VECTOR('',#2801,10.);
#819=VECTOR('',#2804,10.);
#820=VECTOR('',#2805,10.);
#821=VECTOR('',#2808,10.);
#822=VECTOR('',#2813,2.);
#823=VECTOR('',#2814,10.);
#824=VECTOR('',#2815,10.);
#825=VECTOR('',#2818,2.);
#826=VECTOR('',#2819,10.);
#827=VECTOR('',#2820,10.);
#828=VECTOR('',#2821,10.);
#829=VECTOR('',#2822,2.);
#830=VECTOR('',#2823,10.);
#831=VECTOR('',#2824,10.);
#832=VECTOR('',#2825,10.);
#833=VECTOR('',#2826,2.);
#834=VECTOR('',#2827,10.);
#835=VECTOR('',#2828,10.);
#836=VECTOR('',#2829,10.);
#837=VECTOR('',#2830,10.);
#838=VECTOR('',#2831,10.);
#839=VECTOR('',#2832,10.);
#840=VECTOR('',#2855,10.);
#841=VECTOR('',#2856,10.);
#842=VECTOR('',#2877,10.);
#843=VECTOR('',#2878,10.);
#844=VECTOR('',#2891,10.);
#845=VECTOR('',#2892,10.);
#846=VECTOR('',#2905,10.);
#847=VECTOR('',#2906,10.);
#848=VECTOR('',#2919,10.);
#849=VECTOR('',#2920,10.);
#850=VECTOR('',#2929,10.);
#851=VECTOR('',#2932,10.);
#852=VECTOR('',#2933,10.);
#853=VECTOR('',#2936,10.);
#854=VECTOR('',#2939,10.);
#855=VECTOR('',#2940,10.);
#856=VECTOR('',#2943,10.);
#857=VECTOR('',#2948,10.);
#858=VECTOR('',#2951,10.);
#859=VECTOR('',#2956,10.);
#860=VECTOR('',#2957,10.);
#861=VECTOR('',#2958,10.);
#862=VECTOR('',#2961,10.);
#863=VECTOR('',#2966,10.);
#864=VECTOR('',#2989,10.);
#865=VECTOR('',#3006,10.);
#866=VECTOR('',#3017,10.);
#867=VECTOR('',#3018,10.);
#868=VECTOR('',#3031,10.);
#869=VECTOR('',#3032,10.);
#870=VECTOR('',#3045,10.);
#871=VECTOR('',#3046,10.);
#872=VECTOR('',#3061,10.);
#873=VECTOR('',#3062,10.);
#874=VECTOR('',#3065,10.);
#875=VECTOR('',#3068,10.);
#876=VECTOR('',#3071,10.);
#877=VECTOR('',#3072,10.);
#878=VECTOR('',#3075,10.);
#879=VECTOR('',#3086,10.);
#880=VECTOR('',#3087,2.);
#881=VECTOR('',#3098,10.);
#882=VECTOR('',#3101,10.);
#883=VECTOR('',#3104,10.);
#884=VECTOR('',#3107,10.);
#885=VECTOR('',#3108,10.);
#886=VECTOR('',#3111,10.);
#887=VECTOR('',#3114,10.);
#888=VECTOR('',#3115,10.);
#889=VECTOR('',#3124,10.);
#890=VECTOR('',#3125,10.);
#891=VECTOR('',#3132,10.);
#892=VECTOR('',#3135,10.);
#893=VECTOR('',#3138,10.);
#894=VECTOR('',#3141,10.);
#895=VECTOR('',#3144,10.);
#896=VECTOR('',#3145,10.);
#897=VECTOR('',#3148,10.);
#898=VECTOR('',#3153,10.);
#899=VECTOR('',#3154,10.);
#900=VECTOR('',#3159,10.);
#901=VECTOR('',#3160,10.);
#902=VECTOR('',#3163,10.);
#903=VECTOR('',#3168,10.);
#904=VECTOR('',#3169,10.);
#905=VECTOR('',#3174,10.);
#906=VECTOR('',#3177,10.);
#907=VECTOR('',#3180,10.);
#908=VECTOR('',#3181,10.);
#909=VECTOR('',#3184,10.);
#910=VECTOR('',#3187,10.);
#911=VECTOR('',#3192,10.);
#912=VECTOR('',#3193,10.);
#913=VECTOR('',#3198,10.);
#914=VECTOR('',#3199,10.);
#915=VECTOR('',#3204,10.);
#916=VECTOR('',#3205,10.);
#917=VECTOR('',#3214,10.);
#918=VECTOR('',#3215,10.);
#919=VECTOR('',#3220,10.);
#920=VECTOR('',#3221,10.);
#921=VECTOR('',#3224,10.);
#922=VECTOR('',#3227,10.);
#923=VECTOR('',#3230,10.);
#924=VECTOR('',#3231,10.);
#925=VECTOR('',#3236,10.);
#926=VECTOR('',#3239,10.);
#927=VECTOR('',#3242,10.);
#928=VECTOR('',#3243,10.);
#929=VECTOR('',#3246,10.);
#930=VECTOR('',#3249,10.);
#931=VECTOR('',#3250,10.);
#932=VECTOR('',#3255,10.);
#933=VECTOR('',#3256,10.);
#934=VECTOR('',#3261,10.);
#935=VECTOR('',#3262,10.);
#936=VECTOR('',#3267,10.);
#937=VECTOR('',#3268,10.);
#938=VECTOR('',#3275,10.);
#939=VECTOR('',#3278,10.);
#940=VECTOR('',#3281,10.);
#941=VECTOR('',#3292,2.);
#942=VECTOR('',#3293,2.);
#943=VECTOR('',#3306,10.);
#944=VECTOR('',#3309,10.);
#945=VECTOR('',#3312,10.);
#946=VECTOR('',#3325,1.4);
#947=VECTOR('',#3332,1.4);
#948=VECTOR('',#3339,1.4);
#949=VECTOR('',#3346,1.4);
#950=VECTOR('',#3353,1.4);
#951=VECTOR('',#3360,1.4);
#952=VECTOR('',#3367,1.4);
#953=VECTOR('',#3374,1.4);
#954=VECTOR('',#3381,10.);
#955=VECTOR('',#3384,10.);
#956=VECTOR('',#3397,3.);
#957=VECTOR('',#3408,3.75);
#958=VECTOR('',#3415,1.6);
#959=VECTOR('',#3420,3.85);
#960=VECTOR('',#3427,1.65);
#961=VECTOR('',#3430,1.65);
#962=VECTOR('',#3433,1.65);
#963=VERTEX_POINT('',#3436);
#964=VERTEX_POINT('',#3437);
#965=VERTEX_POINT('',#3439);
#966=VERTEX_POINT('',#3441);
#967=VERTEX_POINT('',#3443);
#968=VERTEX_POINT('',#3447);
#969=VERTEX_POINT('',#3449);
#970=VERTEX_POINT('',#3451);
#971=VERTEX_POINT('',#3453);
#972=VERTEX_POINT('',#3455);
#973=VERTEX_POINT('',#3457);
#974=VERTEX_POINT('',#3459);
#975=VERTEX_POINT('',#3461);
#976=VERTEX_POINT('',#3463);
#977=VERTEX_POINT('',#3465);
#978=VERTEX_POINT('',#3467);
#979=VERTEX_POINT('',#3469);
#980=VERTEX_POINT('',#3471);
#981=VERTEX_POINT('',#3473);
#982=VERTEX_POINT('',#3475);
#983=VERTEX_POINT('',#3477);
#984=VERTEX_POINT('',#3479);
#985=VERTEX_POINT('',#3481);
#986=VERTEX_POINT('',#3483);
#987=VERTEX_POINT('',#3486);
#988=VERTEX_POINT('',#3489);
#989=VERTEX_POINT('',#3491);
#990=VERTEX_POINT('',#3493);
#991=VERTEX_POINT('',#3495);
#992=VERTEX_POINT('',#3497);
#993=VERTEX_POINT('',#3499);
#994=VERTEX_POINT('',#3501);
#995=VERTEX_POINT('',#3503);
#996=VERTEX_POINT('',#3505);
#997=VERTEX_POINT('',#3507);
#998=VERTEX_POINT('',#3509);
#999=VERTEX_POINT('',#3511);
#1000=VERTEX_POINT('',#3513);
#1001=VERTEX_POINT('',#3517);
#1002=VERTEX_POINT('',#3519);
#1003=VERTEX_POINT('',#3521);
#1004=VERTEX_POINT('',#3525);
#1005=VERTEX_POINT('',#3527);
#1006=VERTEX_POINT('',#3529);
#1007=VERTEX_POINT('',#3531);
#1008=VERTEX_POINT('',#3535);
#1009=VERTEX_POINT('',#3552);
#1010=VERTEX_POINT('',#3553);
#1011=VERTEX_POINT('',#3555);
#1012=VERTEX_POINT('',#3557);
#1013=VERTEX_POINT('',#3559);
#1014=VERTEX_POINT('',#3561);
#1015=VERTEX_POINT('',#3563);
#1016=VERTEX_POINT('',#3565);
#1017=VERTEX_POINT('',#3567);
#1018=VERTEX_POINT('',#3569);
#1019=VERTEX_POINT('',#3571);
#1020=VERTEX_POINT('',#3574);
#1021=VERTEX_POINT('',#3576);
#1022=VERTEX_POINT('',#3578);
#1023=VERTEX_POINT('',#3582);
#1024=VERTEX_POINT('',#3583);
#1025=VERTEX_POINT('',#3585);
#1026=VERTEX_POINT('',#3587);
#1027=VERTEX_POINT('',#3591);
#1028=VERTEX_POINT('',#3592);
#1029=VERTEX_POINT('',#3597);
#1030=VERTEX_POINT('',#3598);
#1031=VERTEX_POINT('',#3603);
#1032=VERTEX_POINT('',#3604);
#1033=VERTEX_POINT('',#3609);
#1034=VERTEX_POINT('',#3610);
#1035=VERTEX_POINT('',#3615);
#1036=VERTEX_POINT('',#3616);
#1037=VERTEX_POINT('',#3621);
#1038=VERTEX_POINT('',#3622);
#1039=VERTEX_POINT('',#3627);
#1040=VERTEX_POINT('',#3628);
#1041=VERTEX_POINT('',#3633);
#1042=VERTEX_POINT('',#3634);
#1043=VERTEX_POINT('',#3639);
#1044=VERTEX_POINT('',#3640);
#1045=VERTEX_POINT('',#3645);
#1046=VERTEX_POINT('',#3646);
#1047=VERTEX_POINT('',#3651);
#1048=VERTEX_POINT('',#3652);
#1049=VERTEX_POINT('',#3660);
#1050=VERTEX_POINT('',#3662);
#1051=VERTEX_POINT('',#3665);
#1052=VERTEX_POINT('',#3667);
#1053=VERTEX_POINT('',#3671);
#1054=VERTEX_POINT('',#3675);
#1055=VERTEX_POINT('',#3679);
#1056=VERTEX_POINT('',#3682);
#1057=VERTEX_POINT('',#3686);
#1058=VERTEX_POINT('',#3691);
#1059=VERTEX_POINT('',#3695);
#1060=VERTEX_POINT('',#3699);
#1061=VERTEX_POINT('',#3701);
#1062=VERTEX_POINT('',#3703);
#1063=VERTEX_POINT('',#3706);
#1064=VERTEX_POINT('',#3708);
#1065=VERTEX_POINT('',#3712);
#1066=VERTEX_POINT('',#3716);
#1067=VERTEX_POINT('',#3720);
#1068=VERTEX_POINT('',#3724);
#1069=VERTEX_POINT('',#3728);
#1070=VERTEX_POINT('',#3732);
#1071=VERTEX_POINT('',#3733);
#1072=VERTEX_POINT('',#3738);
#1073=VERTEX_POINT('',#3739);
#1074=VERTEX_POINT('',#3744);
#1075=VERTEX_POINT('',#3745);
#1076=VERTEX_POINT('',#3750);
#1077=VERTEX_POINT('',#3751);
#1078=VERTEX_POINT('',#3756);
#1079=VERTEX_POINT('',#3757);
#1080=VERTEX_POINT('',#3762);
#1081=VERTEX_POINT('',#3774);
#1082=VERTEX_POINT('',#3776);
#1083=VERTEX_POINT('',#3784);
#1084=VERTEX_POINT('',#3788);
#1085=VERTEX_POINT('',#3790);
#1086=VERTEX_POINT('',#3792);
#1087=VERTEX_POINT('',#3825);
#1088=VERTEX_POINT('',#3827);
#1089=VERTEX_POINT('',#3829);
#1090=VERTEX_POINT('',#3831);
#1091=VERTEX_POINT('',#3834);
#1092=VERTEX_POINT('',#3836);
#1093=VERTEX_POINT('',#3838);
#1094=VERTEX_POINT('',#3841);
#1095=VERTEX_POINT('',#3843);
#1096=VERTEX_POINT('',#3846);
#1097=VERTEX_POINT('',#3848);
#1098=VERTEX_POINT('',#3850);
#1099=VERTEX_POINT('',#3852);
#1100=VERTEX_POINT('',#3854);
#1101=VERTEX_POINT('',#3857);
#1102=VERTEX_POINT('',#3859);
#1103=VERTEX_POINT('',#3860);
#1104=VERTEX_POINT('',#3869);
#1105=VERTEX_POINT('',#3871);
#1106=VERTEX_POINT('',#3875);
#1107=VERTEX_POINT('',#3877);
#1108=VERTEX_POINT('',#3881);
#1109=VERTEX_POINT('',#3883);
#1110=VERTEX_POINT('',#3885);
#1111=VERTEX_POINT('',#3887);
#1112=VERTEX_POINT('',#3891);
#1113=VERTEX_POINT('',#3893);
#1114=VERTEX_POINT('',#3903);
#1115=VERTEX_POINT('',#3905);
#1116=VERTEX_POINT('',#3909);
#1117=VERTEX_POINT('',#3911);
#1118=VERTEX_POINT('',#3923);
#1119=VERTEX_POINT('',#3925);
#1120=VERTEX_POINT('',#3939);
#1121=VERTEX_POINT('',#3941);
#1122=VERTEX_POINT('',#3952);
#1123=VERTEX_POINT('',#3954);
#1124=VERTEX_POINT('',#3958);
#1125=VERTEX_POINT('',#3960);
#1126=VERTEX_POINT('',#3973);
#1127=VERTEX_POINT('',#3975);
#1128=VERTEX_POINT('',#4028);
#1129=VERTEX_POINT('',#4029);
#1130=VERTEX_POINT('',#4040);
#1131=VERTEX_POINT('',#4045);
#1132=VERTEX_POINT('',#4056);
#1133=VERTEX_POINT('',#4065);
#1134=VERTEX_POINT('',#4118);
#1135=VERTEX_POINT('',#4125);
#1136=VERTEX_POINT('',#4130);
#1137=VERTEX_POINT('',#4137);
#1138=VERTEX_POINT('',#4139);
#1139=VERTEX_POINT('',#4179);
#1140=VERTEX_POINT('',#4181);
#1141=VERTEX_POINT('',#4201);
#1142=VERTEX_POINT('',#4203);
#1143=VERTEX_POINT('',#4281);
#1144=VERTEX_POINT('',#4375);
#1145=VERTEX_POINT('',#4392);
#1146=VERTEX_POINT('',#4399);
#1147=VERTEX_POINT('',#4521);
#1148=VERTEX_POINT('',#4554);
#1149=VERTEX_POINT('',#4556);
#1150=VERTEX_POINT('',#4558);
#1151=VERTEX_POINT('',#4560);
#1152=VERTEX_POINT('',#4604);
#1153=VERTEX_POINT('',#4605);
#1154=VERTEX_POINT('',#4616);
#1155=VERTEX_POINT('',#4621);
#1156=VERTEX_POINT('',#4632);
#1157=VERTEX_POINT('',#4641);
#1158=VERTEX_POINT('',#4694);
#1159=VERTEX_POINT('',#4701);
#1160=VERTEX_POINT('',#4706);
#1161=VERTEX_POINT('',#4737);
#1162=VERTEX_POINT('',#4739);
#1163=VERTEX_POINT('',#4759);
#1164=VERTEX_POINT('',#4761);
#1165=VERTEX_POINT('',#4839);
#1166=VERTEX_POINT('',#4933);
#1167=VERTEX_POINT('',#4950);
#1168=VERTEX_POINT('',#4957);
#1169=VERTEX_POINT('',#5082);
#1170=VERTEX_POINT('',#5087);
#1171=VERTEX_POINT('',#5092);
#1172=VERTEX_POINT('',#5097);
#1173=VERTEX_POINT('',#5102);
#1174=VERTEX_POINT('',#5107);
#1175=VERTEX_POINT('',#5112);
#1176=VERTEX_POINT('',#5117);
#1177=VERTEX_POINT('',#5122);
#1178=VERTEX_POINT('',#5124);
#1179=VERTEX_POINT('',#5130);
#1180=VERTEX_POINT('',#5132);
#1181=VERTEX_POINT('',#5135);
#1182=VERTEX_POINT('',#5139);
#1183=VERTEX_POINT('',#5142);
#1184=VERTEX_POINT('',#5146);
#1185=VERTEX_POINT('',#5151);
#1186=VERTEX_POINT('',#5155);
#1187=EDGE_CURVE('',#963,#964,#609,.T.);
#1188=EDGE_CURVE('',#965,#963,#610,.T.);
#1189=EDGE_CURVE('',#965,#966,#593,.T.);
#1190=EDGE_CURVE('',#967,#966,#611,.F.);
#1191=EDGE_CURVE('',#967,#964,#612,.T.);
#1192=EDGE_CURVE('',#964,#968,#613,.T.);
#1193=EDGE_CURVE('',#968,#969,#614,.T.);
#1194=EDGE_CURVE('',#969,#970,#171,.T.);
#1195=EDGE_CURVE('',#970,#971,#615,.T.);
#1196=EDGE_CURVE('',#971,#972,#616,.T.);
#1197=EDGE_CURVE('',#972,#973,#617,.T.);
#1198=EDGE_CURVE('',#974,#973,#172,.F.);
#1199=EDGE_CURVE('',#974,#975,#618,.T.);
#1200=EDGE_CURVE('',#975,#976,#173,.T.);
#1201=EDGE_CURVE('',#976,#977,#619,.T.);
#1202=EDGE_CURVE('',#978,#977,#174,.T.);
#1203=EDGE_CURVE('',#978,#979,#620,.T.);
#1204=EDGE_CURVE('',#979,#980,#175,.T.);
#1205=EDGE_CURVE('',#980,#981,#621,.T.);
#1206=EDGE_CURVE('',#982,#981,#176,.T.);
#1207=EDGE_CURVE('',#982,#983,#622,.T.);
#1208=EDGE_CURVE('',#983,#984,#177,.T.);
#1209=EDGE_CURVE('',#984,#985,#623,.T.);
#1210=EDGE_CURVE('',#986,#985,#178,.F.);
#1211=EDGE_CURVE('',#986,#963,#624,.T.);
#1212=EDGE_CURVE('',#987,#987,#179,.T.);
#1213=EDGE_CURVE('',#967,#988,#625,.T.);
#1214=EDGE_CURVE('',#989,#988,#626,.T.);
#1215=EDGE_CURVE('',#989,#990,#627,.T.);
#1216=EDGE_CURVE('',#991,#990,#628,.T.);
#1217=EDGE_CURVE('',#991,#992,#629,.T.);
#1218=EDGE_CURVE('',#993,#992,#630,.T.);
#1219=EDGE_CURVE('',#993,#994,#631,.T.);
#1220=EDGE_CURVE('',#994,#995,#632,.T.);
#1221=EDGE_CURVE('',#996,#995,#633,.T.);
#1222=EDGE_CURVE('',#997,#996,#634,.T.);
#1223=EDGE_CURVE('',#997,#998,#635,.T.);
#1224=EDGE_CURVE('',#999,#998,#636,.T.);
#1225=EDGE_CURVE('',#1000,#999,#637,.T.);
#1226=EDGE_CURVE('',#1000,#968,#638,.T.);
#1227=EDGE_CURVE('',#999,#1001,#639,.T.);
#1228=EDGE_CURVE('',#998,#1002,#640,.T.);
#1229=EDGE_CURVE('',#1003,#1002,#594,.F.);
#1230=EDGE_CURVE('',#1001,#1003,#641,.T.);
#1231=EDGE_CURVE('',#991,#1004,#642,.F.);
#1232=EDGE_CURVE('',#990,#1005,#643,.T.);
#1233=EDGE_CURVE('',#1006,#1005,#595,.F.);
#1234=EDGE_CURVE('',#1007,#1006,#644,.T.);
#1235=EDGE_CURVE('',#1007,#1004,#596,.T.);
#1236=EDGE_CURVE('',#1008,#983,#645,.T.);
#1237=EDGE_CURVE('',#1008,#993,#50,.T.);
#1238=EDGE_CURVE('',#992,#989,#646,.T.);
#1239=EDGE_CURVE('',#988,#984,#647,.T.);
#1240=EDGE_CURVE('',#1009,#1010,#648,.T.);
#1241=EDGE_CURVE('',#1010,#1011,#649,.T.);
#1242=EDGE_CURVE('',#1012,#1011,#650,.T.);
#1243=EDGE_CURVE('',#1012,#1013,#651,.T.);
#1244=EDGE_CURVE('',#1013,#1014,#652,.T.);
#1245=EDGE_CURVE('',#1014,#1015,#653,.T.);
#1246=EDGE_CURVE('',#1015,#1016,#654,.T.);
#1247=EDGE_CURVE('',#1017,#1016,#655,.T.);
#1248=EDGE_CURVE('',#1017,#1018,#656,.T.);
#1249=EDGE_CURVE('',#1018,#1019,#657,.T.);
#1250=EDGE_CURVE('',#971,#1019,#658,.T.);
#1251=EDGE_CURVE('',#970,#1020,#659,.T.);
#1252=EDGE_CURVE('',#1021,#1020,#660,.T.);
#1253=EDGE_CURVE('',#1022,#1021,#661,.T.);
#1254=EDGE_CURVE('',#1022,#1009,#662,.T.);
#1255=EDGE_CURVE('',#1023,#1024,#180,.T.);
#1256=EDGE_CURVE('',#1024,#1025,#181,.T.);
#1257=EDGE_CURVE('',#1025,#1026,#182,.T.);
#1258=EDGE_CURVE('',#1026,#1023,#183,.T.);
#1259=EDGE_CURVE('',#1027,#1028,#184,.T.);
#1260=EDGE_CURVE('',#1028,#1026,#185,.T.);
#1261=EDGE_CURVE('',#1025,#1027,#186,.T.);
#1262=EDGE_CURVE('',#1029,#1030,#187,.T.);
#1263=EDGE_CURVE('',#1030,#1028,#663,.T.);
#1264=EDGE_CURVE('',#1027,#1029,#664,.T.);
#1265=EDGE_CURVE('',#1031,#1032,#188,.T.);
#1266=EDGE_CURVE('',#1032,#1030,#189,.T.);
#1267=EDGE_CURVE('',#1029,#1031,#190,.T.);
#1268=EDGE_CURVE('',#1033,#1034,#191,.T.);
#1269=EDGE_CURVE('',#1034,#1032,#192,.T.);
#1270=EDGE_CURVE('',#1031,#1033,#193,.T.);
#1271=EDGE_CURVE('',#1035,#1036,#194,.T.);
#1272=EDGE_CURVE('',#1036,#1034,#665,.T.);
#1273=EDGE_CURVE('',#1033,#1035,#666,.T.);
#1274=EDGE_CURVE('',#1037,#1038,#195,.T.);
#1275=EDGE_CURVE('',#1038,#1036,#196,.T.);
#1276=EDGE_CURVE('',#1035,#1037,#197,.T.);
#1277=EDGE_CURVE('',#1039,#1040,#198,.T.);
#1278=EDGE_CURVE('',#1040,#1038,#667,.T.);
#1279=EDGE_CURVE('',#1037,#1039,#668,.T.);
#1280=EDGE_CURVE('',#1041,#1042,#199,.T.);
#1281=EDGE_CURVE('',#1042,#1040,#200,.T.);
#1282=EDGE_CURVE('',#1039,#1041,#201,.T.);
#1283=EDGE_CURVE('',#1043,#1044,#202,.T.);
#1284=EDGE_CURVE('',#1044,#1042,#669,.T.);
#1285=EDGE_CURVE('',#1041,#1043,#670,.T.);
#1286=EDGE_CURVE('',#1045,#1046,#203,.T.);
#1287=EDGE_CURVE('',#1046,#1044,#204,.T.);
#1288=EDGE_CURVE('',#1043,#1045,#205,.T.);
#1289=EDGE_CURVE('',#1047,#1048,#206,.T.);
#1290=EDGE_CURVE('',#1048,#1046,#671,.T.);
#1291=EDGE_CURVE('',#1045,#1047,#672,.T.);
#1292=EDGE_CURVE('',#1047,#1024,#207,.T.);
#1293=EDGE_CURVE('',#1023,#1048,#208,.T.);
#1294=EDGE_CURVE('',#1035,#1049,#673,.T.);
#1295=EDGE_CURVE('',#1050,#1049,#209,.T.);
#1296=EDGE_CURVE('',#1050,#978,#674,.T.);
#1297=EDGE_CURVE('',#977,#1051,#675,.T.);
#1298=EDGE_CURVE('',#1051,#1052,#210,.T.);
#1299=EDGE_CURVE('',#1052,#1037,#676,.T.);
#1300=EDGE_CURVE('',#1053,#1033,#677,.T.);
#1301=EDGE_CURVE('',#1049,#1053,#678,.T.);
#1302=EDGE_CURVE('',#1031,#1054,#679,.T.);
#1303=EDGE_CURVE('',#1053,#1054,#211,.T.);
#1304=EDGE_CURVE('',#1029,#1055,#680,.T.);
#1305=EDGE_CURVE('',#1020,#1055,#212,.T.);
#1306=EDGE_CURVE('',#969,#1056,#681,.T.);
#1307=EDGE_CURVE('',#1054,#1056,#213,.T.);
#1308=EDGE_CURVE('',#1057,#1027,#682,.T.);
#1309=EDGE_CURVE('',#1056,#1057,#683,.T.);
#1310=EDGE_CURVE('',#1055,#1000,#684,.T.);
#1311=EDGE_CURVE('',#1025,#1058,#685,.T.);
#1312=EDGE_CURVE('',#1057,#1058,#214,.T.);
#1313=EDGE_CURVE('',#1059,#1024,#686,.T.);
#1314=EDGE_CURVE('',#1058,#1059,#215,.T.);
#1315=EDGE_CURVE('',#1060,#1060,#216,.T.);
#1316=EDGE_CURVE('',#1061,#1061,#217,.T.);
#1317=EDGE_CURVE('',#1062,#1062,#218,.T.);
#1318=EDGE_CURVE('',#1058,#1063,#219,.T.);
#1319=EDGE_CURVE('',#1063,#1064,#220,.T.);
#1320=EDGE_CURVE('',#1064,#1057,#221,.T.);
#1321=EDGE_CURVE('',#1065,#1056,#222,.T.);
#1322=EDGE_CURVE('',#1064,#1065,#687,.T.);
#1323=EDGE_CURVE('',#1066,#1054,#223,.T.);
#1324=EDGE_CURVE('',#1065,#1066,#224,.T.);
#1325=EDGE_CURVE('',#1067,#1053,#225,.T.);
#1326=EDGE_CURVE('',#1066,#1067,#226,.T.);
#1327=EDGE_CURVE('',#1068,#1049,#227,.T.);
#1328=EDGE_CURVE('',#1067,#1068,#688,.T.);
#1329=EDGE_CURVE('',#1069,#1050,#228,.T.);
#1330=EDGE_CURVE('',#1068,#1069,#229,.T.);
#1331=EDGE_CURVE('',#1070,#1071,#230,.T.);
#1332=EDGE_CURVE('',#1071,#1050,#689,.T.);
#1333=EDGE_CURVE('',#1069,#1070,#690,.T.);
#1334=EDGE_CURVE('',#1072,#1073,#231,.T.);
#1335=EDGE_CURVE('',#1073,#1071,#232,.T.);
#1336=EDGE_CURVE('',#1070,#1072,#233,.T.);
#1337=EDGE_CURVE('',#1074,#1075,#234,.T.);
#1338=EDGE_CURVE('',#1075,#1073,#691,.T.);
#1339=EDGE_CURVE('',#1072,#1074,#692,.T.);
#1340=EDGE_CURVE('',#1076,#1077,#235,.T.);
#1341=EDGE_CURVE('',#1077,#1075,#236,.T.);
#1342=EDGE_CURVE('',#1074,#1076,#237,.T.);
#1343=EDGE_CURVE('',#1078,#1079,#238,.T.);
#1344=EDGE_CURVE('',#1079,#1077,#693,.T.);
#1345=EDGE_CURVE('',#1076,#1078,#694,.T.);
#1346=EDGE_CURVE('',#1080,#1059,#239,.T.);
#1347=EDGE_CURVE('',#1059,#1079,#240,.T.);
#1348=EDGE_CURVE('',#1078,#1080,#241,.T.);
#1349=EDGE_CURVE('',#1080,#1063,#242,.T.);
#1350=EDGE_CURVE('',#1073,#980,#695,.T.);
#1351=EDGE_CURVE('',#1071,#979,#696,.T.);
#1352=EDGE_CURVE('',#981,#1075,#697,.T.);
#1353=EDGE_CURVE('',#1043,#1081,#698,.T.);
#1354=EDGE_CURVE('',#1081,#1082,#243,.T.);
#1355=EDGE_CURVE('',#1082,#982,#699,.T.);
#1356=EDGE_CURVE('',#1077,#1045,#700,.T.);
#1357=EDGE_CURVE('',#1047,#1079,#701,.T.);
#1358=EDGE_CURVE('',#1083,#1083,#244,.T.);
#1359=EDGE_CURVE('',#1084,#1082,#702,.T.);
#1360=EDGE_CURVE('',#1084,#1085,#703,.T.);
#1361=EDGE_CURVE('',#1085,#1086,#30,.T.);
#1362=EDGE_CURVE('',#1086,#1008,#31,.T.);
#1363=EDGE_CURVE('',#1087,#1087,#245,.T.);
#1364=EDGE_CURVE('',#1088,#1088,#246,.T.);
#1365=EDGE_CURVE('',#1089,#1089,#247,.T.);
#1366=EDGE_CURVE('',#1090,#1090,#248,.T.);
#1367=EDGE_CURVE('',#1001,#1091,#704,.T.);
#1368=EDGE_CURVE('',#1092,#1091,#249,.F.);
#1369=EDGE_CURVE('',#1092,#1093,#705,.T.);
#1370=EDGE_CURVE('',#1093,#1084,#250,.T.);
#1371=EDGE_CURVE('',#1081,#1094,#706,.T.);
#1372=EDGE_CURVE('',#1094,#1095,#251,.T.);
#1373=EDGE_CURVE('',#1095,#1052,#707,.T.);
#1374=EDGE_CURVE('',#1051,#1096,#708,.T.);
#1375=EDGE_CURVE('',#1096,#1097,#252,.T.);
#1376=EDGE_CURVE('',#1097,#1098,#709,.T.);
#1377=EDGE_CURVE('',#1099,#1098,#253,.F.);
#1378=EDGE_CURVE('',#1099,#1100,#710,.T.);
#1379=EDGE_CURVE('',#1100,#1021,#711,.T.);
#1380=EDGE_CURVE('',#1101,#1101,#254,.T.);
#1381=EDGE_CURVE('',#1102,#1103,#255,.T.);
#1382=EDGE_CURVE('',#1103,#1102,#256,.T.);
#1383=EDGE_CURVE('',#1095,#1039,#712,.T.);
#1384=EDGE_CURVE('',#1094,#1041,#713,.T.);
#1385=EDGE_CURVE('',#1104,#1100,#714,.T.);
#1386=EDGE_CURVE('',#1104,#1105,#597,.T.);
#1387=EDGE_CURVE('',#1022,#1105,#715,.F.);
#1388=EDGE_CURVE('',#1019,#1106,#716,.T.);
#1389=EDGE_CURVE('',#1107,#1106,#598,.F.);
#1390=EDGE_CURVE('',#972,#1107,#717,.T.);
#1391=EDGE_CURVE('',#1012,#1108,#718,.F.);
#1392=EDGE_CURVE('',#1011,#1109,#719,.T.);
#1393=EDGE_CURVE('',#1110,#1109,#599,.F.);
#1394=EDGE_CURVE('',#1111,#1110,#720,.T.);
#1395=EDGE_CURVE('',#1111,#1108,#600,.T.);
#1396=EDGE_CURVE('',#1112,#966,#721,.T.);
#1397=EDGE_CURVE('',#965,#1113,#722,.T.);
#1398=EDGE_CURVE('',#1113,#1112,#601,.T.);
#1399=EDGE_CURVE('',#1113,#986,#723,.T.);
#1400=EDGE_CURVE('',#985,#1112,#724,.T.);
#1401=EDGE_CURVE('',#988,#1112,#725,.T.);
#1402=EDGE_CURVE('',#1114,#1004,#726,.T.);
#1403=EDGE_CURVE('',#1007,#1115,#727,.T.);
#1404=EDGE_CURVE('',#1115,#1114,#602,.T.);
#1405=EDGE_CURVE('',#1115,#1116,#728,.T.);
#1406=EDGE_CURVE('',#1116,#1117,#603,.T.);
#1407=EDGE_CURVE('',#1117,#1114,#729,.T.);
#1408=EDGE_CURVE('',#1116,#1006,#730,.T.);
#1409=EDGE_CURVE('',#1005,#1117,#731,.T.);
#1410=EDGE_CURVE('',#992,#1114,#732,.T.);
#1411=EDGE_CURVE('',#989,#1117,#733,.T.);
#1412=EDGE_CURVE('',#1118,#1092,#734,.T.);
#1413=EDGE_CURVE('',#1091,#1119,#735,.T.);
#1414=EDGE_CURVE('',#1119,#1118,#604,.T.);
#1415=EDGE_CURVE('',#1119,#1003,#736,.T.);
#1416=EDGE_CURVE('',#1002,#1118,#737,.T.);
#1417=EDGE_CURVE('',#997,#1118,#738,.T.);
#1418=EDGE_CURVE('',#1093,#997,#739,.T.);
#1419=EDGE_CURVE('',#1120,#1105,#740,.T.);
#1420=EDGE_CURVE('',#1104,#1121,#741,.T.);
#1421=EDGE_CURVE('',#1121,#1120,#605,.T.);
#1422=EDGE_CURVE('',#1121,#1099,#742,.T.);
#1423=EDGE_CURVE('',#1098,#1120,#743,.T.);
#1424=EDGE_CURVE('',#1009,#1120,#744,.T.);
#1425=EDGE_CURVE('',#1097,#1009,#745,.T.);
#1426=EDGE_CURVE('',#1122,#1108,#746,.T.);
#1427=EDGE_CURVE('',#1111,#1123,#747,.T.);
#1428=EDGE_CURVE('',#1123,#1122,#606,.T.);
#1429=EDGE_CURVE('',#1123,#1124,#748,.T.);
#1430=EDGE_CURVE('',#1124,#1125,#607,.T.);
#1431=EDGE_CURVE('',#1125,#1122,#749,.T.);
#1432=EDGE_CURVE('',#1124,#1110,#750,.T.);
#1433=EDGE_CURVE('',#1109,#1125,#751,.T.);
#1434=EDGE_CURVE('',#1013,#1122,#752,.T.);
#1435=EDGE_CURVE('',#1010,#1125,#753,.T.);
#1436=EDGE_CURVE('',#1010,#1013,#754,.T.);
#1437=EDGE_CURVE('',#1126,#974,#755,.T.);
#1438=EDGE_CURVE('',#973,#1127,#756,.T.);
#1439=EDGE_CURVE('',#1127,#1126,#608,.T.);
#1440=EDGE_CURVE('',#1127,#1107,#757,.T.);
#1441=EDGE_CURVE('',#1106,#1126,#758,.T.);
#1442=EDGE_CURVE('',#1018,#1126,#759,.T.);
#1443=EDGE_CURVE('',#1018,#975,#760,.T.);
#1444=EDGE_CURVE('',#1128,#1129,#51,.T.);
#1445=EDGE_CURVE('',#1128,#1130,#52,.T.);
#1446=EDGE_CURVE('',#1131,#1130,#53,.T.);
#1447=EDGE_CURVE('',#1132,#1131,#54,.T.);
#1448=EDGE_CURVE('',#1132,#1133,#55,.T.);
#1449=EDGE_CURVE('',#1129,#1133,#56,.T.);
#1450=EDGE_CURVE('',#1129,#1134,#57,.T.);
#1451=EDGE_CURVE('',#1135,#1134,#58,.T.);
#1452=EDGE_CURVE('',#1136,#1135,#59,.T.);
#1453=EDGE_CURVE('',#1137,#1136,#761,.T.);
#1454=EDGE_CURVE('',#1138,#1137,#32,.T.);
#1455=EDGE_CURVE('',#1017,#1138,#60,.T.);
#1456=EDGE_CURVE('',#1128,#1016,#61,.F.);
#1457=EDGE_CURVE('',#1133,#1139,#762,.T.);
#1458=EDGE_CURVE('',#1139,#1140,#62,.T.);
#1459=EDGE_CURVE('',#1135,#1140,#63,.F.);
#1460=EDGE_CURVE('',#1132,#1141,#763,.T.);
#1461=EDGE_CURVE('',#1142,#1141,#64,.T.);
#1462=EDGE_CURVE('',#1139,#1142,#65,.T.);
#1463=EDGE_CURVE('',#1142,#1143,#257,.T.);
#1464=EDGE_CURVE('',#1143,#1140,#66,.T.);
#1465=EDGE_CURVE('',#1144,#1141,#67,.T.);
#1466=EDGE_CURVE('',#1144,#1143,#68,.T.);
#1467=EDGE_CURVE('',#1145,#1131,#69,.T.);
#1468=EDGE_CURVE('',#1145,#1146,#70,.T.);
#1469=EDGE_CURVE('',#1144,#1146,#71,.F.);
#1470=EDGE_CURVE('',#1143,#1136,#258,.T.);
#1471=EDGE_CURVE('',#1146,#1136,#72,.T.);
#1472=EDGE_CURVE('',#1015,#1130,#73,.F.);
#1473=EDGE_CURVE('',#1147,#1014,#74,.T.);
#1474=EDGE_CURVE('',#1137,#1147,#33,.T.);
#1475=EDGE_CURVE('',#1138,#976,#764,.T.);
#1476=EDGE_CURVE('',#1096,#1147,#765,.T.);
#1477=EDGE_CURVE('',#1148,#1148,#259,.T.);
#1478=EDGE_CURVE('',#1149,#1149,#260,.T.);
#1479=EDGE_CURVE('',#1150,#1150,#261,.T.);
#1480=EDGE_CURVE('',#1151,#1151,#262,.T.);
#1481=EDGE_CURVE('',#1152,#1153,#75,.T.);
#1482=EDGE_CURVE('',#1152,#1154,#76,.T.);
#1483=EDGE_CURVE('',#1155,#1154,#77,.T.);
#1484=EDGE_CURVE('',#1156,#1155,#78,.T.);
#1485=EDGE_CURVE('',#1156,#1157,#79,.T.);
#1486=EDGE_CURVE('',#1153,#1157,#80,.T.);
#1487=EDGE_CURVE('',#1153,#1158,#81,.T.);
#1488=EDGE_CURVE('',#1159,#1158,#82,.T.);
#1489=EDGE_CURVE('',#1160,#1159,#83,.T.);
#1490=EDGE_CURVE('',#1086,#1160,#766,.T.);
#1491=EDGE_CURVE('',#996,#1085,#84,.T.);
#1492=EDGE_CURVE('',#1152,#995,#85,.F.);
#1493=EDGE_CURVE('',#1157,#1161,#767,.T.);
#1494=EDGE_CURVE('',#1161,#1162,#86,.T.);
#1495=EDGE_CURVE('',#1159,#1162,#87,.F.);
#1496=EDGE_CURVE('',#1156,#1163,#768,.T.);
#1497=EDGE_CURVE('',#1164,#1163,#88,.T.);
#1498=EDGE_CURVE('',#1161,#1164,#89,.T.);
#1499=EDGE_CURVE('',#1164,#1165,#263,.T.);
#1500=EDGE_CURVE('',#1165,#1162,#90,.T.);
#1501=EDGE_CURVE('',#1166,#1163,#91,.T.);
#1502=EDGE_CURVE('',#1166,#1165,#92,.T.);
#1503=EDGE_CURVE('',#1167,#1155,#93,.T.);
#1504=EDGE_CURVE('',#1167,#1168,#94,.T.);
#1505=EDGE_CURVE('',#1166,#1168,#95,.F.);
#1506=EDGE_CURVE('',#1165,#1160,#264,.T.);
#1507=EDGE_CURVE('',#1168,#1160,#96,.T.);
#1508=EDGE_CURVE('',#994,#1154,#97,.F.);
#1509=EDGE_CURVE('',#1151,#1169,#769,.T.);
#1510=EDGE_CURVE('',#1169,#1169,#265,.T.);
#1511=EDGE_CURVE('',#1088,#1170,#770,.T.);
#1512=EDGE_CURVE('',#1170,#1170,#266,.T.);
#1513=EDGE_CURVE('',#1089,#1171,#771,.T.);
#1514=EDGE_CURVE('',#1171,#1171,#267,.T.);
#1515=EDGE_CURVE('',#1150,#1172,#772,.T.);
#1516=EDGE_CURVE('',#1172,#1172,#268,.T.);
#1517=EDGE_CURVE('',#1148,#1173,#773,.T.);
#1518=EDGE_CURVE('',#1173,#1173,#269,.T.);
#1519=EDGE_CURVE('',#1087,#1174,#774,.T.);
#1520=EDGE_CURVE('',#1174,#1174,#270,.T.);
#1521=EDGE_CURVE('',#1090,#1175,#775,.T.);
#1522=EDGE_CURVE('',#1175,#1175,#271,.T.);
#1523=EDGE_CURVE('',#1149,#1176,#776,.T.);
#1524=EDGE_CURVE('',#1176,#1176,#272,.T.);
#1525=EDGE_CURVE('',#1102,#1177,#777,.T.);
#1526=EDGE_CURVE('',#1177,#1178,#273,.T.);
#1527=EDGE_CURVE('',#1103,#1178,#778,.T.);
#1528=EDGE_CURVE('',#1178,#1177,#274,.T.);
#1529=EDGE_CURVE('',#1179,#1179,#275,.T.);
#1530=EDGE_CURVE('',#1180,#1180,#276,.T.);
#1531=EDGE_CURVE('',#1101,#1181,#779,.T.);
#1532=EDGE_CURVE('',#1181,#1181,#277,.T.);
#1533=EDGE_CURVE('',#1182,#1182,#278,.T.);
#1534=EDGE_CURVE('',#1183,#1183,#279,.T.);
#1535=EDGE_CURVE('',#1183,#1083,#780,.T.);
#1536=EDGE_CURVE('',#1184,#1184,#280,.T.);
#1537=EDGE_CURVE('',#1184,#987,#781,.T.);
#1538=EDGE_CURVE('',#1185,#1185,#281,.T.);
#1539=EDGE_CURVE('',#1185,#1060,#782,.T.);
#1540=EDGE_CURVE('',#1186,#1186,#282,.T.);
#1541=EDGE_CURVE('',#1180,#1062,#783,.T.);
#1542=EDGE_CURVE('',#1182,#1186,#784,.T.);
#1543=EDGE_CURVE('',#1179,#1061,#785,.T.);
#1544=ORIENTED_EDGE('',*,*,#1187,.F.);
#1545=ORIENTED_EDGE('',*,*,#1188,.F.);
#1546=ORIENTED_EDGE('',*,*,#1189,.T.);
#1547=ORIENTED_EDGE('',*,*,#1190,.F.);
#1548=ORIENTED_EDGE('',*,*,#1191,.T.);
#1549=ORIENTED_EDGE('',*,*,#1187,.T.);
#1550=ORIENTED_EDGE('',*,*,#1192,.T.);
#1551=ORIENTED_EDGE('',*,*,#1193,.T.);
#1552=ORIENTED_EDGE('',*,*,#1194,.T.);
#1553=ORIENTED_EDGE('',*,*,#1195,.T.);
#1554=ORIENTED_EDGE('',*,*,#1196,.T.);
#1555=ORIENTED_EDGE('',*,*,#1197,.T.);
#1556=ORIENTED_EDGE('',*,*,#1198,.F.);
#1557=ORIENTED_EDGE('',*,*,#1199,.T.);
#1558=ORIENTED_EDGE('',*,*,#1200,.T.);
#1559=ORIENTED_EDGE('',*,*,#1201,.T.);
#1560=ORIENTED_EDGE('',*,*,#1202,.F.);
#1561=ORIENTED_EDGE('',*,*,#1203,.T.);
#1562=ORIENTED_EDGE('',*,*,#1204,.T.);
#1563=ORIENTED_EDGE('',*,*,#1205,.T.);
#1564=ORIENTED_EDGE('',*,*,#1206,.F.);
#1565=ORIENTED_EDGE('',*,*,#1207,.T.);
#1566=ORIENTED_EDGE('',*,*,#1208,.T.);
#1567=ORIENTED_EDGE('',*,*,#1209,.T.);
#1568=ORIENTED_EDGE('',*,*,#1210,.F.);
#1569=ORIENTED_EDGE('',*,*,#1211,.T.);
#1570=ORIENTED_EDGE('',*,*,#1212,.T.);
#1571=ORIENTED_EDGE('',*,*,#1191,.F.);
#1572=ORIENTED_EDGE('',*,*,#1213,.T.);
#1573=ORIENTED_EDGE('',*,*,#1214,.F.);
#1574=ORIENTED_EDGE('',*,*,#1215,.T.);
#1575=ORIENTED_EDGE('',*,*,#1216,.F.);
#1576=ORIENTED_EDGE('',*,*,#1217,.T.);
#1577=ORIENTED_EDGE('',*,*,#1218,.F.);
#1578=ORIENTED_EDGE('',*,*,#1219,.T.);
#1579=ORIENTED_EDGE('',*,*,#1220,.T.);
#1580=ORIENTED_EDGE('',*,*,#1221,.F.);
#1581=ORIENTED_EDGE('',*,*,#1222,.F.);
#1582=ORIENTED_EDGE('',*,*,#1223,.T.);
#1583=ORIENTED_EDGE('',*,*,#1224,.F.);
#1584=ORIENTED_EDGE('',*,*,#1225,.F.);
#1585=ORIENTED_EDGE('',*,*,#1226,.T.);
#1586=ORIENTED_EDGE('',*,*,#1192,.F.);
#1587=ORIENTED_EDGE('',*,*,#1227,.F.);
#1588=ORIENTED_EDGE('',*,*,#1224,.T.);
#1589=ORIENTED_EDGE('',*,*,#1228,.T.);
#1590=ORIENTED_EDGE('',*,*,#1229,.F.);
#1591=ORIENTED_EDGE('',*,*,#1230,.F.);
#1592=ORIENTED_EDGE('',*,*,#1231,.F.);
#1593=ORIENTED_EDGE('',*,*,#1216,.T.);
#1594=ORIENTED_EDGE('',*,*,#1232,.T.);
#1595=ORIENTED_EDGE('',*,*,#1233,.F.);
#1596=ORIENTED_EDGE('',*,*,#1234,.F.);
#1597=ORIENTED_EDGE('',*,*,#1235,.T.);
#1598=ORIENTED_EDGE('',*,*,#1236,.F.);
#1599=ORIENTED_EDGE('',*,*,#1237,.T.);
#1600=ORIENTED_EDGE('',*,*,#1218,.T.);
#1601=ORIENTED_EDGE('',*,*,#1238,.T.);
#1602=ORIENTED_EDGE('',*,*,#1214,.T.);
#1603=ORIENTED_EDGE('',*,*,#1239,.T.);
#1604=ORIENTED_EDGE('',*,*,#1208,.F.);
#1605=ORIENTED_EDGE('',*,*,#1240,.T.);
#1606=ORIENTED_EDGE('',*,*,#1241,.T.);
#1607=ORIENTED_EDGE('',*,*,#1242,.F.);
#1608=ORIENTED_EDGE('',*,*,#1243,.T.);
#1609=ORIENTED_EDGE('',*,*,#1244,.T.);
#1610=ORIENTED_EDGE('',*,*,#1245,.T.);
#1611=ORIENTED_EDGE('',*,*,#1246,.T.);
#1612=ORIENTED_EDGE('',*,*,#1247,.F.);
#1613=ORIENTED_EDGE('',*,*,#1248,.T.);
#1614=ORIENTED_EDGE('',*,*,#1249,.T.);
#1615=ORIENTED_EDGE('',*,*,#1250,.F.);
#1616=ORIENTED_EDGE('',*,*,#1195,.F.);
#1617=ORIENTED_EDGE('',*,*,#1251,.T.);
#1618=ORIENTED_EDGE('',*,*,#1252,.F.);
#1619=ORIENTED_EDGE('',*,*,#1253,.F.);
#1620=ORIENTED_EDGE('',*,*,#1254,.T.);
#1621=ORIENTED_EDGE('',*,*,#1255,.T.);
#1622=ORIENTED_EDGE('',*,*,#1256,.T.);
#1623=ORIENTED_EDGE('',*,*,#1257,.T.);
#1624=ORIENTED_EDGE('',*,*,#1258,.T.);
#1625=ORIENTED_EDGE('',*,*,#1259,.T.);
#1626=ORIENTED_EDGE('',*,*,#1260,.T.);
#1627=ORIENTED_EDGE('',*,*,#1257,.F.);
#1628=ORIENTED_EDGE('',*,*,#1261,.T.);
#1629=ORIENTED_EDGE('',*,*,#1262,.T.);
#1630=ORIENTED_EDGE('',*,*,#1263,.T.);
#1631=ORIENTED_EDGE('',*,*,#1259,.F.);
#1632=ORIENTED_EDGE('',*,*,#1264,.T.);
#1633=ORIENTED_EDGE('',*,*,#1265,.T.);
#1634=ORIENTED_EDGE('',*,*,#1266,.T.);
#1635=ORIENTED_EDGE('',*,*,#1262,.F.);
#1636=ORIENTED_EDGE('',*,*,#1267,.T.);
#1637=ORIENTED_EDGE('',*,*,#1268,.T.);
#1638=ORIENTED_EDGE('',*,*,#1269,.T.);
#1639=ORIENTED_EDGE('',*,*,#1265,.F.);
#1640=ORIENTED_EDGE('',*,*,#1270,.T.);
#1641=ORIENTED_EDGE('',*,*,#1271,.T.);
#1642=ORIENTED_EDGE('',*,*,#1272,.T.);
#1643=ORIENTED_EDGE('',*,*,#1268,.F.);
#1644=ORIENTED_EDGE('',*,*,#1273,.T.);
#1645=ORIENTED_EDGE('',*,*,#1274,.T.);
#1646=ORIENTED_EDGE('',*,*,#1275,.T.);
#1647=ORIENTED_EDGE('',*,*,#1271,.F.);
#1648=ORIENTED_EDGE('',*,*,#1276,.T.);
#1649=ORIENTED_EDGE('',*,*,#1277,.T.);
#1650=ORIENTED_EDGE('',*,*,#1278,.T.);
#1651=ORIENTED_EDGE('',*,*,#1274,.F.);
#1652=ORIENTED_EDGE('',*,*,#1279,.T.);
#1653=ORIENTED_EDGE('',*,*,#1280,.T.);
#1654=ORIENTED_EDGE('',*,*,#1281,.T.);
#1655=ORIENTED_EDGE('',*,*,#1277,.F.);
#1656=ORIENTED_EDGE('',*,*,#1282,.T.);
#1657=ORIENTED_EDGE('',*,*,#1283,.T.);
#1658=ORIENTED_EDGE('',*,*,#1284,.T.);
#1659=ORIENTED_EDGE('',*,*,#1280,.F.);
#1660=ORIENTED_EDGE('',*,*,#1285,.T.);
#1661=ORIENTED_EDGE('',*,*,#1286,.T.);
#1662=ORIENTED_EDGE('',*,*,#1287,.T.);
#1663=ORIENTED_EDGE('',*,*,#1283,.F.);
#1664=ORIENTED_EDGE('',*,*,#1288,.T.);
#1665=ORIENTED_EDGE('',*,*,#1289,.T.);
#1666=ORIENTED_EDGE('',*,*,#1290,.T.);
#1667=ORIENTED_EDGE('',*,*,#1286,.F.);
#1668=ORIENTED_EDGE('',*,*,#1291,.T.);
#1669=ORIENTED_EDGE('',*,*,#1289,.F.);
#1670=ORIENTED_EDGE('',*,*,#1292,.T.);
#1671=ORIENTED_EDGE('',*,*,#1255,.F.);
#1672=ORIENTED_EDGE('',*,*,#1293,.T.);
#1673=ORIENTED_EDGE('',*,*,#1276,.F.);
#1674=ORIENTED_EDGE('',*,*,#1294,.T.);
#1675=ORIENTED_EDGE('',*,*,#1295,.F.);
#1676=ORIENTED_EDGE('',*,*,#1296,.T.);
#1677=ORIENTED_EDGE('',*,*,#1202,.T.);
#1678=ORIENTED_EDGE('',*,*,#1297,.T.);
#1679=ORIENTED_EDGE('',*,*,#1298,.T.);
#1680=ORIENTED_EDGE('',*,*,#1299,.T.);
#1681=ORIENTED_EDGE('',*,*,#1273,.F.);
#1682=ORIENTED_EDGE('',*,*,#1300,.F.);
#1683=ORIENTED_EDGE('',*,*,#1301,.F.);
#1684=ORIENTED_EDGE('',*,*,#1294,.F.);
#1685=ORIENTED_EDGE('',*,*,#1270,.F.);
#1686=ORIENTED_EDGE('',*,*,#1302,.T.);
#1687=ORIENTED_EDGE('',*,*,#1303,.F.);
#1688=ORIENTED_EDGE('',*,*,#1300,.T.);
#1689=ORIENTED_EDGE('',*,*,#1267,.F.);
#1690=ORIENTED_EDGE('',*,*,#1304,.T.);
#1691=ORIENTED_EDGE('',*,*,#1305,.F.);
#1692=ORIENTED_EDGE('',*,*,#1251,.F.);
#1693=ORIENTED_EDGE('',*,*,#1194,.F.);
#1694=ORIENTED_EDGE('',*,*,#1306,.T.);
#1695=ORIENTED_EDGE('',*,*,#1307,.F.);
#1696=ORIENTED_EDGE('',*,*,#1302,.F.);
#1697=ORIENTED_EDGE('',*,*,#1264,.F.);
#1698=ORIENTED_EDGE('',*,*,#1308,.F.);
#1699=ORIENTED_EDGE('',*,*,#1309,.F.);
#1700=ORIENTED_EDGE('',*,*,#1306,.F.);
#1701=ORIENTED_EDGE('',*,*,#1193,.F.);
#1702=ORIENTED_EDGE('',*,*,#1226,.F.);
#1703=ORIENTED_EDGE('',*,*,#1310,.F.);
#1704=ORIENTED_EDGE('',*,*,#1304,.F.);
#1705=ORIENTED_EDGE('',*,*,#1261,.F.);
#1706=ORIENTED_EDGE('',*,*,#1311,.T.);
#1707=ORIENTED_EDGE('',*,*,#1312,.F.);
#1708=ORIENTED_EDGE('',*,*,#1308,.T.);
#1709=ORIENTED_EDGE('',*,*,#1256,.F.);
#1710=ORIENTED_EDGE('',*,*,#1313,.F.);
#1711=ORIENTED_EDGE('',*,*,#1314,.F.);
#1712=ORIENTED_EDGE('',*,*,#1311,.F.);
#1713=ORIENTED_EDGE('',*,*,#1258,.F.);
#1714=ORIENTED_EDGE('',*,*,#1260,.F.);
#1715=ORIENTED_EDGE('',*,*,#1263,.F.);
#1716=ORIENTED_EDGE('',*,*,#1266,.F.);
#1717=ORIENTED_EDGE('',*,*,#1269,.F.);
#1718=ORIENTED_EDGE('',*,*,#1272,.F.);
#1719=ORIENTED_EDGE('',*,*,#1275,.F.);
#1720=ORIENTED_EDGE('',*,*,#1278,.F.);
#1721=ORIENTED_EDGE('',*,*,#1281,.F.);
#1722=ORIENTED_EDGE('',*,*,#1284,.F.);
#1723=ORIENTED_EDGE('',*,*,#1287,.F.);
#1724=ORIENTED_EDGE('',*,*,#1290,.F.);
#1725=ORIENTED_EDGE('',*,*,#1293,.F.);
#1726=ORIENTED_EDGE('',*,*,#1315,.T.);
#1727=ORIENTED_EDGE('',*,*,#1316,.F.);
#1728=ORIENTED_EDGE('',*,*,#1317,.F.);
#1729=ORIENTED_EDGE('',*,*,#1318,.T.);
#1730=ORIENTED_EDGE('',*,*,#1319,.T.);
#1731=ORIENTED_EDGE('',*,*,#1320,.T.);
#1732=ORIENTED_EDGE('',*,*,#1312,.T.);
#1733=ORIENTED_EDGE('',*,*,#1321,.T.);
#1734=ORIENTED_EDGE('',*,*,#1309,.T.);
#1735=ORIENTED_EDGE('',*,*,#1320,.F.);
#1736=ORIENTED_EDGE('',*,*,#1322,.T.);
#1737=ORIENTED_EDGE('',*,*,#1323,.T.);
#1738=ORIENTED_EDGE('',*,*,#1307,.T.);
#1739=ORIENTED_EDGE('',*,*,#1321,.F.);
#1740=ORIENTED_EDGE('',*,*,#1324,.T.);
#1741=ORIENTED_EDGE('',*,*,#1325,.T.);
#1742=ORIENTED_EDGE('',*,*,#1303,.T.);
#1743=ORIENTED_EDGE('',*,*,#1323,.F.);
#1744=ORIENTED_EDGE('',*,*,#1326,.T.);
#1745=ORIENTED_EDGE('',*,*,#1327,.T.);
#1746=ORIENTED_EDGE('',*,*,#1301,.T.);
#1747=ORIENTED_EDGE('',*,*,#1325,.F.);
#1748=ORIENTED_EDGE('',*,*,#1328,.T.);
#1749=ORIENTED_EDGE('',*,*,#1329,.T.);
#1750=ORIENTED_EDGE('',*,*,#1295,.T.);
#1751=ORIENTED_EDGE('',*,*,#1327,.F.);
#1752=ORIENTED_EDGE('',*,*,#1330,.T.);
#1753=ORIENTED_EDGE('',*,*,#1331,.T.);
#1754=ORIENTED_EDGE('',*,*,#1332,.T.);
#1755=ORIENTED_EDGE('',*,*,#1329,.F.);
#1756=ORIENTED_EDGE('',*,*,#1333,.T.);
#1757=ORIENTED_EDGE('',*,*,#1334,.T.);
#1758=ORIENTED_EDGE('',*,*,#1335,.T.);
#1759=ORIENTED_EDGE('',*,*,#1331,.F.);
#1760=ORIENTED_EDGE('',*,*,#1336,.T.);
#1761=ORIENTED_EDGE('',*,*,#1337,.T.);
#1762=ORIENTED_EDGE('',*,*,#1338,.T.);
#1763=ORIENTED_EDGE('',*,*,#1334,.F.);
#1764=ORIENTED_EDGE('',*,*,#1339,.T.);
#1765=ORIENTED_EDGE('',*,*,#1340,.T.);
#1766=ORIENTED_EDGE('',*,*,#1341,.T.);
#1767=ORIENTED_EDGE('',*,*,#1337,.F.);
#1768=ORIENTED_EDGE('',*,*,#1342,.T.);
#1769=ORIENTED_EDGE('',*,*,#1343,.T.);
#1770=ORIENTED_EDGE('',*,*,#1344,.T.);
#1771=ORIENTED_EDGE('',*,*,#1340,.F.);
#1772=ORIENTED_EDGE('',*,*,#1345,.T.);
#1773=ORIENTED_EDGE('',*,*,#1346,.T.);
#1774=ORIENTED_EDGE('',*,*,#1347,.T.);
#1775=ORIENTED_EDGE('',*,*,#1343,.F.);
#1776=ORIENTED_EDGE('',*,*,#1348,.T.);
#1777=ORIENTED_EDGE('',*,*,#1346,.F.);
#1778=ORIENTED_EDGE('',*,*,#1349,.T.);
#1779=ORIENTED_EDGE('',*,*,#1318,.F.);
#1780=ORIENTED_EDGE('',*,*,#1314,.T.);
#1781=ORIENTED_EDGE('',*,*,#1335,.F.);
#1782=ORIENTED_EDGE('',*,*,#1350,.T.);
#1783=ORIENTED_EDGE('',*,*,#1204,.F.);
#1784=ORIENTED_EDGE('',*,*,#1351,.F.);
#1785=ORIENTED_EDGE('',*,*,#1338,.F.);
#1786=ORIENTED_EDGE('',*,*,#1352,.F.);
#1787=ORIENTED_EDGE('',*,*,#1205,.F.);
#1788=ORIENTED_EDGE('',*,*,#1350,.F.);
#1789=ORIENTED_EDGE('',*,*,#1288,.F.);
#1790=ORIENTED_EDGE('',*,*,#1353,.T.);
#1791=ORIENTED_EDGE('',*,*,#1354,.T.);
#1792=ORIENTED_EDGE('',*,*,#1355,.T.);
#1793=ORIENTED_EDGE('',*,*,#1206,.T.);
#1794=ORIENTED_EDGE('',*,*,#1352,.T.);
#1795=ORIENTED_EDGE('',*,*,#1341,.F.);
#1796=ORIENTED_EDGE('',*,*,#1356,.T.);
#1797=ORIENTED_EDGE('',*,*,#1291,.F.);
#1798=ORIENTED_EDGE('',*,*,#1356,.F.);
#1799=ORIENTED_EDGE('',*,*,#1344,.F.);
#1800=ORIENTED_EDGE('',*,*,#1357,.F.);
#1801=ORIENTED_EDGE('',*,*,#1292,.F.);
#1802=ORIENTED_EDGE('',*,*,#1357,.T.);
#1803=ORIENTED_EDGE('',*,*,#1347,.F.);
#1804=ORIENTED_EDGE('',*,*,#1313,.T.);
#1805=ORIENTED_EDGE('',*,*,#1319,.F.);
#1806=ORIENTED_EDGE('',*,*,#1349,.F.);
#1807=ORIENTED_EDGE('',*,*,#1348,.F.);
#1808=ORIENTED_EDGE('',*,*,#1345,.F.);
#1809=ORIENTED_EDGE('',*,*,#1342,.F.);
#1810=ORIENTED_EDGE('',*,*,#1339,.F.);
#1811=ORIENTED_EDGE('',*,*,#1336,.F.);
#1812=ORIENTED_EDGE('',*,*,#1333,.F.);
#1813=ORIENTED_EDGE('',*,*,#1330,.F.);
#1814=ORIENTED_EDGE('',*,*,#1328,.F.);
#1815=ORIENTED_EDGE('',*,*,#1326,.F.);
#1816=ORIENTED_EDGE('',*,*,#1324,.F.);
#1817=ORIENTED_EDGE('',*,*,#1322,.F.);
#1818=ORIENTED_EDGE('',*,*,#1358,.T.);
#1819=ORIENTED_EDGE('',*,*,#1332,.F.);
#1820=ORIENTED_EDGE('',*,*,#1351,.T.);
#1821=ORIENTED_EDGE('',*,*,#1203,.F.);
#1822=ORIENTED_EDGE('',*,*,#1296,.F.);
#1823=ORIENTED_EDGE('',*,*,#1355,.F.);
#1824=ORIENTED_EDGE('',*,*,#1359,.F.);
#1825=ORIENTED_EDGE('',*,*,#1360,.T.);
#1826=ORIENTED_EDGE('',*,*,#1361,.T.);
#1827=ORIENTED_EDGE('',*,*,#1362,.T.);
#1828=ORIENTED_EDGE('',*,*,#1236,.T.);
#1829=ORIENTED_EDGE('',*,*,#1207,.F.);
#1830=ORIENTED_EDGE('',*,*,#1363,.T.);
#1831=ORIENTED_EDGE('',*,*,#1364,.T.);
#1832=ORIENTED_EDGE('',*,*,#1365,.T.);
#1833=ORIENTED_EDGE('',*,*,#1366,.T.);
#1834=ORIENTED_EDGE('',*,*,#1227,.T.);
#1835=ORIENTED_EDGE('',*,*,#1367,.T.);
#1836=ORIENTED_EDGE('',*,*,#1368,.F.);
#1837=ORIENTED_EDGE('',*,*,#1369,.T.);
#1838=ORIENTED_EDGE('',*,*,#1370,.T.);
#1839=ORIENTED_EDGE('',*,*,#1359,.T.);
#1840=ORIENTED_EDGE('',*,*,#1354,.F.);
#1841=ORIENTED_EDGE('',*,*,#1371,.T.);
#1842=ORIENTED_EDGE('',*,*,#1372,.T.);
#1843=ORIENTED_EDGE('',*,*,#1373,.T.);
#1844=ORIENTED_EDGE('',*,*,#1298,.F.);
#1845=ORIENTED_EDGE('',*,*,#1374,.T.);
#1846=ORIENTED_EDGE('',*,*,#1375,.T.);
#1847=ORIENTED_EDGE('',*,*,#1376,.T.);
#1848=ORIENTED_EDGE('',*,*,#1377,.F.);
#1849=ORIENTED_EDGE('',*,*,#1378,.T.);
#1850=ORIENTED_EDGE('',*,*,#1379,.T.);
#1851=ORIENTED_EDGE('',*,*,#1252,.T.);
#1852=ORIENTED_EDGE('',*,*,#1305,.T.);
#1853=ORIENTED_EDGE('',*,*,#1310,.T.);
#1854=ORIENTED_EDGE('',*,*,#1225,.T.);
#1855=ORIENTED_EDGE('',*,*,#1380,.T.);
#1856=ORIENTED_EDGE('',*,*,#1381,.T.);
#1857=ORIENTED_EDGE('',*,*,#1382,.T.);
#1858=ORIENTED_EDGE('',*,*,#1282,.F.);
#1859=ORIENTED_EDGE('',*,*,#1383,.F.);
#1860=ORIENTED_EDGE('',*,*,#1372,.F.);
#1861=ORIENTED_EDGE('',*,*,#1384,.T.);
#1862=ORIENTED_EDGE('',*,*,#1279,.F.);
#1863=ORIENTED_EDGE('',*,*,#1299,.F.);
#1864=ORIENTED_EDGE('',*,*,#1373,.F.);
#1865=ORIENTED_EDGE('',*,*,#1383,.T.);
#1866=ORIENTED_EDGE('',*,*,#1285,.F.);
#1867=ORIENTED_EDGE('',*,*,#1384,.F.);
#1868=ORIENTED_EDGE('',*,*,#1371,.F.);
#1869=ORIENTED_EDGE('',*,*,#1353,.F.);
#1870=ORIENTED_EDGE('',*,*,#1379,.F.);
#1871=ORIENTED_EDGE('',*,*,#1385,.F.);
#1872=ORIENTED_EDGE('',*,*,#1386,.T.);
#1873=ORIENTED_EDGE('',*,*,#1387,.F.);
#1874=ORIENTED_EDGE('',*,*,#1253,.T.);
#1875=ORIENTED_EDGE('',*,*,#1196,.F.);
#1876=ORIENTED_EDGE('',*,*,#1250,.T.);
#1877=ORIENTED_EDGE('',*,*,#1388,.T.);
#1878=ORIENTED_EDGE('',*,*,#1389,.F.);
#1879=ORIENTED_EDGE('',*,*,#1390,.F.);
#1880=ORIENTED_EDGE('',*,*,#1391,.F.);
#1881=ORIENTED_EDGE('',*,*,#1242,.T.);
#1882=ORIENTED_EDGE('',*,*,#1392,.T.);
#1883=ORIENTED_EDGE('',*,*,#1393,.F.);
#1884=ORIENTED_EDGE('',*,*,#1394,.F.);
#1885=ORIENTED_EDGE('',*,*,#1395,.T.);
#1886=ORIENTED_EDGE('',*,*,#1396,.T.);
#1887=ORIENTED_EDGE('',*,*,#1189,.F.);
#1888=ORIENTED_EDGE('',*,*,#1397,.T.);
#1889=ORIENTED_EDGE('',*,*,#1398,.T.);
#1890=ORIENTED_EDGE('',*,*,#1399,.T.);
#1891=ORIENTED_EDGE('',*,*,#1210,.T.);
#1892=ORIENTED_EDGE('',*,*,#1400,.T.);
#1893=ORIENTED_EDGE('',*,*,#1398,.F.);
#1894=ORIENTED_EDGE('',*,*,#1396,.F.);
#1895=ORIENTED_EDGE('',*,*,#1401,.F.);
#1896=ORIENTED_EDGE('',*,*,#1213,.F.);
#1897=ORIENTED_EDGE('',*,*,#1190,.T.);
#1898=ORIENTED_EDGE('',*,*,#1400,.F.);
#1899=ORIENTED_EDGE('',*,*,#1209,.F.);
#1900=ORIENTED_EDGE('',*,*,#1239,.F.);
#1901=ORIENTED_EDGE('',*,*,#1401,.T.);
#1902=ORIENTED_EDGE('',*,*,#1402,.T.);
#1903=ORIENTED_EDGE('',*,*,#1235,.F.);
#1904=ORIENTED_EDGE('',*,*,#1403,.T.);
#1905=ORIENTED_EDGE('',*,*,#1404,.T.);
#1906=ORIENTED_EDGE('',*,*,#1405,.T.);
#1907=ORIENTED_EDGE('',*,*,#1406,.T.);
#1908=ORIENTED_EDGE('',*,*,#1407,.T.);
#1909=ORIENTED_EDGE('',*,*,#1404,.F.);
#1910=ORIENTED_EDGE('',*,*,#1408,.T.);
#1911=ORIENTED_EDGE('',*,*,#1233,.T.);
#1912=ORIENTED_EDGE('',*,*,#1409,.T.);
#1913=ORIENTED_EDGE('',*,*,#1406,.F.);
#1914=ORIENTED_EDGE('',*,*,#1402,.F.);
#1915=ORIENTED_EDGE('',*,*,#1410,.F.);
#1916=ORIENTED_EDGE('',*,*,#1217,.F.);
#1917=ORIENTED_EDGE('',*,*,#1231,.T.);
#1918=ORIENTED_EDGE('',*,*,#1407,.F.);
#1919=ORIENTED_EDGE('',*,*,#1411,.F.);
#1920=ORIENTED_EDGE('',*,*,#1238,.F.);
#1921=ORIENTED_EDGE('',*,*,#1410,.T.);
#1922=ORIENTED_EDGE('',*,*,#1409,.F.);
#1923=ORIENTED_EDGE('',*,*,#1232,.F.);
#1924=ORIENTED_EDGE('',*,*,#1215,.F.);
#1925=ORIENTED_EDGE('',*,*,#1411,.T.);
#1926=ORIENTED_EDGE('',*,*,#1412,.T.);
#1927=ORIENTED_EDGE('',*,*,#1368,.T.);
#1928=ORIENTED_EDGE('',*,*,#1413,.T.);
#1929=ORIENTED_EDGE('',*,*,#1414,.T.);
#1930=ORIENTED_EDGE('',*,*,#1415,.T.);
#1931=ORIENTED_EDGE('',*,*,#1229,.T.);
#1932=ORIENTED_EDGE('',*,*,#1416,.T.);
#1933=ORIENTED_EDGE('',*,*,#1414,.F.);
#1934=ORIENTED_EDGE('',*,*,#1415,.F.);
#1935=ORIENTED_EDGE('',*,*,#1413,.F.);
#1936=ORIENTED_EDGE('',*,*,#1367,.F.);
#1937=ORIENTED_EDGE('',*,*,#1230,.T.);
#1938=ORIENTED_EDGE('',*,*,#1412,.F.);
#1939=ORIENTED_EDGE('',*,*,#1417,.F.);
#1940=ORIENTED_EDGE('',*,*,#1418,.F.);
#1941=ORIENTED_EDGE('',*,*,#1369,.F.);
#1942=ORIENTED_EDGE('',*,*,#1416,.F.);
#1943=ORIENTED_EDGE('',*,*,#1228,.F.);
#1944=ORIENTED_EDGE('',*,*,#1223,.F.);
#1945=ORIENTED_EDGE('',*,*,#1417,.T.);
#1946=ORIENTED_EDGE('',*,*,#1403,.F.);
#1947=ORIENTED_EDGE('',*,*,#1234,.T.);
#1948=ORIENTED_EDGE('',*,*,#1408,.F.);
#1949=ORIENTED_EDGE('',*,*,#1405,.F.);
#1950=ORIENTED_EDGE('',*,*,#1397,.F.);
#1951=ORIENTED_EDGE('',*,*,#1188,.T.);
#1952=ORIENTED_EDGE('',*,*,#1211,.F.);
#1953=ORIENTED_EDGE('',*,*,#1399,.F.);
#1954=ORIENTED_EDGE('',*,*,#1419,.T.);
#1955=ORIENTED_EDGE('',*,*,#1386,.F.);
#1956=ORIENTED_EDGE('',*,*,#1420,.T.);
#1957=ORIENTED_EDGE('',*,*,#1421,.T.);
#1958=ORIENTED_EDGE('',*,*,#1422,.T.);
#1959=ORIENTED_EDGE('',*,*,#1377,.T.);
#1960=ORIENTED_EDGE('',*,*,#1423,.T.);
#1961=ORIENTED_EDGE('',*,*,#1421,.F.);
#1962=ORIENTED_EDGE('',*,*,#1419,.F.);
#1963=ORIENTED_EDGE('',*,*,#1424,.F.);
#1964=ORIENTED_EDGE('',*,*,#1254,.F.);
#1965=ORIENTED_EDGE('',*,*,#1387,.T.);
#1966=ORIENTED_EDGE('',*,*,#1423,.F.);
#1967=ORIENTED_EDGE('',*,*,#1376,.F.);
#1968=ORIENTED_EDGE('',*,*,#1425,.T.);
#1969=ORIENTED_EDGE('',*,*,#1424,.T.);
#1970=ORIENTED_EDGE('',*,*,#1426,.T.);
#1971=ORIENTED_EDGE('',*,*,#1395,.F.);
#1972=ORIENTED_EDGE('',*,*,#1427,.T.);
#1973=ORIENTED_EDGE('',*,*,#1428,.T.);
#1974=ORIENTED_EDGE('',*,*,#1429,.T.);
#1975=ORIENTED_EDGE('',*,*,#1430,.T.);
#1976=ORIENTED_EDGE('',*,*,#1431,.T.);
#1977=ORIENTED_EDGE('',*,*,#1428,.F.);
#1978=ORIENTED_EDGE('',*,*,#1432,.T.);
#1979=ORIENTED_EDGE('',*,*,#1393,.T.);
#1980=ORIENTED_EDGE('',*,*,#1433,.T.);
#1981=ORIENTED_EDGE('',*,*,#1430,.F.);
#1982=ORIENTED_EDGE('',*,*,#1426,.F.);
#1983=ORIENTED_EDGE('',*,*,#1434,.F.);
#1984=ORIENTED_EDGE('',*,*,#1243,.F.);
#1985=ORIENTED_EDGE('',*,*,#1391,.T.);
#1986=ORIENTED_EDGE('',*,*,#1431,.F.);
#1987=ORIENTED_EDGE('',*,*,#1435,.F.);
#1988=ORIENTED_EDGE('',*,*,#1436,.T.);
#1989=ORIENTED_EDGE('',*,*,#1434,.T.);
#1990=ORIENTED_EDGE('',*,*,#1433,.F.);
#1991=ORIENTED_EDGE('',*,*,#1392,.F.);
#1992=ORIENTED_EDGE('',*,*,#1241,.F.);
#1993=ORIENTED_EDGE('',*,*,#1435,.T.);
#1994=ORIENTED_EDGE('',*,*,#1437,.T.);
#1995=ORIENTED_EDGE('',*,*,#1198,.T.);
#1996=ORIENTED_EDGE('',*,*,#1438,.T.);
#1997=ORIENTED_EDGE('',*,*,#1439,.T.);
#1998=ORIENTED_EDGE('',*,*,#1440,.T.);
#1999=ORIENTED_EDGE('',*,*,#1389,.T.);
#2000=ORIENTED_EDGE('',*,*,#1441,.T.);
#2001=ORIENTED_EDGE('',*,*,#1439,.F.);
#2002=ORIENTED_EDGE('',*,*,#1440,.F.);
#2003=ORIENTED_EDGE('',*,*,#1438,.F.);
#2004=ORIENTED_EDGE('',*,*,#1197,.F.);
#2005=ORIENTED_EDGE('',*,*,#1390,.T.);
#2006=ORIENTED_EDGE('',*,*,#1437,.F.);
#2007=ORIENTED_EDGE('',*,*,#1442,.F.);
#2008=ORIENTED_EDGE('',*,*,#1443,.T.);
#2009=ORIENTED_EDGE('',*,*,#1199,.F.);
#2010=ORIENTED_EDGE('',*,*,#1441,.F.);
#2011=ORIENTED_EDGE('',*,*,#1388,.F.);
#2012=ORIENTED_EDGE('',*,*,#1249,.F.);
#2013=ORIENTED_EDGE('',*,*,#1442,.T.);
#2014=ORIENTED_EDGE('',*,*,#1427,.F.);
#2015=ORIENTED_EDGE('',*,*,#1394,.T.);
#2016=ORIENTED_EDGE('',*,*,#1432,.F.);
#2017=ORIENTED_EDGE('',*,*,#1429,.F.);
#2018=ORIENTED_EDGE('',*,*,#1420,.F.);
#2019=ORIENTED_EDGE('',*,*,#1385,.T.);
#2020=ORIENTED_EDGE('',*,*,#1378,.F.);
#2021=ORIENTED_EDGE('',*,*,#1422,.F.);
#2022=ORIENTED_EDGE('',*,*,#1444,.F.);
#2023=ORIENTED_EDGE('',*,*,#1445,.T.);
#2024=ORIENTED_EDGE('',*,*,#1446,.F.);
#2025=ORIENTED_EDGE('',*,*,#1447,.F.);
#2026=ORIENTED_EDGE('',*,*,#1448,.T.);
#2027=ORIENTED_EDGE('',*,*,#1449,.F.);
#2028=ORIENTED_EDGE('',*,*,#1444,.T.);
#2029=ORIENTED_EDGE('',*,*,#1450,.T.);
#2030=ORIENTED_EDGE('',*,*,#1451,.F.);
#2031=ORIENTED_EDGE('',*,*,#1452,.F.);
#2032=ORIENTED_EDGE('',*,*,#1453,.F.);
#2033=ORIENTED_EDGE('',*,*,#1454,.F.);
#2034=ORIENTED_EDGE('',*,*,#1455,.F.);
#2035=ORIENTED_EDGE('',*,*,#1247,.T.);
#2036=ORIENTED_EDGE('',*,*,#1456,.F.);
#2037=ORIENTED_EDGE('',*,*,#1449,.T.);
#2038=ORIENTED_EDGE('',*,*,#1457,.T.);
#2039=ORIENTED_EDGE('',*,*,#1458,.T.);
#2040=ORIENTED_EDGE('',*,*,#1459,.F.);
#2041=ORIENTED_EDGE('',*,*,#1451,.T.);
#2042=ORIENTED_EDGE('',*,*,#1450,.F.);
#2043=ORIENTED_EDGE('',*,*,#1448,.F.);
#2044=ORIENTED_EDGE('',*,*,#1460,.T.);
#2045=ORIENTED_EDGE('',*,*,#1461,.F.);
#2046=ORIENTED_EDGE('',*,*,#1462,.F.);
#2047=ORIENTED_EDGE('',*,*,#1457,.F.);
#2048=ORIENTED_EDGE('',*,*,#1458,.F.);
#2049=ORIENTED_EDGE('',*,*,#1462,.T.);
#2050=ORIENTED_EDGE('',*,*,#1463,.T.);
#2051=ORIENTED_EDGE('',*,*,#1464,.T.);
#2052=ORIENTED_EDGE('',*,*,#1465,.F.);
#2053=ORIENTED_EDGE('',*,*,#1466,.T.);
#2054=ORIENTED_EDGE('',*,*,#1463,.F.);
#2055=ORIENTED_EDGE('',*,*,#1461,.T.);
#2056=ORIENTED_EDGE('',*,*,#1447,.T.);
#2057=ORIENTED_EDGE('',*,*,#1467,.F.);
#2058=ORIENTED_EDGE('',*,*,#1468,.T.);
#2059=ORIENTED_EDGE('',*,*,#1469,.F.);
#2060=ORIENTED_EDGE('',*,*,#1465,.T.);
#2061=ORIENTED_EDGE('',*,*,#1460,.F.);
#2062=ORIENTED_EDGE('',*,*,#1464,.F.);
#2063=ORIENTED_EDGE('',*,*,#1470,.T.);
#2064=ORIENTED_EDGE('',*,*,#1452,.T.);
#2065=ORIENTED_EDGE('',*,*,#1459,.T.);
#2066=ORIENTED_EDGE('',*,*,#1466,.F.);
#2067=ORIENTED_EDGE('',*,*,#1469,.T.);
#2068=ORIENTED_EDGE('',*,*,#1471,.T.);
#2069=ORIENTED_EDGE('',*,*,#1470,.F.);
#2070=ORIENTED_EDGE('',*,*,#1446,.T.);
#2071=ORIENTED_EDGE('',*,*,#1472,.F.);
#2072=ORIENTED_EDGE('',*,*,#1245,.F.);
#2073=ORIENTED_EDGE('',*,*,#1473,.F.);
#2074=ORIENTED_EDGE('',*,*,#1474,.F.);
#2075=ORIENTED_EDGE('',*,*,#1453,.T.);
#2076=ORIENTED_EDGE('',*,*,#1471,.F.);
#2077=ORIENTED_EDGE('',*,*,#1468,.F.);
#2078=ORIENTED_EDGE('',*,*,#1467,.T.);
#2079=ORIENTED_EDGE('',*,*,#1445,.F.);
#2080=ORIENTED_EDGE('',*,*,#1456,.T.);
#2081=ORIENTED_EDGE('',*,*,#1246,.F.);
#2082=ORIENTED_EDGE('',*,*,#1472,.T.);
#2083=ORIENTED_EDGE('',*,*,#1297,.F.);
#2084=ORIENTED_EDGE('',*,*,#1201,.F.);
#2085=ORIENTED_EDGE('',*,*,#1475,.F.);
#2086=ORIENTED_EDGE('',*,*,#1454,.T.);
#2087=ORIENTED_EDGE('',*,*,#1474,.T.);
#2088=ORIENTED_EDGE('',*,*,#1476,.F.);
#2089=ORIENTED_EDGE('',*,*,#1374,.F.);
#2090=ORIENTED_EDGE('',*,*,#1477,.T.);
#2091=ORIENTED_EDGE('',*,*,#1478,.T.);
#2092=ORIENTED_EDGE('',*,*,#1479,.T.);
#2093=ORIENTED_EDGE('',*,*,#1480,.T.);
#2094=ORIENTED_EDGE('',*,*,#1476,.T.);
#2095=ORIENTED_EDGE('',*,*,#1473,.T.);
#2096=ORIENTED_EDGE('',*,*,#1244,.F.);
#2097=ORIENTED_EDGE('',*,*,#1436,.F.);
#2098=ORIENTED_EDGE('',*,*,#1240,.F.);
#2099=ORIENTED_EDGE('',*,*,#1425,.F.);
#2100=ORIENTED_EDGE('',*,*,#1375,.F.);
#2101=ORIENTED_EDGE('',*,*,#1455,.T.);
#2102=ORIENTED_EDGE('',*,*,#1475,.T.);
#2103=ORIENTED_EDGE('',*,*,#1200,.F.);
#2104=ORIENTED_EDGE('',*,*,#1443,.F.);
#2105=ORIENTED_EDGE('',*,*,#1248,.F.);
#2106=ORIENTED_EDGE('',*,*,#1481,.F.);
#2107=ORIENTED_EDGE('',*,*,#1482,.T.);
#2108=ORIENTED_EDGE('',*,*,#1483,.F.);
#2109=ORIENTED_EDGE('',*,*,#1484,.F.);
#2110=ORIENTED_EDGE('',*,*,#1485,.T.);
#2111=ORIENTED_EDGE('',*,*,#1486,.F.);
#2112=ORIENTED_EDGE('',*,*,#1481,.T.);
#2113=ORIENTED_EDGE('',*,*,#1487,.T.);
#2114=ORIENTED_EDGE('',*,*,#1488,.F.);
#2115=ORIENTED_EDGE('',*,*,#1489,.F.);
#2116=ORIENTED_EDGE('',*,*,#1490,.F.);
#2117=ORIENTED_EDGE('',*,*,#1361,.F.);
#2118=ORIENTED_EDGE('',*,*,#1491,.F.);
#2119=ORIENTED_EDGE('',*,*,#1221,.T.);
#2120=ORIENTED_EDGE('',*,*,#1492,.F.);
#2121=ORIENTED_EDGE('',*,*,#1486,.T.);
#2122=ORIENTED_EDGE('',*,*,#1493,.T.);
#2123=ORIENTED_EDGE('',*,*,#1494,.T.);
#2124=ORIENTED_EDGE('',*,*,#1495,.F.);
#2125=ORIENTED_EDGE('',*,*,#1488,.T.);
#2126=ORIENTED_EDGE('',*,*,#1487,.F.);
#2127=ORIENTED_EDGE('',*,*,#1485,.F.);
#2128=ORIENTED_EDGE('',*,*,#1496,.T.);
#2129=ORIENTED_EDGE('',*,*,#1497,.F.);
#2130=ORIENTED_EDGE('',*,*,#1498,.F.);
#2131=ORIENTED_EDGE('',*,*,#1493,.F.);
#2132=ORIENTED_EDGE('',*,*,#1494,.F.);
#2133=ORIENTED_EDGE('',*,*,#1498,.T.);
#2134=ORIENTED_EDGE('',*,*,#1499,.T.);
#2135=ORIENTED_EDGE('',*,*,#1500,.T.);
#2136=ORIENTED_EDGE('',*,*,#1501,.F.);
#2137=ORIENTED_EDGE('',*,*,#1502,.T.);
#2138=ORIENTED_EDGE('',*,*,#1499,.F.);
#2139=ORIENTED_EDGE('',*,*,#1497,.T.);
#2140=ORIENTED_EDGE('',*,*,#1484,.T.);
#2141=ORIENTED_EDGE('',*,*,#1503,.F.);
#2142=ORIENTED_EDGE('',*,*,#1504,.T.);
#2143=ORIENTED_EDGE('',*,*,#1505,.F.);
#2144=ORIENTED_EDGE('',*,*,#1501,.T.);
#2145=ORIENTED_EDGE('',*,*,#1496,.F.);
#2146=ORIENTED_EDGE('',*,*,#1500,.F.);
#2147=ORIENTED_EDGE('',*,*,#1506,.T.);
#2148=ORIENTED_EDGE('',*,*,#1489,.T.);
#2149=ORIENTED_EDGE('',*,*,#1495,.T.);
#2150=ORIENTED_EDGE('',*,*,#1502,.F.);
#2151=ORIENTED_EDGE('',*,*,#1505,.T.);
#2152=ORIENTED_EDGE('',*,*,#1507,.T.);
#2153=ORIENTED_EDGE('',*,*,#1506,.F.);
#2154=ORIENTED_EDGE('',*,*,#1483,.T.);
#2155=ORIENTED_EDGE('',*,*,#1508,.F.);
#2156=ORIENTED_EDGE('',*,*,#1219,.F.);
#2157=ORIENTED_EDGE('',*,*,#1237,.F.);
#2158=ORIENTED_EDGE('',*,*,#1362,.F.);
#2159=ORIENTED_EDGE('',*,*,#1490,.T.);
#2160=ORIENTED_EDGE('',*,*,#1507,.F.);
#2161=ORIENTED_EDGE('',*,*,#1504,.F.);
#2162=ORIENTED_EDGE('',*,*,#1503,.T.);
#2163=ORIENTED_EDGE('',*,*,#1482,.F.);
#2164=ORIENTED_EDGE('',*,*,#1492,.T.);
#2165=ORIENTED_EDGE('',*,*,#1220,.F.);
#2166=ORIENTED_EDGE('',*,*,#1508,.T.);
#2167=ORIENTED_EDGE('',*,*,#1491,.T.);
#2168=ORIENTED_EDGE('',*,*,#1360,.F.);
#2169=ORIENTED_EDGE('',*,*,#1370,.F.);
#2170=ORIENTED_EDGE('',*,*,#1418,.T.);
#2171=ORIENTED_EDGE('',*,*,#1222,.T.);
#2172=ORIENTED_EDGE('',*,*,#1480,.F.);
#2173=ORIENTED_EDGE('',*,*,#1509,.T.);
#2174=ORIENTED_EDGE('',*,*,#1510,.T.);
#2175=ORIENTED_EDGE('',*,*,#1509,.F.);
#2176=ORIENTED_EDGE('',*,*,#1510,.F.);
#2177=ORIENTED_EDGE('',*,*,#1364,.F.);
#2178=ORIENTED_EDGE('',*,*,#1511,.T.);
#2179=ORIENTED_EDGE('',*,*,#1512,.T.);
#2180=ORIENTED_EDGE('',*,*,#1511,.F.);
#2181=ORIENTED_EDGE('',*,*,#1512,.F.);
#2182=ORIENTED_EDGE('',*,*,#1365,.F.);
#2183=ORIENTED_EDGE('',*,*,#1513,.T.);
#2184=ORIENTED_EDGE('',*,*,#1514,.T.);
#2185=ORIENTED_EDGE('',*,*,#1513,.F.);
#2186=ORIENTED_EDGE('',*,*,#1514,.F.);
#2187=ORIENTED_EDGE('',*,*,#1479,.F.);
#2188=ORIENTED_EDGE('',*,*,#1515,.T.);
#2189=ORIENTED_EDGE('',*,*,#1516,.T.);
#2190=ORIENTED_EDGE('',*,*,#1515,.F.);
#2191=ORIENTED_EDGE('',*,*,#1516,.F.);
#2192=ORIENTED_EDGE('',*,*,#1477,.F.);
#2193=ORIENTED_EDGE('',*,*,#1517,.T.);
#2194=ORIENTED_EDGE('',*,*,#1518,.T.);
#2195=ORIENTED_EDGE('',*,*,#1517,.F.);
#2196=ORIENTED_EDGE('',*,*,#1518,.F.);
#2197=ORIENTED_EDGE('',*,*,#1363,.F.);
#2198=ORIENTED_EDGE('',*,*,#1519,.T.);
#2199=ORIENTED_EDGE('',*,*,#1520,.T.);
#2200=ORIENTED_EDGE('',*,*,#1519,.F.);
#2201=ORIENTED_EDGE('',*,*,#1520,.F.);
#2202=ORIENTED_EDGE('',*,*,#1366,.F.);
#2203=ORIENTED_EDGE('',*,*,#1521,.T.);
#2204=ORIENTED_EDGE('',*,*,#1522,.T.);
#2205=ORIENTED_EDGE('',*,*,#1521,.F.);
#2206=ORIENTED_EDGE('',*,*,#1522,.F.);
#2207=ORIENTED_EDGE('',*,*,#1478,.F.);
#2208=ORIENTED_EDGE('',*,*,#1523,.T.);
#2209=ORIENTED_EDGE('',*,*,#1524,.T.);
#2210=ORIENTED_EDGE('',*,*,#1523,.F.);
#2211=ORIENTED_EDGE('',*,*,#1524,.F.);
#2212=ORIENTED_EDGE('',*,*,#1381,.F.);
#2213=ORIENTED_EDGE('',*,*,#1525,.T.);
#2214=ORIENTED_EDGE('',*,*,#1526,.T.);
#2215=ORIENTED_EDGE('',*,*,#1527,.F.);
#2216=ORIENTED_EDGE('',*,*,#1382,.F.);
#2217=ORIENTED_EDGE('',*,*,#1527,.T.);
#2218=ORIENTED_EDGE('',*,*,#1528,.T.);
#2219=ORIENTED_EDGE('',*,*,#1525,.F.);
#2220=ORIENTED_EDGE('',*,*,#1528,.F.);
#2221=ORIENTED_EDGE('',*,*,#1526,.F.);
#2222=ORIENTED_EDGE('',*,*,#1529,.F.);
#2223=ORIENTED_EDGE('',*,*,#1530,.F.);
#2224=ORIENTED_EDGE('',*,*,#1380,.F.);
#2225=ORIENTED_EDGE('',*,*,#1531,.T.);
#2226=ORIENTED_EDGE('',*,*,#1532,.T.);
#2227=ORIENTED_EDGE('',*,*,#1531,.F.);
#2228=ORIENTED_EDGE('',*,*,#1532,.F.);
#2229=ORIENTED_EDGE('',*,*,#1533,.F.);
#2230=ORIENTED_EDGE('',*,*,#1534,.T.);
#2231=ORIENTED_EDGE('',*,*,#1535,.T.);
#2232=ORIENTED_EDGE('',*,*,#1358,.F.);
#2233=ORIENTED_EDGE('',*,*,#1535,.F.);
#2234=ORIENTED_EDGE('',*,*,#1534,.F.);
#2235=ORIENTED_EDGE('',*,*,#1536,.T.);
#2236=ORIENTED_EDGE('',*,*,#1536,.F.);
#2237=ORIENTED_EDGE('',*,*,#1537,.T.);
#2238=ORIENTED_EDGE('',*,*,#1212,.F.);
#2239=ORIENTED_EDGE('',*,*,#1537,.F.);
#2240=ORIENTED_EDGE('',*,*,#1538,.F.);
#2241=ORIENTED_EDGE('',*,*,#1539,.T.);
#2242=ORIENTED_EDGE('',*,*,#1315,.F.);
#2243=ORIENTED_EDGE('',*,*,#1539,.F.);
#2244=ORIENTED_EDGE('',*,*,#1538,.T.);
#2245=ORIENTED_EDGE('',*,*,#1540,.T.);
#2246=ORIENTED_EDGE('',*,*,#1530,.T.);
#2247=ORIENTED_EDGE('',*,*,#1541,.T.);
#2248=ORIENTED_EDGE('',*,*,#1317,.T.);
#2249=ORIENTED_EDGE('',*,*,#1541,.F.);
#2250=ORIENTED_EDGE('',*,*,#1533,.T.);
#2251=ORIENTED_EDGE('',*,*,#1542,.T.);
#2252=ORIENTED_EDGE('',*,*,#1540,.F.);
#2253=ORIENTED_EDGE('',*,*,#1542,.F.);
#2254=ORIENTED_EDGE('',*,*,#1529,.T.);
#2255=ORIENTED_EDGE('',*,*,#1543,.T.);
#2256=ORIENTED_EDGE('',*,*,#1316,.T.);
#2257=ORIENTED_EDGE('',*,*,#1543,.F.);
#2258=PLANE('',#2478);
#2259=PLANE('',#2480);
#2260=PLANE('',#2490);
#2261=PLANE('',#2491);
#2262=PLANE('',#2493);
#2263=PLANE('',#2497);
#2264=PLANE('',#2543);
#2265=PLANE('',#2549);
#2266=PLANE('',#2554);
#2267=PLANE('',#2596);
#2268=PLANE('',#2599);
#2269=PLANE('',#2601);
#2270=PLANE('',#2603);
#2271=PLANE('',#2604);
#2272=PLANE('',#2609);
#2273=PLANE('',#2619);
#2274=PLANE('',#2620);
#2275=PLANE('',#2621);
#2276=PLANE('',#2623);
#2277=PLANE('',#2625);
#2278=PLANE('',#2631);
#2279=PLANE('',#2632);
#2280=PLANE('',#2638);
#2281=PLANE('',#2639);
#2282=PLANE('',#2640);
#2283=PLANE('',#2644);
#2284=PLANE('',#2645);
#2285=PLANE('',#2646);
#2286=PLANE('',#2647);
#2287=PLANE('',#2648);
#2288=PLANE('',#2652);
#2289=PLANE('',#2653);
#2290=PLANE('',#2659);
#2291=PLANE('',#2660);
#2292=PLANE('',#2661);
#2293=PLANE('',#2665);
#2294=PLANE('',#2666);
#2295=PLANE('',#2667);
#2296=PLANE('',#2668);
#2297=PLANE('',#2669);
#2298=PLANE('',#2670);
#2299=PLANE('',#2671);
#2300=PLANE('',#2673);
#2301=PLANE('',#2675);
#2302=PLANE('',#2676);
#2303=PLANE('',#2683);
#2304=PLANE('',#2684);
#2305=PLANE('',#2686);
#2306=PLANE('',#2688);
#2307=PLANE('',#2692);
#2308=PLANE('',#2695);
#2309=PLANE('',#2698);
#2310=PLANE('',#2701);
#2311=PLANE('',#2704);
#2312=PLANE('',#2707);
#2313=PLANE('',#2710);
#2314=PLANE('',#2713);
#2315=PLANE('',#2718);
#2316=PLANE('',#2723);
#2317=PLANE('',#2727);
#2318=PLANE('',#2732);
#2319=ADVANCED_FACE('',(#283),#2258,.T.);
#2320=ADVANCED_FACE('',(#284,#151),#2259,.F.);
#2321=ADVANCED_FACE('',(#285),#2260,.T.);
#2322=ADVANCED_FACE('',(#286),#2261,.T.);
#2323=ADVANCED_FACE('',(#287),#2262,.T.);
#2324=ADVANCED_FACE('',(#288),#98,.T.);
#2325=ADVANCED_FACE('',(#289),#2263,.T.);
#2326=ADVANCED_FACE('',(#290),#34,.T.);
#2327=ADVANCED_FACE('',(#291),#35,.T.);
#2328=ADVANCED_FACE('',(#292),#99,.T.);
#2329=ADVANCED_FACE('',(#293),#36,.T.);
#2330=ADVANCED_FACE('',(#294),#37,.T.);
#2331=ADVANCED_FACE('',(#295),#100,.T.);
#2332=ADVANCED_FACE('',(#296),#38,.T.);
#2333=ADVANCED_FACE('',(#297),#101,.T.);
#2334=ADVANCED_FACE('',(#298),#39,.T.);
#2335=ADVANCED_FACE('',(#299),#102,.T.);
#2336=ADVANCED_FACE('',(#300),#40,.T.);
#2337=ADVANCED_FACE('',(#301),#103,.T.);
#2338=ADVANCED_FACE('',(#302),#41,.T.);
#2339=ADVANCED_FACE('',(#303),#104,.T.);
#2340=ADVANCED_FACE('',(#304),#2264,.T.);
#2341=ADVANCED_FACE('',(#305),#105,.T.);
#2342=ADVANCED_FACE('',(#306),#106,.T.);
#2343=ADVANCED_FACE('',(#307),#2265,.T.);
#2344=ADVANCED_FACE('',(#308),#107,.T.);
#2345=ADVANCED_FACE('',(#309),#108,.T.);
#2346=ADVANCED_FACE('',(#310,#152,#153,#154),#2266,.F.);
#2347=ADVANCED_FACE('',(#311),#42,.T.);
#2348=ADVANCED_FACE('',(#312),#109,.T.);
#2349=ADVANCED_FACE('',(#313),#43,.T.);
#2350=ADVANCED_FACE('',(#314),#44,.T.);
#2351=ADVANCED_FACE('',(#315),#110,.T.);
#2352=ADVANCED_FACE('',(#316),#45,.T.);
#2353=ADVANCED_FACE('',(#317),#111,.T.);
#2354=ADVANCED_FACE('',(#318),#46,.T.);
#2355=ADVANCED_FACE('',(#319),#112,.T.);
#2356=ADVANCED_FACE('',(#320),#47,.T.);
#2357=ADVANCED_FACE('',(#321),#113,.T.);
#2358=ADVANCED_FACE('',(#322),#48,.T.);
#2359=ADVANCED_FACE('',(#323),#49,.T.);
#2360=ADVANCED_FACE('',(#324),#114,.T.);
#2361=ADVANCED_FACE('',(#325),#2267,.F.);
#2362=ADVANCED_FACE('',(#326),#115,.T.);
#2363=ADVANCED_FACE('',(#327),#2268,.T.);
#2364=ADVANCED_FACE('',(#328),#116,.T.);
#2365=ADVANCED_FACE('',(#329,#155),#2269,.T.);
#2366=ADVANCED_FACE('',(#330),#2270,.F.);
#2367=ADVANCED_FACE('',(#331,#156,#157,#158,#159),#2271,.T.);
#2368=ADVANCED_FACE('',(#332,#160,#161),#2272,.T.);
#2369=ADVANCED_FACE('',(#333),#117,.T.);
#2370=ADVANCED_FACE('',(#334),#2273,.F.);
#2371=ADVANCED_FACE('',(#335),#2274,.F.);
#2372=ADVANCED_FACE('',(#336),#2275,.T.);
#2373=ADVANCED_FACE('',(#337),#2276,.T.);
#2374=ADVANCED_FACE('',(#338),#2277,.T.);
#2375=ADVANCED_FACE('',(#339),#118,.T.);
#2376=ADVANCED_FACE('',(#340),#119,.T.);
#2377=ADVANCED_FACE('',(#341),#2278,.T.);
#2378=ADVANCED_FACE('',(#342),#2279,.T.);
#2379=ADVANCED_FACE('',(#343),#120,.T.);
#2380=ADVANCED_FACE('',(#344),#121,.T.);
#2381=ADVANCED_FACE('',(#345),#122,.T.);
#2382=ADVANCED_FACE('',(#346),#2280,.T.);
#2383=ADVANCED_FACE('',(#347),#2281,.T.);
#2384=ADVANCED_FACE('',(#348),#2282,.T.);
#2385=ADVANCED_FACE('',(#349),#123,.T.);
#2386=ADVANCED_FACE('',(#350),#124,.T.);
#2387=ADVANCED_FACE('',(#351),#2283,.T.);
#2388=ADVANCED_FACE('',(#352),#2284,.T.);
#2389=ADVANCED_FACE('',(#353),#2285,.T.);
#2390=ADVANCED_FACE('',(#354),#2286,.T.);
#2391=ADVANCED_FACE('',(#355),#2287,.T.);
#2392=ADVANCED_FACE('',(#356),#125,.T.);
#2393=ADVANCED_FACE('',(#357),#126,.T.);
#2394=ADVANCED_FACE('',(#358),#2288,.T.);
#2395=ADVANCED_FACE('',(#359),#2289,.T.);
#2396=ADVANCED_FACE('',(#360),#127,.T.);
#2397=ADVANCED_FACE('',(#361),#128,.T.);
#2398=ADVANCED_FACE('',(#362),#129,.T.);
#2399=ADVANCED_FACE('',(#363),#2290,.T.);
#2400=ADVANCED_FACE('',(#364),#2291,.T.);
#2401=ADVANCED_FACE('',(#365),#2292,.T.);
#2402=ADVANCED_FACE('',(#366),#130,.T.);
#2403=ADVANCED_FACE('',(#367),#131,.T.);
#2404=ADVANCED_FACE('',(#368),#2293,.T.);
#2405=ADVANCED_FACE('',(#369),#2294,.T.);
#2406=ADVANCED_FACE('',(#370),#2295,.T.);
#2407=ADVANCED_FACE('',(#371),#2296,.T.);
#2408=ADVANCED_FACE('',(#372),#2297,.T.);
#2409=ADVANCED_FACE('',(#373),#20,.T.);
#2410=ADVANCED_FACE('',(#374),#16,.T.);
#2411=ADVANCED_FACE('',(#375),#2298,.T.);
#2412=ADVANCED_FACE('',(#376),#2299,.T.);
#2413=ADVANCED_FACE('',(#377),#21,.T.);
#2414=ADVANCED_FACE('',(#378),#22,.T.);
#2415=ADVANCED_FACE('',(#379),#2300,.T.);
#2416=ADVANCED_FACE('',(#380),#23,.F.);
#2417=ADVANCED_FACE('',(#381),#24,.F.);
#2418=ADVANCED_FACE('',(#382),#17,.T.);
#2419=ADVANCED_FACE('',(#383),#2301,.F.);
#2420=ADVANCED_FACE('',(#384,#162,#163,#164,#165),#2302,.T.);
#2421=ADVANCED_FACE('',(#385),#132,.T.);
#2422=ADVANCED_FACE('',(#386),#133,.T.);
#2423=ADVANCED_FACE('',(#387),#25,.T.);
#2424=ADVANCED_FACE('',(#388),#18,.T.);
#2425=ADVANCED_FACE('',(#389),#2303,.T.);
#2426=ADVANCED_FACE('',(#390),#2304,.T.);
#2427=ADVANCED_FACE('',(#391),#26,.T.);
#2428=ADVANCED_FACE('',(#392),#27,.T.);
#2429=ADVANCED_FACE('',(#393),#2305,.T.);
#2430=ADVANCED_FACE('',(#394),#28,.F.);
#2431=ADVANCED_FACE('',(#395),#29,.F.);
#2432=ADVANCED_FACE('',(#396),#19,.T.);
#2433=ADVANCED_FACE('',(#397),#2306,.F.);
#2434=ADVANCED_FACE('',(#398),#134,.T.);
#2435=ADVANCED_FACE('',(#399),#135,.F.);
#2436=ADVANCED_FACE('',(#400),#2307,.T.);
#2437=ADVANCED_FACE('',(#401),#136,.F.);
#2438=ADVANCED_FACE('',(#402),#2308,.T.);
#2439=ADVANCED_FACE('',(#403),#137,.F.);
#2440=ADVANCED_FACE('',(#404),#2309,.T.);
#2441=ADVANCED_FACE('',(#405),#138,.F.);
#2442=ADVANCED_FACE('',(#406),#2310,.T.);
#2443=ADVANCED_FACE('',(#407),#139,.F.);
#2444=ADVANCED_FACE('',(#408),#2311,.T.);
#2445=ADVANCED_FACE('',(#409),#140,.F.);
#2446=ADVANCED_FACE('',(#410),#2312,.T.);
#2447=ADVANCED_FACE('',(#411),#141,.F.);
#2448=ADVANCED_FACE('',(#412),#2313,.T.);
#2449=ADVANCED_FACE('',(#413),#142,.F.);
#2450=ADVANCED_FACE('',(#414),#2314,.T.);
#2451=ADVANCED_FACE('',(#415),#143,.F.);
#2452=ADVANCED_FACE('',(#416),#144,.F.);
#2453=ADVANCED_FACE('',(#417,#166,#167),#2315,.T.);
#2454=ADVANCED_FACE('',(#418),#145,.F.);
#2455=ADVANCED_FACE('',(#419,#168),#2316,.T.);
#2456=ADVANCED_FACE('',(#420),#15,.T.);
#2457=ADVANCED_FACE('',(#421,#169),#2317,.T.);
#2458=ADVANCED_FACE('',(#422),#146,.F.);
#2459=ADVANCED_FACE('',(#423),#147,.T.);
#2460=ADVANCED_FACE('',(#424,#170),#2318,.F.);
#2461=ADVANCED_FACE('',(#425),#148,.F.);
#2462=ADVANCED_FACE('',(#426),#149,.F.);
#2463=ADVANCED_FACE('',(#427),#150,.F.);
#2464=CLOSED_SHELL('',(#2319,#2320,#2321,#2322,#2323,#2324,#2325,#2326,
#2327,#2328,#2329,#2330,#2331,#2332,#2333,#2334,#2335,#2336,#2337,#2338,
#2339,#2340,#2341,#2342,#2343,#2344,#2345,#2346,#2347,#2348,#2349,#2350,
#2351,#2352,#2353,#2354,#2355,#2356,#2357,#2358,#2359,#2360,#2361,#2362,
#2363,#2364,#2365,#2366,#2367,#2368,#2369,#2370,#2371,#2372,#2373,#2374,
#2375,#2376,#2377,#2378,#2379,#2380,#2381,#2382,#2383,#2384,#2385,#2386,
#2387,#2388,#2389,#2390,#2391,#2392,#2393,#2394,#2395,#2396,#2397,#2398,
#2399,#2400,#2401,#2402,#2403,#2404,#2405,#2406,#2407,#2408,#2409,#2410,
#2411,#2412,#2413,#2414,#2415,#2416,#2417,#2418,#2419,#2420,#2421,#2422,
#2423,#2424,#2425,#2426,#2427,#2428,#2429,#2430,#2431,#2432,#2433,#2434,
#2435,#2436,#2437,#2438,#2439,#2440,#2441,#2442,#2443,#2444,#2445,#2446,
#2447,#2448,#2449,#2450,#2451,#2452,#2453,#2454,#2455,#2456,#2457,#2458,
#2459,#2460,#2461,#2462,#2463));
#2465=DERIVED_UNIT_ELEMENT(#2467,1.);
#2466=DERIVED_UNIT_ELEMENT(#5168,-3.);
#2467=(
MASS_UNIT()
NAMED_UNIT(*)
SI_UNIT(.KILO.,.GRAM.)
);
#2468=DERIVED_UNIT((#2465,#2466));
#2469=MEASURE_REPRESENTATION_ITEM('density measure',
POSITIVE_RATIO_MEASURE(7850.),#2468);
#2470=PROPERTY_DEFINITION_REPRESENTATION(#2475,#2472);
#2471=PROPERTY_DEFINITION_REPRESENTATION(#2476,#2473);
#2472=REPRESENTATION('material name',(#2474),#5165);
#2473=REPRESENTATION('density',(#2469),#5165);
#2474=DESCRIPTIVE_REPRESENTATION_ITEM('Steel','Steel');
#2475=PROPERTY_DEFINITION('material property','material name',#5175);
#2476=PROPERTY_DEFINITION('material property','density of part',#5175);
#2477=AXIS2_PLACEMENT_3D('',#3434,#2737,#2738);
#2478=AXIS2_PLACEMENT_3D('',#3435,#2739,#2740);
#2479=AXIS2_PLACEMENT_3D('',#3442,#2743,#2744);
#2480=AXIS2_PLACEMENT_3D('',#3446,#2747,#2748);
#2481=AXIS2_PLACEMENT_3D('',#3452,#2751,#2752);
#2482=AXIS2_PLACEMENT_3D('',#3460,#2756,#2757);
#2483=AXIS2_PLACEMENT_3D('',#3464,#2759,#2760);
#2484=AXIS2_PLACEMENT_3D('',#3468,#2762,#2763);
#2485=AXIS2_PLACEMENT_3D('',#3472,#2765,#2766);
#2486=AXIS2_PLACEMENT_3D('',#3476,#2768,#2769);
#2487=AXIS2_PLACEMENT_3D('',#3480,#2771,#2772);
#2488=AXIS2_PLACEMENT_3D('',#3484,#2774,#2775);
#2489=AXIS2_PLACEMENT_3D('',#3487,#2777,#2778);
#2490=AXIS2_PLACEMENT_3D('',#3488,#2779,#2780);
#2491=AXIS2_PLACEMENT_3D('',#3516,#2795,#2796);
#2492=AXIS2_PLACEMENT_3D('',#3522,#2799,#2800);
#2493=AXIS2_PLACEMENT_3D('',#3524,#2802,#2803);
#2494=AXIS2_PLACEMENT_3D('',#3530,#2806,#2807);
#2495=AXIS2_PLACEMENT_3D('',#3533,#2809,#2810);
#2496=AXIS2_PLACEMENT_3D('',#3534,#2811,#2812);
#2497=AXIS2_PLACEMENT_3D('',#3551,#2816,#2817);
#2498=AXIS2_PLACEMENT_3D('',#3581,#2833,#2834);
#2499=AXIS2_PLACEMENT_3D('',#3584,#2835,#2836);
#2500=AXIS2_PLACEMENT_3D('',#3586,#2837,#2838);
#2501=AXIS2_PLACEMENT_3D('',#3588,#2839,#2840);
#2502=AXIS2_PLACEMENT_3D('',#3589,#2841,#2842);
#2503=AXIS2_PLACEMENT_3D('',#3590,#2843,#2844);
#2504=AXIS2_PLACEMENT_3D('',#3593,#2845,#2846);
#2505=AXIS2_PLACEMENT_3D('',#3594,#2847,#2848);
#2506=AXIS2_PLACEMENT_3D('',#3595,#2849,#2850);
#2507=AXIS2_PLACEMENT_3D('',#3596,#2851,#2852);
#2508=AXIS2_PLACEMENT_3D('',#3599,#2853,#2854);
#2509=AXIS2_PLACEMENT_3D('',#3602,#2857,#2858);
#2510=AXIS2_PLACEMENT_3D('',#3605,#2859,#2860);
#2511=AXIS2_PLACEMENT_3D('',#3606,#2861,#2862);
#2512=AXIS2_PLACEMENT_3D('',#3607,#2863,#2864);
#2513=AXIS2_PLACEMENT_3D('',#3608,#2865,#2866);
#2514=AXIS2_PLACEMENT_3D('',#3611,#2867,#2868);
#2515=AXIS2_PLACEMENT_3D('',#3612,#2869,#2870);
#2516=AXIS2_PLACEMENT_3D('',#3613,#2871,#2872);
#2517=AXIS2_PLACEMENT_3D('',#3614,#2873,#2874);
#2518=AXIS2_PLACEMENT_3D('',#3617,#2875,#2876);
#2519=AXIS2_PLACEMENT_3D('',#3620,#2879,#2880);
#2520=AXIS2_PLACEMENT_3D('',#3623,#2881,#2882);
#2521=AXIS2_PLACEMENT_3D('',#3624,#2883,#2884);
#2522=AXIS2_PLACEMENT_3D('',#3625,#2885,#2886);
#2523=AXIS2_PLACEMENT_3D('',#3626,#2887,#2888);
#2524=AXIS2_PLACEMENT_3D('',#3629,#2889,#2890);
#2525=AXIS2_PLACEMENT_3D('',#3632,#2893,#2894);
#2526=AXIS2_PLACEMENT_3D('',#3635,#2895,#2896);
#2527=AXIS2_PLACEMENT_3D('',#3636,#2897,#2898);
#2528=AXIS2_PLACEMENT_3D('',#3637,#2899,#2900);
#2529=AXIS2_PLACEMENT_3D('',#3638,#2901,#2902);
#2530=AXIS2_PLACEMENT_3D('',#3641,#2903,#2904);
#2531=AXIS2_PLACEMENT_3D('',#3644,#2907,#2908);
#2532=AXIS2_PLACEMENT_3D('',#3647,#2909,#2910);
#2533=AXIS2_PLACEMENT_3D('',#3648,#2911,#2912);
#2534=AXIS2_PLACEMENT_3D('',#3649,#2913,#2914);
#2535=AXIS2_PLACEMENT_3D('',#3650,#2915,#2916);
#2536=AXIS2_PLACEMENT_3D('',#3653,#2917,#2918);
#2537=AXIS2_PLACEMENT_3D('',#3656,#2921,#2922);
#2538=AXIS2_PLACEMENT_3D('',#3657,#2923,#2924);
#2539=AXIS2_PLACEMENT_3D('',#3658,#2925,#2926);
#2540=AXIS2_PLACEMENT_3D('',#3659,#2927,#2928);
#2541=AXIS2_PLACEMENT_3D('',#3663,#2930,#2931);
#2542=AXIS2_PLACEMENT_3D('',#3668,#2934,#2935);
#2543=AXIS2_PLACEMENT_3D('',#3670,#2937,#2938);
#2544=AXIS2_PLACEMENT_3D('',#3674,#2941,#2942);
#2545=AXIS2_PLACEMENT_3D('',#3677,#2944,#2945);
#2546=AXIS2_PLACEMENT_3D('',#3678,#2946,#2947);
#2547=AXIS2_PLACEMENT_3D('',#3681,#2949,#2950);
#2548=AXIS2_PLACEMENT_3D('',#3684,#2952,#2953);
#2549=AXIS2_PLACEMENT_3D('',#3685,#2954,#2955);
#2550=AXIS2_PLACEMENT_3D('',#3690,#2959,#2960);
#2551=AXIS2_PLACEMENT_3D('',#3693,#2962,#2963);
#2552=AXIS2_PLACEMENT_3D('',#3694,#2964,#2965);
#2553=AXIS2_PLACEMENT_3D('',#3697,#2967,#2968);
#2554=AXIS2_PLACEMENT_3D('',#3698,#2969,#2970);
#2555=AXIS2_PLACEMENT_3D('',#3700,#2971,#2972);
#2556=AXIS2_PLACEMENT_3D('',#3702,#2973,#2974);
#2557=AXIS2_PLACEMENT_3D('',#3704,#2975,#2976);
#2558=AXIS2_PLACEMENT_3D('',#3705,#2977,#2978);
#2559=AXIS2_PLACEMENT_3D('',#3707,#2979,#2980);
#2560=AXIS2_PLACEMENT_3D('',#3709,#2981,#2982);
#2561=AXIS2_PLACEMENT_3D('',#3710,#2983,#2984);
#2562=AXIS2_PLACEMENT_3D('',#3711,#2985,#2986);
#2563=AXIS2_PLACEMENT_3D('',#3713,#2987,#2988);
#2564=AXIS2_PLACEMENT_3D('',#3715,#2990,#2991);
#2565=AXIS2_PLACEMENT_3D('',#3717,#2992,#2993);
#2566=AXIS2_PLACEMENT_3D('',#3718,#2994,#2995);
#2567=AXIS2_PLACEMENT_3D('',#3719,#2996,#2997);
#2568=AXIS2_PLACEMENT_3D('',#3721,#2998,#2999);
#2569=AXIS2_PLACEMENT_3D('',#3722,#3000,#3001);
#2570=AXIS2_PLACEMENT_3D('',#3723,#3002,#3003);
#2571=AXIS2_PLACEMENT_3D('',#3725,#3004,#3005);
#2572=AXIS2_PLACEMENT_3D('',#3727,#3007,#3008);
#2573=AXIS2_PLACEMENT_3D('',#3729,#3009,#3010);
#2574=AXIS2_PLACEMENT_3D('',#3730,#3011,#3012);
#2575=AXIS2_PLACEMENT_3D('',#3731,#3013,#3014);
#2576=AXIS2_PLACEMENT_3D('',#3734,#3015,#3016);
#2577=AXIS2_PLACEMENT_3D('',#3737,#3019,#3020);
#2578=AXIS2_PLACEMENT_3D('',#3740,#3021,#3022);
#2579=AXIS2_PLACEMENT_3D('',#3741,#3023,#3024);
#2580=AXIS2_PLACEMENT_3D('',#3742,#3025,#3026);
#2581=AXIS2_PLACEMENT_3D('',#3743,#3027,#3028);
#2582=AXIS2_PLACEMENT_3D('',#3746,#3029,#3030);
#2583=AXIS2_PLACEMENT_3D('',#3749,#3033,#3034);
#2584=AXIS2_PLACEMENT_3D('',#3752,#3035,#3036);
#2585=AXIS2_PLACEMENT_3D('',#3753,#3037,#3038);
#2586=AXIS2_PLACEMENT_3D('',#3754,#3039,#3040);
#2587=AXIS2_PLACEMENT_3D('',#3755,#3041,#3042);
#2588=AXIS2_PLACEMENT_3D('',#3758,#3043,#3044);
#2589=AXIS2_PLACEMENT_3D('',#3761,#3047,#3048);
#2590=AXIS2_PLACEMENT_3D('',#3763,#3049,#3050);
#2591=AXIS2_PLACEMENT_3D('',#3764,#3051,#3052);
#2592=AXIS2_PLACEMENT_3D('',#3765,#3053,#3054);
#2593=AXIS2_PLACEMENT_3D('',#3766,#3055,#3056);
#2594=AXIS2_PLACEMENT_3D('',#3767,#3057,#3058);
#2595=AXIS2_PLACEMENT_3D('',#3768,#3059,#3060);
#2596=AXIS2_PLACEMENT_3D('',#3771,#3063,#3064);
#2597=AXIS2_PLACEMENT_3D('',#3773,#3066,#3067);
#2598=AXIS2_PLACEMENT_3D('',#3777,#3069,#3070);
#2599=AXIS2_PLACEMENT_3D('',#3780,#3073,#3074);
#2600=AXIS2_PLACEMENT_3D('',#3782,#3076,#3077);
#2601=AXIS2_PLACEMENT_3D('',#3783,#3078,#3079);
#2602=AXIS2_PLACEMENT_3D('',#3785,#3080,#3081);
#2603=AXIS2_PLACEMENT_3D('',#3786,#3082,#3083);
#2604=AXIS2_PLACEMENT_3D('',#3787,#3084,#3085);
#2605=AXIS2_PLACEMENT_3D('',#3826,#3088,#3089);
#2606=AXIS2_PLACEMENT_3D('',#3828,#3090,#3091);
#2607=AXIS2_PLACEMENT_3D('',#3830,#3092,#3093);
#2608=AXIS2_PLACEMENT_3D('',#3832,#3094,#3095);
#2609=AXIS2_PLACEMENT_3D('',#3833,#3096,#3097);
#2610=AXIS2_PLACEMENT_3D('',#3837,#3099,#3100);
#2611=AXIS2_PLACEMENT_3D('',#3840,#3102,#3103);
#2612=AXIS2_PLACEMENT_3D('',#3844,#3105,#3106);
#2613=AXIS2_PLACEMENT_3D('',#3849,#3109,#3110);
#2614=AXIS2_PLACEMENT_3D('',#3853,#3112,#3113);
#2615=AXIS2_PLACEMENT_3D('',#3858,#3116,#3117);
#2616=AXIS2_PLACEMENT_3D('',#3861,#3118,#3119);
#2617=AXIS2_PLACEMENT_3D('',#3862,#3120,#3121);
#2618=AXIS2_PLACEMENT_3D('',#3863,#3122,#3123);
#2619=AXIS2_PLACEMENT_3D('',#3866,#3126,#3127);
#2620=AXIS2_PLACEMENT_3D('',#3867,#3128,#3129);
#2621=AXIS2_PLACEMENT_3D('',#3868,#3130,#3131);
#2622=AXIS2_PLACEMENT_3D('',#3872,#3133,#3134);
#2623=AXIS2_PLACEMENT_3D('',#3874,#3136,#3137);
#2624=AXIS2_PLACEMENT_3D('',#3878,#3139,#3140);
#2625=AXIS2_PLACEMENT_3D('',#3880,#3142,#3143);
#2626=AXIS2_PLACEMENT_3D('',#3886,#3146,#3147);
#2627=AXIS2_PLACEMENT_3D('',#3889,#3149,#3150);
#2628=AXIS2_PLACEMENT_3D('',#3890,#3151,#3152);
#2629=AXIS2_PLACEMENT_3D('',#3895,#3155,#3156);
#2630=AXIS2_PLACEMENT_3D('',#3896,#3157,#3158);
#2631=AXIS2_PLACEMENT_3D('',#3899,#3161,#3162);
#2632=AXIS2_PLACEMENT_3D('',#3901,#3164,#3165);
#2633=AXIS2_PLACEMENT_3D('',#3902,#3166,#3167);
#2634=AXIS2_PLACEMENT_3D('',#3907,#3170,#3171);
#2635=AXIS2_PLACEMENT_3D('',#3908,#3172,#3173);
#2636=AXIS2_PLACEMENT_3D('',#3912,#3175,#3176);
#2637=AXIS2_PLACEMENT_3D('',#3914,#3178,#3179);
#2638=AXIS2_PLACEMENT_3D('',#3917,#3182,#3183);
#2639=AXIS2_PLACEMENT_3D('',#3919,#3185,#3186);
#2640=AXIS2_PLACEMENT_3D('',#3921,#3188,#3189);
#2641=AXIS2_PLACEMENT_3D('',#3922,#3190,#3191);
#2642=AXIS2_PLACEMENT_3D('',#3927,#3194,#3195);
#2643=AXIS2_PLACEMENT_3D('',#3928,#3196,#3197);
#2644=AXIS2_PLACEMENT_3D('',#3931,#3200,#3201);
#2645=AXIS2_PLACEMENT_3D('',#3932,#3202,#3203);
#2646=AXIS2_PLACEMENT_3D('',#3935,#3206,#3207);
#2647=AXIS2_PLACEMENT_3D('',#3936,#3208,#3209);
#2648=AXIS2_PLACEMENT_3D('',#3937,#3210,#3211);
#2649=AXIS2_PLACEMENT_3D('',#3938,#3212,#3213);
#2650=AXIS2_PLACEMENT_3D('',#3943,#3216,#3217);
#2651=AXIS2_PLACEMENT_3D('',#3944,#3218,#3219);
#2652=AXIS2_PLACEMENT_3D('',#3947,#3222,#3223);
#2653=AXIS2_PLACEMENT_3D('',#3949,#3225,#3226);
#2654=AXIS2_PLACEMENT_3D('',#3951,#3228,#3229);
#2655=AXIS2_PLACEMENT_3D('',#3956,#3232,#3233);
#2656=AXIS2_PLACEMENT_3D('',#3957,#3234,#3235);
#2657=AXIS2_PLACEMENT_3D('',#3961,#3237,#3238);
#2658=AXIS2_PLACEMENT_3D('',#3963,#3240,#3241);
#2659=AXIS2_PLACEMENT_3D('',#3966,#3244,#3245);
#2660=AXIS2_PLACEMENT_3D('',#3968,#3247,#3248);
#2661=AXIS2_PLACEMENT_3D('',#3971,#3251,#3252);
#2662=AXIS2_PLACEMENT_3D('',#3972,#3253,#3254);
#2663=AXIS2_PLACEMENT_3D('',#3977,#3257,#3258);
#2664=AXIS2_PLACEMENT_3D('',#3978,#3259,#3260);
#2665=AXIS2_PLACEMENT_3D('',#3981,#3263,#3264);
#2666=AXIS2_PLACEMENT_3D('',#3982,#3265,#3266);
#2667=AXIS2_PLACEMENT_3D('',#3985,#3269,#3270);
#2668=AXIS2_PLACEMENT_3D('',#3986,#3271,#3272);
#2669=AXIS2_PLACEMENT_3D('',#3987,#3273,#3274);
#2670=AXIS2_PLACEMENT_3D('',#4178,#3276,#3277);
#2671=AXIS2_PLACEMENT_3D('',#4200,#3279,#3280);
#2672=AXIS2_PLACEMENT_3D('',#4282,#3282,#3283);
#2673=AXIS2_PLACEMENT_3D('',#4391,#3284,#3285);
#2674=AXIS2_PLACEMENT_3D('',#4438,#3286,#3287);
#2675=AXIS2_PLACEMENT_3D('',#4550,#3288,#3289);
#2676=AXIS2_PLACEMENT_3D('',#4551,#3290,#3291);
#2677=AXIS2_PLACEMENT_3D('',#4555,#3294,#3295);
#2678=AXIS2_PLACEMENT_3D('',#4557,#3296,#3297);
#2679=AXIS2_PLACEMENT_3D('',#4559,#3298,#3299);
#2680=AXIS2_PLACEMENT_3D('',#4561,#3300,#3301);
#2681=AXIS2_PLACEMENT_3D('',#4562,#3302,#3303);
#2682=AXIS2_PLACEMENT_3D('',#4563,#3304,#3305);
#2683=AXIS2_PLACEMENT_3D('',#4736,#3307,#3308);
#2684=AXIS2_PLACEMENT_3D('',#4758,#3310,#3311);
#2685=AXIS2_PLACEMENT_3D('',#4840,#3313,#3314);
#2686=AXIS2_PLACEMENT_3D('',#4949,#3315,#3316);
#2687=AXIS2_PLACEMENT_3D('',#4996,#3317,#3318);
#2688=AXIS2_PLACEMENT_3D('',#5079,#3319,#3320);
#2689=AXIS2_PLACEMENT_3D('',#5080,#3321,#3322);
#2690=AXIS2_PLACEMENT_3D('',#5081,#3323,#3324);
#2691=AXIS2_PLACEMENT_3D('',#5084,#3326,#3327);
#2692=AXIS2_PLACEMENT_3D('',#5085,#3328,#3329);
#2693=AXIS2_PLACEMENT_3D('',#5086,#3330,#3331);
#2694=AXIS2_PLACEMENT_3D('',#5089,#3333,#3334);
#2695=AXIS2_PLACEMENT_3D('',#5090,#3335,#3336);
#2696=AXIS2_PLACEMENT_3D('',#5091,#3337,#3338);
#2697=AXIS2_PLACEMENT_3D('',#5094,#3340,#3341);
#2698=AXIS2_PLACEMENT_3D('',#5095,#3342,#3343);
#2699=AXIS2_PLACEMENT_3D('',#5096,#3344,#3345);
#2700=AXIS2_PLACEMENT_3D('',#5099,#3347,#3348);
#2701=AXIS2_PLACEMENT_3D('',#5100,#3349,#3350);
#2702=AXIS2_PLACEMENT_3D('',#5101,#3351,#3352);
#2703=AXIS2_PLACEMENT_3D('',#5104,#3354,#3355);
#2704=AXIS2_PLACEMENT_3D('',#5105,#3356,#3357);
#2705=AXIS2_PLACEMENT_3D('',#5106,#3358,#3359);
#2706=AXIS2_PLACEMENT_3D('',#5109,#3361,#3362);
#2707=AXIS2_PLACEMENT_3D('',#5110,#3363,#3364);
#2708=AXIS2_PLACEMENT_3D('',#5111,#3365,#3366);
#2709=AXIS2_PLACEMENT_3D('',#5114,#3368,#3369);
#2710=AXIS2_PLACEMENT_3D('',#5115,#3370,#3371);
#2711=AXIS2_PLACEMENT_3D('',#5116,#3372,#3373);
#2712=AXIS2_PLACEMENT_3D('',#5119,#3375,#3376);
#2713=AXIS2_PLACEMENT_3D('',#5120,#3377,#3378);
#2714=AXIS2_PLACEMENT_3D('',#5121,#3379,#3380);
#2715=AXIS2_PLACEMENT_3D('',#5125,#3382,#3383);
#2716=AXIS2_PLACEMENT_3D('',#5127,#3385,#3386);
#2717=AXIS2_PLACEMENT_3D('',#5128,#3387,#3388);
#2718=AXIS2_PLACEMENT_3D('',#5129,#3389,#3390);
#2719=AXIS2_PLACEMENT_3D('',#5131,#3391,#3392);
#2720=AXIS2_PLACEMENT_3D('',#5133,#3393,#3394);
#2721=AXIS2_PLACEMENT_3D('',#5134,#3395,#3396);
#2722=AXIS2_PLACEMENT_3D('',#5137,#3398,#3399);
#2723=AXIS2_PLACEMENT_3D('',#5138,#3400,#3401);
#2724=AXIS2_PLACEMENT_3D('',#5140,#3402,#3403);
#2725=AXIS2_PLACEMENT_3D('',#5141,#3404,#3405);
#2726=AXIS2_PLACEMENT_3D('',#5143,#3406,#3407);
#2727=AXIS2_PLACEMENT_3D('',#5145,#3409,#3410);
#2728=AXIS2_PLACEMENT_3D('',#5147,#3411,#3412);
#2729=AXIS2_PLACEMENT_3D('',#5148,#3413,#3414);
#2730=AXIS2_PLACEMENT_3D('',#5150,#3416,#3417);
#2731=AXIS2_PLACEMENT_3D('',#5152,#3418,#3419);
#2732=AXIS2_PLACEMENT_3D('',#5154,#3421,#3422);
#2733=AXIS2_PLACEMENT_3D('',#5156,#3423,#3424);
#2734=AXIS2_PLACEMENT_3D('',#5157,#3425,#3426);
#2735=AXIS2_PLACEMENT_3D('',#5159,#3428,#3429);
#2736=AXIS2_PLACEMENT_3D('',#5161,#3431,#3432);
#2737=DIRECTION('axis',(0.,0.,1.));
#2738=DIRECTION('refdir',(1.,0.,0.));
#2739=DIRECTION('center_axis',(1.16987281235262E-15,0.707106781186548,-0.707106781186548));
#2740=DIRECTION('ref_axis',(-1.,0.,-1.65444999748063E-15));
#2741=DIRECTION('',(-3.25784687983914E-16,0.707106781186548,0.707106781186548));
#2742=DIRECTION('',(1.,0.,1.51021623865167E-15));
#2743=DIRECTION('center_axis',(1.16987281235262E-15,0.707106781186548,-0.707106781186548));
#2744=DIRECTION('ref_axis',(1.0794385653451E-15,-0.707106781186547,-0.707106781186547));
#2745=DIRECTION('',(-1.09097373838928E-15,0.707106781186548,0.707106781186548));
#2746=DIRECTION('',(1.,0.,1.65444999748063E-15));
#2747=DIRECTION('center_axis',(1.,-2.56667539455869E-16,7.17396663616207E-16));
#2748=DIRECTION('ref_axis',(2.56667539455869E-16,1.,3.71684624318856E-31));
#2749=DIRECTION('',(2.77555756156306E-17,1.,0.));
#2750=DIRECTION('',(1.62370117351429E-15,-4.5066760698664E-32,-1.));
#2751=DIRECTION('center_axis',(-1.,2.56667539455869E-16,-7.17396663616207E-16));
#2752=DIRECTION('ref_axis',(4.19311700287611E-16,0.824045511369127,-0.566523605150212));
#2753=DIRECTION('',(-2.77555756156306E-17,-1.,5.47382212626882E-48));
#2754=DIRECTION('',(-6.88767403303335E-16,-0.707106781186548,0.707106781186547));
#2755=DIRECTION('',(-2.56667539455869E-16,-1.,0.));
#2756=DIRECTION('center_axis',(1.,-2.56667539455869E-16,7.17396663616207E-16));
#2757=DIRECTION('ref_axis',(0.,-0.707106781186547,0.707106781186548));
#2758=DIRECTION('',(7.17396663616207E-16,0.,-1.));
#2759=DIRECTION('center_axis',(1.,-2.77555756156306E-17,1.62370117351429E-15));
#2760=DIRECTION('ref_axis',(-1.62370117351429E-15,4.5066760698664E-32,1.));
#2761=DIRECTION('',(1.62370117351429E-15,-4.5066760698664E-32,-1.));
#2762=DIRECTION('center_axis',(1.,-2.56667539455869E-16,7.17396663616207E-16));
#2763=DIRECTION('ref_axis',(0.,-0.581552603222893,-0.813508801233691));
#2764=DIRECTION('',(-7.61853939542077E-16,-0.323593139369353,0.946196322204375));
#2765=DIRECTION('center_axis',(-1.,2.56667539455869E-16,-7.17396663616207E-16));
#2766=DIRECTION('ref_axis',(-1.15013333429096E-16,-0.987852855267157,0.155392201672175));
#2767=DIRECTION('',(-6.68798208458575E-16,0.155392201672175,0.987852855267157));
#2768=DIRECTION('center_axis',(1.,-2.56667539455869E-16,7.17396663616207E-16));
#2769=DIRECTION('ref_axis',(0.,-0.649849135695289,0.760063221604681));
#2770=DIRECTION('',(1.62370117351429E-15,-4.5066760698664E-32,-1.));
#2771=DIRECTION('center_axis',(1.,-2.77555756156306E-17,1.62370117351429E-15));
#2772=DIRECTION('ref_axis',(-2.77555756156306E-17,-1.,0.));
#2773=DIRECTION('',(7.17396663616207E-16,0.,-1.));
#2774=DIRECTION('center_axis',(1.,-2.56667539455869E-16,7.17396663616207E-16));
#2775=DIRECTION('ref_axis',(0.,-0.707106781186548,-0.707106781186547));
#2776=DIRECTION('',(2.56667539455869E-16,1.,3.96004609902722E-31));
#2777=DIRECTION('center_axis',(1.,-2.56667539455869E-16,7.17396663616207E-16));
#2778=DIRECTION('ref_axis',(0.,1.,0.));
#2779=DIRECTION('center_axis',(1.65444999748063E-15,-4.59202120073533E-32,
-1.));
#2780=DIRECTION('ref_axis',(2.77555756156306E-17,1.,0.));
#2781=DIRECTION('',(-7.23286422616378E-47,-1.,4.59202120073533E-32));
#2782=DIRECTION('',(1.,-3.26536183713281E-17,1.65444999748063E-15));
#2783=DIRECTION('',(1.23315843258158E-46,1.,-4.59202120073533E-32));
#2784=DIRECTION('',(1.,0.,1.65444999748063E-15));
#2785=DIRECTION('',(-1.22974913160329E-46,-1.,4.59202120073533E-32));
#2786=DIRECTION('',(1.,-3.26536183713281E-17,1.65444999748063E-15));
#2787=DIRECTION('',(0.,1.,0.));
#2788=DIRECTION('',(-1.,3.26536183713281E-17,-1.65444999748063E-15));
#2789=DIRECTION('',(0.,1.,0.));
#2790=DIRECTION('',(1.,-3.26536183713281E-17,1.65444999748063E-15));
#2791=DIRECTION('',(-7.96101704344359E-47,1.,-4.59202120073533E-32));
#2792=DIRECTION('',(1.,0.,1.65444999748063E-15));
#2793=DIRECTION('',(-2.77555756156306E-17,-1.,0.));
#2794=DIRECTION('',(1.,-3.26536183713281E-17,1.65444999748063E-15));
#2795=DIRECTION('center_axis',(1.16987281235262E-15,0.707106781186548,-0.707106781186548));
#2796=DIRECTION('ref_axis',(-1.,0.,-1.65444999748063E-15));
#2797=DIRECTION('',(1.12850395467896E-15,-0.707106781186548,-0.707106781186548));
#2798=DIRECTION('',(-8.65956056235493E-17,-0.707106781186548,-0.707106781186548));
#2799=DIRECTION('center_axis',(1.16987281235262E-15,0.707106781186548,-0.707106781186548));
#2800=DIRECTION('ref_axis',(1.03037317601123E-15,-0.707106781186547,-0.707106781186548));
#2801=DIRECTION('',(1.,0.,1.51021623865167E-15));
#2802=DIRECTION('center_axis',(1.16987281235262E-15,0.707106781186547,-0.707106781186548));
#2803=DIRECTION('ref_axis',(-1.,0.,-1.65444999748063E-15));
#2804=DIRECTION('',(-1.48349685306022E-15,0.707106781186548,0.707106781186547));
#2805=DIRECTION('',(1.48349685306022E-15,-0.707106781186548,-0.707106781186547));
#2806=DIRECTION('center_axis',(1.16987281235262E-15,0.707106781186547,-0.707106781186548));
#2807=DIRECTION('ref_axis',(1.2266347333467E-15,-0.707106781186548,-0.707106781186547));
#2808=DIRECTION('',(1.,0.,1.51021623865167E-15));
#2809=DIRECTION('center_axis',(1.16987281235262E-15,0.707106781186547,-0.707106781186548));
#2810=DIRECTION('ref_axis',(1.2266347333467E-15,-0.707106781186548,-0.707106781186547));
#2811=DIRECTION('center_axis',(1.,-3.26536183713281E-17,1.65444999748063E-15));
#2812=DIRECTION('ref_axis',(-3.26536183713281E-17,-1.,-8.10356682482379E-33));
#2813=DIRECTION('',(1.,-3.26536183713281E-17,1.65444999748063E-15));
#2814=DIRECTION('',(1.,-3.26536183713281E-17,1.65444999748063E-15));
#2815=DIRECTION('',(1.,-3.26536183713281E-17,1.65444999748063E-15));
#2816=DIRECTION('center_axis',(-1.63268091856641E-15,4.53159986914671E-32,
1.));
#2817=DIRECTION('ref_axis',(-2.77555756156306E-17,-1.,0.));
#2818=DIRECTION('',(1.,-2.72113486427734E-17,1.63268091856641E-15));
#2819=DIRECTION('',(7.36456362715096E-47,1.,-4.53159986914671E-32));
#2820=DIRECTION('',(-1.,0.,-1.63268091856641E-15));
#2821=DIRECTION('',(-7.39865663693386E-47,-1.,4.53159986914671E-32));
#2822=DIRECTION('',(1.,-2.72113486427734E-17,1.63268091856641E-15));
#2823=DIRECTION('',(0.,1.,0.));
#2824=DIRECTION('',(1.,3.26536183713281E-17,1.63268091856641E-15));
#2825=DIRECTION('',(0.,1.,0.));
#2826=DIRECTION('',(1.,-2.72113486427734E-17,1.63268091856641E-15));
#2827=DIRECTION('',(7.39865663693386E-47,1.,-4.53159986914671E-32));
#2828=DIRECTION('',(-1.,0.,-1.63268091856641E-15));
#2829=DIRECTION('',(-1.,0.,-7.40148683083438E-16));
#2830=DIRECTION('',(2.77555756156306E-17,1.,0.));
#2831=DIRECTION('',(-1.,0.,-1.63268091856641E-15));
#2832=DIRECTION('',(-7.39865663693386E-47,-1.,4.53159986914671E-32));
#2833=DIRECTION('center_axis',(-1.,2.77555756156306E-17,-1.62370117351429E-15));
#2834=DIRECTION('ref_axis',(-1.62455083399232E-15,0.,1.));
#2835=DIRECTION('center_axis',(2.63801376936178E-15,0.804444444444447,-0.594027891434792));
#2836=DIRECTION('ref_axis',(-1.,0.,-4.44089209850066E-15));
#2837=DIRECTION('center_axis',(-1.,2.77555756156306E-17,-1.62370117351429E-15));
#2838=DIRECTION('ref_axis',(-1.22917549154928E-15,0.642104286394137,0.76661730047937));
#2839=DIRECTION('center_axis',(-3.05434689885767E-15,-0.725921296281534,
0.687777777777777));
#2840=DIRECTION('ref_axis',(-6.38378239159466E-15,0.687777777777777,0.725921296281534));
#2841=DIRECTION('center_axis',(1.,-2.77555756156306E-17,1.62370117351429E-15));
#2842=DIRECTION('ref_axis',(-1.22693543635058E-15,0.642104286394137,0.76661730047937));
#2843=DIRECTION('center_axis',(1.,-2.77555756156306E-17,1.62370117351429E-15));
#2844=DIRECTION('ref_axis',(1.63757896132211E-15,0.,-1.));
#2845=DIRECTION('center_axis',(0.,0.,1.));
#2846=DIRECTION('ref_axis',(-1.38777878078146E-16,1.,0.));
#2847=DIRECTION('center_axis',(1.,-2.77555756156306E-17,1.62370117351429E-15));
#2848=DIRECTION('ref_axis',(-6.16041702393014E-16,0.918634251968044,0.395108986370991));
#2849=DIRECTION('center_axis',(-1.,2.77555756156306E-17,-1.62370117351429E-15));
#2850=DIRECTION('ref_axis',(-5.89805981832114E-16,0.918634251968044,0.395108986370991));
#2851=DIRECTION('center_axis',(-1.62370117351429E-15,2.42281987003916E-31,
1.));
#2852=DIRECTION('ref_axis',(-0.707106781186549,0.707106781186546,-7.85046229341889E-16));
#2853=DIRECTION('center_axis',(-1.66533453693773E-15,-1.85037170770833E-16,
1.));
#2854=DIRECTION('ref_axis',(4.16333634234435E-16,1.,1.85037170770834E-16));
#2855=DIRECTION('',(-1.62370117351429E-15,2.42281987003916E-31,1.));
#2856=DIRECTION('',(1.62370117351429E-15,-2.42281987003916E-31,-1.));
#2857=DIRECTION('center_axis',(-1.,2.77555756156306E-17,-1.62370117351429E-15));
#2858=DIRECTION('ref_axis',(-1.62642114050953E-15,0.,1.));
#2859=DIRECTION('center_axis',(-1.90931109452534E-15,0.510500807754443,
0.85987727338386));
#2860=DIRECTION('ref_axis',(-2.35922392732846E-15,0.85987727338386,-0.510500807754443));
#2861=DIRECTION('center_axis',(1.,-2.77555756156306E-17,1.62370117351429E-15));
#2862=DIRECTION('ref_axis',(4.56544828062094E-16,0.964333260181319,-0.264691071455139));
#2863=DIRECTION('center_axis',(-1.,2.77555756156306E-17,-1.62370117351429E-15));
#2864=DIRECTION('ref_axis',(4.56636794820791E-16,0.964333260181319,-0.264691071455139));
#2865=DIRECTION('center_axis',(1.,-2.77555756156306E-17,1.62370117351429E-15));
#2866=DIRECTION('ref_axis',(1.60982338570648E-15,0.,-1.));
#2867=DIRECTION('center_axis',(0.,1.,0.));
#2868=DIRECTION('ref_axis',(4.02455846426621E-15,0.,-1.));
#2869=DIRECTION('center_axis',(1.,-2.77555756156306E-17,1.62370117351429E-15));
#2870=DIRECTION('ref_axis',(1.42481112813512E-15,0.494721736052487,-0.869051439143399));
#2871=DIRECTION('center_axis',(-1.,2.77555756156306E-17,-1.62370117351429E-15));
#2872=DIRECTION('ref_axis',(1.42247325030098E-15,0.494721736052487,-0.869051439143399));
#2873=DIRECTION('center_axis',(2.77555756156306E-17,1.,-1.97215226305252E-31));
#2874=DIRECTION('ref_axis',(-0.707106781186547,0.,-0.707106781186548));
#2875=DIRECTION('center_axis',(-6.16297582203916E-31,1.,2.77555756156289E-16));
#2876=DIRECTION('ref_axis',(2.08166817117217E-15,2.7755575615629E-16,-1.));
#2877=DIRECTION('',(2.77555756156306E-17,1.,-1.97215226305252E-31));
#2878=DIRECTION('',(-2.77555756156306E-17,-1.,1.97215226305252E-31));
#2879=DIRECTION('center_axis',(1.,-2.77555756156306E-17,1.62370117351429E-15));
#2880=DIRECTION('ref_axis',(1.62832710278356E-15,0.,-1.));
#2881=DIRECTION('center_axis',(2.10097788545389E-15,0.323593139369354,-0.946196322204375));
#2882=DIRECTION('ref_axis',(-1.11022302462516E-15,-0.946196322204375,-0.323593139369354));
#2883=DIRECTION('center_axis',(1.,-2.77555756156306E-17,1.62370117351429E-15));
#2884=DIRECTION('ref_axis',(1.30475386797413E-15,-0.581552603222893,-0.813508801233691));
#2885=DIRECTION('center_axis',(-1.,2.77555756156306E-17,-1.62370117351429E-15));
#2886=DIRECTION('ref_axis',(1.34151948808873E-15,-0.581552603222893,-0.813508801233691));
#2887=DIRECTION('center_axis',(-1.54532159258662E-15,-0.323593139369353,
0.946196322204376));
#2888=DIRECTION('ref_axis',(-0.707106781186547,-0.669061835764486,-0.228814903193515));
#2889=DIRECTION('center_axis',(1.57573341409041E-15,0.323593139369353,-0.946196322204376));
#2890=DIRECTION('ref_axis',(-1.38777878078144E-15,-0.946196322204376,-0.323593139369353));
#2891=DIRECTION('',(1.54532159258662E-15,0.323593139369353,-0.946196322204375));
#2892=DIRECTION('',(-1.54532159258662E-15,-0.323593139369353,0.946196322204375));
#2893=DIRECTION('center_axis',(-1.,2.77555756156306E-17,-1.62370117351429E-15));
#2894=DIRECTION('ref_axis',(-1.62390830467559E-15,0.,1.));
#2895=DIRECTION('center_axis',(1.64510547728896E-15,-0.155392201672175,
-0.987852855267157));
#2896=DIRECTION('ref_axis',(2.49800180540661E-15,-0.987852855267157,0.155392201672175));
#2897=DIRECTION('center_axis',(1.,-2.77555756156306E-17,1.62370117351429E-15));
#2898=DIRECTION('ref_axis',(1.13028290262586E-16,-0.996239576835183,-0.0866412462240424));
#2899=DIRECTION('center_axis',(-1.,2.77555756156306E-17,-1.62370117351429E-15));
#2900=DIRECTION('ref_axis',(1.1046995269902E-16,-0.996239576835183,-0.0866412462240425));
#2901=DIRECTION('center_axis',(-1.59966484035313E-15,0.155392201672175,
0.987852855267157));
#2902=DIRECTION('ref_axis',(-0.707106781186549,-0.698517452773899,0.109878879545901));
#2903=DIRECTION('center_axis',(0.,-0.155392201672173,-0.987852855267157));
#2904=DIRECTION('ref_axis',(-1.80411241501588E-15,-0.987852855267157,0.155392201672173));
#2905=DIRECTION('',(1.59966484035314E-15,-0.155392201672175,-0.987852855267157));
#2906=DIRECTION('',(-1.59966484035314E-15,0.155392201672175,0.987852855267157));
#2907=DIRECTION('center_axis',(1.,-2.77555756156306E-17,1.62370117351429E-15));
#2908=DIRECTION('ref_axis',(1.62832710278356E-15,0.,-1.));
#2909=DIRECTION('center_axis',(0.,-1.,-2.7755575615629E-16));
#2910=DIRECTION('ref_axis',(-1.11022302462516E-15,-2.7755575615629E-16,
1.));
#2911=DIRECTION('center_axis',(1.,-2.77555756156306E-17,1.62370117351429E-15));
#2912=DIRECTION('ref_axis',(-1.25215248168912E-15,-0.649849135695287,0.760063221604682));
#2913=DIRECTION('center_axis',(-1.,2.77555756156306E-17,-1.62370117351429E-15));
#2914=DIRECTION('ref_axis',(-1.2490009027033E-15,-0.649849135695287,0.760063221604682));
#2915=DIRECTION('center_axis',(-2.77555756156306E-17,-1.,1.97215226305252E-31));
#2916=DIRECTION('ref_axis',(-0.707106781186546,0.,0.707106781186549));
#2917=DIRECTION('center_axis',(0.,-1.,0.));
#2918=DIRECTION('ref_axis',(2.08166817117217E-15,0.,1.));
#2919=DIRECTION('',(-2.77555756156306E-17,-1.,1.97215226305252E-31));
#2920=DIRECTION('',(2.77555756156306E-17,1.,-1.97215226305252E-31));
#2921=DIRECTION('center_axis',(1.,-2.77555756156306E-17,1.62370117351429E-15));
#2922=DIRECTION('ref_axis',(1.63757896132211E-15,0.,-1.));
#2923=DIRECTION('center_axis',(-1.,2.77555756156306E-17,-1.62370117351429E-15));
#2924=DIRECTION('ref_axis',(-1.52655665885959E-15,0.312694383988216,0.949853789918338));
#2925=DIRECTION('center_axis',(1.,-2.77555756156306E-17,1.62370117351429E-15));
#2926=DIRECTION('ref_axis',(-1.53359970073804E-15,0.312694383988216,0.949853789918338));
#2927=DIRECTION('center_axis',(-1.,3.02169346325545E-16,-1.62370117351429E-15));
#2928=DIRECTION('ref_axis',(0.,-0.581552603222893,-0.813508801233691));
#2929=DIRECTION('',(1.,-3.02169346325545E-16,1.62370117351429E-15));
#2930=DIRECTION('center_axis',(1.,0.,7.40148683083437E-16));
#2931=DIRECTION('ref_axis',(6.01370805005293E-16,-0.581552603222892,-0.813508801233691));
#2932=DIRECTION('',(-1.,3.02169346325545E-16,-1.62370117351429E-15));
#2933=DIRECTION('',(-1.,3.02169346325545E-16,-1.62370117351429E-15));
#2934=DIRECTION('center_axis',(-1.,2.77555756156306E-17,-1.62370117351429E-15));
#2935=DIRECTION('ref_axis',(0.,-0.581552603222893,-0.813508801233691));
#2936=DIRECTION('',(-1.,3.02169346325545E-16,-1.62370117351429E-15));
#2937=DIRECTION('center_axis',(1.62370117351429E-15,-2.42281987003916E-31,
-1.));
#2938=DIRECTION('ref_axis',(2.77555756156306E-17,1.,-1.97215226305252E-31));
#2939=DIRECTION('',(-1.,-5.24556554778302E-16,-1.62370117351429E-15));
#2940=DIRECTION('',(1.79324693615787E-46,1.,-2.42281987003916E-31));
#2941=DIRECTION('center_axis',(1.,5.24556554778302E-16,1.62370117351429E-15));
#2942=DIRECTION('ref_axis',(0.,0.494721736052481,-0.869051439143403));
#2943=DIRECTION('',(1.,0.,7.40148683083438E-16));
#2944=DIRECTION('center_axis',(1.,0.,7.40148683083437E-16));
#2945=DIRECTION('ref_axis',(6.59194920871187E-16,0.494721736052481,-0.869051439143403));
#2946=DIRECTION('center_axis',(-1.,0.,-7.40148683083438E-16));
#2947=DIRECTION('ref_axis',(4.19311700287611E-16,0.824045511369127,-0.566523605150212));
#2948=DIRECTION('',(1.,0.,7.40148683083438E-16));
#2949=DIRECTION('center_axis',(1.,-2.77555756156306E-17,1.62370117351429E-15));
#2950=DIRECTION('ref_axis',(4.19311700287611E-16,0.824045511369127,-0.566523605150212));
#2951=DIRECTION('',(1.,0.,7.40148683083438E-16));
#2952=DIRECTION('center_axis',(1.,0.,7.40148683083437E-16));
#2953=DIRECTION('ref_axis',(1.94566982141033E-16,0.964333260181319,-0.264691071455138));
#2954=DIRECTION('center_axis',(3.93393546619633E-46,1.,-2.42281987003916E-31));
#2955=DIRECTION('ref_axis',(-1.62370117351429E-15,2.42281987003916E-31,
1.));
#2956=DIRECTION('',(-1.,2.22608124128407E-46,-7.04903507698512E-16));
#2957=DIRECTION('',(-7.40148683083437E-16,2.42281987003916E-31,1.));
#2958=DIRECTION('',(-1.62370117351429E-15,2.42281987003916E-31,1.));
#2959=DIRECTION('center_axis',(1.,-2.22608124128407E-46,7.04903507698512E-16));
#2960=DIRECTION('ref_axis',(0.,0.918634251968044,0.395108986370991));
#2961=DIRECTION('',(1.,0.,7.04903507698512E-16));
#2962=DIRECTION('center_axis',(1.,0.,7.40148683083437E-16));
#2963=DIRECTION('ref_axis',(-2.77555756156289E-16,0.918634251968044,0.395108986370991));
#2964=DIRECTION('center_axis',(-1.,0.,-7.04903507698512E-16));
#2965=DIRECTION('ref_axis',(-4.94062741630913E-16,0.713265306122447,0.700894145418587));
#2966=DIRECTION('',(-1.,0.,-7.04903507698512E-16));
#2967=DIRECTION('center_axis',(1.,0.,7.40148683083437E-16));
#2968=DIRECTION('ref_axis',(-5.66440318686304E-16,0.642104286394137,0.76661730047937));
#2969=DIRECTION('center_axis',(1.,-2.77555756156306E-17,1.62370117351429E-15));
#2970=DIRECTION('ref_axis',(2.77555756156306E-17,1.,-1.97215226305252E-31));
#2971=DIRECTION('center_axis',(1.,-2.77555756156306E-17,1.62370117351429E-15));
#2972=DIRECTION('ref_axis',(0.,1.,-2.42281987003916E-31));
#2973=DIRECTION('center_axis',(-1.,2.77555756156306E-17,-1.62370117351429E-15));
#2974=DIRECTION('ref_axis',(2.77555756156306E-17,1.,-1.97215226305252E-31));
#2975=DIRECTION('center_axis',(-1.,2.77555756156306E-17,-1.62370117351429E-15));
#2976=DIRECTION('ref_axis',(2.77555756156306E-17,1.,-1.97215226305252E-31));
#2977=DIRECTION('center_axis',(-1.,0.,-7.40148683083437E-16));
#2978=DIRECTION('ref_axis',(0.,0.,1.));
#2979=DIRECTION('center_axis',(0.,0.725921296281534,-0.687777777777777));
#2980=DIRECTION('ref_axis',(0.,0.687777777777777,0.725921296281534));
#2981=DIRECTION('center_axis',(-1.,0.,-7.40148683083437E-16));
#2982=DIRECTION('ref_axis',(-2.9243939593692E-16,0.918634251968044,0.395108986370991));
#2983=DIRECTION('center_axis',(0.,0.,1.));
#2984=DIRECTION('ref_axis',(1.,0.,0.));
#2985=DIRECTION('center_axis',(-7.40148683083437E-16,2.42281987003916E-31,
1.));
#2986=DIRECTION('ref_axis',(0.707106781186538,0.707106781186557,7.85046229341894E-16));
#2987=DIRECTION('center_axis',(-5.55111512312585E-16,1.85037170770849E-16,
1.));
#2988=DIRECTION('ref_axis',(1.,0.,5.55111512312585E-16));
#2989=DIRECTION('',(7.40148683083437E-16,-2.42281987003916E-31,-1.));
#2990=DIRECTION('center_axis',(1.,0.,7.40148683083437E-16));
#2991=DIRECTION('ref_axis',(8.13210570254766E-16,0.,-1.));
#2992=DIRECTION('center_axis',(-1.90931109452533E-15,0.510500807754441,
0.859877273383861));
#2993=DIRECTION('ref_axis',(1.,0.,2.22044604925032E-15));
#2994=DIRECTION('center_axis',(-1.,0.,-7.40148683083437E-16));
#2995=DIRECTION('ref_axis',(1.95910747961465E-16,0.964333260181319,-0.264691071455138));
#2996=DIRECTION('center_axis',(-1.,0.,-7.40148683083437E-16));
#2997=DIRECTION('ref_axis',(0.,0.,1.));
#2998=DIRECTION('center_axis',(0.,1.,0.));
#2999=DIRECTION('ref_axis',(1.,0.,0.));
#3000=DIRECTION('center_axis',(-1.,0.,-7.40148683083437E-16));
#3001=DIRECTION('ref_axis',(6.43227278213755E-16,0.494721736052481,-0.869051439143403));
#3002=DIRECTION('center_axis',(1.79324693615787E-46,1.,-2.42281987003916E-31));
#3003=DIRECTION('ref_axis',(0.707106781186546,0.,-0.707106781186549));
#3004=DIRECTION('center_axis',(0.,1.,-2.77555756156289E-16));
#3005=DIRECTION('ref_axis',(1.,0.,0.));
#3006=DIRECTION('',(-1.79324693615787E-46,-1.,2.42281987003916E-31));
#3007=DIRECTION('center_axis',(-1.,0.,-7.40148683083437E-16));
#3008=DIRECTION('ref_axis',(0.,0.,1.));
#3009=DIRECTION('center_axis',(0.,0.323593139369354,-0.946196322204375));
#3010=DIRECTION('ref_axis',(1.,0.,0.));
#3011=DIRECTION('center_axis',(-1.,0.,-7.40148683083437E-16));
#3012=DIRECTION('ref_axis',(6.02117467909902E-16,-0.581552603222892,-0.813508801233691));
#3013=DIRECTION('center_axis',(7.0032596181796E-16,0.323593139369353,-0.946196322204376));
#3014=DIRECTION('ref_axis',(0.707106781186545,-0.669061835764488,-0.228814903193513));
#3015=DIRECTION('center_axis',(5.25244471363472E-16,0.323593139369353,-0.946196322204376));
#3016=DIRECTION('ref_axis',(1.,0.,5.5511151231258E-16));
#3017=DIRECTION('',(7.0032596181796E-16,0.323593139369353,-0.946196322204375));
#3018=DIRECTION('',(-7.0032596181796E-16,-0.323593139369353,0.946196322204375));
#3019=DIRECTION('center_axis',(1.,0.,7.40148683083437E-16));
#3020=DIRECTION('ref_axis',(7.07007697273726E-16,0.,-1.));
#3021=DIRECTION('center_axis',(5.48368492429652E-16,-0.155392201672175,
-0.987852855267157));
#3022=DIRECTION('ref_axis',(1.,0.,5.5511151231258E-16));
#3023=DIRECTION('center_axis',(1.,0.,7.40148683083437E-16));
#3024=DIRECTION('ref_axis',(6.90437204368874E-17,-0.996239576835183,-0.0866412462240424));
#3025=DIRECTION('center_axis',(-1.,0.,-7.40148683083437E-16));
#3026=DIRECTION('ref_axis',(6.41274042934328E-17,-0.996239576835183,-0.0866412462240424));
#3027=DIRECTION('center_axis',(7.31157989906199E-16,-0.155392201672175,
-0.987852855267157));
#3028=DIRECTION('ref_axis',(0.707106781186547,-0.6985174527739,0.109878879545902));
#3029=DIRECTION('center_axis',(0.,-0.155392201672173,-0.987852855267157));
#3030=DIRECTION('ref_axis',(1.,0.,0.));
#3031=DIRECTION('',(7.31157989906199E-16,-0.155392201672175,-0.987852855267157));
#3032=DIRECTION('',(-7.31157989906199E-16,0.155392201672175,0.987852855267157));
#3033=DIRECTION('center_axis',(-1.,0.,-7.40148683083437E-16));
#3034=DIRECTION('ref_axis',(0.,0.,1.));
#3035=DIRECTION('center_axis',(0.,-1.,0.));
#3036=DIRECTION('ref_axis',(1.,0.,0.));
#3037=DIRECTION('center_axis',(1.,0.,7.40148683083437E-16));
#3038=DIRECTION('ref_axis',(-5.55111512312578E-16,-0.649849135695288,0.760063221604682));
#3039=DIRECTION('center_axis',(-1.,0.,-7.40148683083437E-16));
#3040=DIRECTION('ref_axis',(-5.6255979253086E-16,-0.649849135695288,0.760063221604682));
#3041=DIRECTION('center_axis',(-1.79324693615787E-46,-1.,2.42281987003916E-31));
#3042=DIRECTION('ref_axis',(0.707106781186548,0.,0.707106781186548));
#3043=DIRECTION('center_axis',(0.,-1.,0.));
#3044=DIRECTION('ref_axis',(1.,0.,0.));
#3045=DIRECTION('',(-1.79324693615787E-46,-1.,2.42281987003916E-31));
#3046=DIRECTION('',(1.79324693615787E-46,1.,-2.42281987003916E-31));
#3047=DIRECTION('center_axis',(-1.,0.,-7.40148683083437E-16));
#3048=DIRECTION('ref_axis',(0.,0.,1.));
#3049=DIRECTION('center_axis',(0.,-0.804444444444448,0.594027891434791));
#3050=DIRECTION('ref_axis',(1.,0.,0.));
#3051=DIRECTION('center_axis',(1.,0.,7.40148683083437E-16));
#3052=DIRECTION('ref_axis',(-6.93889390390723E-16,0.312694383988227,0.949853789918334));
#3053=DIRECTION('center_axis',(-1.,0.,-7.40148683083437E-16));
#3054=DIRECTION('ref_axis',(-7.03033031729867E-16,0.312694383988227,0.949853789918334));
#3055=DIRECTION('center_axis',(1.,0.,7.40148683083437E-16));
#3056=DIRECTION('ref_axis',(7.25043607918469E-16,0.,-1.));
#3057=DIRECTION('center_axis',(-1.,0.,-7.40148683083437E-16));
#3058=DIRECTION('ref_axis',(-5.67410785378785E-16,0.642104286394137,0.76661730047937));
#3059=DIRECTION('center_axis',(-1.,0.,-7.04903507698512E-16));
#3060=DIRECTION('ref_axis',(-1.09536508027711E-16,-0.987852855267157,0.155392201672175));
#3061=DIRECTION('',(-1.,0.,-7.04903507698512E-16));
#3062=DIRECTION('',(-1.,0.,-7.40148683083438E-16));
#3063=DIRECTION('center_axis',(1.09536508027711E-16,0.987852855267157,-0.155392201672175));
#3064=DIRECTION('ref_axis',(7.31157989906199E-16,-0.155392201672175,-0.987852855267157));
#3065=DIRECTION('',(1.,1.44529614325767E-16,1.62370117351429E-15));
#3066=DIRECTION('center_axis',(1.,1.44529614325767E-16,1.62370117351429E-15));
#3067=DIRECTION('ref_axis',(0.,-0.649849135695289,0.760063221604681));
#3068=DIRECTION('',(1.,1.44529614325767E-16,1.62370117351429E-15));
#3069=DIRECTION('center_axis',(-1.,2.77555756156306E-17,-1.62370117351429E-15));
#3070=DIRECTION('ref_axis',(0.,-0.649849135695289,0.760063221604681));
#3071=DIRECTION('',(1.,1.44529614325767E-16,1.62370117351429E-15));
#3072=DIRECTION('',(-1.,-1.44529614325767E-16,-1.62370117351429E-15));
#3073=DIRECTION('center_axis',(-1.62370117351429E-15,2.42281987003916E-31,
1.));
#3074=DIRECTION('ref_axis',(-2.77555756156306E-17,-1.,1.97215226305252E-31));
#3075=DIRECTION('',(1.,-1.24425416464669E-15,1.62370117351429E-15));
#3076=DIRECTION('center_axis',(-1.,1.24425416464669E-15,-1.62370117351429E-15));
#3077=DIRECTION('ref_axis',(0.,0.312694383988227,0.949853789918334));
#3078=DIRECTION('center_axis',(1.,0.,7.40148683083437E-16));
#3079=DIRECTION('ref_axis',(7.40148683083437E-16,0.,-1.));
#3080=DIRECTION('center_axis',(-1.,0.,-7.40148683083437E-16));
#3081=DIRECTION('ref_axis',(0.,1.,0.));
#3082=DIRECTION('center_axis',(-2.39507035959062E-16,0.946196322204376,
0.323593139369353));
#3083=DIRECTION('ref_axis',(7.0032596181796E-16,0.323593139369353,-0.946196322204375));
#3084=DIRECTION('center_axis',(-3.26536183713281E-17,-1.,-7.95295777034928E-33));
#3085=DIRECTION('ref_axis',(1.62370117351429E-15,-4.5066760698664E-32,-1.));
#3086=DIRECTION('',(-1.62370117351429E-15,4.5066760698664E-32,1.));
#3087=DIRECTION('',(1.,-3.26536183713281E-17,1.65444999748063E-15));
#3088=DIRECTION('center_axis',(3.26536183713281E-17,1.,7.95295777034928E-33));
#3089=DIRECTION('ref_axis',(1.,0.,0.));
#3090=DIRECTION('center_axis',(3.26536183713281E-17,1.,7.95295777034928E-33));
#3091=DIRECTION('ref_axis',(1.,0.,0.));
#3092=DIRECTION('center_axis',(3.26536183713281E-17,1.,7.95295777034928E-33));
#3093=DIRECTION('ref_axis',(1.,0.,0.));
#3094=DIRECTION('center_axis',(3.26536183713281E-17,1.,7.95295777034928E-33));
#3095=DIRECTION('ref_axis',(1.,0.,0.));
#3096=DIRECTION('center_axis',(1.,-2.77555756156306E-17,1.62370117351429E-15));
#3097=DIRECTION('ref_axis',(2.77555756156306E-17,1.,-1.97215226305252E-31));
#3098=DIRECTION('',(-2.77555756156306E-17,-1.,3.39907768361743E-33));
#3099=DIRECTION('center_axis',(-1.,2.77555756156306E-17,-1.62370117351429E-15));
#3100=DIRECTION('ref_axis',(0.,-0.707106781186549,-0.707106781186546));
#3101=DIRECTION('',(-1.62370117351429E-15,0.,1.));
#3102=DIRECTION('center_axis',(-1.,2.77555756156306E-17,-1.62370117351429E-15));
#3103=DIRECTION('ref_axis',(-3.26536183713281E-17,-1.,-8.10356682482379E-33));
#3104=DIRECTION('',(1.59966484035314E-15,-0.155392201672175,-0.987852855267157));
#3105=DIRECTION('center_axis',(1.,-2.77555756156306E-17,1.62370117351429E-15));
#3106=DIRECTION('ref_axis',(-1.15013333429096E-16,-0.987852855267157,0.155392201672175));
#3107=DIRECTION('',(1.54532159258662E-15,0.323593139369353,-0.946196322204375));
#3108=DIRECTION('',(-1.62370117351429E-15,4.5066760698664E-32,1.));
#3109=DIRECTION('center_axis',(-1.,2.77555756156306E-17,-1.62370117351429E-15));
#3110=DIRECTION('ref_axis',(-1.63268091856641E-15,4.53111116720004E-32,
1.));
#3111=DIRECTION('',(-1.62370117351429E-15,0.,1.));
#3112=DIRECTION('center_axis',(-1.,2.77555756156306E-17,-1.62370117351429E-15));
#3113=DIRECTION('ref_axis',(0.,-0.707106781186547,0.707106781186548));
#3114=DIRECTION('',(2.77555756156306E-17,1.,4.62223186652964E-32));
#3115=DIRECTION('',(1.16775626614606E-15,0.707106781186549,-0.707106781186546));
#3116=DIRECTION('center_axis',(-1.,2.77555756156306E-17,-1.62370117351429E-15));
#3117=DIRECTION('ref_axis',(0.,1.,-4.5066760698664E-32));
#3118=DIRECTION('center_axis',(-1.,2.77555756156306E-17,-1.62370117351429E-15));
#3119=DIRECTION('ref_axis',(0.,1.,-4.5066760698664E-32));
#3120=DIRECTION('center_axis',(-1.,2.77555756156306E-17,-1.62370117351429E-15));
#3121=DIRECTION('ref_axis',(0.,1.,-4.5066760698664E-32));
#3122=DIRECTION('center_axis',(-1.,0.,-7.04903507698512E-16));
#3123=DIRECTION('ref_axis',(-1.09536508027711E-16,-0.987852855267157,0.155392201672175));
#3124=DIRECTION('',(-1.,0.,-7.40148683083438E-16));
#3125=DIRECTION('',(-1.,0.,-7.04903507698512E-16));
#3126=DIRECTION('center_axis',(-2.39507035959062E-16,0.946196322204376,
0.323593139369353));
#3127=DIRECTION('ref_axis',(7.0032596181796E-16,0.323593139369353,-0.946196322204375));
#3128=DIRECTION('center_axis',(1.09536508027711E-16,0.987852855267157,-0.155392201672175));
#3129=DIRECTION('ref_axis',(7.31157989906199E-16,-0.155392201672175,-0.987852855267157));
#3130=DIRECTION('center_axis',(-1.15447974903219E-15,0.707106781186546,
0.707106781186549));
#3131=DIRECTION('ref_axis',(1.,0.,1.63268091856641E-15));
#3132=DIRECTION('',(-1.,0.,-1.63268091856641E-15));
#3133=DIRECTION('center_axis',(-1.15447974903219E-15,0.707106781186546,
0.707106781186549));
#3134=DIRECTION('ref_axis',(-1.17756934401283E-15,-0.707106781186549,0.707106781186546));
#3135=DIRECTION('',(1.17756934401283E-15,0.707106781186549,-0.707106781186546));
#3136=DIRECTION('center_axis',(-1.15447974903219E-15,0.707106781186547,
0.707106781186548));
#3137=DIRECTION('ref_axis',(1.,0.,1.63268091856641E-15));
#3138=DIRECTION('',(-5.23164027964679E-47,-0.707106781186548,0.707106781186547));
#3139=DIRECTION('center_axis',(-1.15447974903219E-15,0.707106781186547,
0.707106781186548));
#3140=DIRECTION('ref_axis',(-1.07943856534509E-15,-0.707106781186548,0.707106781186547));
#3141=DIRECTION('',(-1.,0.,-1.63268091856641E-15));
#3142=DIRECTION('center_axis',(-1.15447974903219E-15,0.707106781186547,
0.707106781186548));
#3143=DIRECTION('ref_axis',(1.,0.,1.63268091856641E-15));
#3144=DIRECTION('',(1.57009245868377E-15,0.707106781186548,-0.707106781186547));
#3145=DIRECTION('',(-1.57009245868377E-15,-0.707106781186548,0.707106781186547));
#3146=DIRECTION('center_axis',(-1.15447974903219E-15,0.707106781186547,
0.707106781186548));
#3147=DIRECTION('ref_axis',(-1.2266347333467E-15,-0.707106781186548,0.707106781186547));
#3148=DIRECTION('',(-1.,0.,-1.63268091856641E-15));
#3149=DIRECTION('center_axis',(-1.15447974903219E-15,0.707106781186547,
0.707106781186548));
#3150=DIRECTION('ref_axis',(-1.17756934401283E-15,-0.707106781186549,0.707106781186547));
#3151=DIRECTION('center_axis',(1.47973132738675E-48,1.,2.28303286151765E-63));
#3152=DIRECTION('ref_axis',(-0.707106781186541,0.,-0.707106781186554));
#3153=DIRECTION('',(1.47973132738675E-48,1.,2.28303286151765E-63));
#3154=DIRECTION('',(-1.47973132738675E-48,-1.,-2.28303286151765E-63));
#3155=DIRECTION('center_axis',(-0.707106781186548,0.707106781186547,0.));
#3156=DIRECTION('ref_axis',(-0.707106781186547,-0.707106781186548,-3.22869603610171E-63));
#3157=DIRECTION('center_axis',(-1.,0.,-1.542869857023E-15));
#3158=DIRECTION('ref_axis',(0.,-0.707106781186548,-0.707106781186547));
#3159=DIRECTION('',(1.,0.,1.542869857023E-15));
#3160=DIRECTION('',(-1.,0.,-1.542869857023E-15));
#3161=DIRECTION('center_axis',(-1.,1.47973132738675E-48,-1.542869857023E-15));
#3162=DIRECTION('ref_axis',(-6.84369570945715E-47,1.,4.53159986914671E-32));
#3163=DIRECTION('',(1.542869857023E-15,0.,-1.));
#3164=DIRECTION('center_axis',(0.,-1.,0.));
#3165=DIRECTION('ref_axis',(-1.,0.,-1.51021623865167E-15));
#3166=DIRECTION('center_axis',(2.66351638929619E-47,1.,5.58800776166338E-62));
#3167=DIRECTION('ref_axis',(-0.707106781186554,0.,-0.707106781186541));
#3168=DIRECTION('',(2.66351638929619E-47,1.,5.58800776166338E-62));
#3169=DIRECTION('',(-2.66351638929619E-47,-1.,-5.58800776166338E-62));
#3170=DIRECTION('center_axis',(-0.707106781186549,0.707106781186546,-1.57009245868378E-15));
#3171=DIRECTION('ref_axis',(-0.707106781186545,-0.707106781186549,-1.57009245868377E-15));
#3172=DIRECTION('center_axis',(-1.,-3.20256641718798E-16,-2.09798136933558E-15));
#3173=DIRECTION('ref_axis',(0.,-0.707106781186549,-0.707106781186546));
#3174=DIRECTION('',(1.,3.20256641718798E-16,2.09798136933558E-15));
#3175=DIRECTION('center_axis',(-0.707106781186548,-0.707106781186547,1.57009245868378E-15));
#3176=DIRECTION('ref_axis',(0.707106781186547,-0.707106781186548,4.53708616480424E-15));
#3177=DIRECTION('',(-1.,-3.20256641718798E-16,-2.09798136933558E-15));
#3178=DIRECTION('center_axis',(-2.69760939907909E-47,-1.,-5.65953426101247E-62));
#3179=DIRECTION('ref_axis',(0.707106781186548,0.,-0.707106781186548));
#3180=DIRECTION('',(2.69760939907909E-47,1.,5.65953426101247E-62));
#3181=DIRECTION('',(-2.69760939907909E-47,-1.,-5.65953426101247E-62));
#3182=DIRECTION('center_axis',(-1.,2.66351638929619E-47,-2.09798136933558E-15));
#3183=DIRECTION('ref_axis',(-6.84369570945715E-47,1.,4.53159986914671E-32));
#3184=DIRECTION('',(2.09798136933558E-15,0.,-1.));
#3185=DIRECTION('center_axis',(3.20256641718798E-16,-1.,6.71892467732018E-31));
#3186=DIRECTION('ref_axis',(-1.,-3.20256641718798E-16,-1.51021623865167E-15));
#3187=DIRECTION('',(2.09798136933558E-15,0.,-1.));
#3188=DIRECTION('center_axis',(1.,-2.69760939907909E-47,2.09798136933558E-15));
#3189=DIRECTION('ref_axis',(6.93129501453796E-47,-1.,-4.58960434747163E-32));
#3190=DIRECTION('center_axis',(-1.,0.,1.22464679914735E-16));
#3191=DIRECTION('ref_axis',(0.,-0.707106781186549,-0.707106781186546));
#3192=DIRECTION('',(-1.,0.,1.22464679914735E-16));
#3193=DIRECTION('',(1.,0.,-1.22464679914735E-16));
#3194=DIRECTION('center_axis',(-0.707106781186547,-0.707106781186548,0.));
#3195=DIRECTION('ref_axis',(0.707106781186548,-0.707106781186547,-1.73191211247099E-16));
#3196=DIRECTION('center_axis',(7.39865663693386E-47,-1.,-9.06074116841137E-63));
#3197=DIRECTION('ref_axis',(0.707106781186549,0.,-0.707106781186546));
#3198=DIRECTION('',(-7.39865663693386E-47,1.,9.06074116841137E-63));
#3199=DIRECTION('',(7.39865663693386E-47,-1.,-9.06074116841137E-63));
#3200=DIRECTION('center_axis',(-1.22464679914735E-16,0.,-1.));
#3201=DIRECTION('ref_axis',(-1.,0.,1.22464679914735E-16));
#3202=DIRECTION('center_axis',(0.,-1.,0.));
#3203=DIRECTION('ref_axis',(-1.,0.,-1.51021623865167E-15));
#3204=DIRECTION('',(-1.22464679914735E-16,0.,-1.));
#3205=DIRECTION('',(1.,-3.26536183713281E-17,1.65444999748063E-15));
#3206=DIRECTION('center_axis',(1.,7.39865663693386E-47,-1.22464679914735E-16));
#3207=DIRECTION('ref_axis',(6.84369570945715E-47,-1.,-4.53159986914671E-32));
#3208=DIRECTION('center_axis',(2.09798136933558E-15,0.,-1.));
#3209=DIRECTION('ref_axis',(-1.,0.,-2.09798136933558E-15));
#3210=DIRECTION('center_axis',(1.542869857023E-15,0.,-1.));
#3211=DIRECTION('ref_axis',(-1.,0.,-1.542869857023E-15));
#3212=DIRECTION('center_axis',(-1.47973132738675E-48,1.,-2.46424768488587E-63));
#3213=DIRECTION('ref_axis',(0.707106781186548,0.,0.707106781186548));
#3214=DIRECTION('',(-1.47973132738675E-48,1.,-2.46424768488587E-63));
#3215=DIRECTION('',(1.47973132738675E-48,-1.,2.46424768488587E-63));
#3216=DIRECTION('center_axis',(0.707106781186547,0.707106781186548,1.57009245868377E-15));
#3217=DIRECTION('ref_axis',(0.707106781186548,-0.707106781186547,1.57009245868377E-15));
#3218=DIRECTION('center_axis',(1.,0.,1.66533453693773E-15));
#3219=DIRECTION('ref_axis',(0.,-0.707106781186547,0.707106781186548));
#3220=DIRECTION('',(-1.,0.,-1.66533453693773E-15));
#3221=DIRECTION('',(1.,0.,1.66533453693773E-15));
#3222=DIRECTION('center_axis',(1.,1.47973132738675E-48,1.66533453693773E-15));
#3223=DIRECTION('ref_axis',(7.39865663693386E-47,1.,-4.53159986914671E-32));
#3224=DIRECTION('',(-1.66533453693773E-15,0.,1.));
#3225=DIRECTION('center_axis',(0.,-1.,0.));
#3226=DIRECTION('ref_axis',(1.,0.,1.63268091856641E-15));
#3227=DIRECTION('',(1.,-2.72113486427734E-17,1.63268091856641E-15));
#3228=DIRECTION('center_axis',(-2.66351638929619E-47,1.,-5.91419444372619E-62));
#3229=DIRECTION('ref_axis',(0.707106781186544,0.,0.707106781186551));
#3230=DIRECTION('',(-2.66351638929619E-47,1.,-5.91419444372619E-62));
#3231=DIRECTION('',(2.66351638929619E-47,-1.,5.91419444372619E-62));
#3232=DIRECTION('center_axis',(0.707106781186549,0.707106781186546,1.57009245868377E-15));
#3233=DIRECTION('ref_axis',(0.707106781186545,-0.707106781186549,1.57009245868376E-15));
#3234=DIRECTION('center_axis',(1.,-3.20256641718798E-16,2.22044604925031E-15));
#3235=DIRECTION('ref_axis',(0.,-0.707106781186547,0.707106781186548));
#3236=DIRECTION('',(-1.,3.20256641718798E-16,-2.22044604925031E-15));
#3237=DIRECTION('center_axis',(0.707106781186548,-0.707106781186547,-1.57009245868378E-15));
#3238=DIRECTION('ref_axis',(-0.707106781186547,-0.707106781186548,-4.71027737605134E-15));
#3239=DIRECTION('',(1.,-3.20256641718798E-16,2.22044604925031E-15));
#3240=DIRECTION('center_axis',(2.69760939907909E-47,-1.,5.98989613260567E-62));
#3241=DIRECTION('ref_axis',(-0.707106781186548,0.,0.707106781186548));
#3242=DIRECTION('',(-2.69760939907909E-47,1.,-5.98989613260567E-62));
#3243=DIRECTION('',(2.69760939907909E-47,-1.,5.98989613260567E-62));
#3244=DIRECTION('center_axis',(1.,2.66351638929619E-47,2.22044604925031E-15));
#3245=DIRECTION('ref_axis',(7.39865663693386E-47,1.,-4.53159986914671E-32));
#3246=DIRECTION('',(-2.22044604925031E-15,0.,1.));
#3247=DIRECTION('center_axis',(-3.20256641718798E-16,-1.,-7.11112594850678E-31));
#3248=DIRECTION('ref_axis',(1.,-3.20256641718798E-16,1.63268091856641E-15));
#3249=DIRECTION('',(-2.22044604925031E-15,0.,1.));
#3250=DIRECTION('',(1.,-2.72113486427734E-17,1.63268091856641E-15));
#3251=DIRECTION('center_axis',(-1.,-2.69760939907909E-47,-2.22044604925031E-15));
#3252=DIRECTION('ref_axis',(-7.49335944188635E-47,-1.,4.58960434747163E-32));
#3253=DIRECTION('center_axis',(1.,0.,0.));
#3254=DIRECTION('ref_axis',(0.,-0.707106781186547,0.707106781186548));
#3255=DIRECTION('',(1.,0.,0.));
#3256=DIRECTION('',(-1.,0.,0.));
#3257=DIRECTION('center_axis',(0.707106781186549,-0.707106781186546,0.));
#3258=DIRECTION('ref_axis',(-0.707106781186546,-0.707106781186549,0.));
#3259=DIRECTION('center_axis',(-7.39865663693386E-47,-1.,0.));
#3260=DIRECTION('ref_axis',(-0.70710678118654,0.,0.707106781186555));
#3261=DIRECTION('',(7.39865663693386E-47,1.,0.));
#3262=DIRECTION('',(-7.39865663693386E-47,-1.,0.));
#3263=DIRECTION('center_axis',(0.,0.,1.));
#3264=DIRECTION('ref_axis',(1.,0.,0.));
#3265=DIRECTION('center_axis',(0.,-1.,0.));
#3266=DIRECTION('ref_axis',(1.,0.,1.63268091856641E-15));
#3267=DIRECTION('',(0.,0.,1.));
#3268=DIRECTION('',(1.,-2.72113486427734E-17,1.63268091856641E-15));
#3269=DIRECTION('center_axis',(-1.,7.39865663693386E-47,0.));
#3270=DIRECTION('ref_axis',(-7.39865663693386E-47,-1.,4.53159986914671E-32));
#3271=DIRECTION('center_axis',(-2.22044604925031E-15,0.,1.));
#3272=DIRECTION('ref_axis',(1.,0.,2.22044604925031E-15));
#3273=DIRECTION('center_axis',(-1.66533453693773E-15,0.,1.));
#3274=DIRECTION('ref_axis',(1.,0.,1.66533453693773E-15));
#3275=DIRECTION('',(0.,1.,0.));
#3276=DIRECTION('center_axis',(-1.,0.,2.44929359829471E-16));
#3277=DIRECTION('ref_axis',(-2.44929359829471E-16,-7.95295777034928E-33,
-1.));
#3278=DIRECTION('',(0.,-1.,0.));
#3279=DIRECTION('center_axis',(2.44929359829471E-16,0.,1.));
#3280=DIRECTION('ref_axis',(-1.,3.26536183713281E-17,2.44929359829471E-16));
#3281=DIRECTION('',(0.,-1.,0.));
#3282=DIRECTION('center_axis',(-1.,-5.47372677663016E-15,0.));
#3283=DIRECTION('ref_axis',(0.,0.,-1.));
#3284=DIRECTION('center_axis',(1.,0.,-2.44929359829471E-16));
#3285=DIRECTION('ref_axis',(2.44929359829471E-16,7.95295777034928E-33,1.));
#3286=DIRECTION('center_axis',(1.,0.,-3.5527136788005E-15));
#3287=DIRECTION('ref_axis',(0.,1.,0.));
#3288=DIRECTION('center_axis',(3.26536183713281E-17,1.,-1.59507876141545E-32));
#3289=DIRECTION('ref_axis',(1.,-3.26536183713281E-17,-2.44929359829471E-16));
#3290=DIRECTION('center_axis',(-2.72113486427734E-17,-1.,8.83661974486271E-34));
#3291=DIRECTION('ref_axis',(1.62370117351429E-15,-4.5066760698664E-32,-1.));
#3292=DIRECTION('',(1.,-2.72113486427734E-17,1.63268091856641E-15));
#3293=DIRECTION('',(1.,-2.72113486427734E-17,1.63268091856641E-15));
#3294=DIRECTION('center_axis',(2.72113486427734E-17,1.,-8.83661974486271E-34));
#3295=DIRECTION('ref_axis',(1.,0.,0.));
#3296=DIRECTION('center_axis',(2.72113486427734E-17,1.,-8.83661974486271E-34));
#3297=DIRECTION('ref_axis',(1.,0.,0.));
#3298=DIRECTION('center_axis',(2.72113486427734E-17,1.,-8.83661974486271E-34));
#3299=DIRECTION('ref_axis',(1.,0.,0.));
#3300=DIRECTION('center_axis',(2.72113486427734E-17,1.,-8.83661974486271E-34));
#3301=DIRECTION('ref_axis',(1.,0.,0.));
#3302=DIRECTION('center_axis',(1.,-2.72113486427734E-17,1.63268091856641E-15));
#3303=DIRECTION('ref_axis',(-1.63268091856641E-15,4.53111116720004E-32,
1.));
#3304=DIRECTION('center_axis',(1.,-2.72113486427734E-17,1.63268091856641E-15));
#3305=DIRECTION('ref_axis',(-1.63268091856641E-15,4.53111116720004E-32,
1.));
#3306=DIRECTION('',(0.,1.,0.));
#3307=DIRECTION('center_axis',(1.,0.,-1.22464679914735E-16));
#3308=DIRECTION('ref_axis',(1.22464679914735E-16,-7.95295777034928E-33,
1.));
#3309=DIRECTION('',(0.,-1.,0.));
#3310=DIRECTION('center_axis',(-1.22464679914735E-16,0.,-1.));
#3311=DIRECTION('ref_axis',(1.,3.26536183713281E-17,-1.22464679914735E-16));
#3312=DIRECTION('',(0.,-1.,0.));
#3313=DIRECTION('center_axis',(1.,7.52637431786648E-15,0.));
#3314=DIRECTION('ref_axis',(0.,0.,1.));
#3315=DIRECTION('center_axis',(-1.,0.,1.22464679914735E-16));
#3316=DIRECTION('ref_axis',(-1.22464679914735E-16,7.95295777034928E-33,
-1.));
#3317=DIRECTION('center_axis',(-1.,0.,0.));
#3318=DIRECTION('ref_axis',(0.,1.,0.));
#3319=DIRECTION('center_axis',(-3.26536183713281E-17,1.,1.19518726922519E-32));
#3320=DIRECTION('ref_axis',(-1.,-3.26536183713281E-17,1.22464679914735E-16));
#3321=DIRECTION('center_axis',(1.,-3.26536183713281E-17,1.65444999748063E-15));
#3322=DIRECTION('ref_axis',(-3.26536183713281E-17,-1.,-8.10356682482379E-33));
#3323=DIRECTION('center_axis',(0.,1.,0.));
#3324=DIRECTION('ref_axis',(1.,0.,0.));
#3325=DIRECTION('',(0.,1.,0.));
#3326=DIRECTION('center_axis',(3.26536183713281E-17,1.,7.95295777034928E-33));
#3327=DIRECTION('ref_axis',(1.,-3.26536183713281E-17,0.));
#3328=DIRECTION('center_axis',(-3.26536183713281E-17,-1.,-7.95295777034928E-33));
#3329=DIRECTION('ref_axis',(1.,-3.26536183713281E-17,0.));
#3330=DIRECTION('center_axis',(0.,1.,0.));
#3331=DIRECTION('ref_axis',(1.,0.,0.));
#3332=DIRECTION('',(0.,1.,0.));
#3333=DIRECTION('center_axis',(3.26536183713281E-17,1.,7.95295777034928E-33));
#3334=DIRECTION('ref_axis',(1.,-3.26536183713281E-17,0.));
#3335=DIRECTION('center_axis',(-3.26536183713281E-17,-1.,-7.95295777034928E-33));
#3336=DIRECTION('ref_axis',(1.,-3.26536183713281E-17,0.));
#3337=DIRECTION('center_axis',(0.,1.,0.));
#3338=DIRECTION('ref_axis',(1.,0.,0.));
#3339=DIRECTION('',(0.,1.,0.));
#3340=DIRECTION('center_axis',(3.26536183713281E-17,1.,7.95295777034928E-33));
#3341=DIRECTION('ref_axis',(1.,-3.26536183713281E-17,0.));
#3342=DIRECTION('center_axis',(-3.26536183713281E-17,-1.,-7.95295777034928E-33));
#3343=DIRECTION('ref_axis',(1.,-3.26536183713281E-17,0.));
#3344=DIRECTION('center_axis',(0.,1.,0.));
#3345=DIRECTION('ref_axis',(1.,0.,0.));
#3346=DIRECTION('',(0.,1.,0.));
#3347=DIRECTION('center_axis',(3.26536183713281E-17,1.,7.95295777034928E-33));
#3348=DIRECTION('ref_axis',(1.,-3.26536183713281E-17,0.));
#3349=DIRECTION('center_axis',(-3.26536183713281E-17,-1.,-7.95295777034928E-33));
#3350=DIRECTION('ref_axis',(1.,-3.26536183713281E-17,0.));
#3351=DIRECTION('center_axis',(0.,1.,0.));
#3352=DIRECTION('ref_axis',(1.,0.,0.));
#3353=DIRECTION('',(0.,1.,0.));
#3354=DIRECTION('center_axis',(3.26536183713281E-17,1.,7.95295777034928E-33));
#3355=DIRECTION('ref_axis',(1.,-3.26536183713281E-17,0.));
#3356=DIRECTION('center_axis',(-3.26536183713281E-17,-1.,-7.95295777034928E-33));
#3357=DIRECTION('ref_axis',(1.,-3.26536183713281E-17,0.));
#3358=DIRECTION('center_axis',(0.,1.,0.));
#3359=DIRECTION('ref_axis',(1.,0.,0.));
#3360=DIRECTION('',(0.,1.,0.));
#3361=DIRECTION('center_axis',(3.26536183713281E-17,1.,7.95295777034928E-33));
#3362=DIRECTION('ref_axis',(1.,-3.26536183713281E-17,0.));
#3363=DIRECTION('center_axis',(-3.26536183713281E-17,-1.,-7.95295777034928E-33));
#3364=DIRECTION('ref_axis',(1.,-3.26536183713281E-17,0.));
#3365=DIRECTION('center_axis',(0.,1.,0.));
#3366=DIRECTION('ref_axis',(1.,0.,0.));
#3367=DIRECTION('',(0.,1.,0.));
#3368=DIRECTION('center_axis',(3.26536183713281E-17,1.,7.95295777034928E-33));
#3369=DIRECTION('ref_axis',(1.,-3.26536183713281E-17,0.));
#3370=DIRECTION('center_axis',(-3.26536183713281E-17,-1.,-7.95295777034928E-33));
#3371=DIRECTION('ref_axis',(1.,-3.26536183713281E-17,0.));
#3372=DIRECTION('center_axis',(0.,1.,0.));
#3373=DIRECTION('ref_axis',(1.,0.,0.));
#3374=DIRECTION('',(0.,1.,0.));
#3375=DIRECTION('center_axis',(3.26536183713281E-17,1.,7.95295777034928E-33));
#3376=DIRECTION('ref_axis',(1.,-3.26536183713281E-17,0.));
#3377=DIRECTION('center_axis',(-3.26536183713281E-17,-1.,-7.95295777034928E-33));
#3378=DIRECTION('ref_axis',(1.,-3.26536183713281E-17,0.));
#3379=DIRECTION('center_axis',(-1.,0.,-1.62370117351429E-15));
#3380=DIRECTION('ref_axis',(8.130595927456E-30,-1.,-5.00744598826542E-15));
#3381=DIRECTION('',(-1.,0.,-1.62370117351429E-15));
#3382=DIRECTION('center_axis',(-1.,2.77555756156306E-17,-1.62370117351429E-15));
#3383=DIRECTION('ref_axis',(2.77555756156306E-17,1.,0.));
#3384=DIRECTION('',(-1.,0.,-1.62370117351429E-15));
#3385=DIRECTION('center_axis',(-1.,0.,-1.62370117351429E-15));
#3386=DIRECTION('ref_axis',(0.,1.,-4.5066760698664E-32));
#3387=DIRECTION('center_axis',(-1.,2.77555756156306E-17,-1.62370117351429E-15));
#3388=DIRECTION('ref_axis',(2.77555756156306E-17,1.,0.));
#3389=DIRECTION('center_axis',(1.,-2.77555756156306E-17,1.62370117351429E-15));
#3390=DIRECTION('ref_axis',(2.77555756156306E-17,1.,0.));
#3391=DIRECTION('center_axis',(1.,-2.77555756156306E-17,1.62370117351429E-15));
#3392=DIRECTION('ref_axis',(0.,1.,-2.42281987003916E-31));
#3393=DIRECTION('center_axis',(1.,-2.77555756156306E-17,1.62370117351429E-15));
#3394=DIRECTION('ref_axis',(0.,1.,-2.42281987003916E-31));
#3395=DIRECTION('center_axis',(-1.,0.,-1.62370117351429E-15));
#3396=DIRECTION('ref_axis',(0.,1.,-4.5066760698664E-32));
#3397=DIRECTION('',(-1.,0.,-1.62370117351429E-15));
#3398=DIRECTION('center_axis',(-1.,2.77555756156306E-17,-1.62370117351429E-15));
#3399=DIRECTION('ref_axis',(2.77555756156306E-17,1.,0.));
#3400=DIRECTION('center_axis',(1.,-2.77555756156306E-17,1.62370117351429E-15));
#3401=DIRECTION('ref_axis',(2.77555756156306E-17,1.,0.));
#3402=DIRECTION('center_axis',(1.,-2.77555756156306E-17,1.62370117351429E-15));
#3403=DIRECTION('ref_axis',(0.,1.,-2.42281987003916E-31));
#3404=DIRECTION('center_axis',(-1.,0.,-7.40148683083438E-16));
#3405=DIRECTION('ref_axis',(0.,1.,0.));
#3406=DIRECTION('center_axis',(-1.,0.,-7.40148683083437E-16));
#3407=DIRECTION('ref_axis',(0.,1.,0.));
#3408=DIRECTION('',(-0.624695047554425,-0.78086880944303,-5.57996065579994E-16));
#3409=DIRECTION('center_axis',(1.,0.,7.40148683083437E-16));
#3410=DIRECTION('ref_axis',(0.,1.,0.));
#3411=DIRECTION('center_axis',(-1.,0.,-7.40148683083437E-16));
#3412=DIRECTION('ref_axis',(0.,1.,0.));
#3413=DIRECTION('center_axis',(1.,0.,7.40148683083434E-16));
#3414=DIRECTION('ref_axis',(0.,1.,0.));
#3415=DIRECTION('',(-1.,0.,-7.40148683083434E-16));
#3416=DIRECTION('center_axis',(-1.,0.,-1.62370117351429E-15));
#3417=DIRECTION('ref_axis',(0.,1.,-2.42281987003916E-31));
#3418=DIRECTION('center_axis',(-1.,2.77555756156306E-17,-1.62370117351429E-15));
#3419=DIRECTION('ref_axis',(2.77555756156306E-17,1.,-1.97215226305252E-31));
#3420=DIRECTION('',(1.,0.,1.62370117351429E-15));
#3421=DIRECTION('center_axis',(1.,-2.77555756156306E-17,1.62370117351429E-15));
#3422=DIRECTION('ref_axis',(2.77555756156306E-17,1.,-1.97215226305252E-31));
#3423=DIRECTION('center_axis',(1.,-2.77555756156306E-17,1.62370117351429E-15));
#3424=DIRECTION('ref_axis',(2.77555756156306E-17,1.,-1.97215226305252E-31));
#3425=DIRECTION('center_axis',(1.,0.,1.62370117351429E-15));
#3426=DIRECTION('ref_axis',(0.,1.,-2.42281987003916E-31));
#3427=DIRECTION('',(-1.,0.,-1.62370117351429E-15));
#3428=DIRECTION('center_axis',(1.,0.,1.62370117351429E-15));
#3429=DIRECTION('ref_axis',(0.,1.,-2.42281987003916E-31));
#3430=DIRECTION('',(-1.,0.,-1.62370117351429E-15));
#3431=DIRECTION('center_axis',(1.,0.,1.62370117351429E-15));
#3432=DIRECTION('ref_axis',(0.,1.,-2.42281987003916E-31));
#3433=DIRECTION('',(-1.,0.,-1.62370117351429E-15));
#3434=CARTESIAN_POINT('',(0.,0.,0.));
#3435=CARTESIAN_POINT('Origin',(29.5999999254942,24.1499999999999,29.4000000000001));
#3436=CARTESIAN_POINT('',(57.,23.1499999999999,28.4000000000001));
#3437=CARTESIAN_POINT('',(57.,25.1499999999999,30.4000000000001));
#3438=CARTESIAN_POINT('',(57.,16.4249999999999,21.6750000000001));
#3439=CARTESIAN_POINT('',(53.6999998509884,23.1499999999999,28.4000000000001));
#3440=CARTESIAN_POINT('',(53.1999998509884,23.1499999999999,28.4000000000001));
#3441=CARTESIAN_POINT('',(53.1999998509884,23.6499999999999,28.9000000000001));
#3442=CARTESIAN_POINT('Origin',(53.6999998509884,23.6499999999999,28.9000000000001));
#3443=CARTESIAN_POINT('',(53.1999998509884,25.1499999999999,30.4000000000001));
#3444=CARTESIAN_POINT('',(53.1999998509884,17.8999999999999,23.1500000000001));
#3445=CARTESIAN_POINT('',(29.5999999254942,25.1499999999999,30.4000000000001));
#3446=CARTESIAN_POINT('Origin',(57.,12.4499999999999,10.2000000000002));
#3447=CARTESIAN_POINT('',(57.,34.9499999999999,30.4000000000001));
#3448=CARTESIAN_POINT('',(57.,-1.85000000000006,30.4000000000001));
#3449=CARTESIAN_POINT('',(57.,34.9499999999999,4.44089209850062E-14));
#3450=CARTESIAN_POINT('',(57.,34.9499999999999,40.2000000000001));
#3451=CARTESIAN_POINT('',(57.,33.4888414251672,-9.99999999999983));
#3452=CARTESIAN_POINT('Origin',(57.,0.,4.21884749357559E-14));
#3453=CARTESIAN_POINT('',(57.,25.15,-9.99999999999983));
#3454=CARTESIAN_POINT('',(57.,-1.85000000000006,-9.99999999999983));
#3455=CARTESIAN_POINT('',(57.,23.1499999999999,-7.99999999999983));
#3456=CARTESIAN_POINT('',(57.,16.4249999999999,-1.27499999999984));
#3457=CARTESIAN_POINT('',(57.,-1.35000000000006,-7.99999999999983));
#3458=CARTESIAN_POINT('',(57.,11.5499999999999,-7.99999999999983));
#3459=CARTESIAN_POINT('',(57.,-1.85000000000006,-8.49999999999983));
#3460=CARTESIAN_POINT('Origin',(57.,-1.35000000000006,-8.49999999999983));
#3461=CARTESIAN_POINT('',(57.,-1.85000000000006,-9.99999999999983));
#3462=CARTESIAN_POINT('',(57.,-1.85000000000006,0.10000000000016));
#3463=CARTESIAN_POINT('',(57.,-3.85000000000006,-11.9999999999998));
#3464=CARTESIAN_POINT('Origin',(57.,-1.85000000000006,-11.9999999999998));
#3465=CARTESIAN_POINT('',(57.,-3.85000000000006,-18.8977737735544));
#3466=CARTESIAN_POINT('',(57.,-3.85000000000006,-11.9999999999998));
#3467=CARTESIAN_POINT('',(57.,-4.54398056529917,-17.7707794181079));
#3468=CARTESIAN_POINT('Origin',(57.,-1.70539159868604,-16.7999999999998));
#3469=CARTESIAN_POINT('',(57.,-9.50927303815404,-3.25211105066198));
#3470=CARTESIAN_POINT('',(57.,-10.4189690577525,-0.592131825683698));
#3471=CARTESIAN_POINT('',(57.,-9.927921195435,1.56169162680541));
#3472=CARTESIAN_POINT('Origin',(57.,0.,4.21884749357559E-14));
#3473=CARTESIAN_POINT('',(57.,-4.24857798041037,37.6661766050167));
#3474=CARTESIAN_POINT('',(57.,-5.95577355044639,26.8132637804891));
#3475=CARTESIAN_POINT('',(57.,-3.85000000000006,38.7559159992001));
#3476=CARTESIAN_POINT('Origin',(56.9999999999999,-1.2850194146089,37.2000000000002));
#3477=CARTESIAN_POINT('',(57.,-3.85000000000006,32.4000000000001));
#3478=CARTESIAN_POINT('',(57.,-3.85000000000006,32.4000000000001));
#3479=CARTESIAN_POINT('',(57.,-1.85000000000006,30.4000000000001));
#3480=CARTESIAN_POINT('Origin',(57.,-1.85000000000006,32.4000000000001));
#3481=CARTESIAN_POINT('',(57.,-1.85000000000005,28.9000000000001));
#3482=CARTESIAN_POINT('',(57.,-1.85000000000005,20.3000000000001));
#3483=CARTESIAN_POINT('',(57.,-1.35000000000006,28.4000000000001));
#3484=CARTESIAN_POINT('Origin',(57.,-1.35000000000005,28.9000000000001));
#3485=CARTESIAN_POINT('',(57.,11.5499999999999,28.4000000000001));
#3486=CARTESIAN_POINT('',(57.,-1.6,4.72660908148619E-14));
#3487=CARTESIAN_POINT('Origin',(57.,-9.86076131526265E-31,4.74620343027254E-14));
#3488=CARTESIAN_POINT('Origin',(5.99999999999996,-1.85000000000005,30.4));
#3489=CARTESIAN_POINT('',(53.1999998509884,-1.85000000000005,30.4000000000001));
#3490=CARTESIAN_POINT('',(53.1999998509884,-1.85000000000005,30.4000000000001));
#3491=CARTESIAN_POINT('',(32.7999998509884,-1.85000000000005,30.4000000000001));
#3492=CARTESIAN_POINT('',(5.99999999999997,-1.85000000000005,30.4));
#3493=CARTESIAN_POINT('',(32.7999998509884,25.1499999999999,30.4000000000001));
#3494=CARTESIAN_POINT('',(32.7999998509884,10.6499999999999,30.4000000000001));
#3495=CARTESIAN_POINT('',(30.1999998509884,25.1499999999999,30.4000000000001));
#3496=CARTESIAN_POINT('',(18.0999999254942,25.1499999999999,30.4000000000001));
#3497=CARTESIAN_POINT('',(30.1999998509884,-1.85000000000005,30.4000000000001));
#3498=CARTESIAN_POINT('',(30.1999998509884,-1.85000000000005,30.4000000000001));
#3499=CARTESIAN_POINT('',(24.7783370099792,-1.85000000000006,30.4000000000001));
#3500=CARTESIAN_POINT('',(5.99999999999997,-1.85000000000005,30.4));
#3501=CARTESIAN_POINT('',(24.7783370099792,30.1499999999999,30.4000000000001));
#3502=CARTESIAN_POINT('',(24.7783370099792,-3.85000000000006,30.4000000000001));
#3503=CARTESIAN_POINT('',(15.2216626919978,30.1499999999999,30.4000000000001));
#3504=CARTESIAN_POINT('',(24.5000000745057,30.1499999999999,30.4000000000001));
#3505=CARTESIAN_POINT('',(15.2216626919978,-1.85000000000005,30.4000000000001));
#3506=CARTESIAN_POINT('',(15.2216626919978,-3.85000000000006,30.4000000000001));
#3507=CARTESIAN_POINT('',(9.79999985098836,-1.85000000000006,30.4000000000001));
#3508=CARTESIAN_POINT('',(5.99999999999997,-1.85000000000005,30.4));
#3509=CARTESIAN_POINT('',(9.79999985098836,25.1499999999999,30.4));
#3510=CARTESIAN_POINT('',(9.79999985098836,10.6499999999999,30.4));
#3511=CARTESIAN_POINT('',(5.99999999999996,25.1499999999999,30.4));
#3512=CARTESIAN_POINT('',(5.99999999999997,25.1499999999999,30.4));
#3513=CARTESIAN_POINT('',(5.99999999999997,34.9499999999999,30.4));
#3514=CARTESIAN_POINT('',(5.99999999999996,5.29999999999994,30.4));
#3515=CARTESIAN_POINT('',(5.99999999999997,34.9499999999999,30.4));
#3516=CARTESIAN_POINT('Origin',(5.99999999999997,24.1499999999999,29.4));
#3517=CARTESIAN_POINT('',(5.99999999999997,23.1499999999999,28.4000000000001));
#3518=CARTESIAN_POINT('',(5.99999999999998,16.425,21.675));
#3519=CARTESIAN_POINT('',(9.79999985098836,23.65,28.9000000000001));
#3520=CARTESIAN_POINT('',(9.79999985098836,24.15,29.4));
#3521=CARTESIAN_POINT('',(9.29999985098836,23.1499999999999,28.4000000000001));
#3522=CARTESIAN_POINT('Origin',(9.29999985098836,23.65,28.9000000000001));
#3523=CARTESIAN_POINT('',(9.79999985098836,23.1499999999999,28.4000000000001));
#3524=CARTESIAN_POINT('Origin',(18.0999999254942,24.1499999999999,29.4000000000001));
#3525=CARTESIAN_POINT('',(30.1999998509884,23.6499999999999,28.9000000000001));
#3526=CARTESIAN_POINT('',(30.1999998509884,17.8999999999999,23.1500000000001));
#3527=CARTESIAN_POINT('',(32.7999998509884,23.6499999999999,28.9000000000001));
#3528=CARTESIAN_POINT('',(32.7999998509884,24.1499999999999,29.4000000000001));
#3529=CARTESIAN_POINT('',(32.2999998509884,23.1499999999999,28.4000000000001));
#3530=CARTESIAN_POINT('Origin',(32.2999998509884,23.6499999999999,28.9000000000001));
#3531=CARTESIAN_POINT('',(30.6999998509884,23.1499999999999,28.4000000000001));
#3532=CARTESIAN_POINT('',(30.1999998509884,23.1499999999999,28.4000000000001));
#3533=CARTESIAN_POINT('Origin',(30.6999998509884,23.6499999999999,28.9000000000001));
#3534=CARTESIAN_POINT('Origin',(5.99999999999996,-1.85000000000005,32.4));
#3535=CARTESIAN_POINT('',(23.4159267282409,-3.85000000000006,32.4000000000001));
#3536=CARTESIAN_POINT('',(5.99999999999996,-3.85000000000005,32.4));
#3537=CARTESIAN_POINT('Ctrl Pts',(23.4159267282424,-3.85000000000006,32.3999999999969));
#3538=CARTESIAN_POINT('Ctrl Pts',(23.5494624642251,-3.84999999999961,32.1140012541766));
#3539=CARTESIAN_POINT('Ctrl Pts',(23.6938112184493,-3.78872549097331,31.8340834425084));
#3540=CARTESIAN_POINT('Ctrl Pts',(23.9866256581552,-3.55463973887365,31.3148717380819));
#3541=CARTESIAN_POINT('Ctrl Pts',(24.1343586961144,-3.37927880860387,31.0779174119875));
#3542=CARTESIAN_POINT('Ctrl Pts',(24.3791533273488,-2.97915489718398,30.7327112932509));
#3543=CARTESIAN_POINT('Ctrl Pts',(24.4794923308939,-2.7732216031563,30.6093365387861));
#3544=CARTESIAN_POINT('Ctrl Pts',(24.6507607436093,-2.3286405905065,30.4443453353159));
#3545=CARTESIAN_POINT('Ctrl Pts',(24.7213518802939,-2.09544471768491,30.4006915137903));
#3546=CARTESIAN_POINT('Ctrl Pts',(24.7774575748683,-1.85380087424424,30.4000027090666));
#3547=CARTESIAN_POINT('Ctrl Pts',(24.7778977765277,-1.85190055026948,30.4000000000001));
#3548=CARTESIAN_POINT('Ctrl Pts',(24.7783370099792,-1.85000000000006,30.4000000000001));
#3549=CARTESIAN_POINT('',(5.99999999999996,-1.85000000000005,30.4));
#3550=CARTESIAN_POINT('',(5.99999999999996,-1.85000000000005,30.4));
#3551=CARTESIAN_POINT('Origin',(6.00000000000003,34.9499999999999,-9.99999999999991));
#3552=CARTESIAN_POINT('',(9.80000014901166,-1.85000000000005,-9.9999999999999));
#3553=CARTESIAN_POINT('',(30.2000001490116,-1.85000000000005,-9.99999999999987));
#3554=CARTESIAN_POINT('',(6.00000000000003,-1.85000000000005,-9.99999999999991));
#3555=CARTESIAN_POINT('',(30.2000001490116,25.15,-9.99999999999987));
#3556=CARTESIAN_POINT('',(30.2000001490116,29.0499999999999,-9.99999999999987));
#3557=CARTESIAN_POINT('',(32.8000001490116,25.15,-9.99999999999986));
#3558=CARTESIAN_POINT('',(19.4000000745058,25.15,-9.99999999999989));
#3559=CARTESIAN_POINT('',(32.8000001490116,-1.85000000000005,-9.99999999999987));
#3560=CARTESIAN_POINT('',(32.8000001490116,16.5499999999999,-9.99999999999987));
#3561=CARTESIAN_POINT('',(38.2216629900208,-1.85000000000005,-9.99999999999986));
#3562=CARTESIAN_POINT('',(6.00000000000003,-1.85000000000005,-9.99999999999991));
#3563=CARTESIAN_POINT('',(38.2216629900208,30.1499999999999,-9.99999999999988));
#3564=CARTESIAN_POINT('',(38.2216629900208,-3.85000000000006,-9.99999999999988));
#3565=CARTESIAN_POINT('',(47.7783373080022,30.1499999999999,-9.9999999999999));
#3566=CARTESIAN_POINT('',(12.9999999254943,30.1499999999999,-9.9999999999999));
#3567=CARTESIAN_POINT('',(47.7783373080022,-1.85000000000006,-9.99999999999984));
#3568=CARTESIAN_POINT('',(47.7783373080022,-3.85000000000006,-9.9999999999999));
#3569=CARTESIAN_POINT('',(53.2000001490117,-1.85000000000006,-9.99999999999983));
#3570=CARTESIAN_POINT('',(6.00000000000003,-1.85000000000005,-9.99999999999991));
#3571=CARTESIAN_POINT('',(53.2000001490117,25.15,-9.99999999999983));
#3572=CARTESIAN_POINT('',(53.2000001490117,29.0499999999999,-9.99999999999983));
#3573=CARTESIAN_POINT('',(31.5,25.15,-9.99999999999987));
#3574=CARTESIAN_POINT('',(6.00000000000003,33.4888414251672,-9.99999999999991));
#3575=CARTESIAN_POINT('',(63.0000000000001,33.4888414251672,-9.99999999999982));
#3576=CARTESIAN_POINT('',(6.00000000000003,25.15,-9.99999999999991));
#3577=CARTESIAN_POINT('',(6.00000000000003,23.6999999999999,-9.99999999999991));
#3578=CARTESIAN_POINT('',(9.80000014901166,25.15,-9.9999999999999));
#3579=CARTESIAN_POINT('',(7.90000007450584,25.15,-9.99999999999991));
#3580=CARTESIAN_POINT('',(9.80000014901166,16.5499999999999,-9.9999999999999));
#3581=CARTESIAN_POINT('Origin',(1.00000000000001,0.,2.92534955694879E-15));
#3582=CARTESIAN_POINT('',(-4.91375457326342E-14,28.51333878887,38.6133333333335));
#3583=CARTESIAN_POINT('',(0.999999999999943,29.1073666803048,39.4177777777779));
#3584=CARTESIAN_POINT('Origin',(0.999999999999943,28.51333878887,38.6133333333335));
#3585=CARTESIAN_POINT('',(0.999999999999943,33.701111111111,35.5701435177952));
#3586=CARTESIAN_POINT('Origin',(1.00000000000001,0.,2.92534955694879E-15));
#3587=CARTESIAN_POINT('',(-4.28927356584179E-14,33.0133333333333,34.8442222215137));
#3588=CARTESIAN_POINT('Origin',(0.99999999999995,33.0133333333333,34.8442222215137));
#3589=CARTESIAN_POINT('Origin',(1.27675647831893E-14,2.77555756156304E-17,
1.30164838343451E-15));
#3590=CARTESIAN_POINT('Origin',(0.999999999999979,30.9499999999999,32.6664583326691));
#3591=CARTESIAN_POINT('',(0.999999999999979,34.9499999999999,32.6664583326691));
#3592=CARTESIAN_POINT('',(-3.93296506473462E-14,33.9499999999999,32.6664583326691));
#3593=CARTESIAN_POINT('Origin',(0.999999999999979,33.9499999999999,32.6664583326691));
#3594=CARTESIAN_POINT('Origin',(-3.94129173741931E-14,30.9499999999999,
32.6664583326691));
#3595=CARTESIAN_POINT('Origin',(0.999999999999979,30.9499999999999,32.6664583326691));
#3596=CARTESIAN_POINT('Origin',(1.00000000000002,33.9499999999999,-4.79999999999994));
#3597=CARTESIAN_POINT('',(1.00000000000001,34.9499999999999,7.40148683083411E-16));
#3598=CARTESIAN_POINT('',(1.37168054692439E-14,33.9499999999999,-1.11022302462516E-15));
#3599=CARTESIAN_POINT('Origin',(1.00000000000001,33.9499999999999,5.55111512312578E-16));
#3600=CARTESIAN_POINT('',(2.15105711021124E-14,33.9499999999999,-4.79999999999994));
#3601=CARTESIAN_POINT('',(1.00000000000002,34.9499999999999,-4.79999999999994));
#3602=CARTESIAN_POINT('Origin',(1.00000000000001,0.,7.40148683083411E-16));
#3603=CARTESIAN_POINT('',(1.00000000000003,30.0527107047659,-17.8420032310176));
#3604=CARTESIAN_POINT('',(4.17190095023468E-14,29.192833431382,-17.3315024232632));
#3605=CARTESIAN_POINT('Origin',(1.00000000000003,29.192833431382,-17.3315024232632));
#3606=CARTESIAN_POINT('Origin',(1.27675647831893E-14,2.77555756156304E-17,
-8.83552490430868E-16));
#3607=CARTESIAN_POINT('Origin',(1.00000000000001,0.,7.40148683083411E-16));
#3608=CARTESIAN_POINT('Origin',(1.00000000000003,26.6132016112304,-15.7999999999999));
#3609=CARTESIAN_POINT('',(1.00000000000004,26.6132016112304,-19.7999999999999));
#3610=CARTESIAN_POINT('',(4.40064651385796E-14,26.6132016112304,-18.7999999999999));
#3611=CARTESIAN_POINT('Origin',(1.00000000000004,26.6132016112304,-18.7999999999999));
#3612=CARTESIAN_POINT('Origin',(3.91353616180368E-14,26.6132016112304,-15.7999999999999));
#3613=CARTESIAN_POINT('Origin',(1.00000000000003,26.6132016112304,-15.7999999999999));
#3614=CARTESIAN_POINT('Origin',(1.00000000000004,1.19999999999993,-18.7999999999999));
#3615=CARTESIAN_POINT('',(1.00000000000005,-1.70539159868603,-19.7999999999999));
#3616=CARTESIAN_POINT('',(4.32180571441708E-14,-1.70539159868603,-18.7999999999999));
#3617=CARTESIAN_POINT('Origin',(1.00000000000004,-1.70539159868603,-18.7999999999999));
#3618=CARTESIAN_POINT('',(4.32986979603811E-14,1.19999999999993,-18.7999999999999));
#3619=CARTESIAN_POINT('',(1.00000000000005,1.19999999999993,-19.7999999999999));
#3620=CARTESIAN_POINT('Origin',(1.00000000000004,-1.70539159868603,-16.7999999999999));
#3621=CARTESIAN_POINT('',(1.00000000000004,-4.54398056529915,-17.770779418108));
#3622=CARTESIAN_POINT('',(4.09663415596397E-14,-3.59778424309478,-17.4471862787386));
#3623=CARTESIAN_POINT('Origin',(1.00000000000004,-3.59778424309478,-17.4471862787386));
#3624=CARTESIAN_POINT('Origin',(3.99680288865056E-14,-1.70539159868603,
-16.7999999999999));
#3625=CARTESIAN_POINT('Origin',(1.00000000000004,-1.70539159868603,-16.7999999999999));
#3626=CARTESIAN_POINT('Origin',(1.00000000000001,-9.47277273554807,-0.268538686314432));
#3627=CARTESIAN_POINT('',(1.00000000000001,-9.50927303815404,-3.25211105066202));
#3628=CARTESIAN_POINT('',(1.72506031870474E-14,-8.56307671594967,-2.92851791129267));
#3629=CARTESIAN_POINT('Origin',(1.00000000000002,-8.56307671594967,-2.92851791129267));
#3630=CARTESIAN_POINT('',(1.29063426612674E-14,-9.47277273554807,-0.268538686314434));
#3631=CARTESIAN_POINT('',(1.00000000000001,-10.4189690577524,-0.592131825683786));
#3632=CARTESIAN_POINT('Origin',(1.00000000000001,0.,2.92534955694879E-15));
#3633=CARTESIAN_POINT('',(1.00000000000001,-9.927921195435,1.56169162680537));
#3634=CARTESIAN_POINT('',(1.02360180134636E-14,-8.94006834016784,1.4062994251332));
#3635=CARTESIAN_POINT('Origin',(1.,-8.94006834016784,1.4062994251332));
#3636=CARTESIAN_POINT('Origin',(1.27675647831893E-14,2.77555756156304E-17,
1.30164838343451E-15));
#3637=CARTESIAN_POINT('Origin',(1.00000000000001,0.,2.92534955694879E-15));
#3638=CARTESIAN_POINT('Origin',(0.999999999999971,-4.96792069517924,26.6578715788169));
#3639=CARTESIAN_POINT('',(0.999999999999952,-4.24857798041038,37.6661766050166));
#3640=CARTESIAN_POINT('',(-4.82444141487689E-14,-3.26072512514322,37.5107844033444));
#3641=CARTESIAN_POINT('Origin',(0.999999999999954,-3.26072512514322,37.5107844033444));
#3642=CARTESIAN_POINT('',(-3.06699110552699E-14,-4.96792069517924,26.6578715788169));
#3643=CARTESIAN_POINT('',(0.999999999999971,-5.9557735504464,26.813263780489));
#3644=CARTESIAN_POINT('Origin',(0.999999999999952,-1.28501941460891,37.2000000000001));
#3645=CARTESIAN_POINT('',(0.999999999999948,-1.28501941460891,40.2000000000001));
#3646=CARTESIAN_POINT('',(-5.09869924059103E-14,-1.28501941460891,39.2000000000001));
#3647=CARTESIAN_POINT('Origin',(0.999999999999949,-1.28501941460891,39.2000000000001));
#3648=CARTESIAN_POINT('Origin',(-4.77395900588817E-14,-1.28501941460891,
37.2000000000001));
#3649=CARTESIAN_POINT('Origin',(0.999999999999952,-1.28501941460891,37.2000000000001));
#3650=CARTESIAN_POINT('Origin',(0.99999999999995,23.6999999999999,39.2000000000001));
#3651=CARTESIAN_POINT('',(0.999999999999952,26.7312551145657,40.2000000000001));
#3652=CARTESIAN_POINT('',(-5.01534576337457E-14,26.7312551145657,39.2000000000001));
#3653=CARTESIAN_POINT('Origin',(0.99999999999995,26.7312551145657,39.2000000000001));
#3654=CARTESIAN_POINT('',(-5.02375918642883E-14,23.6999999999999,39.2000000000001));
#3655=CARTESIAN_POINT('',(0.999999999999948,23.6999999999999,40.2000000000001));
#3656=CARTESIAN_POINT('Origin',(0.99999999999997,26.7312551145657,36.2000000000001));
#3657=CARTESIAN_POINT('Origin',(0.99999999999997,26.7312551145657,36.2000000000001));
#3658=CARTESIAN_POINT('Origin',(-4.52415882534751E-14,26.7312551145657,
36.2000000000001));
#3659=CARTESIAN_POINT('Origin',(31.5000000000001,-1.70539159868603,-16.7999999999999));
#3660=CARTESIAN_POINT('',(62.0000000000001,-1.70539159868604,-19.7999999999998));
#3661=CARTESIAN_POINT('',(31.5000000000001,-1.70539159868603,-19.7999999999999));
#3662=CARTESIAN_POINT('',(62.0000000000001,-4.54398056529917,-17.7707794181079));
#3663=CARTESIAN_POINT('Origin',(62.0000000000001,-1.70539159868604,-16.7999999999998));
#3664=CARTESIAN_POINT('',(31.5000000000001,-4.54398056529916,-17.770779418108));
#3665=CARTESIAN_POINT('',(6.00000000000005,-3.85000000000006,-18.8977737735545));
#3666=CARTESIAN_POINT('',(31.5000000000001,-3.85000000000006,-18.8977737735544));
#3667=CARTESIAN_POINT('',(6.00000000000004,-4.54398056529915,-17.770779418108));
#3668=CARTESIAN_POINT('Origin',(6.00000000000004,-1.70539159868603,-16.7999999999999));
#3669=CARTESIAN_POINT('',(31.5000000000001,-4.54398056529916,-17.7707794181079));
#3670=CARTESIAN_POINT('Origin',(4.46379044838351E-14,-10.0500000000001,
-19.7999999999999));
#3671=CARTESIAN_POINT('',(62.0000000000001,26.6132016112305,-19.7999999999998));
#3672=CARTESIAN_POINT('',(63.0000000000001,26.6132016112305,-19.7999999999998));
#3673=CARTESIAN_POINT('',(62.0000000000001,1.19999999999993,-19.7999999999998));
#3674=CARTESIAN_POINT('Origin',(63.0000000000001,26.6132016112305,-15.7999999999998));
#3675=CARTESIAN_POINT('',(62.0000000000001,30.0527107047659,-17.8420032310176));
#3676=CARTESIAN_POINT('',(63.0000000000001,30.0527107047659,-17.8420032310176));
#3677=CARTESIAN_POINT('Origin',(62.0000000000001,26.6132016112305,-15.7999999999998));
#3678=CARTESIAN_POINT('Origin',(63.,0.,4.66293670342566E-14));
#3679=CARTESIAN_POINT('',(6.00000000000001,34.9499999999999,6.66133814775092E-15));
#3680=CARTESIAN_POINT('',(63.,34.9499999999999,4.66293670342566E-14));
#3681=CARTESIAN_POINT('Origin',(6.00000000000001,0.,4.44089209850059E-15));
#3682=CARTESIAN_POINT('',(62.0000000000001,34.9499999999999,4.58892183511731E-14));
#3683=CARTESIAN_POINT('',(63.,34.9499999999999,4.66293670342566E-14));
#3684=CARTESIAN_POINT('Origin',(62.0000000000001,0.,4.58892183511731E-14));
#3685=CARTESIAN_POINT('Origin',(4.58869053865385E-14,34.9499999999999,-19.7999999999999));
#3686=CARTESIAN_POINT('',(62.,34.9499999999999,32.6664583326691));
#3687=CARTESIAN_POINT('',(63.,34.9499999999999,32.6664583326691));
#3688=CARTESIAN_POINT('',(62.0000000000001,34.9499999999999,-4.79999999999987));
#3689=CARTESIAN_POINT('',(6.00000000000005,34.9499999999999,-19.7999999999999));
#3690=CARTESIAN_POINT('Origin',(63.,30.9499999999999,32.6664583326691));
#3691=CARTESIAN_POINT('',(62.,33.701111111111,35.5701435177953));
#3692=CARTESIAN_POINT('',(63.,33.701111111111,35.5701435177953));
#3693=CARTESIAN_POINT('Origin',(62.,30.9499999999999,32.6664583326691));
#3694=CARTESIAN_POINT('Origin',(63.,0.,4.66293670342566E-14));
#3695=CARTESIAN_POINT('',(62.,29.1073666803048,39.4177777777779));
#3696=CARTESIAN_POINT('',(63.,29.1073666803048,39.4177777777779));
#3697=CARTESIAN_POINT('Origin',(62.0000000000001,0.,4.59244635265581E-14));
#3698=CARTESIAN_POINT('Origin',(-3.44863027024197E-15,12.4499999999999,
10.2000000000001));
#3699=CARTESIAN_POINT('',(1.26607058170691E-14,-3.85,-4.71489017671709E-16));
#3700=CARTESIAN_POINT('Origin',(1.31131216996039E-14,-9.86076131526265E-31,
2.22547560642762E-29));
#3701=CARTESIAN_POINT('',(1.32768795957361E-14,18.3499999999999,-7.57178234171874E-16));
#3702=CARTESIAN_POINT('Origin',(1.33226762955019E-14,19.9999999999999,-5.55111512312561E-16));
#3703=CARTESIAN_POINT('',(1.33879018981986E-14,22.3499999999999,1.7978095514899E-14));
#3704=CARTESIAN_POINT('Origin',(1.34336985979644E-14,23.9999999999999,1.81801622367583E-14));
#3705=CARTESIAN_POINT('Origin',(62.,30.9499999999999,32.6664583326691));
#3706=CARTESIAN_POINT('',(63.,33.0133333333333,34.8442222215137));
#3707=CARTESIAN_POINT('Origin',(62.,33.0133333333333,34.8442222215137));
#3708=CARTESIAN_POINT('',(63.,33.9499999999999,32.6664583326691));
#3709=CARTESIAN_POINT('Origin',(63.,30.9499999999999,32.6664583326691));
#3710=CARTESIAN_POINT('Origin',(62.,33.9499999999999,32.6664583326691));
#3711=CARTESIAN_POINT('Origin',(62.0000000000001,33.9499999999999,-4.79999999999987));
#3712=CARTESIAN_POINT('',(63.,33.9499999999999,4.66293670342566E-14));
#3713=CARTESIAN_POINT('Origin',(62.0000000000001,33.9499999999999,4.6074255521944E-14));
#3714=CARTESIAN_POINT('',(63.,33.9499999999999,-4.79999999999987));
#3715=CARTESIAN_POINT('Origin',(62.0000000000001,0.,4.58892183511731E-14));
#3716=CARTESIAN_POINT('',(63.0000000000001,29.192833431382,-17.3315024232632));
#3717=CARTESIAN_POINT('Origin',(62.0000000000001,29.192833431382,-17.3315024232632));
#3718=CARTESIAN_POINT('Origin',(63.,0.,4.66293670342566E-14));
#3719=CARTESIAN_POINT('Origin',(62.0000000000001,26.6132016112305,-15.7999999999998));
#3720=CARTESIAN_POINT('',(63.0000000000001,26.6132016112305,-18.7999999999998));
#3721=CARTESIAN_POINT('Origin',(62.0000000000001,26.6132016112305,-18.7999999999998));
#3722=CARTESIAN_POINT('Origin',(63.0000000000001,26.6132016112305,-15.7999999999998));
#3723=CARTESIAN_POINT('Origin',(62.0000000000001,1.19999999999993,-18.7999999999998));
#3724=CARTESIAN_POINT('',(63.0000000000001,-1.70539159868604,-18.7999999999998));
#3725=CARTESIAN_POINT('Origin',(62.0000000000001,-1.70539159868604,-18.7999999999998));
#3726=CARTESIAN_POINT('',(63.0000000000001,1.19999999999993,-18.7999999999998));
#3727=CARTESIAN_POINT('Origin',(62.0000000000001,-1.70539159868604,-16.7999999999998));
#3728=CARTESIAN_POINT('',(63.0000000000001,-3.59778424309479,-17.4471862787385));
#3729=CARTESIAN_POINT('Origin',(62.0000000000001,-3.59778424309479,-17.4471862787385));
#3730=CARTESIAN_POINT('Origin',(63.0000000000001,-1.70539159868604,-16.7999999999998));
#3731=CARTESIAN_POINT('Origin',(62.0000000000001,-9.47277273554808,-0.26853868631434));
#3732=CARTESIAN_POINT('',(63.,-8.56307671594967,-2.92851791129262));
#3733=CARTESIAN_POINT('',(62.0000000000001,-9.50927303815404,-3.25211105066198));
#3734=CARTESIAN_POINT('Origin',(62.0000000000001,-8.56307671594967,-2.92851791129262));
#3735=CARTESIAN_POINT('',(62.0000000000001,-10.4189690577525,-0.592131825683693));
#3736=CARTESIAN_POINT('',(63.,-9.47277273554808,-0.268538686314339));
#3737=CARTESIAN_POINT('Origin',(62.0000000000001,0.,4.59244635265581E-14));
#3738=CARTESIAN_POINT('',(63.,-8.94006834016784,1.40629942513324));
#3739=CARTESIAN_POINT('',(62.0000000000001,-9.927921195435,1.56169162680542));
#3740=CARTESIAN_POINT('Origin',(62.0000000000001,-8.94006834016784,1.40629942513324));
#3741=CARTESIAN_POINT('Origin',(62.0000000000001,0.,4.59244635265581E-14));
#3742=CARTESIAN_POINT('Origin',(63.,0.,4.66646122096415E-14));
#3743=CARTESIAN_POINT('Origin',(62.,-4.96792069517924,26.657871578817));
#3744=CARTESIAN_POINT('',(63.,-3.26072512514322,37.5107844033445));
#3745=CARTESIAN_POINT('',(62.,-4.24857798041037,37.6661766050167));
#3746=CARTESIAN_POINT('Origin',(62.,-3.26072512514322,37.5107844033445));
#3747=CARTESIAN_POINT('',(62.,-5.95577355044639,26.8132637804891));
#3748=CARTESIAN_POINT('',(63.,-4.96792069517924,26.657871578817));
#3749=CARTESIAN_POINT('Origin',(62.,-1.2850194146089,37.2000000000002));
#3750=CARTESIAN_POINT('',(63.,-1.2850194146089,39.2000000000002));
#3751=CARTESIAN_POINT('',(62.,-1.2850194146089,40.2000000000002));
#3752=CARTESIAN_POINT('Origin',(62.,-1.2850194146089,39.2000000000002));
#3753=CARTESIAN_POINT('Origin',(62.,-1.2850194146089,37.2000000000002));
#3754=CARTESIAN_POINT('Origin',(63.,-1.2850194146089,37.2000000000002));
#3755=CARTESIAN_POINT('Origin',(62.,23.6999999999999,39.2000000000002));
#3756=CARTESIAN_POINT('',(63.,26.7312551145656,39.2000000000002));
#3757=CARTESIAN_POINT('',(62.,26.7312551145656,40.2000000000002));
#3758=CARTESIAN_POINT('Origin',(62.,26.7312551145656,39.2000000000002));
#3759=CARTESIAN_POINT('',(62.,23.6999999999999,40.2000000000002));
#3760=CARTESIAN_POINT('',(63.,23.6999999999999,39.2000000000002));
#3761=CARTESIAN_POINT('Origin',(62.,26.7312551145656,36.2000000000002));
#3762=CARTESIAN_POINT('',(63.,28.51333878887,38.6133333333335));
#3763=CARTESIAN_POINT('Origin',(62.,28.51333878887,38.6133333333335));
#3764=CARTESIAN_POINT('Origin',(62.,26.7312551145656,36.2000000000002));
#3765=CARTESIAN_POINT('Origin',(63.,26.7312551145656,36.2000000000002));
#3766=CARTESIAN_POINT('Origin',(62.0000000000001,0.,4.59244635265581E-14));
#3767=CARTESIAN_POINT('Origin',(63.,0.,4.66646122096415E-14));
#3768=CARTESIAN_POINT('Origin',(63.,0.,4.66293670342566E-14));
#3769=CARTESIAN_POINT('',(63.,-9.927921195435,1.56169162680542));
#3770=CARTESIAN_POINT('',(63.,-9.50927303815404,-3.25211105066198));
#3771=CARTESIAN_POINT('Origin',(63.,-3.85000000000006,40.2000000000002));
#3772=CARTESIAN_POINT('',(31.5,-4.24857798041038,37.6661766050166));
#3773=CARTESIAN_POINT('Origin',(31.5,-1.28501941460891,37.2000000000001));
#3774=CARTESIAN_POINT('',(5.99999999999995,-4.24857798041038,37.6661766050166));
#3775=CARTESIAN_POINT('',(31.5,-4.24857798041038,37.6661766050166));
#3776=CARTESIAN_POINT('',(5.99999999999996,-3.85000000000006,38.7559159992001));
#3777=CARTESIAN_POINT('Origin',(5.99999999999995,-1.28501941460891,37.2000000000001));
#3778=CARTESIAN_POINT('',(31.5,-3.85000000000006,38.7559159992001));
#3779=CARTESIAN_POINT('',(31.5,-1.28501941460891,40.2000000000001));
#3780=CARTESIAN_POINT('Origin',(-5.1535165024319E-14,34.9499999999999,40.2000000000001));
#3781=CARTESIAN_POINT('',(63.,26.7312551145656,40.2000000000002));
#3782=CARTESIAN_POINT('Origin',(63.,26.7312551145656,36.2000000000002));
#3783=CARTESIAN_POINT('Origin',(63.,12.4499999999999,10.2000000000002));
#3784=CARTESIAN_POINT('',(63.,-5.,5.12906030016524E-14));
#3785=CARTESIAN_POINT('Origin',(63.,-9.86076131526265E-31,5.19029264012261E-14));
#3786=CARTESIAN_POINT('Origin',(63.,-9.50927303815404,-3.25211105066198));
#3787=CARTESIAN_POINT('Origin',(5.99999999999995,-3.85000000000005,40.2000000000001));
#3788=CARTESIAN_POINT('',(5.99999999999996,-3.85000000000005,32.4));
#3789=CARTESIAN_POINT('',(5.99999999999997,-3.85000000000006,25.2000000000001));
#3790=CARTESIAN_POINT('',(16.584072973736,-3.85000000000006,32.4000000000001));
#3791=CARTESIAN_POINT('',(5.99999999999996,-3.85000000000005,32.4));
#3792=CARTESIAN_POINT('',(19.9999998509885,-3.85000000000006,36.5000005438924));
#3793=CARTESIAN_POINT('Ctrl Pts',(16.584072973736,-3.85000000000006,32.4000000000001));
#3794=CARTESIAN_POINT('Ctrl Pts',(16.6228377181829,-3.85000000000006,32.4830239801525));
#3795=CARTESIAN_POINT('Ctrl Pts',(16.7230604577068,-3.85000000000006,32.7031039072381));
#3796=CARTESIAN_POINT('Ctrl Pts',(16.8728568595745,-3.85000000000006,33.0560477150985));
#3797=CARTESIAN_POINT('Ctrl Pts',(17.0452023243989,-3.85000000000006,33.5198049058718));
#3798=CARTESIAN_POINT('Ctrl Pts',(17.2042825139643,-3.85000000000006,34.0473228115129));
#3799=CARTESIAN_POINT('Ctrl Pts',(17.3291374080496,-3.85000000000006,34.5420759899465));
#3800=CARTESIAN_POINT('Ctrl Pts',(17.4458153353663,-3.85000000000006,34.9743221694654));
#3801=CARTESIAN_POINT('Ctrl Pts',(17.5993872380818,-3.85000000000006,35.3636733627977));
#3802=CARTESIAN_POINT('Ctrl Pts',(17.8313511514282,-3.85000000000006,35.7220779026361));
#3803=CARTESIAN_POINT('Ctrl Pts',(18.1699817302504,-3.85000000000006,36.0411090030003));
#3804=CARTESIAN_POINT('Ctrl Pts',(18.6328034937813,-3.85000000000006,36.2990573465546));
#3805=CARTESIAN_POINT('Ctrl Pts',(19.110319480139,-3.85000000000006,36.4355122707663));
#3806=CARTESIAN_POINT('Ctrl Pts',(19.5307984304483,-3.85000000000006,36.4882751613267));
#3807=CARTESIAN_POINT('Ctrl Pts',(19.8389591455322,-3.85000000000006,36.5000005438924));
#3808=CARTESIAN_POINT('Ctrl Pts',(19.9999998509885,-3.85000000000006,36.5000005438924));
#3809=CARTESIAN_POINT('Ctrl Pts',(19.9999998509885,-3.85000000000006,36.5000005438924));
#3810=CARTESIAN_POINT('Ctrl Pts',(20.1610405564448,-3.85000000000006,36.5000005438924));
#3811=CARTESIAN_POINT('Ctrl Pts',(20.4692012715288,-3.85000000000006,36.4882751613267));
#3812=CARTESIAN_POINT('Ctrl Pts',(20.8896802218381,-3.85000000000006,36.4355122707663));
#3813=CARTESIAN_POINT('Ctrl Pts',(21.3671962081957,-3.85000000000006,36.2990573465546));
#3814=CARTESIAN_POINT('Ctrl Pts',(21.8300179717266,-3.85000000000006,36.0411090030003));
#3815=CARTESIAN_POINT('Ctrl Pts',(22.1686485505488,-3.85000000000006,35.722077902636));
#3816=CARTESIAN_POINT('Ctrl Pts',(22.4006124638952,-3.85000000000006,35.3636733627977));
#3817=CARTESIAN_POINT('Ctrl Pts',(22.5541843666107,-3.85000000000006,34.9743221694654));
#3818=CARTESIAN_POINT('Ctrl Pts',(22.6708622939274,-3.85000000000006,34.5420759899465));
#3819=CARTESIAN_POINT('Ctrl Pts',(22.7957171880127,-3.85000000000006,34.0473228115129));
#3820=CARTESIAN_POINT('Ctrl Pts',(22.9547973775781,-3.85000000000006,33.5198049058718));
#3821=CARTESIAN_POINT('Ctrl Pts',(23.1271428424025,-3.85000000000006,33.0560477150985));
#3822=CARTESIAN_POINT('Ctrl Pts',(23.2769392442702,-3.85000000000006,32.7031039072381));
#3823=CARTESIAN_POINT('Ctrl Pts',(23.377161983794,-3.85000000000006,32.4830239801525));
#3824=CARTESIAN_POINT('Ctrl Pts',(23.4159267282409,-3.85000000000006,32.4000000000001));
#3825=CARTESIAN_POINT('',(46.5500001490116,-3.85000000000006,34.4999999999999));
#3826=CARTESIAN_POINT('Origin',(47.9500001490116,-3.85000000000005,34.4999999999999));
#3827=CARTESIAN_POINT('',(36.6500001490115,-3.85000000000006,34.4999999999998));
#3828=CARTESIAN_POINT('Origin',(38.0500001490115,-3.85000000000005,34.4999999999998));
#3829=CARTESIAN_POINT('',(23.5500001490116,-3.85000000000006,34.4999999999999));
#3830=CARTESIAN_POINT('Origin',(24.9500001490116,-3.85000000000005,34.4999999999999));
#3831=CARTESIAN_POINT('',(13.6500001490115,-3.85000000000006,34.4999999999998));
#3832=CARTESIAN_POINT('Origin',(15.0500001490115,-3.85000000000005,34.4999999999998));
#3833=CARTESIAN_POINT('Origin',(6.,12.4499999999999,10.2000000000001));
#3834=CARTESIAN_POINT('',(5.99999999999997,-1.35000000000006,28.4000000000001));
#3835=CARTESIAN_POINT('',(5.99999999999997,11.5499999999999,28.4000000000001));
#3836=CARTESIAN_POINT('',(5.99999999999997,-1.85000000000006,28.9000000000001));
#3837=CARTESIAN_POINT('Origin',(6.,-1.35000000000006,28.9000000000001));
#3838=CARTESIAN_POINT('',(5.99999999999996,-1.85000000000005,30.4));
#3839=CARTESIAN_POINT('',(5.99999999999998,-1.85000000000006,20.3000000000001));
#3840=CARTESIAN_POINT('Origin',(5.99999999999996,-1.85000000000005,32.4));
#3841=CARTESIAN_POINT('',(6.00000000000001,-9.927921195435,1.56169162680538));
#3842=CARTESIAN_POINT('',(5.99999999999997,-5.9557735504464,26.813263780489));
#3843=CARTESIAN_POINT('',(6.00000000000001,-9.50927303815404,-3.25211105066202));
#3844=CARTESIAN_POINT('Origin',(6.00000000000001,0.,4.44089209850059E-15));
#3845=CARTESIAN_POINT('',(6.00000000000001,-10.4189690577524,-0.592131825683779));
#3846=CARTESIAN_POINT('',(6.00000000000003,-3.85000000000006,-11.9999999999999));
#3847=CARTESIAN_POINT('',(6.00000000000002,-3.85000000000006,-0.899999999999923));
#3848=CARTESIAN_POINT('',(6.00000000000003,-1.85000000000005,-9.99999999999991));
#3849=CARTESIAN_POINT('Origin',(6.00000000000003,-1.85000000000005,-11.9999999999999));
#3850=CARTESIAN_POINT('',(6.00000000000003,-1.85000000000005,-8.49999999999991));
#3851=CARTESIAN_POINT('',(6.00000000000001,-1.85000000000005,0.100000000000078));
#3852=CARTESIAN_POINT('',(6.00000000000003,-1.35000000000005,-7.99999999999991));
#3853=CARTESIAN_POINT('Origin',(6.00000000000003,-1.35000000000005,-8.49999999999991));
#3854=CARTESIAN_POINT('',(6.00000000000003,23.1499999999999,-7.99999999999991));
#3855=CARTESIAN_POINT('',(6.00000000000003,11.5499999999999,-7.99999999999991));
#3856=CARTESIAN_POINT('',(6.00000000000002,16.4249999999999,-1.27499999999993));
#3857=CARTESIAN_POINT('',(6.00000000000001,-3.,9.37481300134157E-15));
#3858=CARTESIAN_POINT('Origin',(6.00000000000001,-2.7755575615629E-16,9.74220704108577E-15));
#3859=CARTESIAN_POINT('',(6.00000000000002,21.9999999999999,-2.23606797749977));
#3860=CARTESIAN_POINT('',(6.00000000000001,21.9999999999999,2.23606797749981));
#3861=CARTESIAN_POINT('Origin',(6.00000000000001,19.9999999999999,9.18709552877319E-15));
#3862=CARTESIAN_POINT('Origin',(6.00000000000001,23.9999999999999,2.79223692778441E-14));
#3863=CARTESIAN_POINT('Origin',(63.,0.,4.66293670342566E-14));
#3864=CARTESIAN_POINT('',(63.,-9.50927303815404,-3.25211105066198));
#3865=CARTESIAN_POINT('',(63.,-9.927921195435,1.56169162680542));
#3866=CARTESIAN_POINT('Origin',(63.,-9.50927303815404,-3.25211105066198));
#3867=CARTESIAN_POINT('Origin',(63.,-3.85000000000006,40.2000000000002));
#3868=CARTESIAN_POINT('Origin',(7.90000007450584,24.1499999999999,-8.99999999999991));
#3869=CARTESIAN_POINT('',(9.30000014901165,23.1499999999999,-7.9999999999999));
#3870=CARTESIAN_POINT('',(9.80000014901165,23.1499999999999,-7.9999999999999));
#3871=CARTESIAN_POINT('',(9.80000014901165,23.6499999999999,-8.4999999999999));
#3872=CARTESIAN_POINT('Origin',(9.30000014901165,23.6499999999999,-8.4999999999999));
#3873=CARTESIAN_POINT('',(9.80000014901164,17.8999999999999,-2.7499999999999));
#3874=CARTESIAN_POINT('Origin',(31.5,24.1499999999999,-8.99999999999987));
#3875=CARTESIAN_POINT('',(53.2000001490117,23.6499999999999,-8.49999999999983));
#3876=CARTESIAN_POINT('',(53.2000001490117,24.15,-8.99999999999984));
#3877=CARTESIAN_POINT('',(53.7000001490117,23.1499999999999,-7.99999999999983));
#3878=CARTESIAN_POINT('Origin',(53.7000001490117,23.6499999999999,-8.49999999999983));
#3879=CARTESIAN_POINT('',(53.2000001490117,23.1499999999999,-7.99999999999983));
#3880=CARTESIAN_POINT('Origin',(19.4000000745058,24.1499999999999,-8.99999999999989));
#3881=CARTESIAN_POINT('',(32.8000001490116,23.6499999999999,-8.49999999999987));
#3882=CARTESIAN_POINT('',(32.8000001490116,17.8999999999999,-2.74999999999986));
#3883=CARTESIAN_POINT('',(30.2000001490116,23.6499999999999,-8.49999999999987));
#3884=CARTESIAN_POINT('',(30.2000001490116,24.1499999999999,-8.99999999999987));
#3885=CARTESIAN_POINT('',(30.7000001490116,23.1499999999999,-7.99999999999987));
#3886=CARTESIAN_POINT('Origin',(30.7000001490116,23.6499999999999,-8.49999999999987));
#3887=CARTESIAN_POINT('',(32.3000001490116,23.1499999999999,-7.99999999999987));
#3888=CARTESIAN_POINT('',(32.8000001490116,23.1499999999999,-7.99999999999987));
#3889=CARTESIAN_POINT('Origin',(32.3000001490116,23.6499999999999,-8.49999999999987));
#3890=CARTESIAN_POINT('Origin',(53.6999998509884,4.39999999999995,28.9000000000001));
#3891=CARTESIAN_POINT('',(53.1999998509884,-1.85000000000005,28.9000000000001));
#3892=CARTESIAN_POINT('',(53.1999998509884,4.39999999999995,28.9000000000001));
#3893=CARTESIAN_POINT('',(53.6999998509884,-1.35000000000005,28.4000000000001));
#3894=CARTESIAN_POINT('',(53.6999998509884,4.39999999999995,28.4000000000001));
#3895=CARTESIAN_POINT('Origin',(53.6999998509884,-1.35000000000005,28.9000000000001));
#3896=CARTESIAN_POINT('Origin',(56.0499999627471,-1.35000000000005,28.9000000000001));
#3897=CARTESIAN_POINT('',(56.0499999627471,-1.35000000000005,28.4000000000001));
#3898=CARTESIAN_POINT('',(56.0499999627471,-1.85000000000005,28.9000000000001));
#3899=CARTESIAN_POINT('Origin',(53.1999998509884,-1.85000000000005,30.4000000000001));
#3900=CARTESIAN_POINT('',(53.1999998509884,-1.85000000000005,30.4000000000001));
#3901=CARTESIAN_POINT('Origin',(57.,-1.85000000000005,30.4000000000001));
#3902=CARTESIAN_POINT('Origin',(30.6999998509884,4.39999999999995,28.9000000000001));
#3903=CARTESIAN_POINT('',(30.1999998509884,-1.85000000000005,28.9000000000001));
#3904=CARTESIAN_POINT('',(30.1999998509884,4.39999999999995,28.9000000000001));
#3905=CARTESIAN_POINT('',(30.6999998509884,-1.35000000000006,28.4000000000001));
#3906=CARTESIAN_POINT('',(30.6999998509884,4.39999999999995,28.4000000000001));
#3907=CARTESIAN_POINT('Origin',(30.6999998509884,-1.35000000000005,28.9000000000001));
#3908=CARTESIAN_POINT('Origin',(32.1499998509884,-1.35000000000005,28.9000000000001));
#3909=CARTESIAN_POINT('',(32.2999998509884,-1.35000000000006,28.4000000000001));
#3910=CARTESIAN_POINT('',(32.1499998509884,-1.35000000000005,28.4000000000001));
#3911=CARTESIAN_POINT('',(32.7999998509884,-1.85000000000005,28.9000000000001));
#3912=CARTESIAN_POINT('Origin',(32.2999998509884,-1.35000000000005,28.9000000000001));
#3913=CARTESIAN_POINT('',(32.1499998509884,-1.85000000000005,28.9000000000001));
#3914=CARTESIAN_POINT('Origin',(32.2999998509884,16.8999999999999,28.9000000000001));
#3915=CARTESIAN_POINT('',(32.2999998509884,16.8999999999999,28.4000000000001));
#3916=CARTESIAN_POINT('',(32.7999998509884,16.8999999999999,28.9000000000001));
#3917=CARTESIAN_POINT('Origin',(30.1999998509884,-1.85000000000005,30.4000000000001));
#3918=CARTESIAN_POINT('',(30.1999998509884,-1.85000000000005,30.4000000000001));
#3919=CARTESIAN_POINT('Origin',(32.7999998509884,-1.85000000000005,30.4000000000001));
#3920=CARTESIAN_POINT('',(32.7999998509884,-1.85000000000005,30.4000000000001));
#3921=CARTESIAN_POINT('Origin',(32.7999998509884,23.1499999999999,30.4000000000001));
#3922=CARTESIAN_POINT('Origin',(8.84999988824126,-1.35000000000006,28.9000000000001));
#3923=CARTESIAN_POINT('',(9.79999985098836,-1.85000000000006,28.9000000000001));
#3924=CARTESIAN_POINT('',(8.84999988824126,-1.85000000000006,28.9000000000001));
#3925=CARTESIAN_POINT('',(9.29999985098836,-1.35000000000006,28.4000000000001));
#3926=CARTESIAN_POINT('',(8.84999988824126,-1.35000000000006,28.4000000000001));
#3927=CARTESIAN_POINT('Origin',(9.29999985098836,-1.35000000000006,28.9000000000001));
#3928=CARTESIAN_POINT('Origin',(9.29999985098836,16.8999999999999,28.9000000000001));
#3929=CARTESIAN_POINT('',(9.29999985098836,16.8999999999999,28.4000000000001));
#3930=CARTESIAN_POINT('',(9.79999985098836,16.8999999999999,28.9000000000001));
#3931=CARTESIAN_POINT('Origin',(7.89999992549417,10.6499999999999,28.4000000000001));
#3932=CARTESIAN_POINT('Origin',(9.79999985098836,-1.85000000000006,30.4000000000001));
#3933=CARTESIAN_POINT('',(9.79999985098836,-1.85000000000006,30.4000000000001));
#3934=CARTESIAN_POINT('',(5.99999999999996,-1.85000000000005,30.4));
#3935=CARTESIAN_POINT('Origin',(9.79999985098836,23.1499999999999,30.4000000000001));
#3936=CARTESIAN_POINT('Origin',(31.4999998509884,10.6499999999999,28.4000000000001));
#3937=CARTESIAN_POINT('Origin',(55.0999999254942,10.6499999999999,28.4000000000001));
#3938=CARTESIAN_POINT('Origin',(9.30000014901165,4.39999999999995,-8.4999999999999));
#3939=CARTESIAN_POINT('',(9.80000014901165,-1.85000000000005,-8.4999999999999));
#3940=CARTESIAN_POINT('',(9.80000014901165,4.39999999999995,-8.4999999999999));
#3941=CARTESIAN_POINT('',(9.30000014901165,-1.35000000000005,-7.9999999999999));
#3942=CARTESIAN_POINT('',(9.30000014901165,4.39999999999995,-7.9999999999999));
#3943=CARTESIAN_POINT('Origin',(9.30000014901165,-1.35000000000005,-8.4999999999999));
#3944=CARTESIAN_POINT('Origin',(6.95000003725293,-1.35000000000005,-8.49999999999991));
#3945=CARTESIAN_POINT('',(6.95000003725293,-1.35000000000005,-7.99999999999991));
#3946=CARTESIAN_POINT('',(6.95000003725293,-1.85000000000005,-8.49999999999991));
#3947=CARTESIAN_POINT('Origin',(9.80000014901166,-1.85000000000005,-9.9999999999999));
#3948=CARTESIAN_POINT('',(9.80000014901166,-1.85000000000005,-9.9999999999999));
#3949=CARTESIAN_POINT('Origin',(6.00000000000003,-1.85000000000005,-9.99999999999991));
#3950=CARTESIAN_POINT('',(6.00000000000003,-1.85000000000005,-9.99999999999991));
#3951=CARTESIAN_POINT('Origin',(32.3000001490116,4.39999999999995,-8.49999999999987));
#3952=CARTESIAN_POINT('',(32.8000001490116,-1.85000000000005,-8.49999999999987));
#3953=CARTESIAN_POINT('',(32.8000001490116,4.39999999999995,-8.49999999999987));
#3954=CARTESIAN_POINT('',(32.3000001490116,-1.35000000000006,-7.99999999999987));
#3955=CARTESIAN_POINT('',(32.3000001490116,4.39999999999995,-7.99999999999987));
#3956=CARTESIAN_POINT('Origin',(32.3000001490116,-1.35000000000005,-8.49999999999987));
#3957=CARTESIAN_POINT('Origin',(30.8500001490116,-1.35000000000005,-8.49999999999987));
#3958=CARTESIAN_POINT('',(30.7000001490116,-1.35000000000006,-7.99999999999987));
#3959=CARTESIAN_POINT('',(30.8500001490116,-1.35000000000005,-7.99999999999987));
#3960=CARTESIAN_POINT('',(30.2000001490116,-1.85000000000005,-8.49999999999987));
#3961=CARTESIAN_POINT('Origin',(30.7000001490116,-1.35000000000005,-8.49999999999987));
#3962=CARTESIAN_POINT('',(30.8500001490116,-1.85000000000005,-8.49999999999987));
#3963=CARTESIAN_POINT('Origin',(30.7000001490116,16.8999999999999,-8.49999999999987));
#3964=CARTESIAN_POINT('',(30.7000001490116,16.8999999999999,-7.99999999999987));
#3965=CARTESIAN_POINT('',(30.2000001490116,16.8999999999999,-8.49999999999987));
#3966=CARTESIAN_POINT('Origin',(32.8000001490116,-1.85000000000005,-9.99999999999987));
#3967=CARTESIAN_POINT('',(32.8000001490116,-1.85000000000005,-9.99999999999987));
#3968=CARTESIAN_POINT('Origin',(30.2000001490116,-1.85000000000005,-9.99999999999987));
#3969=CARTESIAN_POINT('',(30.2000001490116,-1.85000000000005,-9.99999999999987));
#3970=CARTESIAN_POINT('',(6.00000000000003,-1.85000000000005,-9.99999999999991));
#3971=CARTESIAN_POINT('Origin',(30.2000001490116,23.1499999999999,-9.99999999999987));
#3972=CARTESIAN_POINT('Origin',(54.1500001117587,-1.35000000000006,-8.49999999999983));
#3973=CARTESIAN_POINT('',(53.2000001490117,-1.85000000000006,-8.49999999999983));
#3974=CARTESIAN_POINT('',(54.1500001117587,-1.85000000000006,-8.49999999999983));
#3975=CARTESIAN_POINT('',(53.7000001490117,-1.35000000000006,-7.99999999999983));
#3976=CARTESIAN_POINT('',(54.1500001117587,-1.35000000000006,-7.99999999999983));
#3977=CARTESIAN_POINT('Origin',(53.7000001490117,-1.35000000000006,-8.49999999999983));
#3978=CARTESIAN_POINT('Origin',(53.7000001490117,16.8999999999999,-8.49999999999983));
#3979=CARTESIAN_POINT('',(53.7000001490117,16.8999999999999,-7.99999999999983));
#3980=CARTESIAN_POINT('',(53.2000001490117,16.8999999999999,-8.49999999999983));
#3981=CARTESIAN_POINT('Origin',(55.1000000745058,10.6499999999999,-7.99999999999983));
#3982=CARTESIAN_POINT('Origin',(53.2000001490117,-1.85000000000006,-9.99999999999983));
#3983=CARTESIAN_POINT('',(53.2000001490117,-1.85000000000006,-9.99999999999983));
#3984=CARTESIAN_POINT('',(6.00000000000003,-1.85000000000005,-9.99999999999991));
#3985=CARTESIAN_POINT('Origin',(53.2000001490117,23.1499999999999,-9.99999999999983));
#3986=CARTESIAN_POINT('Origin',(31.5000001490116,10.6499999999999,-7.99999999999987));
#3987=CARTESIAN_POINT('Origin',(7.90000007450584,10.6499999999999,-7.99999999999991));
#3988=CARTESIAN_POINT('Ctrl Pts',(38.9376997527394,30.1499999999999,-10.7999999999999));
#3989=CARTESIAN_POINT('Ctrl Pts',(41.6459000169208,30.1499999999999,-10.7999999999999));
#3990=CARTESIAN_POINT('Ctrl Pts',(44.3541002811022,30.1499999999999,-10.7999999999999));
#3991=CARTESIAN_POINT('Ctrl Pts',(47.0623005452837,30.1499999999999,-10.7999999999999));
#3992=CARTESIAN_POINT('Ctrl Pts',(38.9376997527394,30.1499999999999,-11.0634057612733));
#3993=CARTESIAN_POINT('Ctrl Pts',(41.6459000169208,30.1499999999999,-11.0634057612733));
#3994=CARTESIAN_POINT('Ctrl Pts',(44.3541002811022,30.1499999999999,-11.0634057612733));
#3995=CARTESIAN_POINT('Ctrl Pts',(47.0623005452837,30.1499999999999,-11.0634057612733));
#3996=CARTESIAN_POINT('Ctrl Pts',(38.9376997527394,30.0415990544151,-11.7244406469764));
#3997=CARTESIAN_POINT('Ctrl Pts',(41.6459000169208,30.0415990544151,-11.7244406469764));
#3998=CARTESIAN_POINT('Ctrl Pts',(44.3541002811023,30.0415990544151,-11.7244406469764));
#3999=CARTESIAN_POINT('Ctrl Pts',(47.0623005452837,30.0415990544151,-11.7244406469764));
#4000=CARTESIAN_POINT('Ctrl Pts',(38.9376997527394,29.3635742053993,-13.1739945020867));
#4001=CARTESIAN_POINT('Ctrl Pts',(41.6459000169208,29.3635742053993,-13.1739945020867));
#4002=CARTESIAN_POINT('Ctrl Pts',(44.3541002811022,29.3635742053993,-13.1739945020867));
#4003=CARTESIAN_POINT('Ctrl Pts',(47.0623005452837,29.3635742053993,-13.1739945020867));
#4004=CARTESIAN_POINT('Ctrl Pts',(38.9376997527393,28.0628572426023,-14.9616081819985));
#4005=CARTESIAN_POINT('Ctrl Pts',(41.6459000169208,28.0628572426023,-14.9616081819985));
#4006=CARTESIAN_POINT('Ctrl Pts',(44.3541002811022,28.0628572426023,-14.9616081819985));
#4007=CARTESIAN_POINT('Ctrl Pts',(47.0623005452837,28.0628572426023,-14.9616081819985));
#4008=CARTESIAN_POINT('Ctrl Pts',(38.9376997527393,26.3114797626062,-16.7142111620344));
#4009=CARTESIAN_POINT('Ctrl Pts',(41.6459000169208,26.3114797626062,-16.7142111620344));
#4010=CARTESIAN_POINT('Ctrl Pts',(44.3541002811022,26.3114797626062,-16.7142111620344));
#4011=CARTESIAN_POINT('Ctrl Pts',(47.0623005452837,26.3114797626062,-16.7142111620344));
#4012=CARTESIAN_POINT('Ctrl Pts',(38.9376997527393,24.5254879694403,-18.0119940514665));
#4013=CARTESIAN_POINT('Ctrl Pts',(41.6459000169208,24.5254879694403,-18.0119940514665));
#4014=CARTESIAN_POINT('Ctrl Pts',(44.3541002811022,24.5254879694403,-18.0119940514665));
#4015=CARTESIAN_POINT('Ctrl Pts',(47.0623005452837,24.5254879694403,-18.0119940514665));
#4016=CARTESIAN_POINT('Ctrl Pts',(38.9376997527393,23.0737547259581,-18.6923055447223));
#4017=CARTESIAN_POINT('Ctrl Pts',(41.6459000169208,23.0737547259581,-18.6923055447223));
#4018=CARTESIAN_POINT('Ctrl Pts',(44.3541002811022,23.0737547259581,-18.6923055447223));
#4019=CARTESIAN_POINT('Ctrl Pts',(47.0623005452837,23.0737547259581,-18.6923055447223));
#4020=CARTESIAN_POINT('Ctrl Pts',(38.9376997527394,22.4134057612733,-18.7999999999999));
#4021=CARTESIAN_POINT('Ctrl Pts',(41.6459000169208,22.4134057612733,-18.7999999999999));
#4022=CARTESIAN_POINT('Ctrl Pts',(44.3541002811022,22.4134057612733,-18.7999999999999));
#4023=CARTESIAN_POINT('Ctrl Pts',(47.0623005452837,22.4134057612733,-18.7999999999999));
#4024=CARTESIAN_POINT('Ctrl Pts',(38.9376997527394,22.1499999999999,-18.7999999999999));
#4025=CARTESIAN_POINT('Ctrl Pts',(41.6459000169208,22.1499999999999,-18.7999999999999));
#4026=CARTESIAN_POINT('Ctrl Pts',(44.3541002811022,22.1499999999999,-18.7999999999999));
#4027=CARTESIAN_POINT('Ctrl Pts',(47.0623005452837,22.1499999999999,-18.7999999999999));
#4028=CARTESIAN_POINT('',(47.0623005452837,30.1499999999999,-10.7999999999999));
#4029=CARTESIAN_POINT('',(45.3787951836261,27.98389734016,-14.96020744771));
#4030=CARTESIAN_POINT('Ctrl Pts',(47.0623005452837,30.1499999999999,-10.7999999999999));
#4031=CARTESIAN_POINT('Ctrl Pts',(46.8621770664914,30.1499999999999,-11.1199950046018));
#4032=CARTESIAN_POINT('Ctrl Pts',(46.6619523234815,30.069411674364,-11.4868239634883));
#4033=CARTESIAN_POINT('Ctrl Pts',(46.3182534082901,29.8119298573449,-12.2010526956071));
#4034=CARTESIAN_POINT('Ctrl Pts',(46.1357769574397,29.6247733352275,-12.6145582463473));
#4035=CARTESIAN_POINT('Ctrl Pts',(45.8192072362574,29.0723176696274,-13.5489786767078));
#4036=CARTESIAN_POINT('Ctrl Pts',(45.7287053379177,28.8071073393541,-13.9223118316745));
#4037=CARTESIAN_POINT('Ctrl Pts',(45.5691069107606,28.365200347888,-14.5082528764962));
#4038=CARTESIAN_POINT('Ctrl Pts',(45.4906813487704,28.1673274670206,-14.7475612076044));
#4039=CARTESIAN_POINT('Ctrl Pts',(45.3787951836262,27.98389734016,-14.96020744771));
#4040=CARTESIAN_POINT('',(38.9376997527394,30.1499999999999,-10.7999999999999));
#4041=CARTESIAN_POINT('Ctrl Pts',(47.0623005452837,30.1499999999999,-10.7999999999999));
#4042=CARTESIAN_POINT('Ctrl Pts',(44.3541002811022,30.1499999999999,-10.7999999999999));
#4043=CARTESIAN_POINT('Ctrl Pts',(41.6459000169208,30.1499999999999,-10.7999999999999));
#4044=CARTESIAN_POINT('Ctrl Pts',(38.9376997527394,30.1499999999999,-10.7999999999999));
#4045=CARTESIAN_POINT('',(40.6212051143968,27.98389734016,-14.96020744771));
#4046=CARTESIAN_POINT('Ctrl Pts',(40.6212051143968,27.98389734016,-14.96020744771));
#4047=CARTESIAN_POINT('Ctrl Pts',(40.5154681543885,28.1572462431562,-14.7592481337769));
#4048=CARTESIAN_POINT('Ctrl Pts',(40.4433003461609,28.3346720838659,-14.5435669420897));
#4049=CARTESIAN_POINT('Ctrl Pts',(40.2570455777937,28.841335307983,-13.8836648652335));
#4050=CARTESIAN_POINT('Ctrl Pts',(40.0817690160176,29.402587491078,-13.1169456779212));
#4051=CARTESIAN_POINT('Ctrl Pts',(39.5638779627595,29.9093410481512,-11.9488136910365));
#4052=CARTESIAN_POINT('Ctrl Pts',(39.4319283754614,30.0062785712949,-11.6775419402939));
#4053=CARTESIAN_POINT('Ctrl Pts',(39.1812388041669,30.1187691228669,-11.208040436075));
#4054=CARTESIAN_POINT('Ctrl Pts',(39.0624549105545,30.1499999999999,-10.9994819775274));
#4055=CARTESIAN_POINT('Ctrl Pts',(38.9376997527394,30.1499999999999,-10.7999999999999));
#4056=CARTESIAN_POINT('',(40.6212051143968,22.1499999999999,-18.7999999999999));
#4057=CARTESIAN_POINT('Ctrl Pts',(40.6212051143968,22.1499999999999,-18.7999999999999));
#4058=CARTESIAN_POINT('Ctrl Pts',(40.6212051143968,22.4591257433578,-18.7999999999999));
#4059=CARTESIAN_POINT('Ctrl Pts',(40.6212051143968,22.7865370716589,-18.7253646324144));
#4060=CARTESIAN_POINT('Ctrl Pts',(40.6212051143968,23.7264165595786,-18.4179884984417));
#4061=CARTESIAN_POINT('Ctrl Pts',(40.6212051143968,24.4697113369372,-18.0198221152386));
#4062=CARTESIAN_POINT('Ctrl Pts',(40.6212051143968,26.2206158294825,-16.7795210957191));
#4063=CARTESIAN_POINT('Ctrl Pts',(40.6212051143968,27.1774329551769,-15.8951226777259));
#4064=CARTESIAN_POINT('Ctrl Pts',(40.6212051143968,27.98389734016,-14.96020744771));
#4065=CARTESIAN_POINT('',(45.3787951836262,22.1499999999999,-18.7999999999999));
#4066=CARTESIAN_POINT('Ctrl Pts',(40.6212051143968,22.1499999999999,-18.7999999999999));
#4067=CARTESIAN_POINT('Ctrl Pts',(42.2070684708066,22.1499999999999,-18.7999999999999));
#4068=CARTESIAN_POINT('Ctrl Pts',(43.7929318272164,22.1499999999999,-18.7999999999999));
#4069=CARTESIAN_POINT('Ctrl Pts',(45.3787951836261,22.1499999999999,-18.7999999999999));
#4070=CARTESIAN_POINT('Ctrl Pts',(45.3787951836262,27.98389734016,-14.96020744771));
#4071=CARTESIAN_POINT('Ctrl Pts',(45.3787951836262,27.0409279261668,-16.0533697534451));
#4072=CARTESIAN_POINT('Ctrl Pts',(45.3787951836262,25.9121536539972,-17.0539176642938));
#4073=CARTESIAN_POINT('Ctrl Pts',(45.3787951836262,24.3233518607912,-18.0794025493154));
#4074=CARTESIAN_POINT('Ctrl Pts',(45.3787951836262,23.778199794877,-18.3779461606175));
#4075=CARTESIAN_POINT('Ctrl Pts',(45.3787951836262,22.9484996274739,-18.6802239458559));
#4076=CARTESIAN_POINT('Ctrl Pts',(45.3787951836262,22.5408713163756,-18.7999999999999));
#4077=CARTESIAN_POINT('Ctrl Pts',(45.3787951836262,22.15,-18.7999999999999));
#4078=CARTESIAN_POINT('Ctrl Pts',(43.0000001490115,-3.85000000000006,-16.1000005438922));
#4079=CARTESIAN_POINT('Ctrl Pts',(43.0000001490115,46.6499999999999,-16.1000005438922));
#4080=CARTESIAN_POINT('Ctrl Pts',(43.1610408544678,-3.85000000000006,-16.1000005438922));
#4081=CARTESIAN_POINT('Ctrl Pts',(43.1610408544678,46.6499999999999,-16.1000005438922));
#4082=CARTESIAN_POINT('Ctrl Pts',(43.4692015695518,-3.85000000000006,-16.0882751613265));
#4083=CARTESIAN_POINT('Ctrl Pts',(43.4692015695518,46.6499999999999,-16.0882751613265));
#4084=CARTESIAN_POINT('Ctrl Pts',(43.889680519861,-3.85000000000006,-16.0355122707661));
#4085=CARTESIAN_POINT('Ctrl Pts',(43.889680519861,46.6499999999999,-16.0355122707661));
#4086=CARTESIAN_POINT('Ctrl Pts',(44.3671965062187,-3.85000000000006,-15.8990573465544));
#4087=CARTESIAN_POINT('Ctrl Pts',(44.3671965062187,46.6499999999999,-15.8990573465544));
#4088=CARTESIAN_POINT('Ctrl Pts',(44.8300182697496,-3.85000000000006,-15.6411090030001));
#4089=CARTESIAN_POINT('Ctrl Pts',(44.8300182697496,46.6499999999999,-15.6411090030001));
#4090=CARTESIAN_POINT('Ctrl Pts',(45.1686488485718,-3.85000000000006,-15.3220779026358));
#4091=CARTESIAN_POINT('Ctrl Pts',(45.1686488485718,46.6499999999999,-15.3220779026358));
#4092=CARTESIAN_POINT('Ctrl Pts',(45.4006127619182,-3.85000000000006,-14.9636733627975));
#4093=CARTESIAN_POINT('Ctrl Pts',(45.4006127619182,46.6499999999999,-14.9636733627975));
#4094=CARTESIAN_POINT('Ctrl Pts',(45.5541846646337,-3.85000000000006,-14.5743221694652));
#4095=CARTESIAN_POINT('Ctrl Pts',(45.5541846646337,46.65,-14.5743221694652));
#4096=CARTESIAN_POINT('Ctrl Pts',(45.6708625919504,-3.85000000000006,-14.1420759899463));
#4097=CARTESIAN_POINT('Ctrl Pts',(45.6708625919504,46.65,-14.1420759899463));
#4098=CARTESIAN_POINT('Ctrl Pts',(45.7957174860357,-3.85000000000006,-13.6473228115127));
#4099=CARTESIAN_POINT('Ctrl Pts',(45.7957174860357,46.65,-13.6473228115127));
#4100=CARTESIAN_POINT('Ctrl Pts',(45.9684713483038,-3.85000000000006,-13.0744623198071));
#4101=CARTESIAN_POINT('Ctrl Pts',(45.9684713483038,46.65,-13.0744623198071));
#4102=CARTESIAN_POINT('Ctrl Pts',(46.2148417306345,-3.85000000000006,-12.4233737559414));
#4103=CARTESIAN_POINT('Ctrl Pts',(46.2148417306345,46.65,-12.4233737559414));
#4104=CARTESIAN_POINT('Ctrl Pts',(46.5358634586047,-3.85000000000006,-11.7235136085942));
#4105=CARTESIAN_POINT('Ctrl Pts',(46.5358634586047,46.65,-11.7235136085942));
#4106=CARTESIAN_POINT('Ctrl Pts',(46.9015300721156,-3.85000000000006,-11.0421407056359));
#4107=CARTESIAN_POINT('Ctrl Pts',(46.9015300721156,46.65,-11.0421407056359));
#4108=CARTESIAN_POINT('Ctrl Pts',(47.2662693442299,-3.85000000000006,-10.46318298065));
#4109=CARTESIAN_POINT('Ctrl Pts',(47.2662693442299,46.6499999999999,-10.46318298065));
#4110=CARTESIAN_POINT('Ctrl Pts',(47.5178820794175,-3.85000000000006,-10.149177510738));
#4111=CARTESIAN_POINT('Ctrl Pts',(47.5178820794175,46.6499999999999,-10.149177510738));
#4112=CARTESIAN_POINT('Ctrl Pts',(47.6659900952527,-3.85000000000006,-10.0271232209019));
#4113=CARTESIAN_POINT('Ctrl Pts',(47.6659900952527,46.6499999999999,-10.0271232209019));
#4114=CARTESIAN_POINT('Ctrl Pts',(47.744294006517,-3.85000000000006,-9.9999999999999));
#4115=CARTESIAN_POINT('Ctrl Pts',(47.744294006517,46.6499999999999,-9.9999999999999));
#4116=CARTESIAN_POINT('Ctrl Pts',(47.7783373080022,-3.85000000000006,-9.9999999999999));
#4117=CARTESIAN_POINT('Ctrl Pts',(47.7783373080022,46.6499999999999,-9.9999999999999));
#4118=CARTESIAN_POINT('',(45.3787951836262,14.1499999999999,-14.96020744771));
#4119=CARTESIAN_POINT('Ctrl Pts',(45.3787951836261,27.98389734016,-14.96020744771));
#4120=CARTESIAN_POINT('Ctrl Pts',(45.3787951836261,25.78926489344,-14.96020744771));
#4121=CARTESIAN_POINT('Ctrl Pts',(45.3787951836261,23.59463244672,-14.96020744771));
#4122=CARTESIAN_POINT('Ctrl Pts',(45.3787951836261,18.9833333333333,-14.96020744771));
#4123=CARTESIAN_POINT('Ctrl Pts',(45.3787951836261,16.5666666666666,-14.96020744771));
#4124=CARTESIAN_POINT('Ctrl Pts',(45.3787951836261,14.15,-14.96020744771));
#4125=CARTESIAN_POINT('',(45.3787951609164,11.6499999999999,-14.9602074908713));
#4126=CARTESIAN_POINT('Ctrl Pts',(45.3787951609164,11.6499999999999,-14.9602074908713));
#4127=CARTESIAN_POINT('Ctrl Pts',(45.3787951609164,12.4833333333333,-14.9602074908713));
#4128=CARTESIAN_POINT('Ctrl Pts',(45.3787951802617,13.3166666666666,-14.9602074541043));
#4129=CARTESIAN_POINT('Ctrl Pts',(45.3787951836262,14.1499999999999,-14.96020744771));
#4130=CARTESIAN_POINT('',(43.0000001490115,11.6499999999999,-16.1000005438922));
#4131=CARTESIAN_POINT('Ctrl Pts',(43.0000001490115,11.6499999999999,-16.1000005438922));
#4132=CARTESIAN_POINT('Ctrl Pts',(43.7210777455582,11.6499999999999,-16.1000005438922));
#4133=CARTESIAN_POINT('Ctrl Pts',(44.4901615671534,11.6499999999999,-15.8956916395801));
#4134=CARTESIAN_POINT('Ctrl Pts',(45.1023371735034,11.6499999999999,-15.3886826350506));
#4135=CARTESIAN_POINT('Ctrl Pts',(45.2947312212557,11.6499999999999,-15.1199759456884));
#4136=CARTESIAN_POINT('Ctrl Pts',(45.3787951609164,11.6499999999999,-14.9602074908712));
#4137=CARTESIAN_POINT('',(43.0000001490115,-3.85000000000006,-16.1000005438922));
#4138=CARTESIAN_POINT('',(43.0000001490115,-3.85000000000006,-16.1000005438922));
#4139=CARTESIAN_POINT('',(46.415927026264,-3.85000000000006,-11.9999999999998));
#4140=CARTESIAN_POINT('Ctrl Pts',(46.415927026264,-3.85000000000006,-11.9999999999998));
#4141=CARTESIAN_POINT('Ctrl Pts',(46.3771622818171,-3.85000000000006,-12.0830239801523));
#4142=CARTESIAN_POINT('Ctrl Pts',(46.2769395422932,-3.85000000000006,-12.3031039072379));
#4143=CARTESIAN_POINT('Ctrl Pts',(46.1271431404255,-3.85000000000006,-12.6560477150983));
#4144=CARTESIAN_POINT('Ctrl Pts',(45.9547976756011,-3.85000000000006,-13.1198049058716));
#4145=CARTESIAN_POINT('Ctrl Pts',(45.7957174860357,-3.85000000000006,-13.6473228115127));
#4146=CARTESIAN_POINT('Ctrl Pts',(45.6708625919504,-3.85000000000006,-14.1420759899463));
#4147=CARTESIAN_POINT('Ctrl Pts',(45.5541846646337,-3.85000000000006,-14.5743221694652));
#4148=CARTESIAN_POINT('Ctrl Pts',(45.4006127619182,-3.85000000000006,-14.9636733627975));
#4149=CARTESIAN_POINT('Ctrl Pts',(45.1686488485718,-3.85000000000006,-15.3220779026358));
#4150=CARTESIAN_POINT('Ctrl Pts',(44.8300182697496,-3.85000000000006,-15.6411090030001));
#4151=CARTESIAN_POINT('Ctrl Pts',(44.3671965062187,-3.85000000000006,-15.8990573465544));
#4152=CARTESIAN_POINT('Ctrl Pts',(43.889680519861,-3.85000000000006,-16.0355122707661));
#4153=CARTESIAN_POINT('Ctrl Pts',(43.4692015695518,-3.85000000000006,-16.0882751613265));
#4154=CARTESIAN_POINT('Ctrl Pts',(43.1610408544678,-3.85000000000006,-16.1000005438922));
#4155=CARTESIAN_POINT('Ctrl Pts',(43.0000001490115,-3.85000000000006,-16.1000005438922));
#4156=CARTESIAN_POINT('Ctrl Pts',(47.7783373080022,-1.85000000000006,-9.9999999999999));
#4157=CARTESIAN_POINT('Ctrl Pts',(47.7778980744992,-1.8519005504922,-9.9999999999999));
#4158=CARTESIAN_POINT('Ctrl Pts',(47.7774578729462,-1.85380087401952,-10.0000027090658));
#4159=CARTESIAN_POINT('Ctrl Pts',(47.7213521766637,-2.09544472444832,-10.0006915138091));
#4160=CARTESIAN_POINT('Ctrl Pts',(47.6507610392487,-2.3286405966949,-10.0443453376115));
#4161=CARTESIAN_POINT('Ctrl Pts',(47.4794926289124,-2.77322160316725,-10.2093365387907));
#4162=CARTESIAN_POINT('Ctrl Pts',(47.3791536253645,-2.97915489719872,-10.3327112932599));
#4163=CARTESIAN_POINT('Ctrl Pts',(47.1343589941264,-3.3792788086186,-10.6779174120043));
#4164=CARTESIAN_POINT('Ctrl Pts',(46.9866259561667,-3.55463973888582,-10.9148717381007));
#4165=CARTESIAN_POINT('Ctrl Pts',(46.693811516461,-3.78872549097948,-11.4340834425296));
#4166=CARTESIAN_POINT('Ctrl Pts',(46.5494627622373,-3.85000000000268,-11.7140012541981));
#4167=CARTESIAN_POINT('Ctrl Pts',(46.4159270262554,-3.85000000000006,-12.0000000000182));
#4168=CARTESIAN_POINT('Ctrl Pts',(47.7783373080022,30.1499999999999,-9.9999999999999));
#4169=CARTESIAN_POINT('Ctrl Pts',(47.7631813391342,30.1499999999999,-9.9999999999999));
#4170=CARTESIAN_POINT('Ctrl Pts',(47.7480337548601,30.1499999999999,-10.0032289631907));
#4171=CARTESIAN_POINT('Ctrl Pts',(47.7067956413042,30.1499999999999,-10.0172107103508));
#4172=CARTESIAN_POINT('Ctrl Pts',(47.680150023151,30.1499999999999,-10.0329774971917));
#4173=CARTESIAN_POINT('Ctrl Pts',(47.5960299301775,30.1499999999999,-10.0920186473876));
#4174=CARTESIAN_POINT('Ctrl Pts',(47.5322080070616,30.1499999999999,-10.1570709559877));
#4175=CARTESIAN_POINT('Ctrl Pts',(47.3517901524219,30.1499999999999,-10.3633822135285));
#4176=CARTESIAN_POINT('Ctrl Pts',(47.2093035526325,30.1499999999999,-10.5649439821005));
#4177=CARTESIAN_POINT('Ctrl Pts',(47.0623005452837,30.1499999999999,-10.7999999999999));
#4178=CARTESIAN_POINT('Origin',(45.3787951836262,19.1499999999999,-14.96020744771));
#4179=CARTESIAN_POINT('',(45.3787951836342,17.6203892569761,-18.7999999999999));
#4180=CARTESIAN_POINT('',(45.3787951836262,19.1499999999999,-18.7999999999999));
#4181=CARTESIAN_POINT('',(45.378795183626,13.7477542633508,-16.6106669994662));
#4182=CARTESIAN_POINT('Ctrl Pts',(45.3787951836262,17.6203892569697,-18.7999999999999));
#4183=CARTESIAN_POINT('Ctrl Pts',(45.3787951836262,17.0647071650979,-18.7999999999999));
#4184=CARTESIAN_POINT('Ctrl Pts',(45.378795183626,16.507074981627,-18.6991759092263));
#4185=CARTESIAN_POINT('Ctrl Pts',(45.378795183626,15.4987332561856,-18.3274550866677));
#4186=CARTESIAN_POINT('Ctrl Pts',(45.3787951836264,15.0413078480087,-18.0658888663901));
#4187=CARTESIAN_POINT('Ctrl Pts',(45.3787951836264,14.2806333335419,-17.4095307620364));
#4188=CARTESIAN_POINT('Ctrl Pts',(45.3787951836261,13.9761689884113,-17.0340760202957));
#4189=CARTESIAN_POINT('Ctrl Pts',(45.3787951836261,13.7477542633508,-16.6106669994662));
#4190=CARTESIAN_POINT('Ctrl Pts',(45.3787951836262,13.7477542633509,-16.6106669994662));
#4191=CARTESIAN_POINT('Ctrl Pts',(45.3787951836262,13.6085742703599,-16.3526710907708));
#4192=CARTESIAN_POINT('Ctrl Pts',(45.3787951836261,13.4379403775015,-16.1116166624653));
#4193=CARTESIAN_POINT('Ctrl Pts',(45.3787951836261,13.0136995941605,-15.6333986501842));
#4194=CARTESIAN_POINT('Ctrl Pts',(45.3787951836261,12.7622378011662,-15.4183959509497));
#4195=CARTESIAN_POINT('Ctrl Pts',(45.3787951836261,12.3937139589572,-15.178584239599));
#4196=CARTESIAN_POINT('Ctrl Pts',(45.3787951836262,12.2529298169195,-15.1022191399115));
#4197=CARTESIAN_POINT('Ctrl Pts',(45.3787951836262,11.9449615577015,-14.9870689122836));
#4198=CARTESIAN_POINT('Ctrl Pts',(45.3787951836262,11.794619344083,-14.96020744771));
#4199=CARTESIAN_POINT('Ctrl Pts',(45.3787951836262,11.6499999999999,-14.96020744771));
#4200=CARTESIAN_POINT('Origin',(45.3787951836262,19.1499999999999,-18.7999999999999));
#4201=CARTESIAN_POINT('',(40.6212051143536,17.6203892570038,-18.7999999999999));
#4202=CARTESIAN_POINT('',(40.6212051143968,19.1499999999999,-18.7999999999999));
#4203=CARTESIAN_POINT('',(43.0000001490115,16.9235183574553,-18.7999999999999));
#4204=CARTESIAN_POINT('Ctrl Pts',(43.0000001490115,16.9235183574553,-18.7999999999999));
#4205=CARTESIAN_POINT('Ctrl Pts',(42.8809391144039,16.9235183574553,-18.7999999999999));
#4206=CARTESIAN_POINT('Ctrl Pts',(42.6413274302495,16.9307492448092,-18.7999999999999));
#4207=CARTESIAN_POINT('Ctrl Pts',(42.2840022819541,16.9734590760028,-18.7999999999999));
#4208=CARTESIAN_POINT('Ctrl Pts',(41.9360854916192,17.05937681835,-18.7999999999999));
#4209=CARTESIAN_POINT('Ctrl Pts',(41.6035405531929,17.1891334819072,-18.7999999999999));
#4210=CARTESIAN_POINT('Ctrl Pts',(41.2781298120267,17.3383123535302,-18.7999999999999));
#4211=CARTESIAN_POINT('Ctrl Pts',(41.0469675597841,17.4424656128646,-18.7999999999999));
#4212=CARTESIAN_POINT('Ctrl Pts',(40.9103510607563,17.5013877511613,-18.7999999999999));
#4213=CARTESIAN_POINT('Ctrl Pts',(40.8555836948212,17.5247584937196,-18.7999999999999));
#4214=CARTESIAN_POINT('Ctrl Pts',(40.78694824865,17.5535673463405,-18.7999999999999));
#4215=CARTESIAN_POINT('Ctrl Pts',(40.7180440969295,17.5817852214449,-18.7999999999999));
#4216=CARTESIAN_POINT('Ctrl Pts',(40.6696721093526,17.601202603232,-18.7999999999999));
#4217=CARTESIAN_POINT('Ctrl Pts',(40.6454503984408,17.610825185055,-18.7999999999999));
#4218=CARTESIAN_POINT('Ctrl Pts',(40.6315993176859,17.6162987497708,-18.7999999999999));
#4219=CARTESIAN_POINT('Ctrl Pts',(40.6246704212883,17.6190271691238,-18.7999999999999));
#4220=CARTESIAN_POINT('Ctrl Pts',(40.6212051143477,17.6203892569891,-18.7999999999999));
#4221=CARTESIAN_POINT('Ctrl Pts',(45.3787951836353,17.6203892569733,-18.7999999999999));
#4222=CARTESIAN_POINT('Ctrl Pts',(45.2677799861468,17.5767531647148,-18.7999999999999));
#4223=CARTESIAN_POINT('Ctrl Pts',(45.0477770913655,17.4851804233683,-18.7999999999999));
#4224=CARTESIAN_POINT('Ctrl Pts',(44.7217716193051,17.3382500118589,-18.7999999999999));
#4225=CARTESIAN_POINT('Ctrl Pts',(44.3968555542768,17.1893672511283,-18.7999999999999));
#4226=CARTESIAN_POINT('Ctrl Pts',(44.0639542704212,17.0593447439451,-18.7999999999999));
#4227=CARTESIAN_POINT('Ctrl Pts',(43.7139435958679,16.9730018514663,-18.7999999999999));
#4228=CARTESIAN_POINT('Ctrl Pts',(43.357022913362,16.9307090944679,-18.7999999999999));
#4229=CARTESIAN_POINT('Ctrl Pts',(43.1191036597387,16.9235183574553,-18.7999999999999));
#4230=CARTESIAN_POINT('Ctrl Pts',(43.0000001490115,16.9235183574553,-18.7999999999999));
#4231=CARTESIAN_POINT('Ctrl Pts',(43.0000001490115,16.9235183574553,-18.7999999999999));
#4232=CARTESIAN_POINT('Ctrl Pts',(43.1191036597387,16.9235183574553,-18.7999999999999));
#4233=CARTESIAN_POINT('Ctrl Pts',(43.357022913362,16.9307090944679,-18.7999999999999));
#4234=CARTESIAN_POINT('Ctrl Pts',(43.7139435958679,16.9730018514663,-18.7999999999999));
#4235=CARTESIAN_POINT('Ctrl Pts',(44.0639542704212,17.0593447439451,-18.7999999999999));
#4236=CARTESIAN_POINT('Ctrl Pts',(44.3968555542768,17.1893672511283,-18.7999999999999));
#4237=CARTESIAN_POINT('Ctrl Pts',(44.7217716193051,17.3382500118589,-18.7999999999999));
#4238=CARTESIAN_POINT('Ctrl Pts',(45.0477770913655,17.4851804233683,-18.7999999999999));
#4239=CARTESIAN_POINT('Ctrl Pts',(45.2677799861468,17.5767531647148,-18.7999999999999));
#4240=CARTESIAN_POINT('Ctrl Pts',(45.3787951836353,17.6203892569733,-18.7999999999999));
#4241=CARTESIAN_POINT('Ctrl Pts',(43.0000001490115,16.2024590708389,-18.7999999999999));
#4242=CARTESIAN_POINT('Ctrl Pts',(43.1337438761078,16.2024590708389,-18.7999999999999));
#4243=CARTESIAN_POINT('Ctrl Pts',(43.4066578653848,16.2082194154757,-18.7988774189109));
#4244=CARTESIAN_POINT('Ctrl Pts',(43.8410749657893,16.2380539977419,-18.7984421199082));
#4245=CARTESIAN_POINT('Ctrl Pts',(44.3077665085222,16.2926147272546,-18.7981258874995));
#4246=CARTESIAN_POINT('Ctrl Pts',(44.7626818029096,16.3596655295523,-18.7989663848349));
#4247=CARTESIAN_POINT('Ctrl Pts',(45.1365628500603,16.4411038328612,-18.7996409660353));
#4248=CARTESIAN_POINT('Ctrl Pts',(45.4641840565649,16.5322367142374,-18.8005991075949));
#4249=CARTESIAN_POINT('Ctrl Pts',(45.6697381160249,16.5924569012316,-18.79968613616));
#4250=CARTESIAN_POINT('Ctrl Pts',(45.7714936272937,16.6213196102708,-18.7999999999999));
#4251=CARTESIAN_POINT('Ctrl Pts',(43.0000001490115,14.9424098186626,-18.4498520180841));
#4252=CARTESIAN_POINT('Ctrl Pts',(43.1593010288171,14.9424098186626,-18.4498520180841));
#4253=CARTESIAN_POINT('Ctrl Pts',(43.4939093500148,14.9444404781578,-18.4472763503393));
#4254=CARTESIAN_POINT('Ctrl Pts',(44.0638780881464,14.9521983483799,-18.4263100425483));
#4255=CARTESIAN_POINT('Ctrl Pts',(44.7344230008122,14.9513897581125,-18.3654097745876));
#4256=CARTESIAN_POINT('Ctrl Pts',(45.4010357153495,14.9110387599449,-18.2413210970134));
#4257=CARTESIAN_POINT('Ctrl Pts',(45.8586553288348,14.8780097889441,-18.1285075839624));
#4258=CARTESIAN_POINT('Ctrl Pts',(46.1878265441428,14.8751886125791,-18.0535291808583));
#4259=CARTESIAN_POINT('Ctrl Pts',(46.3684596398378,14.8811017872927,-18.016919317086));
#4260=CARTESIAN_POINT('Ctrl Pts',(46.4538924897336,14.8852190440022,-18.0008896018919));
#4261=CARTESIAN_POINT('Ctrl Pts',(43.0000001490115,13.9944331007121,-17.5772141098704));
#4262=CARTESIAN_POINT('Ctrl Pts',(43.1785466566979,13.9944331007121,-17.5772141098704));
#4263=CARTESIAN_POINT('Ctrl Pts',(43.5592932643305,13.9966922710153,-17.5683886520816));
#4264=CARTESIAN_POINT('Ctrl Pts',(44.2283337143356,14.0062453085434,-17.5006665772999));
#4265=CARTESIAN_POINT('Ctrl Pts',(45.0358413331967,14.0172435208449,-17.30480675576));
#4266=CARTESIAN_POINT('Ctrl Pts',(45.7992674371161,14.0151299873761,-16.9230166270827));
#4267=CARTESIAN_POINT('Ctrl Pts',(46.2544592913594,14.0209093544575,-16.5946090892678));
#4268=CARTESIAN_POINT('Ctrl Pts',(46.5517888264074,14.041461204656,-16.3838628848094));
#4269=CARTESIAN_POINT('Ctrl Pts',(46.7041375813445,14.0585022489038,-16.2828936003668));
#4270=CARTESIAN_POINT('Ctrl Pts',(46.7754832804933,14.067055379502,-16.2391938169616));
#4271=CARTESIAN_POINT('Ctrl Pts',(43.0000001490115,13.6782762913289,-17.1384618731644));
#4272=CARTESIAN_POINT('Ctrl Pts',(43.1849554982932,13.6782762913289,-17.1384618731644));
#4273=CARTESIAN_POINT('Ctrl Pts',(43.5812642782738,13.6810419594107,-17.12655344645));
#4274=CARTESIAN_POINT('Ctrl Pts',(44.2824442599495,13.6973084044101,-17.03760592432));
#4275=CARTESIAN_POINT('Ctrl Pts',(45.1299272622818,13.7305172092096,-16.7809213188761));
#4276=CARTESIAN_POINT('Ctrl Pts',(45.904640483064,13.7805258658185,-16.2906329318997));
#4277=CARTESIAN_POINT('Ctrl Pts',(46.3386473668862,13.8377884660995,-15.8798018510877));
#4278=CARTESIAN_POINT('Ctrl Pts',(46.6157819585011,13.8943001628339,-15.6206123997705));
#4279=CARTESIAN_POINT('Ctrl Pts',(46.7566241984435,13.9295204479672,-15.4975357764176));
#4280=CARTESIAN_POINT('Ctrl Pts',(46.8229464894866,13.9463035603743,-15.4446094165108));
#4281=CARTESIAN_POINT('',(43.0000001490115,13.6782762913289,-17.1384618731644));
#4282=CARTESIAN_POINT('Origin',(43.0000001490115,16.9235183574553,-14.7999999999999));
#4283=CARTESIAN_POINT('Ctrl Pts',(43.0000001490115,13.6782762913289,-17.1384618731644));
#4284=CARTESIAN_POINT('Ctrl Pts',(43.1849554982932,13.6782762913289,-17.1384618731644));
#4285=CARTESIAN_POINT('Ctrl Pts',(43.5812642782738,13.6810419594107,-17.12655344645));
#4286=CARTESIAN_POINT('Ctrl Pts',(44.2824442599495,13.6973084044101,-17.03760592432));
#4287=CARTESIAN_POINT('Ctrl Pts',(44.9402420015076,13.7230843512277,-16.8383729564739));
#4288=CARTESIAN_POINT('Ctrl Pts',(45.29413892438,13.7427326622033,-16.6559829480223));
#4289=CARTESIAN_POINT('Ctrl Pts',(45.3787617891301,13.7478373063517,-16.608527456819));
#4290=CARTESIAN_POINT('Ctrl Pts',(43.0000001490115,13.6782762913289,-17.1384618731644));
#4291=CARTESIAN_POINT('Ctrl Pts',(42.8151107607214,13.6782762913289,-17.1384618731644));
#4292=CARTESIAN_POINT('Ctrl Pts',(42.4160556435583,13.6810574018496,-17.1264670102179));
#4293=CARTESIAN_POINT('Ctrl Pts',(41.7140384757248,13.697484260001,-17.0357399535786));
#4294=CARTESIAN_POINT('Ctrl Pts',(40.869682751678,13.7305295455192,-16.7806083699852));
#4295=CARTESIAN_POINT('Ctrl Pts',(40.0974352617887,13.7804359545796,-16.2914886481205));
#4296=CARTESIAN_POINT('Ctrl Pts',(39.6613379114076,13.8378124436654,-15.8787371920543));
#4297=CARTESIAN_POINT('Ctrl Pts',(39.4655342698765,13.8778713895633,-15.6959397613193));
#4298=CARTESIAN_POINT('Ctrl Pts',(39.3653524314195,13.9005337504466,-15.6047941949015));
#4299=CARTESIAN_POINT('Ctrl Pts',(39.3265324347324,13.9095224975844,-15.5703277056606));
#4300=CARTESIAN_POINT('Ctrl Pts',(39.2801883464585,13.9206028255156,-15.5298328689214));
#4301=CARTESIAN_POINT('Ctrl Pts',(39.2361548866179,13.9314558544018,-15.4927044868898));
#4302=CARTESIAN_POINT('Ctrl Pts',(39.2063095462626,13.9389240781661,-15.4681870363229));
#4303=CARTESIAN_POINT('Ctrl Pts',(39.1916127651753,13.942625071175,-15.4562856700966));
#4304=CARTESIAN_POINT('Ctrl Pts',(39.1832729861638,13.9447302883733,-15.4495819246027));
#4305=CARTESIAN_POINT('Ctrl Pts',(39.1791240394419,13.9457796804322,-15.4462614973464));
#4306=CARTESIAN_POINT('Ctrl Pts',(39.1770538085126,13.9463035603804,-15.444609416492));
#4307=CARTESIAN_POINT('Ctrl Pts',(43.0000001490115,14.0998187038398,-17.723464855439));
#4308=CARTESIAN_POINT('Ctrl Pts',(42.8236372101166,14.0998187038398,-17.723464855439));
#4309=CARTESIAN_POINT('Ctrl Pts',(42.4460004580003,14.1031101831317,-17.7145846012096));
#4310=CARTESIAN_POINT('Ctrl Pts',(41.7868711475397,14.1108655416482,-17.6522126711754));
#4311=CARTESIAN_POINT('Ctrl Pts',(40.9962767579566,14.1154087348154,-17.4773430884566));
#4312=CARTESIAN_POINT('Ctrl Pts',(40.2383535145653,14.0952566398251,-17.1332477639302));
#4313=CARTESIAN_POINT('Ctrl Pts',(39.7736953480213,14.0831371395133,-16.831519009874));
#4314=CARTESIAN_POINT('Ctrl Pts',(39.5587258136974,14.08898205961,-16.6945820473399));
#4315=CARTESIAN_POINT('Ctrl Pts',(39.448129348464,14.0940328239632,-16.6257889423775));
#4316=CARTESIAN_POINT('Ctrl Pts',(39.4052701178173,14.0961783886652,-16.5997592125525));
#4317=CARTESIAN_POINT('Ctrl Pts',(39.3540817214338,14.0992068058503,-16.5690342449905));
#4318=CARTESIAN_POINT('Ctrl Pts',(39.3054839676921,14.1025038133062,-16.5407641142657));
#4319=CARTESIAN_POINT('Ctrl Pts',(39.2725716333703,14.104883414226,-16.522062649687));
#4320=CARTESIAN_POINT('Ctrl Pts',(39.2563759429938,14.1060928407091,-16.5129744080825));
#4321=CARTESIAN_POINT('Ctrl Pts',(39.2471876716363,14.1067837859561,-16.5078549304136));
#4322=CARTESIAN_POINT('Ctrl Pts',(39.242618130724,14.1071323990167,-16.5053174720057));
#4323=CARTESIAN_POINT('Ctrl Pts',(39.2403380871681,14.1073059858802,-16.5040552837642));
#4324=CARTESIAN_POINT('Ctrl Pts',(43.0000001490115,15.120538332235,-18.5410592715244));
#4325=CARTESIAN_POINT('Ctrl Pts',(42.8443701181451,15.120538332235,-18.5410592715244));
#4326=CARTESIAN_POINT('Ctrl Pts',(42.5161020910072,15.1228901366611,-18.5392507806882));
#4327=CARTESIAN_POINT('Ctrl Pts',(41.9642231352352,15.1332449389445,-18.5236396964464));
#4328=CARTESIAN_POINT('Ctrl Pts',(41.3252678887883,15.1396186992467,-18.4796117791686));
#4329=CARTESIAN_POINT('Ctrl Pts',(40.6891630597004,15.1125490836251,-18.3896890654522));
#4330=CARTESIAN_POINT('Ctrl Pts',(40.2404783115094,15.0929907481522,-18.3079387154073));
#4331=CARTESIAN_POINT('Ctrl Pts',(40.0072187453137,15.0990761897624,-18.2698837956127));
#4332=CARTESIAN_POINT('Ctrl Pts',(39.8821241172419,15.1047996711149,-18.2506628526293));
#4333=CARTESIAN_POINT('Ctrl Pts',(39.8332346107817,15.107432539493,-18.2433436500423));
#4334=CARTESIAN_POINT('Ctrl Pts',(39.7739068896984,15.1110312590856,-18.2347091635925));
#4335=CARTESIAN_POINT('Ctrl Pts',(39.7166406985319,15.1150498467749,-18.2267285519126));
#4336=CARTESIAN_POINT('Ctrl Pts',(39.67744863595,15.1180121685188,-18.2214287898158));
#4337=CARTESIAN_POINT('Ctrl Pts',(39.6580631384672,15.1195268103754,-18.2188491218331));
#4338=CARTESIAN_POINT('Ctrl Pts',(39.6470420515971,15.1204015481147,-18.2173935469685));
#4339=CARTESIAN_POINT('Ctrl Pts',(39.6415504714587,15.1208411067765,-18.2166721711997));
#4340=CARTESIAN_POINT('Ctrl Pts',(39.6388091361655,15.121061799221,-18.2163129503081));
#4341=CARTESIAN_POINT('Ctrl Pts',(43.0000001490115,16.382723892493,-18.7999999999999));
#4342=CARTESIAN_POINT('Ctrl Pts',(42.8699740012722,16.382723892493,-18.7999999999999));
#4343=CARTESIAN_POINT('Ctrl Pts',(42.6036734087431,16.3882798315146,-18.7996252941142));
#4344=CARTESIAN_POINT('Ctrl Pts',(42.1879591621694,16.4211984737805,-18.799447958193));
#4345=CARTESIAN_POINT('Ctrl Pts',(41.7527049108034,16.4831596718357,-18.7992038803348));
#4346=CARTESIAN_POINT('Ctrl Pts',(41.3292401653602,16.5660863042151,-18.799412725123));
#4347=CARTESIAN_POINT('Ctrl Pts',(40.9669691150853,16.6648591284979,-18.7996208692898));
#4348=CARTESIAN_POINT('Ctrl Pts',(40.7352188815897,16.7397278715091,-18.7997671939002));
#4349=CARTESIAN_POINT('Ctrl Pts',(40.6020660612704,16.7827516868419,-18.7998242115208));
#4350=CARTESIAN_POINT('Ctrl Pts',(40.5490702194732,16.7999394994152,-18.7998722397286));
#4351=CARTESIAN_POINT('Ctrl Pts',(40.4832284602021,16.8212161769899,-18.7999024683655));
#4352=CARTESIAN_POINT('Ctrl Pts',(40.4178161162676,16.8422068352583,-18.7999366157235));
#4353=CARTESIAN_POINT('Ctrl Pts',(40.3721989702995,16.8567137461704,-18.7999666838452));
#4354=CARTESIAN_POINT('Ctrl Pts',(40.3494284679799,16.863917228628,-18.7999822779465));
#4355=CARTESIAN_POINT('Ctrl Pts',(40.3364268519441,16.8680194958302,-18.7999925652181));
#4356=CARTESIAN_POINT('Ctrl Pts',(40.3299292712838,16.8700652116601,-18.7999973266069));
#4357=CARTESIAN_POINT('Ctrl Pts',(40.3266812816065,16.8710870219582,-18.7999999999999));
#4358=CARTESIAN_POINT('Ctrl Pts',(43.0000001490115,16.9235183574553,-18.7999999999999));
#4359=CARTESIAN_POINT('Ctrl Pts',(42.8809391144039,16.9235183574553,-18.7999999999999));
#4360=CARTESIAN_POINT('Ctrl Pts',(42.6413274302495,16.9307492448092,-18.7999999999999));
#4361=CARTESIAN_POINT('Ctrl Pts',(42.2840022819541,16.9734590760028,-18.7999999999999));
#4362=CARTESIAN_POINT('Ctrl Pts',(41.9360854916192,17.05937681835,-18.7999999999999));
#4363=CARTESIAN_POINT('Ctrl Pts',(41.6035405531929,17.1891334819072,-18.7999999999999));
#4364=CARTESIAN_POINT('Ctrl Pts',(41.2781298120267,17.3383123535302,-18.7999999999999));
#4365=CARTESIAN_POINT('Ctrl Pts',(41.0469675597841,17.4424656128646,-18.7999999999999));
#4366=CARTESIAN_POINT('Ctrl Pts',(40.9103510607563,17.5013877511613,-18.7999999999999));
#4367=CARTESIAN_POINT('Ctrl Pts',(40.8555836948212,17.5247584937196,-18.7999999999999));
#4368=CARTESIAN_POINT('Ctrl Pts',(40.78694824865,17.5535673463405,-18.7999999999999));
#4369=CARTESIAN_POINT('Ctrl Pts',(40.7180440969295,17.5817852214449,-18.7999999999999));
#4370=CARTESIAN_POINT('Ctrl Pts',(40.6696721093526,17.601202603232,-18.7999999999999));
#4371=CARTESIAN_POINT('Ctrl Pts',(40.6454503984408,17.610825185055,-18.7999999999999));
#4372=CARTESIAN_POINT('Ctrl Pts',(40.6315993176859,17.6162987497708,-18.7999999999999));
#4373=CARTESIAN_POINT('Ctrl Pts',(40.6246704212883,17.6190271691238,-18.7999999999999));
#4374=CARTESIAN_POINT('Ctrl Pts',(40.6212051143477,17.6203892569891,-18.7999999999999));
#4375=CARTESIAN_POINT('',(40.6212051143969,13.7477542633508,-16.6106669994661));
#4376=CARTESIAN_POINT('Ctrl Pts',(40.6212051143968,13.7477542633508,-16.6106669994661));
#4377=CARTESIAN_POINT('Ctrl Pts',(40.6212051143968,13.9865792800852,-17.0533734250626));
#4378=CARTESIAN_POINT('Ctrl Pts',(40.6212051143964,14.3083373894046,-17.4433498968753));
#4379=CARTESIAN_POINT('Ctrl Pts',(40.6212051143964,15.0673637271492,-18.0774875051508));
#4380=CARTESIAN_POINT('Ctrl Pts',(40.621205114397,15.4915531474763,-18.3193638379958));
#4381=CARTESIAN_POINT('Ctrl Pts',(40.621205114397,16.4754891555453,-18.6933836539997));
#4382=CARTESIAN_POINT('Ctrl Pts',(40.6212051143969,17.049080789335,-18.7999999999999));
#4383=CARTESIAN_POINT('Ctrl Pts',(40.6212051143969,17.6203892569697,-18.7999999999999));
#4384=CARTESIAN_POINT('Ctrl Pts',(40.6212433335209,13.747841833986,-16.6083617808691));
#4385=CARTESIAN_POINT('Ctrl Pts',(40.7057169703563,13.7427407893681,-16.6557710564446));
#4386=CARTESIAN_POINT('Ctrl Pts',(41.0585384772546,13.7231383581373,-16.83767325267));
#4387=CARTESIAN_POINT('Ctrl Pts',(41.7140384757248,13.697484260001,-17.0357399535786));
#4388=CARTESIAN_POINT('Ctrl Pts',(42.4160556435583,13.6810574018496,-17.1264670102179));
#4389=CARTESIAN_POINT('Ctrl Pts',(42.8151107607214,13.6782762913289,-17.1384618731644));
#4390=CARTESIAN_POINT('Ctrl Pts',(43.0000001490115,13.6782762913289,-17.1384618731644));
#4391=CARTESIAN_POINT('Origin',(40.6212051143968,19.1499999999999,-18.7999999999999));
#4392=CARTESIAN_POINT('',(40.6212051143968,14.1499999999999,-14.96020744771));
#4393=CARTESIAN_POINT('Ctrl Pts',(40.6212051143968,14.1499999999999,-14.96020744771));
#4394=CARTESIAN_POINT('Ctrl Pts',(40.6212051143968,16.5666666666666,-14.96020744771));
#4395=CARTESIAN_POINT('Ctrl Pts',(40.6212051143968,18.9833333333333,-14.96020744771));
#4396=CARTESIAN_POINT('Ctrl Pts',(40.6212051143968,23.59463244672,-14.96020744771));
#4397=CARTESIAN_POINT('Ctrl Pts',(40.6212051143968,25.78926489344,-14.96020744771));
#4398=CARTESIAN_POINT('Ctrl Pts',(40.6212051143968,27.98389734016,-14.96020744771));
#4399=CARTESIAN_POINT('',(40.6212051144355,11.6499999999999,-14.9602074477835));
#4400=CARTESIAN_POINT('Ctrl Pts',(40.6212051143968,14.1499999999999,-14.96020744771));
#4401=CARTESIAN_POINT('Ctrl Pts',(40.6212051143968,13.3166666666666,-14.96020744771));
#4402=CARTESIAN_POINT('Ctrl Pts',(40.6212051144355,12.4833333333333,-14.9602074477835));
#4403=CARTESIAN_POINT('Ctrl Pts',(40.6212051144355,11.6499999999999,-14.9602074477835));
#4404=CARTESIAN_POINT('Ctrl Pts',(40.6212051143968,11.65,-14.96020744771));
#4405=CARTESIAN_POINT('Ctrl Pts',(40.6212051143968,11.8044054976219,-14.96020744771));
#4406=CARTESIAN_POINT('Ctrl Pts',(40.6212051143969,11.9526318048647,-14.9911036949857));
#4407=CARTESIAN_POINT('Ctrl Pts',(40.6212051143969,12.2790686257047,-15.1106130061843));
#4408=CARTESIAN_POINT('Ctrl Pts',(40.6212051143969,12.4640931333919,-15.2147450226004));
#4409=CARTESIAN_POINT('Ctrl Pts',(40.6212051143969,12.9403418074952,-15.561664608515));
#4410=CARTESIAN_POINT('Ctrl Pts',(40.6212051143969,13.2612444124693,-15.8686482713226));
#4411=CARTESIAN_POINT('Ctrl Pts',(40.6212051143969,13.6102851043722,-16.3723744214782));
#4412=CARTESIAN_POINT('Ctrl Pts',(40.6212051143968,13.6824919091851,-16.4896911321397));
#4413=CARTESIAN_POINT('Ctrl Pts',(40.6212051143968,13.7477542633508,-16.6106669994661));
#4414=CARTESIAN_POINT('Ctrl Pts',(46.3877225703123,13.7477542633509,-15.4910657226987));
#4415=CARTESIAN_POINT('Ctrl Pts',(46.2586132872399,13.7477542633509,-15.7364455118146));
#4416=CARTESIAN_POINT('Ctrl Pts',(45.9466579227343,13.7477542633509,-16.1764364899087));
#4417=CARTESIAN_POINT('Ctrl Pts',(44.9566463763627,13.7477542633509,-16.9880256662614));
#4418=CARTESIAN_POINT('Ctrl Pts',(43.8697489161091,13.7477542633509,-17.2400641297194));
#4419=CARTESIAN_POINT('Ctrl Pts',(43.0000001490115,13.7477542633509,-17.2400641297194));
#4420=CARTESIAN_POINT('Ctrl Pts',(45.7716071718644,13.2964232086492,-15.1668898088222));
#4421=CARTESIAN_POINT('Ctrl Pts',(45.6702469679935,13.2964232086492,-15.3595308401928));
#4422=CARTESIAN_POINT('Ctrl Pts',(45.4304024277411,13.2964232086492,-15.6950006760872));
#4423=CARTESIAN_POINT('Ctrl Pts',(44.6731163071901,13.2964232086492,-16.3190299613912));
#4424=CARTESIAN_POINT('Ctrl Pts',(43.7781636762752,13.2964232086492,-16.5438686059316));
#4425=CARTESIAN_POINT('Ctrl Pts',(43.0000001490115,13.2964232086492,-16.5438686059316));
#4426=CARTESIAN_POINT('Ctrl Pts',(45.3787951836262,12.479691465715,-14.96020744771));
#4427=CARTESIAN_POINT('Ctrl Pts',(45.2949952314665,12.479691465715,-15.119474187479));
#4428=CARTESIAN_POINT('Ctrl Pts',(45.1016164255497,12.479691465715,-15.3882639157608));
#4429=CARTESIAN_POINT('Ctrl Pts',(44.4916210949709,12.479691465715,-15.893563622094));
#4430=CARTESIAN_POINT('Ctrl Pts',(43.7202064427092,12.479691465715,-16.1000005438922));
#4431=CARTESIAN_POINT('Ctrl Pts',(43.0000001490115,12.479691465715,-16.1000005438922));
#4432=CARTESIAN_POINT('Ctrl Pts',(45.3787951836262,11.6499999999999,-14.96020744771));
#4433=CARTESIAN_POINT('Ctrl Pts',(45.2947312385807,11.6499999999999,-15.1199759214915));
#4434=CARTESIAN_POINT('Ctrl Pts',(45.1023371853162,11.6499999999999,-15.3886826252672));
#4435=CARTESIAN_POINT('Ctrl Pts',(44.4901615671534,11.6499999999999,-15.8956916395801));
#4436=CARTESIAN_POINT('Ctrl Pts',(43.7210777455582,11.6499999999999,-16.1000005438922));
#4437=CARTESIAN_POINT('Ctrl Pts',(43.0000001490115,11.6499999999999,-16.1000005438922));
#4438=CARTESIAN_POINT('Origin',(43.0000001490115,11.6499999999999,-18.6000005438922));
#4439=CARTESIAN_POINT('Ctrl Pts',(43.0000001490115,13.7477542633508,-17.2400641297193));
#4440=CARTESIAN_POINT('Ctrl Pts',(42.3476885736869,13.7477542633508,-17.2400641297193));
#4441=CARTESIAN_POINT('Ctrl Pts',(41.336377138921,13.7477542633508,-17.0735773290308));
#4442=CARTESIAN_POINT('Ctrl Pts',(40.2271321434513,13.7477542633508,-16.3874865770789));
#4443=CARTESIAN_POINT('Ctrl Pts',(39.7844234384736,13.7477542633508,-15.8182387748526));
#4444=CARTESIAN_POINT('Ctrl Pts',(39.6122777277106,13.7477542633508,-15.4910657226984));
#4445=CARTESIAN_POINT('Ctrl Pts',(43.0000001490115,13.2964232086491,-16.5438686059315));
#4446=CARTESIAN_POINT('Ctrl Pts',(42.4163775035616,13.2964232086491,-16.5438686059315));
#4447=CARTESIAN_POINT('Ctrl Pts',(41.56181364439,13.2964232086491,-16.3934532021715));
#4448=CARTESIAN_POINT('Ctrl Pts',(40.7002471845776,13.2964232086491,-15.8542770018523));
#4449=CARTESIAN_POINT('Ctrl Pts',(40.3635400646527,13.2964232086491,-15.4237445173156));
#4450=CARTESIAN_POINT('Ctrl Pts',(40.2283931261585,13.2964232086491,-15.166889808822));
#4451=CARTESIAN_POINT('Ctrl Pts',(43.0000001490115,12.479691465715,-16.1000005438922));
#4452=CARTESIAN_POINT('Ctrl Pts',(42.4598454287356,12.479691465715,-16.1000005438922));
#4453=CARTESIAN_POINT('Ctrl Pts',(41.7061846778865,12.479691465715,-15.96075421404));
#4454=CARTESIAN_POINT('Ctrl Pts',(41.0014923531493,12.479691465715,-15.5146403396283));
#4455=CARTESIAN_POINT('Ctrl Pts',(40.7329383839426,12.479691465715,-15.1725631007346));
#4456=CARTESIAN_POINT('Ctrl Pts',(40.6212051143968,12.479691465715,-14.9602074477099));
#4457=CARTESIAN_POINT('Ctrl Pts',(43.0000001490115,11.6499999999999,-16.1000005438922));
#4458=CARTESIAN_POINT('Ctrl Pts',(42.4591919515989,11.6499999999999,-16.1000005438922));
#4459=CARTESIAN_POINT('Ctrl Pts',(41.7074717608637,11.6499999999999,-15.9626060561936));
#4460=CARTESIAN_POINT('Ctrl Pts',(41.0006991220369,11.6499999999999,-15.5152780443475));
#4461=CARTESIAN_POINT('Ctrl Pts',(40.733290374457,11.6499999999999,-15.173232079418));
#4462=CARTESIAN_POINT('Ctrl Pts',(40.6212051143968,11.6499999999999,-14.9602074477099));
#4463=CARTESIAN_POINT('Ctrl Pts',(40.6212051143968,11.6499999999999,-14.9602074477099));
#4464=CARTESIAN_POINT('Ctrl Pts',(40.733290374457,11.6499999999999,-15.173232079418));
#4465=CARTESIAN_POINT('Ctrl Pts',(41.0006991220369,11.6499999999999,-15.5152780443475));
#4466=CARTESIAN_POINT('Ctrl Pts',(41.7074717608637,11.6499999999999,-15.9626060561936));
#4467=CARTESIAN_POINT('Ctrl Pts',(42.4591919515989,11.6499999999999,-16.1000005438922));
#4468=CARTESIAN_POINT('Ctrl Pts',(43.0000001490115,11.6499999999999,-16.1000005438922));
#4469=CARTESIAN_POINT('Ctrl Pts',(38.2216629900208,-3.85000000000006,-9.99999999999988));
#4470=CARTESIAN_POINT('Ctrl Pts',(38.2216629900208,46.6499999999999,-9.99999999999988));
#4471=CARTESIAN_POINT('Ctrl Pts',(38.255706291506,-3.85000000000006,-9.99999999999988));
#4472=CARTESIAN_POINT('Ctrl Pts',(38.255706291506,46.6499999999999,-9.99999999999988));
#4473=CARTESIAN_POINT('Ctrl Pts',(38.3340102027704,-3.85000000000006,-10.0271232209019));
#4474=CARTESIAN_POINT('Ctrl Pts',(38.3340102027704,46.6499999999999,-10.0271232209019));
#4475=CARTESIAN_POINT('Ctrl Pts',(38.4821182186055,-3.85000000000006,-10.149177510738));
#4476=CARTESIAN_POINT('Ctrl Pts',(38.4821182186055,46.65,-10.149177510738));
#4477=CARTESIAN_POINT('Ctrl Pts',(38.7337309537931,-3.85000000000006,-10.46318298065));
#4478=CARTESIAN_POINT('Ctrl Pts',(38.7337309537931,46.65,-10.46318298065));
#4479=CARTESIAN_POINT('Ctrl Pts',(39.0984702259074,-3.85000000000006,-11.0421407056358));
#4480=CARTESIAN_POINT('Ctrl Pts',(39.0984702259074,46.65,-11.0421407056358));
#4481=CARTESIAN_POINT('Ctrl Pts',(39.4641368394183,-3.85000000000006,-11.7235136085942));
#4482=CARTESIAN_POINT('Ctrl Pts',(39.4641368394183,46.65,-11.7235136085942));
#4483=CARTESIAN_POINT('Ctrl Pts',(39.7851585673885,-3.85000000000006,-12.4233737559414));
#4484=CARTESIAN_POINT('Ctrl Pts',(39.7851585673885,46.65,-12.4233737559414));
#4485=CARTESIAN_POINT('Ctrl Pts',(40.0315289497193,-3.85000000000006,-13.0744623198071));
#4486=CARTESIAN_POINT('Ctrl Pts',(40.0315289497193,46.65,-13.0744623198071));
#4487=CARTESIAN_POINT('Ctrl Pts',(40.2042828119873,-3.85000000000006,-13.6473228115127));
#4488=CARTESIAN_POINT('Ctrl Pts',(40.2042828119873,46.65,-13.6473228115127));
#4489=CARTESIAN_POINT('Ctrl Pts',(40.3291377060726,-3.85000000000006,-14.1420759899463));
#4490=CARTESIAN_POINT('Ctrl Pts',(40.3291377060726,46.65,-14.1420759899463));
#4491=CARTESIAN_POINT('Ctrl Pts',(40.4458156333893,-3.85000000000006,-14.5743221694651));
#4492=CARTESIAN_POINT('Ctrl Pts',(40.4458156333893,46.65,-14.5743221694651));
#4493=CARTESIAN_POINT('Ctrl Pts',(40.5993875361048,-3.85000000000006,-14.9636733627975));
#4494=CARTESIAN_POINT('Ctrl Pts',(40.5993875361048,46.65,-14.9636733627975));
#4495=CARTESIAN_POINT('Ctrl Pts',(40.8313514494512,-3.85000000000006,-15.3220779026358));
#4496=CARTESIAN_POINT('Ctrl Pts',(40.8313514494512,46.6499999999999,-15.3220779026358));
#4497=CARTESIAN_POINT('Ctrl Pts',(41.1699820282734,-3.85000000000006,-15.6411090030001));
#4498=CARTESIAN_POINT('Ctrl Pts',(41.1699820282734,46.6499999999999,-15.6411090030001));
#4499=CARTESIAN_POINT('Ctrl Pts',(41.6328037918043,-3.85000000000006,-15.8990573465544));
#4500=CARTESIAN_POINT('Ctrl Pts',(41.6328037918043,46.6499999999999,-15.8990573465544));
#4501=CARTESIAN_POINT('Ctrl Pts',(42.110319778162,-3.85000000000006,-16.0355122707661));
#4502=CARTESIAN_POINT('Ctrl Pts',(42.110319778162,46.6499999999999,-16.0355122707661));
#4503=CARTESIAN_POINT('Ctrl Pts',(42.5307987284712,-3.85000000000006,-16.0882751613264));
#4504=CARTESIAN_POINT('Ctrl Pts',(42.5307987284712,46.6499999999999,-16.0882751613264));
#4505=CARTESIAN_POINT('Ctrl Pts',(42.8389594435552,-3.85000000000006,-16.1000005438922));
#4506=CARTESIAN_POINT('Ctrl Pts',(42.8389594435552,46.6499999999999,-16.1000005438922));
#4507=CARTESIAN_POINT('Ctrl Pts',(43.0000001490115,-3.85000000000006,-16.1000005438922));
#4508=CARTESIAN_POINT('Ctrl Pts',(43.0000001490115,46.6499999999999,-16.1000005438922));
#4509=CARTESIAN_POINT('Ctrl Pts',(38.9376997527394,30.1499999999999,-10.7999999999999));
#4510=CARTESIAN_POINT('Ctrl Pts',(38.8636755203316,30.1499999999999,-10.6816361541737));
#4511=CARTESIAN_POINT('Ctrl Pts',(38.7915088903631,30.1500000000002,-10.5729372093461));
#4512=CARTESIAN_POINT('Ctrl Pts',(38.6409440591346,30.1500000000002,-10.3616247555981));
#4513=CARTESIAN_POINT('Ctrl Pts',(38.5342142102065,30.1500000000002,-10.2223987602057));
#4514=CARTESIAN_POINT('Ctrl Pts',(38.397977437807,30.1500000000002,-10.0913456065905));
#4515=CARTESIAN_POINT('Ctrl Pts',(38.3568041985155,30.1500000000002,-10.0558876885699));
#4516=CARTESIAN_POINT('Ctrl Pts',(38.2999532544785,30.1500000000002,-10.0221597884952));
#4517=CARTESIAN_POINT('Ctrl Pts',(38.2829893020829,30.1500000000002,-10.0136833697015));
#4518=CARTESIAN_POINT('Ctrl Pts',(38.2515428520761,30.1500000000002,-10.0031396581153));
#4519=CARTESIAN_POINT('Ctrl Pts',(38.2366082160401,30.1499999999999,-9.99999999999988));
#4520=CARTESIAN_POINT('Ctrl Pts',(38.2216629900208,30.1499999999999,-9.99999999999988));
#4521=CARTESIAN_POINT('',(39.5840732717591,-3.85000000000006,-11.9999999999999));
#4522=CARTESIAN_POINT('Ctrl Pts',(39.5840732717576,-3.85000000000006,-11.9999999999967));
#4523=CARTESIAN_POINT('Ctrl Pts',(39.4505375357749,-3.84999999999961,-11.7140012541764));
#4524=CARTESIAN_POINT('Ctrl Pts',(39.3061887815507,-3.78872549097331,-11.4340834425081));
#4525=CARTESIAN_POINT('Ctrl Pts',(39.0133743418448,-3.55463973887361,-10.9148717380816));
#4526=CARTESIAN_POINT('Ctrl Pts',(38.8656413038856,-3.37927880860383,-10.6779174119872));
#4527=CARTESIAN_POINT('Ctrl Pts',(38.6208466726513,-2.97915489718414,-10.3327112932508));
#4528=CARTESIAN_POINT('Ctrl Pts',(38.5205076691063,-2.77322160315673,-10.2093365387861));
#4529=CARTESIAN_POINT('Ctrl Pts',(38.3492392551628,-2.32864058731906,-10.0443453341327));
#4530=CARTESIAN_POINT('Ctrl Pts',(38.2786481188538,-2.09544471419879,-10.0006915137799));
#4531=CARTESIAN_POINT('Ctrl Pts',(38.2225424251611,-1.85380087436464,-10.0000027090668));
#4532=CARTESIAN_POINT('Ctrl Pts',(38.222102223444,-1.85190055014676,-9.99999999999988));
#4533=CARTESIAN_POINT('Ctrl Pts',(38.2216629900208,-1.85000000000005,-9.99999999999988));
#4534=CARTESIAN_POINT('Ctrl Pts',(43.0000001490115,-3.85000000000006,-16.1000005438922));
#4535=CARTESIAN_POINT('Ctrl Pts',(42.8389594435552,-3.85000000000006,-16.1000005438922));
#4536=CARTESIAN_POINT('Ctrl Pts',(42.5307987284712,-3.85000000000006,-16.0882751613264));
#4537=CARTESIAN_POINT('Ctrl Pts',(42.110319778162,-3.85000000000006,-16.0355122707661));
#4538=CARTESIAN_POINT('Ctrl Pts',(41.6328037918043,-3.85000000000006,-15.8990573465544));
#4539=CARTESIAN_POINT('Ctrl Pts',(41.1699820282734,-3.85000000000006,-15.6411090030001));
#4540=CARTESIAN_POINT('Ctrl Pts',(40.8313514494512,-3.85000000000006,-15.3220779026358));
#4541=CARTESIAN_POINT('Ctrl Pts',(40.5993875361048,-3.85000000000006,-14.9636733627975));
#4542=CARTESIAN_POINT('Ctrl Pts',(40.4458156333893,-3.85000000000006,-14.5743221694651));
#4543=CARTESIAN_POINT('Ctrl Pts',(40.3291377060726,-3.85000000000006,-14.1420759899463));
#4544=CARTESIAN_POINT('Ctrl Pts',(40.2042828119873,-3.85000000000006,-13.6473228115127));
#4545=CARTESIAN_POINT('Ctrl Pts',(40.0452026224219,-3.85000000000005,-13.1198049058716));
#4546=CARTESIAN_POINT('Ctrl Pts',(39.8728571575975,-3.85000000000005,-12.6560477150983));
#4547=CARTESIAN_POINT('Ctrl Pts',(39.7230607557298,-3.85000000000005,-12.3031039072379));
#4548=CARTESIAN_POINT('Ctrl Pts',(39.622838016206,-3.85000000000006,-12.0830239801523));
#4549=CARTESIAN_POINT('Ctrl Pts',(39.5840732717591,-3.85000000000006,-11.9999999999999));
#4550=CARTESIAN_POINT('Origin',(43.0000001490115,30.1499999999999,-13.050000271946));
#4551=CARTESIAN_POINT('Origin',(6.00000000000003,-3.85000000000006,-11.9999999999999));
#4552=CARTESIAN_POINT('',(6.00000000000003,-3.85000000000006,-11.9999999999999));
#4553=CARTESIAN_POINT('',(6.00000000000003,-3.85000000000006,-11.9999999999999));
#4554=CARTESIAN_POINT('',(13.6500001490116,-3.85000000000006,-14.1));
#4555=CARTESIAN_POINT('Origin',(15.0500001490116,-3.85000000000006,-14.1));
#4556=CARTESIAN_POINT('',(46.5500001490117,-3.85000000000006,-14.1));
#4557=CARTESIAN_POINT('Origin',(47.9500001490117,-3.85000000000006,-14.1));
#4558=CARTESIAN_POINT('',(36.6500001490117,-3.85000000000006,-14.1));
#4559=CARTESIAN_POINT('Origin',(38.0500001490117,-3.85000000000006,-14.1));
#4560=CARTESIAN_POINT('',(23.5500001490116,-3.85000000000006,-14.1));
#4561=CARTESIAN_POINT('Origin',(24.9500001490116,-3.85000000000006,-14.1));
#4562=CARTESIAN_POINT('Origin',(6.00000000000003,-1.85000000000005,-11.9999999999999));
#4563=CARTESIAN_POINT('Origin',(6.00000000000003,-1.85000000000005,-11.9999999999999));
#4564=CARTESIAN_POINT('Ctrl Pts',(24.0623002472606,30.1499999999999,31.2000000000001));
#4565=CARTESIAN_POINT('Ctrl Pts',(21.3540999830792,30.1499999999999,31.2000000000001));
#4566=CARTESIAN_POINT('Ctrl Pts',(18.6458997188978,30.1499999999999,31.2000000000001));
#4567=CARTESIAN_POINT('Ctrl Pts',(15.9376994547163,30.1499999999999,31.2000000000001));
#4568=CARTESIAN_POINT('Ctrl Pts',(24.0623002472606,30.1499999999999,31.4634057612735));
#4569=CARTESIAN_POINT('Ctrl Pts',(21.3540999830792,30.1499999999999,31.4634057612735));
#4570=CARTESIAN_POINT('Ctrl Pts',(18.6458997188978,30.1499999999999,31.4634057612735));
#4571=CARTESIAN_POINT('Ctrl Pts',(15.9376994547163,30.1499999999999,31.4634057612735));
#4572=CARTESIAN_POINT('Ctrl Pts',(24.0623002472606,30.0415987868704,32.1244411004618));
#4573=CARTESIAN_POINT('Ctrl Pts',(21.3540999830792,30.0415987868704,32.1244411004618));
#4574=CARTESIAN_POINT('Ctrl Pts',(18.6458997188978,30.0415987868704,32.1244411004618));
#4575=CARTESIAN_POINT('Ctrl Pts',(15.9376994547163,30.0415987868704,32.1244411004618));
#4576=CARTESIAN_POINT('Ctrl Pts',(24.0623002472606,29.3635738514254,33.5739953406768));
#4577=CARTESIAN_POINT('Ctrl Pts',(21.3540999830792,29.3635738514254,33.5739953406768));
#4578=CARTESIAN_POINT('Ctrl Pts',(18.6458997188978,29.3635738514254,33.5739953406768));
#4579=CARTESIAN_POINT('Ctrl Pts',(15.9376994547163,29.3635738514254,33.5739953406768));
#4580=CARTESIAN_POINT('Ctrl Pts',(24.0623002472606,28.0628578145048,35.3616087464401));
#4581=CARTESIAN_POINT('Ctrl Pts',(21.3540999830792,28.0628578145048,35.3616087464401));
#4582=CARTESIAN_POINT('Ctrl Pts',(18.6458997188978,28.0628578145048,35.3616087464401));
#4583=CARTESIAN_POINT('Ctrl Pts',(15.9376994547163,28.0628578145048,35.3616087464401));
#4584=CARTESIAN_POINT('Ctrl Pts',(24.0623002472607,26.3114792826482,37.1142116302116));
#4585=CARTESIAN_POINT('Ctrl Pts',(21.3540999830792,26.3114792826482,37.1142116302116));
#4586=CARTESIAN_POINT('Ctrl Pts',(18.6458997188978,26.3114792826482,37.1142116302116));
#4587=CARTESIAN_POINT('Ctrl Pts',(15.9376994547163,26.3114792826482,37.1142116302116));
#4588=CARTESIAN_POINT('Ctrl Pts',(24.0623002472606,24.5254863765601,38.4119952621732));
#4589=CARTESIAN_POINT('Ctrl Pts',(21.3540999830792,24.5254863765601,38.4119952621732));
#4590=CARTESIAN_POINT('Ctrl Pts',(18.6458997188978,24.5254863765601,38.4119952621732));
#4591=CARTESIAN_POINT('Ctrl Pts',(15.9376994547163,24.5254863765601,38.4119952621732));
#4592=CARTESIAN_POINT('Ctrl Pts',(24.0623002472606,23.0737541243377,39.0923058632108));
#4593=CARTESIAN_POINT('Ctrl Pts',(21.3540999830792,23.0737541243377,39.0923058632108));
#4594=CARTESIAN_POINT('Ctrl Pts',(18.6458997188978,23.0737541243377,39.0923058632108));
#4595=CARTESIAN_POINT('Ctrl Pts',(15.9376994547163,23.0737541243377,39.0923058632108));
#4596=CARTESIAN_POINT('Ctrl Pts',(24.0623002472606,22.4134057612733,39.2000000000001));
#4597=CARTESIAN_POINT('Ctrl Pts',(21.3540999830792,22.4134057612733,39.2000000000001));
#4598=CARTESIAN_POINT('Ctrl Pts',(18.6458997188978,22.4134057612733,39.2000000000001));
#4599=CARTESIAN_POINT('Ctrl Pts',(15.9376994547163,22.4134057612733,39.2000000000001));
#4600=CARTESIAN_POINT('Ctrl Pts',(24.0623002472606,22.1499999999999,39.2000000000001));
#4601=CARTESIAN_POINT('Ctrl Pts',(21.3540999830792,22.1499999999999,39.2000000000001));
#4602=CARTESIAN_POINT('Ctrl Pts',(18.6458997188978,22.1499999999999,39.2000000000001));
#4603=CARTESIAN_POINT('Ctrl Pts',(15.9376994547163,22.1499999999999,39.2000000000001));
#4604=CARTESIAN_POINT('',(15.9376994547163,30.1499999999999,31.2000000000001));
#4605=CARTESIAN_POINT('',(17.6212048163738,27.98389734016,35.3602074477103));
#4606=CARTESIAN_POINT('Ctrl Pts',(15.9376994547163,30.1499999999999,31.2000000000001));
#4607=CARTESIAN_POINT('Ctrl Pts',(16.1378229335077,30.1499999999999,31.5199950046006));
#4608=CARTESIAN_POINT('Ctrl Pts',(16.3380476765175,30.0694116743647,31.8868239634865));
#4609=CARTESIAN_POINT('Ctrl Pts',(16.6817465917035,29.8119298573498,32.6010526955939));
#4610=CARTESIAN_POINT('Ctrl Pts',(16.8642230425555,29.6247733352358,33.0145582463334));
#4611=CARTESIAN_POINT('Ctrl Pts',(17.1807927637421,29.0723176696285,33.9489786767063));
#4612=CARTESIAN_POINT('Ctrl Pts',(17.2712946620814,28.8071073393565,34.3223118316712));
#4613=CARTESIAN_POINT('Ctrl Pts',(17.4308930892385,28.3652003478905,34.9082528764934));
#4614=CARTESIAN_POINT('Ctrl Pts',(17.5093186512289,28.1673274670218,35.1475612076033));
#4615=CARTESIAN_POINT('Ctrl Pts',(17.6212048163738,27.98389734016,35.3602074477102));
#4616=CARTESIAN_POINT('',(24.0623002472606,30.1499999999999,31.2000000000001));
#4617=CARTESIAN_POINT('Ctrl Pts',(15.9376994547163,30.1499999999999,31.2000000000001));
#4618=CARTESIAN_POINT('Ctrl Pts',(18.6458997188978,30.1499999999999,31.2000000000001));
#4619=CARTESIAN_POINT('Ctrl Pts',(21.3540999830792,30.1499999999999,31.2000000000001));
#4620=CARTESIAN_POINT('Ctrl Pts',(24.0623002472606,30.1499999999999,31.2000000000001));
#4621=CARTESIAN_POINT('',(22.3787948856032,27.98389734016,35.3602074477102));
#4622=CARTESIAN_POINT('Ctrl Pts',(22.3787948856032,27.98389734016,35.3602074477102));
#4623=CARTESIAN_POINT('Ctrl Pts',(22.4845318456115,28.157246243156,35.1592481337773));
#4624=CARTESIAN_POINT('Ctrl Pts',(22.556699653839,28.3346720838655,34.9435669420903));
#4625=CARTESIAN_POINT('Ctrl Pts',(22.7429544222056,28.8413353079809,34.2836648652366));
#4626=CARTESIAN_POINT('Ctrl Pts',(22.9182309839814,29.4025874910768,33.5169456779238));
#4627=CARTESIAN_POINT('Ctrl Pts',(23.4361220372402,29.909341048151,32.3488136910372));
#4628=CARTESIAN_POINT('Ctrl Pts',(23.5680716245384,30.0062785712948,32.0775419402945));
#4629=CARTESIAN_POINT('Ctrl Pts',(23.818761195833,30.1187691228669,31.6080404360755));
#4630=CARTESIAN_POINT('Ctrl Pts',(23.9375450894455,30.1499999999999,31.3994819775277));
#4631=CARTESIAN_POINT('Ctrl Pts',(24.0623002472606,30.1499999999999,31.2000000000001));
#4632=CARTESIAN_POINT('',(22.3787948856032,22.1499999999999,39.2000000000001));
#4633=CARTESIAN_POINT('Ctrl Pts',(22.3787948856032,22.1499999999999,39.2000000000001));
#4634=CARTESIAN_POINT('Ctrl Pts',(22.3787948856032,22.4591257433578,39.2000000000001));
#4635=CARTESIAN_POINT('Ctrl Pts',(22.3787948856032,22.7865370716589,39.1253646324146));
#4636=CARTESIAN_POINT('Ctrl Pts',(22.3787948856032,23.7264165595783,38.817988498442));
#4637=CARTESIAN_POINT('Ctrl Pts',(22.3787948856032,24.4697113369368,38.4198221152391));
#4638=CARTESIAN_POINT('Ctrl Pts',(22.3787948856032,26.2206158294825,37.1795210957193));
#4639=CARTESIAN_POINT('Ctrl Pts',(22.3787948856032,27.1774329551769,36.2951226777261));
#4640=CARTESIAN_POINT('Ctrl Pts',(22.3787948856032,27.98389734016,35.3602074477102));
#4641=CARTESIAN_POINT('',(17.6212048163739,22.1499999999999,39.2000000000001));
#4642=CARTESIAN_POINT('Ctrl Pts',(22.3787948856032,22.1499999999999,39.2000000000001));
#4643=CARTESIAN_POINT('Ctrl Pts',(20.7929315291934,22.1499999999999,39.2000000000001));
#4644=CARTESIAN_POINT('Ctrl Pts',(19.2070681727836,22.1499999999999,39.2000000000001));
#4645=CARTESIAN_POINT('Ctrl Pts',(17.6212048163739,22.1499999999999,39.2000000000001));
#4646=CARTESIAN_POINT('Ctrl Pts',(17.6212048163738,27.98389734016,35.3602074477103));
#4647=CARTESIAN_POINT('Ctrl Pts',(17.6212048163738,27.0409279261668,36.4533697534453));
#4648=CARTESIAN_POINT('Ctrl Pts',(17.6212048163739,25.9121536539971,37.4539176642941));
#4649=CARTESIAN_POINT('Ctrl Pts',(17.6212048163739,24.3233518607912,38.4794025493156));
#4650=CARTESIAN_POINT('Ctrl Pts',(17.6212048163739,23.7781997948771,38.7779461606177));
#4651=CARTESIAN_POINT('Ctrl Pts',(17.6212048163739,22.9484996274736,39.0802239458563));
#4652=CARTESIAN_POINT('Ctrl Pts',(17.6212048163738,22.5408713163754,39.2000000000001));
#4653=CARTESIAN_POINT('Ctrl Pts',(17.6212048163738,22.1499999999999,39.2000000000001));
#4654=CARTESIAN_POINT('Ctrl Pts',(19.9999998509885,-3.85000000000006,36.5000005438924));
#4655=CARTESIAN_POINT('Ctrl Pts',(19.9999998509885,46.6499999999999,36.5000005438924));
#4656=CARTESIAN_POINT('Ctrl Pts',(19.8389591455322,-3.85000000000006,36.5000005438924));
#4657=CARTESIAN_POINT('Ctrl Pts',(19.8389591455322,46.6499999999999,36.5000005438924));
#4658=CARTESIAN_POINT('Ctrl Pts',(19.5307984304483,-3.85000000000006,36.4882751613267));
#4659=CARTESIAN_POINT('Ctrl Pts',(19.5307984304483,46.6499999999999,36.4882751613267));
#4660=CARTESIAN_POINT('Ctrl Pts',(19.110319480139,-3.85000000000006,36.4355122707663));
#4661=CARTESIAN_POINT('Ctrl Pts',(19.110319480139,46.6499999999999,36.4355122707663));
#4662=CARTESIAN_POINT('Ctrl Pts',(18.6328034937813,-3.85000000000006,36.2990573465546));
#4663=CARTESIAN_POINT('Ctrl Pts',(18.6328034937813,46.6499999999999,36.2990573465546));
#4664=CARTESIAN_POINT('Ctrl Pts',(18.1699817302504,-3.85000000000006,36.0411090030003));
#4665=CARTESIAN_POINT('Ctrl Pts',(18.1699817302504,46.6499999999999,36.0411090030003));
#4666=CARTESIAN_POINT('Ctrl Pts',(17.8313511514282,-3.85000000000006,35.7220779026361));
#4667=CARTESIAN_POINT('Ctrl Pts',(17.8313511514282,46.6499999999999,35.7220779026361));
#4668=CARTESIAN_POINT('Ctrl Pts',(17.5993872380818,-3.85000000000006,35.3636733627977));
#4669=CARTESIAN_POINT('Ctrl Pts',(17.5993872380818,46.6499999999999,35.3636733627977));
#4670=CARTESIAN_POINT('Ctrl Pts',(17.4458153353663,-3.85000000000006,34.9743221694654));
#4671=CARTESIAN_POINT('Ctrl Pts',(17.4458153353663,46.65,34.9743221694654));
#4672=CARTESIAN_POINT('Ctrl Pts',(17.3291374080496,-3.85000000000006,34.5420759899465));
#4673=CARTESIAN_POINT('Ctrl Pts',(17.3291374080496,46.65,34.5420759899465));
#4674=CARTESIAN_POINT('Ctrl Pts',(17.2042825139643,-3.85000000000006,34.0473228115129));
#4675=CARTESIAN_POINT('Ctrl Pts',(17.2042825139643,46.65,34.0473228115129));
#4676=CARTESIAN_POINT('Ctrl Pts',(17.0315286516962,-3.85000000000006,33.4744623198073));
#4677=CARTESIAN_POINT('Ctrl Pts',(17.0315286516962,46.65,33.4744623198073));
#4678=CARTESIAN_POINT('Ctrl Pts',(16.7851582693655,-3.85000000000006,32.8233737559416));
#4679=CARTESIAN_POINT('Ctrl Pts',(16.7851582693655,46.65,32.8233737559416));
#4680=CARTESIAN_POINT('Ctrl Pts',(16.4641365413953,-3.85000000000006,32.1235136085944));
#4681=CARTESIAN_POINT('Ctrl Pts',(16.4641365413953,46.65,32.1235136085944));
#4682=CARTESIAN_POINT('Ctrl Pts',(16.0984699278844,-3.85000000000006,31.4421407056361));
#4683=CARTESIAN_POINT('Ctrl Pts',(16.0984699278844,46.65,31.4421407056361));
#4684=CARTESIAN_POINT('Ctrl Pts',(15.7337306557701,-3.85000000000006,30.8631829806502));
#4685=CARTESIAN_POINT('Ctrl Pts',(15.7337306557701,46.6499999999999,30.8631829806502));
#4686=CARTESIAN_POINT('Ctrl Pts',(15.4821179205825,-3.85000000000006,30.5491775107383));
#4687=CARTESIAN_POINT('Ctrl Pts',(15.4821179205825,46.6499999999999,30.5491775107383));
#4688=CARTESIAN_POINT('Ctrl Pts',(15.3340099047473,-3.85000000000006,30.4271232209021));
#4689=CARTESIAN_POINT('Ctrl Pts',(15.3340099047473,46.6499999999999,30.4271232209021));
#4690=CARTESIAN_POINT('Ctrl Pts',(15.255705993483,-3.85000000000006,30.4000000000001));
#4691=CARTESIAN_POINT('Ctrl Pts',(15.255705993483,46.6499999999999,30.4000000000001));
#4692=CARTESIAN_POINT('Ctrl Pts',(15.2216626919978,-3.85000000000006,30.4000000000001));
#4693=CARTESIAN_POINT('Ctrl Pts',(15.2216626919978,46.6499999999999,30.4000000000001));
#4694=CARTESIAN_POINT('',(17.6212048163738,14.1499999999999,35.3602074477102));
#4695=CARTESIAN_POINT('Ctrl Pts',(17.6212048163738,27.98389734016,35.3602074477103));
#4696=CARTESIAN_POINT('Ctrl Pts',(17.6212048163738,25.78926489344,35.3602074477103));
#4697=CARTESIAN_POINT('Ctrl Pts',(17.6212048163738,23.59463244672,35.3602074477102));
#4698=CARTESIAN_POINT('Ctrl Pts',(17.6212048163738,18.9833333333333,35.3602074477102));
#4699=CARTESIAN_POINT('Ctrl Pts',(17.6212048163738,16.5666666666666,35.3602074477103));
#4700=CARTESIAN_POINT('Ctrl Pts',(17.6212048163739,14.15,35.3602074477103));
#4701=CARTESIAN_POINT('',(17.6212048390836,11.6499999999999,35.3602074908715));
#4702=CARTESIAN_POINT('Ctrl Pts',(17.6212048390836,11.6499999999999,35.3602074908715));
#4703=CARTESIAN_POINT('Ctrl Pts',(17.6212048390836,12.4833333333333,35.3602074908715));
#4704=CARTESIAN_POINT('Ctrl Pts',(17.6212048197383,13.3166666666666,35.3602074541045));
#4705=CARTESIAN_POINT('Ctrl Pts',(17.6212048163738,14.1499999999999,35.3602074477102));
#4706=CARTESIAN_POINT('',(19.9999998509885,11.6499999999999,36.5000005438924));
#4707=CARTESIAN_POINT('Ctrl Pts',(19.9999998509885,11.6499999999999,36.5000005438924));
#4708=CARTESIAN_POINT('Ctrl Pts',(19.2789222544477,11.6499999999999,36.5000005438924));
#4709=CARTESIAN_POINT('Ctrl Pts',(18.5098347337112,11.6499999999999,36.295692241153));
#4710=CARTESIAN_POINT('Ctrl Pts',(17.8976612041001,11.6499999999999,35.788681944324));
#4711=CARTESIAN_POINT('Ctrl Pts',(17.7052687787441,11.6499999999999,35.5199759456885));
#4712=CARTESIAN_POINT('Ctrl Pts',(17.6212048390836,11.6499999999999,35.3602074908715));
#4713=CARTESIAN_POINT('',(19.9999998509885,-3.85000000000006,36.5000005438924));
#4714=CARTESIAN_POINT('Ctrl Pts',(15.2216626919978,-1.85000000000005,30.4000000000001));
#4715=CARTESIAN_POINT('Ctrl Pts',(15.2221019255152,-1.85190055055456,30.4000000000001));
#4716=CARTESIAN_POINT('Ctrl Pts',(15.2225421270388,-1.85380087395815,30.4000027090658));
#4717=CARTESIAN_POINT('Ctrl Pts',(15.2786478237938,-2.09544472631968,30.4006915138148));
#4718=CARTESIAN_POINT('Ctrl Pts',(15.3492389614105,-2.32864059840605,30.4443453382468));
#4719=CARTESIAN_POINT('Ctrl Pts',(15.5205073710876,-2.77322160316716,30.6093365387908));
#4720=CARTESIAN_POINT('Ctrl Pts',(15.6208463746356,-2.97915489719884,30.7327112932602));
#4721=CARTESIAN_POINT('Ctrl Pts',(15.8656410058738,-3.37927880861885,31.0779174120048));
#4722=CARTESIAN_POINT('Ctrl Pts',(16.0133740438335,-3.55463973888602,31.3148717381013));
#4723=CARTESIAN_POINT('Ctrl Pts',(16.3061884835392,-3.78872549097956,31.8340834425301));
#4724=CARTESIAN_POINT('Ctrl Pts',(16.4505372377628,-3.85000000000267,32.1140012541985));
#4725=CARTESIAN_POINT('Ctrl Pts',(16.5840729737446,-3.85000000000006,32.4000000000184));
#4726=CARTESIAN_POINT('Ctrl Pts',(15.2216626919978,30.1499999999999,30.4000000000001));
#4727=CARTESIAN_POINT('Ctrl Pts',(15.2368186608658,30.1499999999999,30.4000000000001));
#4728=CARTESIAN_POINT('Ctrl Pts',(15.2519662451398,30.1499999999999,30.4032289631909));
#4729=CARTESIAN_POINT('Ctrl Pts',(15.2932043586958,30.1499999999999,30.417210710351));
#4730=CARTESIAN_POINT('Ctrl Pts',(15.319849976849,30.1499999999999,30.432977497192));
#4731=CARTESIAN_POINT('Ctrl Pts',(15.4039700698217,30.1499999999999,30.4920186473873));
#4732=CARTESIAN_POINT('Ctrl Pts',(15.4677919929372,30.1499999999999,30.5570709559865));
#4733=CARTESIAN_POINT('Ctrl Pts',(15.6482098475792,30.1499999999999,30.7633822135301));
#4734=CARTESIAN_POINT('Ctrl Pts',(15.790696447369,30.1499999999999,30.9649439821031));
#4735=CARTESIAN_POINT('Ctrl Pts',(15.9376994547163,30.1499999999999,31.2000000000001));
#4736=CARTESIAN_POINT('Origin',(17.6212048163738,19.1499999999999,35.3602074477102));
#4737=CARTESIAN_POINT('',(17.6212048163658,17.6203892569761,39.2000000000001));
#4738=CARTESIAN_POINT('',(17.6212048163739,19.1499999999999,39.2000000000001));
#4739=CARTESIAN_POINT('',(17.6212048163739,13.7477542633508,37.0106669994664));
#4740=CARTESIAN_POINT('Ctrl Pts',(17.6212048163739,17.6203892569698,39.2000000000001));
#4741=CARTESIAN_POINT('Ctrl Pts',(17.6212048163739,17.0647071650979,39.2000000000001));
#4742=CARTESIAN_POINT('Ctrl Pts',(17.621204816374,16.507074981627,39.0991759092265));
#4743=CARTESIAN_POINT('Ctrl Pts',(17.621204816374,15.4987332561859,38.7274550866681));
#4744=CARTESIAN_POINT('Ctrl Pts',(17.621204816374,15.0413078480088,38.4658888663905));
#4745=CARTESIAN_POINT('Ctrl Pts',(17.621204816374,14.2806333335421,37.8095307620369));
#4746=CARTESIAN_POINT('Ctrl Pts',(17.6212048163739,13.9761689884114,37.4340760202961));
#4747=CARTESIAN_POINT('Ctrl Pts',(17.6212048163739,13.7477542633509,37.0106669994665));
#4748=CARTESIAN_POINT('Ctrl Pts',(17.6212048163738,13.7477542633508,37.0106669994664));
#4749=CARTESIAN_POINT('Ctrl Pts',(17.6212048163738,13.6085742703599,36.7526710907711));
#4750=CARTESIAN_POINT('Ctrl Pts',(17.6212048163738,13.4379403775016,36.5116166624656));
#4751=CARTESIAN_POINT('Ctrl Pts',(17.6212048163738,13.0136995941607,36.0333986501846));
#4752=CARTESIAN_POINT('Ctrl Pts',(17.6212048163738,12.7622378011666,35.8183959509501));
#4753=CARTESIAN_POINT('Ctrl Pts',(17.6212048163738,12.3937139589554,35.578584239598));
#4754=CARTESIAN_POINT('Ctrl Pts',(17.6212048163739,12.2529298169188,35.5022191399116));
#4755=CARTESIAN_POINT('Ctrl Pts',(17.6212048163739,11.9449615576679,35.3870689122714));
#4756=CARTESIAN_POINT('Ctrl Pts',(17.6212048163738,11.7946193440517,35.3602074477102));
#4757=CARTESIAN_POINT('Ctrl Pts',(17.6212048163738,11.6499999999999,35.3602074477102));
#4758=CARTESIAN_POINT('Origin',(17.6212048163739,19.1499999999999,39.2000000000001));
#4759=CARTESIAN_POINT('',(22.3787948856465,17.6203892570038,39.2000000000001));
#4760=CARTESIAN_POINT('',(22.3787948856032,19.1499999999999,39.2000000000001));
#4761=CARTESIAN_POINT('',(19.9999998509885,16.9235183574553,39.2000000000001));
#4762=CARTESIAN_POINT('Ctrl Pts',(19.9999998509885,16.9235183574553,39.2000000000001));
#4763=CARTESIAN_POINT('Ctrl Pts',(20.1190608855961,16.9235183574553,39.2000000000001));
#4764=CARTESIAN_POINT('Ctrl Pts',(20.3586725511456,16.9307492600444,39.2000000000001));
#4765=CARTESIAN_POINT('Ctrl Pts',(20.7159976979046,16.9734590923241,39.2000000000001));
#4766=CARTESIAN_POINT('Ctrl Pts',(21.0639144774761,17.0593768434691,39.2000000000001));
#4767=CARTESIAN_POINT('Ctrl Pts',(21.3964594260159,17.1891334951778,39.2000000000002));
#4768=CARTESIAN_POINT('Ctrl Pts',(21.721870174265,17.3383123571629,39.2000000000001));
#4769=CARTESIAN_POINT('Ctrl Pts',(21.9530324327167,17.4424656156549,39.2000000000002));
#4770=CARTESIAN_POINT('Ctrl Pts',(22.0896489358,17.5013877522968,39.2000000000001));
#4771=CARTESIAN_POINT('Ctrl Pts',(22.1444163018345,17.524758494861,39.2000000000002));
#4772=CARTESIAN_POINT('Ctrl Pts',(22.2130517495567,17.5535673469296,39.2000000000001));
#4773=CARTESIAN_POINT('Ctrl Pts',(22.28195590242,17.5817852216646,39.2000000000001));
#4774=CARTESIAN_POINT('Ctrl Pts',(22.3303278904252,17.6012026033052,39.2000000000001));
#4775=CARTESIAN_POINT('Ctrl Pts',(22.3545496015054,17.610825185073,39.2000000000001));
#4776=CARTESIAN_POINT('Ctrl Pts',(22.3684006822848,17.6162987497805,39.2000000000001));
#4777=CARTESIAN_POINT('Ctrl Pts',(22.3753295787117,17.6190271691238,39.2000000000001));
#4778=CARTESIAN_POINT('Ctrl Pts',(22.3787948856523,17.6203892569891,39.2000000000001));
#4779=CARTESIAN_POINT('Ctrl Pts',(17.6212048163647,17.6203892569733,39.2000000000001));
#4780=CARTESIAN_POINT('Ctrl Pts',(17.7322200138533,17.5767531647148,39.2000000000001));
#4781=CARTESIAN_POINT('Ctrl Pts',(17.952222808237,17.4851803542019,39.2000000000001));
#4782=CARTESIAN_POINT('Ctrl Pts',(18.2782282410201,17.3382499271413,39.2000000000001));
#4783=CARTESIAN_POINT('Ctrl Pts',(18.6031442361025,17.1893671145691,39.2000000000001));
#4784=CARTESIAN_POINT('Ctrl Pts',(18.9360454260603,17.059344541744,39.2000000000001));
#4785=CARTESIAN_POINT('Ctrl Pts',(19.2860562001217,16.9730017319131,39.2000000000001));
#4786=CARTESIAN_POINT('Ctrl Pts',(19.6429769075649,16.9307090001806,39.2000000000001));
#4787=CARTESIAN_POINT('Ctrl Pts',(19.8808963402614,16.9235183574553,39.2000000000001));
#4788=CARTESIAN_POINT('Ctrl Pts',(19.9999998509885,16.9235183574553,39.2000000000001));
#4789=CARTESIAN_POINT('Ctrl Pts',(19.9999998509885,16.9235183574553,39.2000000000001));
#4790=CARTESIAN_POINT('Ctrl Pts',(19.8808963402614,16.9235183574553,39.2000000000001));
#4791=CARTESIAN_POINT('Ctrl Pts',(19.6429769075649,16.9307090001806,39.2000000000001));
#4792=CARTESIAN_POINT('Ctrl Pts',(19.2860562001217,16.9730017319131,39.2000000000001));
#4793=CARTESIAN_POINT('Ctrl Pts',(18.9360454260603,17.059344541744,39.2000000000001));
#4794=CARTESIAN_POINT('Ctrl Pts',(18.6031442361025,17.1893671145691,39.2000000000001));
#4795=CARTESIAN_POINT('Ctrl Pts',(18.2782282410201,17.3382499271413,39.2000000000001));
#4796=CARTESIAN_POINT('Ctrl Pts',(17.952222808237,17.4851803542019,39.2000000000001));
#4797=CARTESIAN_POINT('Ctrl Pts',(17.7322200138533,17.5767531647148,39.2000000000001));
#4798=CARTESIAN_POINT('Ctrl Pts',(17.6212048163647,17.6203892569733,39.2000000000001));
#4799=CARTESIAN_POINT('Ctrl Pts',(19.9999998509885,16.2024590708389,39.2000000000001));
#4800=CARTESIAN_POINT('Ctrl Pts',(19.866256123894,16.2024590708389,39.2000000000001));
#4801=CARTESIAN_POINT('Ctrl Pts',(19.5933418379577,16.2082178355486,39.1988813682222));
#4802=CARTESIAN_POINT('Ctrl Pts',(19.1589248733648,16.2380521075509,39.1984466003283));
#4803=CARTESIAN_POINT('Ctrl Pts',(18.6922333817269,16.292611936464,39.1981323621215));
#4804=CARTESIAN_POINT('Ctrl Pts',(18.2373183839651,16.3596632295498,39.1989712554139));
#4805=CARTESIAN_POINT('Ctrl Pts',(17.8634375735875,16.4411019189858,39.1996445529006));
#4806=CARTESIAN_POINT('Ctrl Pts',(17.5358162506446,16.5322353652225,39.200601615043));
#4807=CARTESIAN_POINT('Ctrl Pts',(17.3302618839752,16.5924569012316,39.1996861361603));
#4808=CARTESIAN_POINT('Ctrl Pts',(17.2285063727064,16.6213196102708,39.2000000000001));
#4809=CARTESIAN_POINT('Ctrl Pts',(19.9999998509885,14.9424056811644,38.8498629444703));
#4810=CARTESIAN_POINT('Ctrl Pts',(19.8406989711876,14.9424056811644,38.8498629444703));
#4811=CARTESIAN_POINT('Ctrl Pts',(19.5060898587652,14.9444334188138,38.8472934929294));
#4812=CARTESIAN_POINT('Ctrl Pts',(18.9361206310177,14.9521892100441,38.8263307599229));
#4813=CARTESIAN_POINT('Ctrl Pts',(18.2655752088125,14.9513779285962,38.7654357818904));
#4814=CARTESIAN_POINT('Ctrl Pts',(17.5989611102717,14.9110238194339,38.6413512995949));
#4815=CARTESIAN_POINT('Ctrl Pts',(17.1413395465687,14.8779905777608,38.5285440395701));
#4816=CARTESIAN_POINT('Ctrl Pts',(16.8121670603584,14.8751679504821,38.4535679240708));
#4817=CARTESIAN_POINT('Ctrl Pts',(16.6315299728859,14.8810753608765,38.4169671527085));
#4818=CARTESIAN_POINT('Ctrl Pts',(16.5460971229902,14.885192617586,38.4009374375143));
#4819=CARTESIAN_POINT('Ctrl Pts',(19.9999998509885,13.9944331007121,37.9772141098706));
#4820=CARTESIAN_POINT('Ctrl Pts',(19.8214533433091,13.9944331007121,37.9772141098706));
#4821=CARTESIAN_POINT('Ctrl Pts',(19.4407075464579,13.9966915006794,37.9683893784023));
#4822=CARTESIAN_POINT('Ctrl Pts',(18.7716679312095,14.0062443881433,37.9006673785342));
#4823=CARTESIAN_POINT('Ctrl Pts',(17.9641615140342,14.0172421878944,37.7048081166933));
#4824=CARTESIAN_POINT('Ctrl Pts',(17.2007357454566,14.0151288523661,37.3230171897191));
#4825=CARTESIAN_POINT('Ctrl Pts',(16.7455441640638,14.0209083680818,36.9946089667535));
#4826=CARTESIAN_POINT('Ctrl Pts',(16.4482135730311,14.0414605173747,36.7838628513561));
#4827=CARTESIAN_POINT('Ctrl Pts',(16.2958624186557,14.0585022489038,36.6828936003672));
#4828=CARTESIAN_POINT('Ctrl Pts',(16.2245167195069,14.0670553795021,36.639193816962));
#4829=CARTESIAN_POINT('Ctrl Pts',(19.9999998509885,13.6782762913289,37.5384618731646));
#4830=CARTESIAN_POINT('Ctrl Pts',(19.8150445017145,13.6782762913289,37.5384618731646));
#4831=CARTESIAN_POINT('Ctrl Pts',(19.4187367532442,13.6810419231465,37.5265554748413));
#4832=CARTESIAN_POINT('Ctrl Pts',(18.7175577264832,13.6973083584281,37.4376083070146));
#4833=CARTESIAN_POINT('Ctrl Pts',(17.8700760964803,13.73051713144,37.1809250961232));
#4834=CARTESIAN_POINT('Ctrl Pts',(17.0953632427153,13.7805258132958,36.6906353762787));
#4835=CARTESIAN_POINT('Ctrl Pts',(16.6613566656031,13.8377884335158,36.2798031680608));
#4836=CARTESIAN_POINT('Ctrl Pts',(16.384220820895,13.8943001362315,36.0206133917095));
#4837=CARTESIAN_POINT('Ctrl Pts',(16.2433758015566,13.9295204479672,35.8975357764181));
#4838=CARTESIAN_POINT('Ctrl Pts',(16.1770535105135,13.9463035603743,35.8446094165112));
#4839=CARTESIAN_POINT('',(19.9999998509885,13.6782762913289,37.5384618731646));
#4840=CARTESIAN_POINT('Origin',(19.9999998509885,16.9235183574553,35.2000000000001));
#4841=CARTESIAN_POINT('Ctrl Pts',(19.9999998509885,13.6782762913289,37.5384618731646));
#4842=CARTESIAN_POINT('Ctrl Pts',(19.8150445017145,13.6782762913289,37.5384618731646));
#4843=CARTESIAN_POINT('Ctrl Pts',(19.4187367532442,13.6810419231465,37.5265554748413));
#4844=CARTESIAN_POINT('Ctrl Pts',(18.7175577264832,13.6973083584281,37.4376083070146));
#4845=CARTESIAN_POINT('Ctrl Pts',(18.0597598145095,13.7230843289897,37.2383760473579));
#4846=CARTESIAN_POINT('Ctrl Pts',(17.7058621089975,13.7427327236232,37.0559850274445));
#4847=CARTESIAN_POINT('Ctrl Pts',(17.6212382593187,13.7478374436012,37.0085287644069));
#4848=CARTESIAN_POINT('Ctrl Pts',(19.9999998509885,13.6782762913289,37.5384618731646));
#4849=CARTESIAN_POINT('Ctrl Pts',(20.1848892392775,13.6782762913289,37.5384618731646));
#4850=CARTESIAN_POINT('Ctrl Pts',(20.5839442773842,13.6810574077093,37.5264665334156));
#4851=CARTESIAN_POINT('Ctrl Pts',(21.2859615598947,13.6974842662785,37.4357394254757));
#4852=CARTESIAN_POINT('Ctrl Pts',(22.1303174062674,13.7305295551804,37.1806075703713));
#4853=CARTESIAN_POINT('Ctrl Pts',(22.902564926155,13.7804359596837,36.6914881293232));
#4854=CARTESIAN_POINT('Ctrl Pts',(23.3386623328443,13.8378124450626,36.2787368853855));
#4855=CARTESIAN_POINT('Ctrl Pts',(23.5344658378825,13.8778713906365,36.0959395884428));
#4856=CARTESIAN_POINT('Ctrl Pts',(23.6346476303402,13.9005337508833,36.0047941158187));
#4857=CARTESIAN_POINT('Ctrl Pts',(23.6734676234318,13.9095224980234,35.9703276286128));
#4858=CARTESIAN_POINT('Ctrl Pts',(23.719811686793,13.9206028257421,35.9298328276422));
#4859=CARTESIAN_POINT('Ctrl Pts',(23.7638451251619,13.9314558544864,35.8927044718764));
#4860=CARTESIAN_POINT('Ctrl Pts',(23.7936904578735,13.9389240781943,35.8681870312043));
#4861=CARTESIAN_POINT('Ctrl Pts',(23.8083872358127,13.9426250711819,35.8562856688559));
#4862=CARTESIAN_POINT('Ctrl Pts',(23.8167270143803,13.9447302883771,35.849581923927));
#4863=CARTESIAN_POINT('Ctrl Pts',(23.8208759605582,13.9457796804322,35.8462614973464));
#4864=CARTESIAN_POINT('Ctrl Pts',(23.8229461914875,13.9463035603804,35.844609416492));
#4865=CARTESIAN_POINT('Ctrl Pts',(19.9999998509885,14.0998187038398,38.1234648554392));
#4866=CARTESIAN_POINT('Ctrl Pts',(20.1763627898825,14.0998187038398,38.1234648554392));
#4867=CARTESIAN_POINT('Ctrl Pts',(20.5539991448533,14.1031112179486,38.1145837936583));
#4868=CARTESIAN_POINT('Ctrl Pts',(21.2131285103275,14.1108667435487,38.0522117878984));
#4869=CARTESIAN_POINT('Ctrl Pts',(22.0037228254244,14.1154105641621,37.8773417848438));
#4870=CARTESIAN_POINT('Ctrl Pts',(22.7616462521051,14.0952580095332,37.5332468828459));
#4871=CARTESIAN_POINT('Ctrl Pts',(23.2263045833046,14.08313821284,37.231518441017));
#4872=CARTESIAN_POINT('Ctrl Pts',(23.441274140077,14.0889826149878,37.0945817403845));
#4873=CARTESIAN_POINT('Ctrl Pts',(23.5518706327918,14.0940331244125,37.025788790922));
#4874=CARTESIAN_POINT('Ctrl Pts',(23.5947298636315,14.0961786755267,36.9997590665026));
#4875=CARTESIAN_POINT('Ctrl Pts',(23.645918269055,14.0992069679248,36.9690341647732));
#4876=CARTESIAN_POINT('Ctrl Pts',(23.6945160287758,14.1025038720477,36.9407640851624));
#4877=CARTESIAN_POINT('Ctrl Pts',(23.7274283654434,14.104883434628,36.9220626396702));
#4878=CARTESIAN_POINT('Ctrl Pts',(23.7436240567148,14.1060928456415,36.9129744056583));
#4879=CARTESIAN_POINT('Ctrl Pts',(23.7528123282062,14.1067837886556,36.9078549290899));
#4880=CARTESIAN_POINT('Ctrl Pts',(23.7573818692761,14.1071323990166,36.9053174720057));
#4881=CARTESIAN_POINT('Ctrl Pts',(23.759661912832,14.1073059858801,36.9040552837643));
#4882=CARTESIAN_POINT('Ctrl Pts',(19.9999998509885,15.1205388719502,38.9410584556084));
#4883=CARTESIAN_POINT('Ctrl Pts',(20.1556298818543,15.1205388719502,38.9410584556084));
#4884=CARTESIAN_POINT('Ctrl Pts',(20.4838976977765,15.122891097805,38.9392494533758));
#4885=CARTESIAN_POINT('Ctrl Pts',(21.0357765306151,15.1332462715867,38.9236380632302));
#4886=CARTESIAN_POINT('Ctrl Pts',(21.6747316089685,15.1396205277463,38.8796096575907));
#4887=CARTESIAN_POINT('Ctrl Pts',(22.310836271711,15.112551249679,38.7896867812783));
#4888=CARTESIAN_POINT('Ctrl Pts',(22.7595207910993,15.0929934106062,38.7079361192529));
#4889=CARTESIAN_POINT('Ctrl Pts',(22.9927801702267,15.0990791323437,38.6698810316886));
#4890=CARTESIAN_POINT('Ctrl Pts',(23.1178746873357,15.1048028057604,38.650659975017));
#4891=CARTESIAN_POINT('Ctrl Pts',(23.1667641897165,15.1074356802971,38.6433407684936));
#4892=CARTESIAN_POINT('Ctrl Pts',(23.226091862965,15.1110344816369,38.6347062326153));
#4893=CARTESIAN_POINT('Ctrl Pts',(23.2833580166787,15.1150531328862,38.6267255821179));
#4894=CARTESIAN_POINT('Ctrl Pts',(23.3225500654235,15.1180154784317,38.6214258055373));
#4895=CARTESIAN_POINT('Ctrl Pts',(23.3419355573802,15.1195301297379,38.6188461317867));
#4896=CARTESIAN_POINT('Ctrl Pts',(23.3529566434546,15.1204048688479,38.6173905560873));
#4897=CARTESIAN_POINT('Ctrl Pts',(23.3584482226327,15.1208444291571,38.6166691793137));
#4898=CARTESIAN_POINT('Ctrl Pts',(23.3611895579259,15.1210651216016,38.616309958422));
#4899=CARTESIAN_POINT('Ctrl Pts',(19.9999998509885,16.382723892493,39.2000000000001));
#4900=CARTESIAN_POINT('Ctrl Pts',(20.1300259987277,16.382723892493,39.2000000000001));
#4901=CARTESIAN_POINT('Ctrl Pts',(20.3963266728288,16.3882796047059,39.1996250180547));
#4902=CARTESIAN_POINT('Ctrl Pts',(20.8120409443249,16.4211982162645,39.1994476392543));
#4903=CARTESIAN_POINT('Ctrl Pts',(21.247295260219,16.4831592842694,39.199203395161));
#4904=CARTESIAN_POINT('Ctrl Pts',(21.6707599618215,16.5660860196864,39.1994123654433));
#4905=CARTESIAN_POINT('Ctrl Pts',(22.0330309827878,16.6648589131937,39.1996205926858));
#4906=CARTESIAN_POINT('Ctrl Pts',(22.2647811668973,16.7397277588758,39.1997670503153));
#4907=CARTESIAN_POINT('Ctrl Pts',(22.3979339638112,16.7827516272041,39.1998241346082));
#4908=CARTESIAN_POINT('Ctrl Pts',(22.4509298044797,16.7999394423402,39.1998721662267));
#4909=CARTESIAN_POINT('Ctrl Pts',(22.5167715531117,16.8212161449427,39.1999024269617));
#4910=CARTESIAN_POINT('Ctrl Pts',(22.5821838885029,16.8422068236351,39.1999366007207));
#4911=CARTESIAN_POINT('Ctrl Pts',(22.6278010313558,16.8567137421421,39.199966678639));
#4912=CARTESIAN_POINT('Ctrl Pts',(22.6505715324181,16.8639172276536,39.199982276688));
#4913=CARTESIAN_POINT('Ctrl Pts',(22.663573148274,16.8680194952972,39.1999925645295));
#4914=CARTESIAN_POINT('Ctrl Pts',(22.6700707287163,16.8700652116601,39.1999973266071));
#4915=CARTESIAN_POINT('Ctrl Pts',(22.6733187183935,16.8710870219582,39.2000000000001));
#4916=CARTESIAN_POINT('Ctrl Pts',(19.9999998509885,16.9235183574553,39.2000000000001));
#4917=CARTESIAN_POINT('Ctrl Pts',(20.1190608855961,16.9235183574553,39.2000000000001));
#4918=CARTESIAN_POINT('Ctrl Pts',(20.3586725511456,16.9307492600444,39.2000000000001));
#4919=CARTESIAN_POINT('Ctrl Pts',(20.7159976979046,16.9734590923241,39.2000000000001));
#4920=CARTESIAN_POINT('Ctrl Pts',(21.0639144774761,17.0593768434691,39.2000000000001));
#4921=CARTESIAN_POINT('Ctrl Pts',(21.3964594260159,17.1891334951778,39.2000000000002));
#4922=CARTESIAN_POINT('Ctrl Pts',(21.721870174265,17.3383123571629,39.2000000000001));
#4923=CARTESIAN_POINT('Ctrl Pts',(21.9530324327167,17.4424656156549,39.2000000000002));
#4924=CARTESIAN_POINT('Ctrl Pts',(22.0896489358,17.5013877522968,39.2000000000001));
#4925=CARTESIAN_POINT('Ctrl Pts',(22.1444163018345,17.524758494861,39.2000000000002));
#4926=CARTESIAN_POINT('Ctrl Pts',(22.2130517495567,17.5535673469296,39.2000000000001));
#4927=CARTESIAN_POINT('Ctrl Pts',(22.28195590242,17.5817852216646,39.2000000000001));
#4928=CARTESIAN_POINT('Ctrl Pts',(22.3303278904252,17.6012026033052,39.2000000000001));
#4929=CARTESIAN_POINT('Ctrl Pts',(22.3545496015054,17.610825185073,39.2000000000001));
#4930=CARTESIAN_POINT('Ctrl Pts',(22.3684006822848,17.6162987497805,39.2000000000001));
#4931=CARTESIAN_POINT('Ctrl Pts',(22.3753295787117,17.6190271691238,39.2000000000001));
#4932=CARTESIAN_POINT('Ctrl Pts',(22.3787948856523,17.6203892569891,39.2000000000001));
#4933=CARTESIAN_POINT('',(22.3787948856033,13.7477542633508,37.0106669994662));
#4934=CARTESIAN_POINT('Ctrl Pts',(22.3787948856033,13.7477542633508,37.0106669994663));
#4935=CARTESIAN_POINT('Ctrl Pts',(22.3787948856033,13.9865792800852,37.4533734250626));
#4936=CARTESIAN_POINT('Ctrl Pts',(22.3787948856032,14.3083373894042,37.8433498968753));
#4937=CARTESIAN_POINT('Ctrl Pts',(22.3787948856032,15.0673637271492,38.4774875051511));
#4938=CARTESIAN_POINT('Ctrl Pts',(22.378794885603,15.4915531474764,38.7193638379961));
#4939=CARTESIAN_POINT('Ctrl Pts',(22.378794885603,16.4754891555453,39.0933836539999));
#4940=CARTESIAN_POINT('Ctrl Pts',(22.3787948856032,17.049080789335,39.2000000000001));
#4941=CARTESIAN_POINT('Ctrl Pts',(22.3787948856032,17.6203892569698,39.2000000000001));
#4942=CARTESIAN_POINT('Ctrl Pts',(22.3787566640331,13.7478418317431,37.0083611940803));
#4943=CARTESIAN_POINT('Ctrl Pts',(22.2942830729765,13.7427407910855,37.0557704187799));
#4944=CARTESIAN_POINT('Ctrl Pts',(21.9414615927613,13.7231383646712,37.2376725320863));
#4945=CARTESIAN_POINT('Ctrl Pts',(21.2859615598947,13.6974842662785,37.4357394254757));
#4946=CARTESIAN_POINT('Ctrl Pts',(20.5839442773842,13.6810574077093,37.5264665334156));
#4947=CARTESIAN_POINT('Ctrl Pts',(20.1848892392775,13.6782762913289,37.5384618731646));
#4948=CARTESIAN_POINT('Ctrl Pts',(19.9999998509885,13.6782762913289,37.5384618731646));
#4949=CARTESIAN_POINT('Origin',(22.3787948856032,19.1499999999999,39.2000000000001));
#4950=CARTESIAN_POINT('',(22.3787948856032,14.1499999999999,35.3602074477102));
#4951=CARTESIAN_POINT('Ctrl Pts',(22.3787948856032,14.1499999999999,35.3602074477102));
#4952=CARTESIAN_POINT('Ctrl Pts',(22.3787948856032,16.5666666666666,35.3602074477102));
#4953=CARTESIAN_POINT('Ctrl Pts',(22.3787948856032,18.9833333333333,35.3602074477102));
#4954=CARTESIAN_POINT('Ctrl Pts',(22.3787948856032,23.59463244672,35.3602074477102));
#4955=CARTESIAN_POINT('Ctrl Pts',(22.3787948856032,25.78926489344,35.3602074477102));
#4956=CARTESIAN_POINT('Ctrl Pts',(22.3787948856032,27.98389734016,35.3602074477102));
#4957=CARTESIAN_POINT('',(22.3787948855645,11.6499999999999,35.3602074477837));
#4958=CARTESIAN_POINT('Ctrl Pts',(22.3787948856032,14.1499999999999,35.3602074477102));
#4959=CARTESIAN_POINT('Ctrl Pts',(22.3787948856032,13.3166666666666,35.3602074477102));
#4960=CARTESIAN_POINT('Ctrl Pts',(22.3787948855645,12.4833333333333,35.3602074477837));
#4961=CARTESIAN_POINT('Ctrl Pts',(22.3787948855645,11.6499999999999,35.3602074477837));
#4962=CARTESIAN_POINT('Ctrl Pts',(22.3787948856032,11.6499999999999,35.3602074477102));
#4963=CARTESIAN_POINT('Ctrl Pts',(22.3787948856032,11.8044054976218,35.3602074477102));
#4964=CARTESIAN_POINT('Ctrl Pts',(22.3787948856032,11.9526318048643,35.3911036949857));
#4965=CARTESIAN_POINT('Ctrl Pts',(22.3787948856032,12.2790686256977,35.5106130061818));
#4966=CARTESIAN_POINT('Ctrl Pts',(22.3787948856032,12.4640931333834,35.6147450225943));
#4967=CARTESIAN_POINT('Ctrl Pts',(22.3787948856032,12.9403418074979,35.961664608517));
#4968=CARTESIAN_POINT('Ctrl Pts',(22.3787948856032,13.2612444124713,36.2686482713255));
#4969=CARTESIAN_POINT('Ctrl Pts',(22.3787948856032,13.6102851043726,36.772374421479));
#4970=CARTESIAN_POINT('Ctrl Pts',(22.3787948856033,13.6824919091853,36.8896911321401));
#4971=CARTESIAN_POINT('Ctrl Pts',(22.3787948856033,13.7477542633508,37.0106669994661));
#4972=CARTESIAN_POINT('Ctrl Pts',(16.6122774296877,13.7477542633508,35.8910657226989));
#4973=CARTESIAN_POINT('Ctrl Pts',(16.7413867127601,13.7477542633508,36.1364455118148));
#4974=CARTESIAN_POINT('Ctrl Pts',(17.0533428097401,13.7477542633508,36.5764387080677));
#4975=CARTESIAN_POINT('Ctrl Pts',(18.0433563361374,13.7477542633508,37.3880325934797));
#4976=CARTESIAN_POINT('Ctrl Pts',(19.1302510838941,13.7477542633508,37.6400641297196));
#4977=CARTESIAN_POINT('Ctrl Pts',(19.9999998509885,13.7477542633508,37.6400641297196));
#4978=CARTESIAN_POINT('Ctrl Pts',(17.2283928281356,13.2964232086491,35.5668898088224));
#4979=CARTESIAN_POINT('Ctrl Pts',(17.3297530320064,13.2964232086491,35.7595308401929));
#4980=CARTESIAN_POINT('Ctrl Pts',(17.5695970604491,13.2964232086491,36.0950048424061));
#4981=CARTESIAN_POINT('Ctrl Pts',(18.3268840597329,13.2964232086491,36.7190404558535));
#4982=CARTESIAN_POINT('Ctrl Pts',(19.2218363237297,13.2964232086491,36.9438686059318));
#4983=CARTESIAN_POINT('Ctrl Pts',(19.9999998509885,13.2964232086491,36.9438686059318));
#4984=CARTESIAN_POINT('Ctrl Pts',(17.6212048163738,12.479691465715,35.3602074477103));
#4985=CARTESIAN_POINT('Ctrl Pts',(17.7050047685334,12.479691465715,35.5194741874791));
#4986=CARTESIAN_POINT('Ctrl Pts',(17.898382163829,12.479691465715,35.788267296045));
#4987=CARTESIAN_POINT('Ctrl Pts',(18.50837692171,12.479691465715,36.2935723449915));
#4988=CARTESIAN_POINT('Ctrl Pts',(19.2797935572967,12.479691465715,36.5000005438924));
#4989=CARTESIAN_POINT('Ctrl Pts',(19.9999998509885,12.479691465715,36.5000005438924));
#4990=CARTESIAN_POINT('Ctrl Pts',(17.6212048163738,11.6499999999999,35.3602074477103));
#4991=CARTESIAN_POINT('Ctrl Pts',(17.7052687614192,11.6499999999999,35.5199759214917));
#4992=CARTESIAN_POINT('Ctrl Pts',(17.8976611922874,11.6499999999999,35.7886819345406));
#4993=CARTESIAN_POINT('Ctrl Pts',(18.5098347337112,11.6499999999999,36.295692241153));
#4994=CARTESIAN_POINT('Ctrl Pts',(19.2789222544477,11.6499999999999,36.5000005438924));
#4995=CARTESIAN_POINT('Ctrl Pts',(19.9999998509885,11.6499999999999,36.5000005438924));
#4996=CARTESIAN_POINT('Origin',(19.9999998509885,11.6499999999999,39.0000005438924));
#4997=CARTESIAN_POINT('Ctrl Pts',(19.9999998509885,13.7477542633508,37.6400641297196));
#4998=CARTESIAN_POINT('Ctrl Pts',(20.6523114263143,13.7477542633508,37.6400641297196));
#4999=CARTESIAN_POINT('Ctrl Pts',(21.6636227943906,13.7477542633508,37.4735773970051));
#5000=CARTESIAN_POINT('Ctrl Pts',(22.7728679309188,13.7477542633508,36.7874864689107));
#5001=CARTESIAN_POINT('Ctrl Pts',(23.215576561526,13.7477542633508,36.2182387748534));
#5002=CARTESIAN_POINT('Ctrl Pts',(23.3877222722893,13.7477542633508,35.8910657226988));
#5003=CARTESIAN_POINT('Ctrl Pts',(19.9999998509885,13.2964232086491,36.9438686059317));
#5004=CARTESIAN_POINT('Ctrl Pts',(20.5836224964402,13.2964232086491,36.9438686059317));
#5005=CARTESIAN_POINT('Ctrl Pts',(21.4381863130344,13.2964232086491,36.7934537338083));
#5006=CARTESIAN_POINT('Ctrl Pts',(22.2997529449525,13.2964232086491,36.2542771391056));
#5007=CARTESIAN_POINT('Ctrl Pts',(22.6364599353468,13.2964232086491,35.8237445173166));
#5008=CARTESIAN_POINT('Ctrl Pts',(22.7716068738414,13.2964232086491,35.5668898088224));
#5009=CARTESIAN_POINT('Ctrl Pts',(19.9999998509885,12.479691465715,36.5000005438924));
#5010=CARTESIAN_POINT('Ctrl Pts',(20.5401545712666,12.479691465715,36.5000005438924));
#5011=CARTESIAN_POINT('Ctrl Pts',(21.2938153781719,12.479691465715,36.3607546536793));
#5012=CARTESIAN_POINT('Ctrl Pts',(21.998507817759,12.479691465715,35.9146403761457));
#5013=CARTESIAN_POINT('Ctrl Pts',(22.267061616057,12.479691465715,35.5725631007356));
#5014=CARTESIAN_POINT('Ctrl Pts',(22.3787948856032,12.479691465715,35.3602074477102));
#5015=CARTESIAN_POINT('Ctrl Pts',(19.9999998509885,11.6499999999999,36.5000005438924));
#5016=CARTESIAN_POINT('Ctrl Pts',(20.5408080484033,11.6499999999999,36.5000005438924));
#5017=CARTESIAN_POINT('Ctrl Pts',(21.2925284623235,11.6499999999999,36.3626057177827));
#5018=CARTESIAN_POINT('Ctrl Pts',(21.9993010613372,11.6499999999999,35.9152775645738));
#5019=CARTESIAN_POINT('Ctrl Pts',(22.2667096255425,11.6499999999999,35.573232079419));
#5020=CARTESIAN_POINT('Ctrl Pts',(22.3787948856032,11.6499999999999,35.3602074477102));
#5021=CARTESIAN_POINT('Ctrl Pts',(22.3787948856032,11.6499999999999,35.3602074477102));
#5022=CARTESIAN_POINT('Ctrl Pts',(22.2667096255425,11.6499999999999,35.573232079419));
#5023=CARTESIAN_POINT('Ctrl Pts',(21.9993010613372,11.6499999999999,35.9152775645738));
#5024=CARTESIAN_POINT('Ctrl Pts',(21.2925284623235,11.6499999999999,36.3626057177827));
#5025=CARTESIAN_POINT('Ctrl Pts',(20.5408080484033,11.6499999999999,36.5000005438924));
#5026=CARTESIAN_POINT('Ctrl Pts',(19.9999998509885,11.6499999999999,36.5000005438924));
#5027=CARTESIAN_POINT('Ctrl Pts',(24.7783370099792,-3.85000000000006,30.4000000000001));
#5028=CARTESIAN_POINT('Ctrl Pts',(24.7783370099792,46.6499999999999,30.4000000000001));
#5029=CARTESIAN_POINT('Ctrl Pts',(24.744293708494,-3.85000000000006,30.4000000000001));
#5030=CARTESIAN_POINT('Ctrl Pts',(24.744293708494,46.6499999999999,30.4000000000001));
#5031=CARTESIAN_POINT('Ctrl Pts',(24.6659897972296,-3.85000000000006,30.4271232209021));
#5032=CARTESIAN_POINT('Ctrl Pts',(24.6659897972296,46.6499999999999,30.4271232209021));
#5033=CARTESIAN_POINT('Ctrl Pts',(24.5178817813945,-3.85000000000006,30.5491775107383));
#5034=CARTESIAN_POINT('Ctrl Pts',(24.5178817813945,46.65,30.5491775107383));
#5035=CARTESIAN_POINT('Ctrl Pts',(24.2662690462069,-3.85000000000006,30.8631829806502));
#5036=CARTESIAN_POINT('Ctrl Pts',(24.2662690462069,46.65,30.8631829806502));
#5037=CARTESIAN_POINT('Ctrl Pts',(23.9015297740926,-3.85000000000006,31.4421407056361));
#5038=CARTESIAN_POINT('Ctrl Pts',(23.9015297740926,46.65,31.4421407056361));
#5039=CARTESIAN_POINT('Ctrl Pts',(23.5358631605817,-3.85000000000006,32.1235136085944));
#5040=CARTESIAN_POINT('Ctrl Pts',(23.5358631605817,46.65,32.1235136085944));
#5041=CARTESIAN_POINT('Ctrl Pts',(23.2148414326115,-3.85000000000006,32.8233737559416));
#5042=CARTESIAN_POINT('Ctrl Pts',(23.2148414326115,46.65,32.8233737559416));
#5043=CARTESIAN_POINT('Ctrl Pts',(22.9684710502807,-3.85000000000006,33.4744623198073));
#5044=CARTESIAN_POINT('Ctrl Pts',(22.9684710502807,46.65,33.4744623198073));
#5045=CARTESIAN_POINT('Ctrl Pts',(22.7957171880127,-3.85000000000006,34.0473228115129));
#5046=CARTESIAN_POINT('Ctrl Pts',(22.7957171880127,46.65,34.0473228115129));
#5047=CARTESIAN_POINT('Ctrl Pts',(22.6708622939274,-3.85000000000006,34.5420759899465));
#5048=CARTESIAN_POINT('Ctrl Pts',(22.6708622939274,46.65,34.5420759899465));
#5049=CARTESIAN_POINT('Ctrl Pts',(22.5541843666107,-3.85000000000006,34.9743221694654));
#5050=CARTESIAN_POINT('Ctrl Pts',(22.5541843666107,46.65,34.9743221694654));
#5051=CARTESIAN_POINT('Ctrl Pts',(22.4006124638952,-3.85000000000006,35.3636733627977));
#5052=CARTESIAN_POINT('Ctrl Pts',(22.4006124638952,46.65,35.3636733627977));
#5053=CARTESIAN_POINT('Ctrl Pts',(22.1686485505488,-3.85000000000006,35.722077902636));
#5054=CARTESIAN_POINT('Ctrl Pts',(22.1686485505488,46.6499999999999,35.722077902636));
#5055=CARTESIAN_POINT('Ctrl Pts',(21.8300179717266,-3.85000000000006,36.0411090030003));
#5056=CARTESIAN_POINT('Ctrl Pts',(21.8300179717266,46.6499999999999,36.0411090030003));
#5057=CARTESIAN_POINT('Ctrl Pts',(21.3671962081957,-3.85000000000006,36.2990573465546));
#5058=CARTESIAN_POINT('Ctrl Pts',(21.3671962081957,46.6499999999999,36.2990573465546));
#5059=CARTESIAN_POINT('Ctrl Pts',(20.8896802218381,-3.85000000000006,36.4355122707663));
#5060=CARTESIAN_POINT('Ctrl Pts',(20.8896802218381,46.6499999999999,36.4355122707663));
#5061=CARTESIAN_POINT('Ctrl Pts',(20.4692012715288,-3.85000000000006,36.4882751613267));
#5062=CARTESIAN_POINT('Ctrl Pts',(20.4692012715288,46.6499999999999,36.4882751613267));
#5063=CARTESIAN_POINT('Ctrl Pts',(20.1610405564448,-3.85000000000006,36.5000005438924));
#5064=CARTESIAN_POINT('Ctrl Pts',(20.1610405564448,46.6499999999999,36.5000005438924));
#5065=CARTESIAN_POINT('Ctrl Pts',(19.9999998509885,-3.85000000000006,36.5000005438924));
#5066=CARTESIAN_POINT('Ctrl Pts',(19.9999998509885,46.6499999999999,36.5000005438924));
#5067=CARTESIAN_POINT('Ctrl Pts',(24.0623002472606,30.1499999999999,31.2000000000001));
#5068=CARTESIAN_POINT('Ctrl Pts',(24.1363244796685,30.1499999999999,31.0816361541737));
#5069=CARTESIAN_POINT('Ctrl Pts',(24.2084911096378,30.15,30.9729372093449));
#5070=CARTESIAN_POINT('Ctrl Pts',(24.3590559408671,30.15,30.7616247555961));
#5071=CARTESIAN_POINT('Ctrl Pts',(24.4657857897948,30.15,30.6223987602044));
#5072=CARTESIAN_POINT('Ctrl Pts',(24.6020225621938,30.15,30.4913456065901));
#5073=CARTESIAN_POINT('Ctrl Pts',(24.6431958014851,30.15,30.4558876885698));
#5074=CARTESIAN_POINT('Ctrl Pts',(24.7000467455219,30.15,30.4221597884952));
#5075=CARTESIAN_POINT('Ctrl Pts',(24.7170106979174,30.15,30.4136833697016));
#5076=CARTESIAN_POINT('Ctrl Pts',(24.7484571479238,30.15,30.4031396581156));
#5077=CARTESIAN_POINT('Ctrl Pts',(24.7633917839599,30.1499999999999,30.4000000000001));
#5078=CARTESIAN_POINT('Ctrl Pts',(24.7783370099792,30.1499999999999,30.4000000000001));
#5079=CARTESIAN_POINT('Origin',(19.9999998509885,30.1499999999999,33.4500002719462));
#5080=CARTESIAN_POINT('Origin',(5.99999999999996,-1.85000000000005,32.4));
#5081=CARTESIAN_POINT('Origin',(24.9500001490116,-3.85000000000006,-14.1));
#5082=CARTESIAN_POINT('',(23.5500001490116,21.1499999999999,-14.1));
#5083=CARTESIAN_POINT('',(23.5500001490116,-3.85000000000006,-14.1));
#5084=CARTESIAN_POINT('Origin',(24.9500001490116,21.1499999999999,-14.1));
#5085=CARTESIAN_POINT('Origin',(24.9500001490116,21.1499999999999,-14.1));
#5086=CARTESIAN_POINT('Origin',(38.0500001490115,-3.85000000000006,34.4999999999998));
#5087=CARTESIAN_POINT('',(36.6500001490115,21.1499999999999,34.4999999999998));
#5088=CARTESIAN_POINT('',(36.6500001490115,-3.85000000000006,34.4999999999998));
#5089=CARTESIAN_POINT('Origin',(38.0500001490115,21.1499999999999,34.4999999999998));
#5090=CARTESIAN_POINT('Origin',(38.0500001490115,21.1499999999999,34.4999999999998));
#5091=CARTESIAN_POINT('Origin',(24.9500001490116,-3.85000000000006,34.4999999999999));
#5092=CARTESIAN_POINT('',(23.5500001490116,21.1499999999999,34.4999999999999));
#5093=CARTESIAN_POINT('',(23.5500001490116,-3.85000000000006,34.4999999999999));
#5094=CARTESIAN_POINT('Origin',(24.9500001490116,21.1499999999999,34.4999999999999));
#5095=CARTESIAN_POINT('Origin',(24.9500001490116,21.1499999999999,34.4999999999999));
#5096=CARTESIAN_POINT('Origin',(38.0500001490117,-3.85000000000006,-14.1));
#5097=CARTESIAN_POINT('',(36.6500001490117,21.1499999999999,-14.1));
#5098=CARTESIAN_POINT('',(36.6500001490117,-3.85000000000006,-14.1));
#5099=CARTESIAN_POINT('Origin',(38.0500001490117,21.1499999999999,-14.1));
#5100=CARTESIAN_POINT('Origin',(38.0500001490117,21.1499999999999,-14.1));
#5101=CARTESIAN_POINT('Origin',(15.0500001490116,-3.85000000000006,-14.1));
#5102=CARTESIAN_POINT('',(13.6500001490116,21.1499999999999,-14.1));
#5103=CARTESIAN_POINT('',(13.6500001490116,-3.85000000000006,-14.1));
#5104=CARTESIAN_POINT('Origin',(15.0500001490116,21.1499999999999,-14.1));
#5105=CARTESIAN_POINT('Origin',(15.0500001490116,21.1499999999999,-14.1));
#5106=CARTESIAN_POINT('Origin',(47.9500001490116,-3.85000000000006,34.4999999999999));
#5107=CARTESIAN_POINT('',(46.5500001490116,21.1499999999999,34.4999999999999));
#5108=CARTESIAN_POINT('',(46.5500001490116,-3.85000000000006,34.4999999999999));
#5109=CARTESIAN_POINT('Origin',(47.9500001490116,21.1499999999999,34.4999999999999));
#5110=CARTESIAN_POINT('Origin',(47.9500001490116,21.1499999999999,34.4999999999999));
#5111=CARTESIAN_POINT('Origin',(15.0500001490115,-3.85000000000006,34.4999999999998));
#5112=CARTESIAN_POINT('',(13.6500001490115,21.1499999999999,34.4999999999998));
#5113=CARTESIAN_POINT('',(13.6500001490115,-3.85000000000006,34.4999999999998));
#5114=CARTESIAN_POINT('Origin',(15.0500001490115,21.1499999999999,34.4999999999998));
#5115=CARTESIAN_POINT('Origin',(15.0500001490115,21.1499999999999,34.4999999999998));
#5116=CARTESIAN_POINT('Origin',(47.9500001490117,-3.85000000000006,-14.1));
#5117=CARTESIAN_POINT('',(46.5500001490117,21.1499999999999,-14.1));
#5118=CARTESIAN_POINT('',(46.5500001490117,-3.85000000000006,-14.1));
#5119=CARTESIAN_POINT('Origin',(47.9500001490117,21.1499999999999,-14.1));
#5120=CARTESIAN_POINT('Origin',(47.9500001490117,21.1499999999999,-14.1));
#5121=CARTESIAN_POINT('Origin',(6.00000000000002,19.9999999999999,9.18709552877319E-15));
#5122=CARTESIAN_POINT('',(4.00000000000002,21.9999999999999,-2.23606797749978));
#5123=CARTESIAN_POINT('',(6.00000000000002,21.9999999999999,-2.23606797749977));
#5124=CARTESIAN_POINT('',(4.00000000000001,21.9999999999999,2.23606797749981));
#5125=CARTESIAN_POINT('Origin',(4.00000000000002,19.9999999999999,5.93969318174461E-15));
#5126=CARTESIAN_POINT('',(6.00000000000001,21.9999999999999,2.23606797749981));
#5127=CARTESIAN_POINT('Origin',(6.00000000000002,23.9999999999999,2.79223692778441E-14));
#5128=CARTESIAN_POINT('Origin',(4.00000000000002,23.9999999999999,2.46749669308155E-14));
#5129=CARTESIAN_POINT('Origin',(4.00000000000002,21.9999999999999,1.64868119156836E-14));
#5130=CARTESIAN_POINT('',(4.00000000000001,18.3499999999999,5.73762645988529E-15));
#5131=CARTESIAN_POINT('Origin',(4.00000000000002,19.9999999999999,5.93969318174461E-15));
#5132=CARTESIAN_POINT('',(4.00000000000002,22.3499999999999,2.44729002089562E-14));
#5133=CARTESIAN_POINT('Origin',(4.00000000000002,23.9999999999999,2.46749669308155E-14));
#5134=CARTESIAN_POINT('Origin',(6.00000000000001,-2.7755575615629E-16,9.74220704108577E-15));
#5135=CARTESIAN_POINT('',(4.00000000000001,-3.,6.12741065431298E-15));
#5136=CARTESIAN_POINT('',(6.00000000000001,-3.,1.010960108083E-14));
#5137=CARTESIAN_POINT('Origin',(4.00000000000001,-2.7755575615629E-16,6.49480469405719E-15));
#5138=CARTESIAN_POINT('Origin',(4.00000000000001,-1.66533453693784E-16,
6.49480469405719E-15));
#5139=CARTESIAN_POINT('',(4.00000000000001,-1.65,6.29273797219788E-15));
#5140=CARTESIAN_POINT('Origin',(4.00000000000001,-9.86076131526265E-31,
6.49480469405719E-15));
#5141=CARTESIAN_POINT('Origin',(64.0000000000001,-9.86076131526265E-31,
5.26430750843095E-14));
#5142=CARTESIAN_POINT('',(65.0000000000001,-2.5,5.36893854671798E-14));
#5143=CARTESIAN_POINT('Origin',(65.0000000000001,-9.86076131526265E-31,
5.3383223767393E-14));
#5144=CARTESIAN_POINT('',(64.0000000000001,-3.75,5.21838325346293E-14));
#5145=CARTESIAN_POINT('Origin',(65.0000000000001,0.,5.36607795235492E-14));
#5146=CARTESIAN_POINT('',(65.0000000000001,-1.6,5.31872802795294E-14));
#5147=CARTESIAN_POINT('Origin',(65.0000000000001,-9.86076131526265E-31,
5.3383223767393E-14));
#5148=CARTESIAN_POINT('Origin',(63.,-9.86076131526265E-31,5.19029264012261E-14));
#5149=CARTESIAN_POINT('',(63.,-1.6,5.17069829133625E-14));
#5150=CARTESIAN_POINT('Origin',(1.27675647831893E-14,-9.86076131526265E-31,
2.16936748935778E-29));
#5151=CARTESIAN_POINT('',(-0.999999999999987,-3.85,-2.095190191186E-15));
#5152=CARTESIAN_POINT('Origin',(-0.999999999999987,-9.86076131526265E-31,
-1.62370117351427E-15));
#5153=CARTESIAN_POINT('',(1.27675647831893E-14,-3.85,4.71489017671754E-16));
#5154=CARTESIAN_POINT('Origin',(-0.999999999999987,-9.86076131526265E-31,
-1.62370117351427E-15));
#5155=CARTESIAN_POINT('',(-0.999999999999987,-1.65,-1.82576789537358E-15));
#5156=CARTESIAN_POINT('Origin',(-0.999999999999987,-9.86076131526265E-31,
-1.62370117351427E-15));
#5157=CARTESIAN_POINT('Origin',(1.34336985979644E-14,23.9999999999999,1.81801622367583E-14));
#5158=CARTESIAN_POINT('',(1.34336985979644E-14,22.3499999999999,1.7978095514899E-14));
#5159=CARTESIAN_POINT('Origin',(1.27675647831893E-14,-9.86076131526265E-31,
2.16936748935778E-29));
#5160=CARTESIAN_POINT('',(1.27675647831893E-14,-1.65,-2.02066721859291E-16));
#5161=CARTESIAN_POINT('Origin',(1.33226762955019E-14,19.9999999999999,-5.55111512312561E-16));
#5162=CARTESIAN_POINT('',(1.33226762955019E-14,18.3499999999999,-7.57178234171874E-16));
#5163=UNCERTAINTY_MEASURE_WITH_UNIT(LENGTH_MEASURE(0.01),#5167,
'DISTANCE_ACCURACY_VALUE',
'Maximum model space distance between geometric entities at asserted c
onnectivities');
#5164=UNCERTAINTY_MEASURE_WITH_UNIT(LENGTH_MEASURE(0.01),#5167,
'DISTANCE_ACCURACY_VALUE',
'Maximum model space distance between geometric entities at asserted c
onnectivities');
#5165=(
GEOMETRIC_REPRESENTATION_CONTEXT(3)
GLOBAL_UNCERTAINTY_ASSIGNED_CONTEXT((#5163))
GLOBAL_UNIT_ASSIGNED_CONTEXT((#5167,#5169,#5170))
REPRESENTATION_CONTEXT('','3D')
);
#5166=(
GEOMETRIC_REPRESENTATION_CONTEXT(3)
GLOBAL_UNCERTAINTY_ASSIGNED_CONTEXT((#5164))
GLOBAL_UNIT_ASSIGNED_CONTEXT((#5167,#5169,#5170))
REPRESENTATION_CONTEXT('','3D')
);
#5167=(
LENGTH_UNIT()
NAMED_UNIT(*)
SI_UNIT(.MILLI.,.METRE.)
);
#5168=(
LENGTH_UNIT()
NAMED_UNIT(*)
SI_UNIT($,.METRE.)
);
#5169=(
NAMED_UNIT(*)
PLANE_ANGLE_UNIT()
SI_UNIT($,.RADIAN.)
);
#5170=(
NAMED_UNIT(*)
SI_UNIT($,.STERADIAN.)
SOLID_ANGLE_UNIT()
);
#5171=SHAPE_DEFINITION_REPRESENTATION(#5172,#5173);
#5172=PRODUCT_DEFINITION_SHAPE('',$,#5175);
#5173=SHAPE_REPRESENTATION('',(#2477),#5165);
#5174=PRODUCT_DEFINITION_CONTEXT('part definition',#5179,'design');
#5175=PRODUCT_DEFINITION('Aufnahme_FR','Aufnahme_FR v4',#5176,#5174);
#5176=PRODUCT_DEFINITION_FORMATION('',$,#5181);
#5177=PRODUCT_RELATED_PRODUCT_CATEGORY('Aufnahme_FR v4',
'Aufnahme_FR v4',(#5181));
#5178=APPLICATION_PROTOCOL_DEFINITION('international standard',
'automotive_design',2009,#5179);
#5179=APPLICATION_CONTEXT(
'Core Data for Automotive Mechanical Design Process');
#5180=PRODUCT_CONTEXT('part definition',#5179,'mechanical');
#5181=PRODUCT('Aufnahme_FR','Aufnahme_FR v4',$,(#5180));
#5182=PRESENTATION_STYLE_ASSIGNMENT((#5183));
#5183=SURFACE_STYLE_USAGE(.BOTH.,#5184);
#5184=SURFACE_SIDE_STYLE('',(#5185));
#5185=SURFACE_STYLE_FILL_AREA(#5186);
#5186=FILL_AREA_STYLE('Steel - Satin',(#5187));
#5187=FILL_AREA_STYLE_COLOUR('Steel - Satin',#5188);
#5188=COLOUR_RGB('Steel - Satin',0.627450980392157,0.627450980392157,0.627450980392157);
ENDSEC;
END-ISO-10303-21;
