ISO-10303-21;
HEADER;
/* Generated by software containing ST-Developer
 * from STEP Tools, Inc. (www.steptools.com) 
 */

FILE_DESCRIPTION(
/* description */ (''),
/* implementation_level */ '2;1');

FILE_NAME(
/* name */ 'AufnahmeHL v3.stp',
/* time_stamp */ '2024-02-14T22:45:16+01:00',
/* author */ (''),
/* organization */ (''),
/* preprocessor_version */ 'ST-DEVELOPER v20',
/* originating_system */ 'Autodesk Translation Framework v12.20.1.177',

/* authorisation */ '');

FILE_SCHEMA (('AUTOMOTIVE_DESIGN { 1 0 10303 214 3 1 1 }'));
ENDSEC;

DATA;
#10=MECHANICAL_DESIGN_GEOMETRIC_PRESENTATION_REPRESENTATION('',(#13),#5140);
#11=SHAPE_REPRESENTATION_RELATIONSHIP('SRR','None',#5147,#12);
#12=ADVANCED_BREP_SHAPE_REPRESENTATION('',(#14),#5139);
#13=STYLED_ITEM('',(#5156),#14);
#14=MANIFOLD_SOLID_BREP('Body1',#2464);
#15=CONICAL_SURFACE('',#2725,3.75,0.896055384571343);
#16=(
BOUNDED_SURFACE()
B_SPLINE_SURFACE(5,1,((#4124,#4125),(#4126,#4127),(#4128,#4129),(#4130,
#4131),(#4132,#4133),(#4134,#4135),(#4136,#4137),(#4138,#4139),(#4140,#4141),
(#4142,#4143),(#4144,#4145),(#4146,#4147),(#4148,#4149),(#4150,#4151),(#4152,
#4153),(#4154,#4155),(#4156,#4157),(#4158,#4159),(#4160,#4161),(#4162,#4163)),
 .UNSPECIFIED.,.F.,.F.,.F.)
B_SPLINE_SURFACE_WITH_KNOTS((6,1,1,1,1,1,1,1,1,1,1,1,1,1,1,6),(2,2),(0.,
0.0666666666666667,0.133333333333333,0.2,0.266666666666667,0.333333333333333,
0.4,0.466666666666667,0.533333333333333,0.6,0.666666666666667,0.733333333333333,
0.8,0.866666666666667,0.933333333333333,1.),(0.,5.05),.UNSPECIFIED.)
GEOMETRIC_REPRESENTATION_ITEM()
RATIONAL_B_SPLINE_SURFACE(((1.,1.),(1.,1.),(1.,1.),(1.,1.),(1.,1.),(1.,
1.),(1.,1.),(1.,1.),(1.,1.),(1.,1.),(1.,1.),(1.,1.),(1.,1.),(1.,1.),(1.,
1.),(1.,1.),(1.,1.),(1.,1.),(1.,1.),(1.,1.)))
REPRESENTATION_ITEM('')
SURFACE()
);
#17=(
BOUNDED_SURFACE()
B_SPLINE_SURFACE(5,1,((#4484,#4485),(#4486,#4487),(#4488,#4489),(#4490,
#4491),(#4492,#4493),(#4494,#4495),(#4496,#4497),(#4498,#4499),(#4500,#4501),
(#4502,#4503),(#4504,#4505),(#4506,#4507),(#4508,#4509),(#4510,#4511),(#4512,
#4513),(#4514,#4515),(#4516,#4517),(#4518,#4519),(#4520,#4521),(#4522,#4523)),
 .UNSPECIFIED.,.F.,.F.,.F.)
B_SPLINE_SURFACE_WITH_KNOTS((6,1,1,1,1,1,1,1,1,1,1,1,1,1,1,6),(2,2),(-1.,
-0.933333333333333,-0.866666666666667,-0.8,-0.733333333333333,-0.666666666666667,
-0.6,-0.533333333333333,-0.466666666666667,-0.4,-0.333333333333333,-0.266666666666667,
-0.2,-0.133333333333333,-0.0666666666666667,0.),(0.,5.05),.UNSPECIFIED.)
GEOMETRIC_REPRESENTATION_ITEM()
RATIONAL_B_SPLINE_SURFACE(((1.,1.),(1.,1.),(1.,1.),(1.,1.),(1.,1.),(1.,
1.),(1.,1.),(1.,1.),(1.,1.),(1.,1.),(1.,1.),(1.,1.),(1.,1.),(1.,1.),(1.,
1.),(1.,1.),(1.,1.),(1.,1.),(1.,1.),(1.,1.)))
REPRESENTATION_ITEM('')
SURFACE()
);
#18=(
BOUNDED_SURFACE()
B_SPLINE_SURFACE(5,1,((#4641,#4642),(#4643,#4644),(#4645,#4646),(#4647,
#4648),(#4649,#4650),(#4651,#4652),(#4653,#4654),(#4655,#4656),(#4657,#4658),
(#4659,#4660),(#4661,#4662),(#4663,#4664),(#4665,#4666),(#4667,#4668),(#4669,
#4670),(#4671,#4672),(#4673,#4674),(#4675,#4676),(#4677,#4678),(#4679,#4680)),
 .UNSPECIFIED.,.F.,.F.,.F.)
B_SPLINE_SURFACE_WITH_KNOTS((6,1,1,1,1,1,1,1,1,1,1,1,1,1,1,6),(2,2),(0.,
0.0666666666666667,0.133333333333333,0.2,0.266666666666667,0.333333333333333,
0.4,0.466666666666667,0.533333333333333,0.6,0.666666666666667,0.733333333333333,
0.8,0.866666666666667,0.933333333333333,1.),(0.,5.05),.UNSPECIFIED.)
GEOMETRIC_REPRESENTATION_ITEM()
RATIONAL_B_SPLINE_SURFACE(((1.,1.),(1.,1.),(1.,1.),(1.,1.),(1.,1.),(1.,
1.),(1.,1.),(1.,1.),(1.,1.),(1.,1.),(1.,1.),(1.,1.),(1.,1.),(1.,1.),(1.,
1.),(1.,1.),(1.,1.),(1.,1.),(1.,1.),(1.,1.)))
REPRESENTATION_ITEM('')
SURFACE()
);
#19=(
BOUNDED_SURFACE()
B_SPLINE_SURFACE(5,1,((#4989,#4990),(#4991,#4992),(#4993,#4994),(#4995,
#4996),(#4997,#4998),(#4999,#5000),(#5001,#5002),(#5003,#5004),(#5005,#5006),
(#5007,#5008),(#5009,#5010),(#5011,#5012),(#5013,#5014),(#5015,#5016),(#5017,
#5018),(#5019,#5020),(#5021,#5022),(#5023,#5024),(#5025,#5026),(#5027,#5028)),
 .UNSPECIFIED.,.F.,.F.,.F.)
B_SPLINE_SURFACE_WITH_KNOTS((6,1,1,1,1,1,1,1,1,1,1,1,1,1,1,6),(2,2),(-1.,
-0.933333333333333,-0.866666666666667,-0.8,-0.733333333333333,-0.666666666666667,
-0.6,-0.533333333333333,-0.466666666666667,-0.4,-0.333333333333333,-0.266666666666667,
-0.2,-0.133333333333333,-0.0666666666666667,0.),(0.,5.05),.UNSPECIFIED.)
GEOMETRIC_REPRESENTATION_ITEM()
RATIONAL_B_SPLINE_SURFACE(((1.,1.),(1.,1.),(1.,1.),(1.,1.),(1.,1.),(1.,
1.),(1.,1.),(1.,1.),(1.,1.),(1.,1.),(1.,1.),(1.,1.),(1.,1.),(1.,1.),(1.,
1.),(1.,1.),(1.,1.),(1.,1.),(1.,1.),(1.,1.)))
REPRESENTATION_ITEM('')
SURFACE()
);
#20=B_SPLINE_SURFACE_WITH_KNOTS('',3,3,((#4034,#4035,#4036,#4037),(#4038,
#4039,#4040,#4041),(#4042,#4043,#4044,#4045),(#4046,#4047,#4048,#4049),
(#4050,#4051,#4052,#4053),(#4054,#4055,#4056,#4057),(#4058,#4059,#4060,
#4061),(#4062,#4063,#4064,#4065),(#4066,#4067,#4068,#4069),(#4070,#4071,
#4072,#4073)),.UNSPECIFIED.,.F.,.F.,.F.,(4,1,1,1,1,1,1,4),(4,4),(0.,0.142857142857143,
0.285714285714286,0.428571428571429,0.571428571428571,0.714285714285714,
0.857142857142857,1.),(-0.525169791357947,0.287290287896483),
 .UNSPECIFIED.);
#21=B_SPLINE_SURFACE_WITH_KNOTS('',3,3,((#4257,#4258,#4259,#4260,#4261,
#4262,#4263,#4264,#4265,#4266,#4267,#4268,#4269,#4270,#4271,#4272),(#4273,
#4274,#4275,#4276,#4277,#4278,#4279,#4280,#4281,#4282,#4283,#4284,#4285,
#4286,#4287,#4288),(#4289,#4290,#4291,#4292,#4293,#4294,#4295,#4296,#4297,
#4298,#4299,#4300,#4301,#4302,#4303,#4304),(#4305,#4306,#4307,#4308,#4309,
#4310,#4311,#4312,#4313,#4314,#4315,#4316,#4317,#4318,#4319,#4320),(#4321,
#4322,#4323,#4324,#4325,#4326,#4327,#4328,#4329,#4330,#4331,#4332,#4333,
#4334,#4335,#4336)),.UNSPECIFIED.,.F.,.F.,.F.,(4,1,4),(4,1,1,1,1,1,1,1,
1,1,1,1,1,4),(0.,0.571428571428571,1.),(-0.217206608495787,-0.181475555277625,
-0.145744502059463,-0.110013448841301,-0.0742823956231383,-0.038551342404976,
-0.0206858157958949,-0.0117530524913543,-0.00282028918681373,0.0150452374222674,
0.0239780007268079,0.0284443823790782,0.0306775732052134,0.0329107640313485),
 .UNSPECIFIED.);
#22=B_SPLINE_SURFACE_WITH_KNOTS('',3,3,((#4355,#4356,#4357,#4358,#4359,
#4360,#4361,#4362,#4363),(#4364,#4365,#4366,#4367,#4368,#4369,#4370,#4371,
#4372),(#4373,#4374,#4375,#4376,#4377,#4378,#4379,#4380,#4381),(#4382,#4383,
#4384,#4385,#4386,#4387,#4388,#4389,#4390),(#4391,#4392,#4393,#4394,#4395,
#4396,#4397,#4398,#4399)),.UNSPECIFIED.,.F.,.F.,.F.,(4,1,4),(4,1,1,1,1,
1,4),(0.,0.571428571428571,1.),(0.,0.0714366207645705,0.107154931146856,
0.142873241529141,0.178591551911426,0.214309862293712,0.250028172675997),
 .UNSPECIFIED.);
#23=B_SPLINE_SURFACE_WITH_KNOTS('',3,3,((#4406,#4407,#4408,#4409,#4410,
#4411),(#4412,#4413,#4414,#4415,#4416,#4417),(#4418,#4419,#4420,#4421,#4422,
#4423),(#4424,#4425,#4426,#4427,#4428,#4429)),.UNSPECIFIED.,.F.,.F.,.F.,
(4,4),(4,1,1,4),(0.366162409553417,1.),(0.,0.235595853256894,0.392659755428157,
0.54972365759942),.UNSPECIFIED.);
#24=B_SPLINE_SURFACE_WITH_KNOTS('',3,3,((#4460,#4461,#4462,#4463,#4464,
#4465),(#4466,#4467,#4468,#4469,#4470,#4471),(#4472,#4473,#4474,#4475,#4476,
#4477),(#4478,#4479,#4480,#4481,#4482,#4483)),.UNSPECIFIED.,.F.,.F.,.F.,
(4,4),(4,1,1,4),(0.366162409553406,1.),(0.463643017310058,0.581440943938503,
0.699238870566947,1.01336667490947),.UNSPECIFIED.);
#25=B_SPLINE_SURFACE_WITH_KNOTS('',3,3,((#4551,#4552,#4553,#4554),(#4555,
#4556,#4557,#4558),(#4559,#4560,#4561,#4562),(#4563,#4564,#4565,#4566),
(#4567,#4568,#4569,#4570),(#4571,#4572,#4573,#4574),(#4575,#4576,#4577,
#4578),(#4579,#4580,#4581,#4582),(#4583,#4584,#4585,#4586),(#4587,#4588,
#4589,#4590)),.UNSPECIFIED.,.F.,.F.,.F.,(4,1,1,1,1,1,1,4),(4,4),(0.,0.142857142857143,
0.285714285714286,0.428571428571429,0.571428571428571,0.714285714285714,
0.857142857142857,1.),(-0.525169791357947,0.287290287896483),
 .UNSPECIFIED.);
#26=B_SPLINE_SURFACE_WITH_KNOTS('',3,3,((#4762,#4763,#4764,#4765,#4766,
#4767,#4768,#4769,#4770,#4771,#4772,#4773,#4774,#4775,#4776,#4777),(#4778,
#4779,#4780,#4781,#4782,#4783,#4784,#4785,#4786,#4787,#4788,#4789,#4790,
#4791,#4792,#4793),(#4794,#4795,#4796,#4797,#4798,#4799,#4800,#4801,#4802,
#4803,#4804,#4805,#4806,#4807,#4808,#4809),(#4810,#4811,#4812,#4813,#4814,
#4815,#4816,#4817,#4818,#4819,#4820,#4821,#4822,#4823,#4824,#4825),(#4826,
#4827,#4828,#4829,#4830,#4831,#4832,#4833,#4834,#4835,#4836,#4837,#4838,
#4839,#4840,#4841)),.UNSPECIFIED.,.F.,.F.,.F.,(4,1,4),(4,1,1,1,1,1,1,1,
1,1,1,1,1,4),(0.,0.571428571428571,1.),(-0.217206608495758,-0.181475555277595,
-0.145744502059433,-0.11001344884127,-0.0742823956231076,-0.0385513424049451,
-0.0206858157958638,-0.0117530524913232,-0.00282028918678257,0.0150452374222987,
0.0239780007268393,0.0284443823791096,0.0306775732052448,0.0329107640313799),
 .UNSPECIFIED.);
#27=B_SPLINE_SURFACE_WITH_KNOTS('',3,3,((#4860,#4861,#4862,#4863,#4864,
#4865,#4866,#4867,#4868),(#4869,#4870,#4871,#4872,#4873,#4874,#4875,#4876,
#4877),(#4878,#4879,#4880,#4881,#4882,#4883,#4884,#4885,#4886),(#4887,#4888,
#4889,#4890,#4891,#4892,#4893,#4894,#4895),(#4896,#4897,#4898,#4899,#4900,
#4901,#4902,#4903,#4904)),.UNSPECIFIED.,.F.,.F.,.F.,(4,1,4),(4,1,1,1,1,
1,4),(0.,0.571428571428571,1.),(0.,0.0714366207645705,0.107154931146856,
0.142873241529141,0.178591551911426,0.214309862293712,0.250028172675997),
 .UNSPECIFIED.);
#28=B_SPLINE_SURFACE_WITH_KNOTS('',3,3,((#4911,#4912,#4913,#4914,#4915,
#4916),(#4917,#4918,#4919,#4920,#4921,#4922),(#4923,#4924,#4925,#4926,#4927,
#4928),(#4929,#4930,#4931,#4932,#4933,#4934)),.UNSPECIFIED.,.F.,.F.,.F.,
(4,4),(4,1,1,4),(0.366162409553407,1.),(2.27854192062293E-15,0.314127804342521,
0.431925730970965,0.549723657599409),.UNSPECIFIED.);
#29=B_SPLINE_SURFACE_WITH_KNOTS('',3,3,((#4965,#4966,#4967,#4968,#4969,
#4970),(#4971,#4972,#4973,#4974,#4975,#4976),(#4977,#4978,#4979,#4980,#4981,
#4982),(#4983,#4984,#4985,#4986,#4987,#4988)),.UNSPECIFIED.,.F.,.F.,.F.,
(4,4),(4,1,1,4),(0.366162409553411,1.),(0.463643017310051,0.5814409439385,
0.699238870566948,1.01336667490948),.UNSPECIFIED.);
#30=TOROIDAL_SURFACE('',#2509,48.,1.);
#31=TOROIDAL_SURFACE('',#2514,3.,1.);
#32=TOROIDAL_SURFACE('',#2520,33.9499999999999,1.);
#33=TOROIDAL_SURFACE('',#2524,3.,1.);
#34=TOROIDAL_SURFACE('',#2530,2.,1.);
#35=TOROIDAL_SURFACE('',#2536,9.05000000000007,1.);
#36=TOROIDAL_SURFACE('',#2542,2.,1.);
#37=TOROIDAL_SURFACE('',#2548,3.,1.);
#38=TOROIDAL_SURFACE('',#2569,3.,1.);
#39=TOROIDAL_SURFACE('',#2575,33.9499999999999,1.);
#40=TOROIDAL_SURFACE('',#2578,3.,1.);
#41=TOROIDAL_SURFACE('',#2583,2.,1.);
#42=TOROIDAL_SURFACE('',#2588,9.05000000000007,1.);
#43=TOROIDAL_SURFACE('',#2594,2.,1.);
#44=TOROIDAL_SURFACE('',#2600,3.,1.);
#45=TOROIDAL_SURFACE('',#2604,48.,1.);
#46=(
BOUNDED_CURVE()
B_SPLINE_CURVE(5,(#3559,#3560,#3561,#3562,#3563,#3564,#3565,#3566,#3567,
#3568,#3569,#3570,#3571,#3572,#3573,#3574),.UNSPECIFIED.,.F.,.F.)
B_SPLINE_CURVE_WITH_KNOTS((6,1,1,1,1,1,1,1,1,1,1,6),(0.29305039459636,0.333333333333333,
0.4,0.466666666666667,0.533333333333333,0.6,0.666666666666667,0.733333333333333,
0.8,0.866666666666667,0.933333333333333,1.),.UNSPECIFIED.)
CURVE()
GEOMETRIC_REPRESENTATION_ITEM()
RATIONAL_B_SPLINE_CURVE((1.,1.,1.,1.,1.,1.,1.,1.,1.,1.,1.,1.,1.,1.,1.,1.))
REPRESENTATION_ITEM('')
);
#47=(
BOUNDED_CURVE()
B_SPLINE_CURVE(5,(#3576,#3577,#3578,#3579,#3580,#3581,#3582,#3583,#3584,
#3585,#3586,#3587,#3588,#3589,#3590,#3591),.UNSPECIFIED.,.F.,.F.)
B_SPLINE_CURVE_WITH_KNOTS((6,1,1,1,1,1,1,1,1,1,1,6),(-1.,-0.933333333333333,
-0.866666666666667,-0.8,-0.733333333333333,-0.666666666666667,-0.6,-0.533333333333333,
-0.466666666666667,-0.4,-0.333333333333333,-0.29305039459636),
 .UNSPECIFIED.)
CURVE()
GEOMETRIC_REPRESENTATION_ITEM()
RATIONAL_B_SPLINE_CURVE((1.,1.,1.,1.,1.,1.,1.,1.,1.,1.,1.,1.,1.,1.,1.,1.))
REPRESENTATION_ITEM('')
);
#48=(
BOUNDED_CURVE()
B_SPLINE_CURVE(5,(#3637,#3638,#3639,#3640,#3641,#3642,#3643,#3644,#3645,
#3646,#3647,#3648,#3649,#3650,#3651,#3652),.UNSPECIFIED.,.F.,.F.)
B_SPLINE_CURVE_WITH_KNOTS((6,1,1,1,1,1,1,1,1,1,1,6),(0.293050394596361,
0.333333333333333,0.4,0.466666666666667,0.533333333333333,0.6,0.666666666666667,
0.733333333333333,0.8,0.866666666666667,0.933333333333333,1.),
 .UNSPECIFIED.)
CURVE()
GEOMETRIC_REPRESENTATION_ITEM()
RATIONAL_B_SPLINE_CURVE((1.,1.,1.,1.,1.,1.,1.,1.,1.,1.,1.,1.,1.,1.,1.,1.))
REPRESENTATION_ITEM('')
);
#49=(
BOUNDED_CURVE()
B_SPLINE_CURVE(5,(#3654,#3655,#3656,#3657,#3658,#3659,#3660,#3661,#3662,
#3663,#3664,#3665,#3666,#3667,#3668,#3669),.UNSPECIFIED.,.F.,.F.)
B_SPLINE_CURVE_WITH_KNOTS((6,1,1,1,1,1,1,1,1,1,1,6),(-1.,-0.933333333333333,
-0.866666666666667,-0.8,-0.733333333333333,-0.666666666666667,-0.6,-0.533333333333333,
-0.466666666666667,-0.4,-0.333333333333333,-0.293050394596361),
 .UNSPECIFIED.)
CURVE()
GEOMETRIC_REPRESENTATION_ITEM()
RATIONAL_B_SPLINE_CURVE((1.,1.,1.,1.,1.,1.,1.,1.,1.,1.,1.,1.,1.,1.,1.,1.))
REPRESENTATION_ITEM('')
);
#50=B_SPLINE_CURVE_WITH_KNOTS('',3,(#3542,#3543,#3544,#3545,#3546,#3547,
#3548,#3549,#3550,#3551,#3552,#3553),.UNSPECIFIED.,.F.,.F.,(4,2,2,2,2,4),
(-0.000585193509982137,0.,0.0738366170531596,0.151121930453135,0.24823724454373,
0.342763730542096),.UNSPECIFIED.);
#51=B_SPLINE_CURVE_WITH_KNOTS('',3,(#4076,#4077,#4078,#4079,#4080,#4081,
#4082,#4083),.UNSPECIFIED.,.F.,.F.,(4,2,2,4),(0.,0.0927377230073577,0.29555104062953,
0.55370755969216),.UNSPECIFIED.);
#52=B_SPLINE_CURVE_WITH_KNOTS('',3,(#4085,#4086,#4087,#4088),
 .UNSPECIFIED.,.F.,.F.,(4,4),(-0.118939751730733,0.356819255192199),
 .UNSPECIFIED.);
#53=B_SPLINE_CURVE_WITH_KNOTS('',3,(#4090,#4091,#4092,#4093,#4094,#4095,
#4096,#4097),.UNSPECIFIED.,.F.,.F.,(4,2,2,4),(0.0643646406590222,0.49126273523944,
0.680159920309401,0.78109844526441),.UNSPECIFIED.);
#54=B_SPLINE_CURVE_WITH_KNOTS('',3,(#4099,#4100,#4101,#4102,#4103,#4104,
#4105,#4106,#4107,#4108),.UNSPECIFIED.,.F.,.F.,(4,2,2,2,4),(0.,0.113226141309703,
0.21054940163066,0.297803770152412,0.388511216799721),.UNSPECIFIED.);
#55=B_SPLINE_CURVE_WITH_KNOTS('',3,(#4110,#4111,#4112,#4113),
 .UNSPECIFIED.,.F.,.F.,(4,4),(-0.525169791357947,0.287290287896483),
 .UNSPECIFIED.);
#56=B_SPLINE_CURVE_WITH_KNOTS('',3,(#4114,#4115,#4116,#4117,#4118,#4119,
#4120,#4121,#4122,#4123),.UNSPECIFIED.,.F.,.F.,(4,2,2,2,4),(0.285331700960414,
0.343116805765861,0.445062194818291,0.474659149548625,0.497259926649039),
 .UNSPECIFIED.);
#57=B_SPLINE_CURVE_WITH_KNOTS('',3,(#4165,#4166,#4167,#4168,#4169,#4170),
 .UNSPECIFIED.,.F.,.F.,(4,2,4),(1.866610265984,2.525,3.25),
 .UNSPECIFIED.);
#58=B_SPLINE_CURVE_WITH_KNOTS('',3,(#4172,#4173,#4174,#4175),
 .UNSPECIFIED.,.F.,.F.,(4,4),(-0.75,-0.499999999999999),.UNSPECIFIED.);
#59=B_SPLINE_CURVE_WITH_KNOTS('',3,(#4177,#4178,#4179,#4180,#4181,#4182),
 .UNSPECIFIED.,.F.,.F.,(4,1,1,4),(-1.01336667490947,-0.699238870566947,
-0.581440943938503,-0.463643027917713),.UNSPECIFIED.);
#60=B_SPLINE_CURVE_WITH_KNOTS('',3,(#4184,#4185,#4186,#4187,#4188,#4189,
#4190,#4191,#4192,#4193,#4194,#4195),.UNSPECIFIED.,.F.,.F.,(4,2,2,2,2,4),
(-0.00058519351621597,0.,0.0738366172705609,0.151121931127372,0.248237245792112,
0.342763732349315),.UNSPECIFIED.);
#61=B_SPLINE_CURVE_WITH_KNOTS('',3,(#4196,#4197,#4198,#4199,#4200,#4201,
#4202,#4203,#4204,#4205),.UNSPECIFIED.,.F.,.F.,(4,2,2,2,4),(0.,0.00454679066039715,
0.0130745414113835,0.0355077198402583,0.084871252858672),.UNSPECIFIED.);
#62=B_SPLINE_CURVE_WITH_KNOTS('',3,(#4210,#4211,#4212,#4213,#4214,#4215,
#4216,#4217),.UNSPECIFIED.,.F.,.F.,(4,2,2,4),(0.,0.165760555373118,0.320673621124652,
0.468487967897053),.UNSPECIFIED.);
#63=B_SPLINE_CURVE_WITH_KNOTS('',3,(#4218,#4219,#4220,#4221,#4222,#4223,
#4224,#4225,#4226,#4227),.UNSPECIFIED.,.F.,.F.,(4,2,2,2,4),(0.160929440311291,
0.248682906445113,0.352967509702714,0.409532350597434,0.472715604811431),
 .UNSPECIFIED.);
#64=B_SPLINE_CURVE_WITH_KNOTS('',3,(#4232,#4233,#4234,#4235,#4236,#4237,
#4238,#4239,#4240,#4241,#4242,#4243,#4244,#4245,#4246,#4247),
 .UNSPECIFIED.,.F.,.F.,(4,1,1,1,1,1,1,1,1,1,1,1,1,4),(-0.217206608495787,
-0.181475555277625,-0.145744502059463,-0.110013448841301,-0.0742823956231383,
-0.038551342404976,-0.0206858157958949,-0.0117530524913543,-0.00282028918681373,
0.0150452374222674,0.0239780007268079,0.0284443823790782,0.0306775732052134,
0.0329107640313485),.UNSPECIFIED.);
#65=B_SPLINE_CURVE_WITH_KNOTS('',3,(#4248,#4249,#4250,#4251,#4252,#4253,
#4254,#4255,#4256),.UNSPECIFIED.,.F.,.F.,(4,1,1,1,1,1,4),(-0.250028172675997,
-0.214309862293712,-0.178591551911426,-0.142873241529141,-0.107154931146856,
-0.0714366207645705,0.),.UNSPECIFIED.);
#66=B_SPLINE_CURVE_WITH_KNOTS('',3,(#4338,#4339,#4340,#4341,#4342,#4343,
#4344,#4345),.UNSPECIFIED.,.F.,.F.,(4,2,2,4),(0.,0.15148071482023,0.293230967408451,
0.466678232197937),.UNSPECIFIED.);
#67=B_SPLINE_CURVE_WITH_KNOTS('',3,(#4347,#4348,#4349,#4350,#4351,#4352,
#4353),.UNSPECIFIED.,.F.,.F.,(4,1,1,1,4),(0.098232232433027,0.110013448841301,
0.145744502059463,0.181475555277625,0.217206608495787),.UNSPECIFIED.);
#68=B_SPLINE_CURVE_WITH_KNOTS('',3,(#4400,#4401,#4402,#4403,#4404,#4405),
 .UNSPECIFIED.,.F.,.F.,(4,1,1,4),(0.,0.0714366207645705,0.107154931146856,
0.119006911915141),.UNSPECIFIED.);
#69=B_SPLINE_CURVE_WITH_KNOTS('',3,(#4431,#4432,#4433,#4434,#4435,#4436,
#4437,#4438,#4439,#4440),.UNSPECIFIED.,.F.,.F.,(4,2,2,2,4),(0.,0.0463216492865383,
0.104745353491442,0.193322430735975,0.218989973299392),.UNSPECIFIED.);
#70=B_SPLINE_CURVE_WITH_KNOTS('',3,(#4441,#4442,#4443,#4444,#4445,#4446),
 .UNSPECIFIED.,.F.,.F.,(4,1,1,4),(-0.54972365759942,-0.392659755428157,
-0.235595853256894,0.),.UNSPECIFIED.);
#71=B_SPLINE_CURVE_WITH_KNOTS('',3,(#4450,#4451,#4452,#4453,#4454,#4455),
 .UNSPECIFIED.,.F.,.F.,(4,2,4),(1.8,2.525,3.18338973401601),
 .UNSPECIFIED.);
#72=B_SPLINE_CURVE_WITH_KNOTS('',3,(#4456,#4457,#4458,#4459),
 .UNSPECIFIED.,.F.,.F.,(4,4),(-1.8,-1.55),.UNSPECIFIED.);
#73=B_SPLINE_CURVE_WITH_KNOTS('',3,(#4524,#4525,#4526,#4527,#4528,#4529,
#4530,#4531,#4532,#4533,#4534,#4535),.UNSPECIFIED.,.F.,.F.,(4,2,2,2,2,4),
(0.637439218424306,0.666316101211432,0.700796315265431,0.712418729348794,
0.716839509012484,0.720459866654348),.UNSPECIFIED.);
#74=B_SPLINE_CURVE_WITH_KNOTS('',3,(#4536,#4537,#4538,#4539,#4540,#4541,
#4542,#4543,#4544,#4545,#4546,#4547),.UNSPECIFIED.,.F.,.F.,(4,2,2,2,2,4),
(0.994725416595197,1.08924223199803,1.18634761064158,1.26362501731714,1.33745408006946,
1.33803921371727),.UNSPECIFIED.);
#75=B_SPLINE_CURVE_WITH_KNOTS('',3,(#4593,#4594,#4595,#4596,#4597,#4598,
#4599,#4600),.UNSPECIFIED.,.F.,.F.,(4,2,2,4),(0.,0.0927377230073578,0.295551040629521,
0.553707559692123),.UNSPECIFIED.);
#76=B_SPLINE_CURVE_WITH_KNOTS('',3,(#4602,#4603,#4604,#4605),
 .UNSPECIFIED.,.F.,.F.,(4,4),(-0.118939751730731,0.3568192551922),
 .UNSPECIFIED.);
#77=B_SPLINE_CURVE_WITH_KNOTS('',3,(#4607,#4608,#4609,#4610,#4611,#4612,
#4613,#4614),.UNSPECIFIED.,.F.,.F.,(4,2,2,4),(0.0643646406590463,0.491262735239481,
0.68015992030951,0.781098445264643),.UNSPECIFIED.);
#78=B_SPLINE_CURVE_WITH_KNOTS('',3,(#4616,#4617,#4618,#4619,#4620,#4621,
#4622,#4623,#4624,#4625),.UNSPECIFIED.,.F.,.F.,(4,2,2,2,4),(0.,0.113226141310046,
0.210549401628139,0.297803770145166,0.388511216787561),.UNSPECIFIED.);
#79=B_SPLINE_CURVE_WITH_KNOTS('',3,(#4627,#4628,#4629,#4630),
 .UNSPECIFIED.,.F.,.F.,(4,4),(-0.525169791357947,0.287290287896483),
 .UNSPECIFIED.);
#80=B_SPLINE_CURVE_WITH_KNOTS('',3,(#4631,#4632,#4633,#4634,#4635,#4636,
#4637,#4638,#4639,#4640),.UNSPECIFIED.,.F.,.F.,(4,2,2,2,4),(0.285331700961116,
0.343116805768141,0.445062194826552,0.474659149558577,0.497259926660247),
 .UNSPECIFIED.);
#81=B_SPLINE_CURVE_WITH_KNOTS('',3,(#4682,#4683,#4684,#4685,#4686,#4687),
 .UNSPECIFIED.,.F.,.F.,(4,2,4),(1.86661026598399,2.525,3.25),
 .UNSPECIFIED.);
#82=B_SPLINE_CURVE_WITH_KNOTS('',3,(#4689,#4690,#4691,#4692),
 .UNSPECIFIED.,.F.,.F.,(4,4),(-0.75,-0.499999999999999),.UNSPECIFIED.);
#83=B_SPLINE_CURVE_WITH_KNOTS('',3,(#4694,#4695,#4696,#4697,#4698,#4699),
 .UNSPECIFIED.,.F.,.F.,(4,1,1,4),(-1.01336667490948,-0.699238870566948,
-0.5814409439385,-0.463643027917724),.UNSPECIFIED.);
#84=B_SPLINE_CURVE_WITH_KNOTS('',3,(#4701,#4702,#4703,#4704,#4705,#4706,
#4707,#4708,#4709,#4710),.UNSPECIFIED.,.F.,.F.,(4,2,2,2,4),(0.,0.00454679066039683,
0.0130745414113752,0.0355077198403124,0.0848712528590754),.UNSPECIFIED.);
#85=B_SPLINE_CURVE_WITH_KNOTS('',3,(#4715,#4716,#4717,#4718,#4719,#4720,
#4721,#4722),.UNSPECIFIED.,.F.,.F.,(4,2,2,4),(0.,0.165760555373111,0.320673621124534,
0.468487967897027),.UNSPECIFIED.);
#86=B_SPLINE_CURVE_WITH_KNOTS('',3,(#4723,#4724,#4725,#4726,#4727,#4728,
#4729,#4730,#4731,#4732),.UNSPECIFIED.,.F.,.F.,(4,2,2,2,4),(0.160929440311347,
0.248682906445148,0.352967509702735,0.40953235059787,0.472715604825354),
 .UNSPECIFIED.);
#87=B_SPLINE_CURVE_WITH_KNOTS('',3,(#4737,#4738,#4739,#4740,#4741,#4742,
#4743,#4744,#4745,#4746,#4747,#4748,#4749,#4750,#4751,#4752),
 .UNSPECIFIED.,.F.,.F.,(4,1,1,1,1,1,1,1,1,1,1,1,1,4),(-0.217206608495758,
-0.181475555277595,-0.145744502059433,-0.11001344884127,-0.0742823956231076,
-0.0385513424049451,-0.0206858157958638,-0.0117530524913232,-0.00282028918678257,
0.0150452374222987,0.0239780007268393,0.0284443823791096,0.0306775732052448,
0.0329107640313799),.UNSPECIFIED.);
#88=B_SPLINE_CURVE_WITH_KNOTS('',3,(#4753,#4754,#4755,#4756,#4757,#4758,
#4759,#4760,#4761),.UNSPECIFIED.,.F.,.F.,(4,1,1,1,1,1,4),(-0.250028172675997,
-0.214309862293712,-0.178591551911426,-0.142873241529141,-0.107154931146856,
-0.0714366207645705,0.),.UNSPECIFIED.);
#89=B_SPLINE_CURVE_WITH_KNOTS('',3,(#4843,#4844,#4845,#4846,#4847,#4848,
#4849,#4850),.UNSPECIFIED.,.F.,.F.,(4,2,2,4),(0.,0.151480714820271,0.293230967408521,
0.466678232198429),.UNSPECIFIED.);
#90=B_SPLINE_CURVE_WITH_KNOTS('',3,(#4852,#4853,#4854,#4855,#4856,#4857,
#4858),.UNSPECIFIED.,.F.,.F.,(4,1,1,1,4),(0.0982315112033588,0.11001344884127,
0.145744502059433,0.181475555277595,0.217206608495758),.UNSPECIFIED.);
#91=B_SPLINE_CURVE_WITH_KNOTS('',3,(#4905,#4906,#4907,#4908,#4909,#4910),
 .UNSPECIFIED.,.F.,.F.,(4,1,1,4),(0.,0.0714366207645705,0.107154931146856,
0.119009081434594),.UNSPECIFIED.);
#92=B_SPLINE_CURVE_WITH_KNOTS('',3,(#4936,#4937,#4938,#4939,#4940,#4941,
#4942,#4943,#4944,#4945),.UNSPECIFIED.,.F.,.F.,(4,2,2,2,4),(0.,0.0463216492863109,
0.104745353499461,0.193322430772536,0.218989973344167),.UNSPECIFIED.);
#93=B_SPLINE_CURVE_WITH_KNOTS('',3,(#4946,#4947,#4948,#4949,#4950,#4951),
 .UNSPECIFIED.,.F.,.F.,(4,1,1,4),(-0.549723657599409,-0.431925730970965,
-0.314127804342521,-2.27854192062293E-15),.UNSPECIFIED.);
#94=B_SPLINE_CURVE_WITH_KNOTS('',3,(#4955,#4956,#4957,#4958,#4959,#4960),
 .UNSPECIFIED.,.F.,.F.,(4,2,4),(1.8,2.525,3.183389734016),.UNSPECIFIED.);
#95=B_SPLINE_CURVE_WITH_KNOTS('',3,(#4961,#4962,#4963,#4964),
 .UNSPECIFIED.,.F.,.F.,(4,4),(-1.8,-1.55),.UNSPECIFIED.);
#96=B_SPLINE_CURVE_WITH_KNOTS('',3,(#5029,#5030,#5031,#5032,#5033,#5034,
#5035,#5036,#5037,#5038,#5039,#5040),.UNSPECIFIED.,.F.,.F.,(4,2,2,2,2,4),
(0.637439218455574,0.666316101245391,0.700796315302793,0.712418729387276,
0.716839509051379,0.720459866693604),.UNSPECIFIED.);
#97=B_SPLINE_CURVE_WITH_KNOTS('',3,(#5041,#5042,#5043,#5044,#5045,#5046,
#5047,#5048,#5049,#5050,#5051,#5052),.UNSPECIFIED.,.F.,.F.,(4,2,2,2,2,4),
(0.994725435765283,1.08924225304291,1.1863476336126,1.26362504182106,1.33745410530196,
1.3380392389749),.UNSPECIFIED.);
#98=CYLINDRICAL_SURFACE('',#2496,2.);
#99=CYLINDRICAL_SURFACE('',#2518,1.);
#100=CYLINDRICAL_SURFACE('',#2528,1.);
#101=CYLINDRICAL_SURFACE('',#2534,1.);
#102=CYLINDRICAL_SURFACE('',#2540,1.);
#103=CYLINDRICAL_SURFACE('',#2546,1.);
#104=CYLINDRICAL_SURFACE('',#2551,3.);
#105=CYLINDRICAL_SURFACE('',#2555,4.);
#106=CYLINDRICAL_SURFACE('',#2557,34.9499999999999);
#107=CYLINDRICAL_SURFACE('',#2561,4.);
#108=CYLINDRICAL_SURFACE('',#2563,49.);
#109=CYLINDRICAL_SURFACE('',#2573,1.);
#110=CYLINDRICAL_SURFACE('',#2581,1.);
#111=CYLINDRICAL_SURFACE('',#2586,1.);
#112=CYLINDRICAL_SURFACE('',#2592,1.);
#113=CYLINDRICAL_SURFACE('',#2598,1.);
#114=CYLINDRICAL_SURFACE('',#2606,10.0500000000001);
#115=CYLINDRICAL_SURFACE('',#2608,3.);
#116=CYLINDRICAL_SURFACE('',#2611,4.);
#117=CYLINDRICAL_SURFACE('',#2623,10.0500000000001);
#118=CYLINDRICAL_SURFACE('',#2633,0.5);
#119=CYLINDRICAL_SURFACE('',#2635,0.5);
#120=CYLINDRICAL_SURFACE('',#2638,0.5);
#121=CYLINDRICAL_SURFACE('',#2640,0.5);
#122=CYLINDRICAL_SURFACE('',#2642,0.5);
#123=CYLINDRICAL_SURFACE('',#2646,0.5);
#124=CYLINDRICAL_SURFACE('',#2648,0.5);
#125=CYLINDRICAL_SURFACE('',#2654,0.5);
#126=CYLINDRICAL_SURFACE('',#2656,0.5);
#127=CYLINDRICAL_SURFACE('',#2659,0.5);
#128=CYLINDRICAL_SURFACE('',#2661,0.5);
#129=CYLINDRICAL_SURFACE('',#2663,0.5);
#130=CYLINDRICAL_SURFACE('',#2667,0.5);
#131=CYLINDRICAL_SURFACE('',#2669,0.5);
#132=CYLINDRICAL_SURFACE('',#2681,2.);
#133=CYLINDRICAL_SURFACE('',#2682,2.);
#134=CYLINDRICAL_SURFACE('',#2689,2.);
#135=CYLINDRICAL_SURFACE('',#2690,1.4);
#136=CYLINDRICAL_SURFACE('',#2693,1.4);
#137=CYLINDRICAL_SURFACE('',#2696,1.4);
#138=CYLINDRICAL_SURFACE('',#2699,1.4);
#139=CYLINDRICAL_SURFACE('',#2702,1.4);
#140=CYLINDRICAL_SURFACE('',#2705,1.4);
#141=CYLINDRICAL_SURFACE('',#2708,1.4);
#142=CYLINDRICAL_SURFACE('',#2711,1.4);
#143=CYLINDRICAL_SURFACE('',#2714,3.);
#144=CYLINDRICAL_SURFACE('',#2716,3.);
#145=CYLINDRICAL_SURFACE('',#2721,3.);
#146=CYLINDRICAL_SURFACE('',#2729,1.6);
#147=CYLINDRICAL_SURFACE('',#2730,3.85);
#148=CYLINDRICAL_SURFACE('',#2734,1.65);
#149=CYLINDRICAL_SURFACE('',#2735,1.65);
#150=CYLINDRICAL_SURFACE('',#2736,1.65);
#151=FACE_BOUND('',#430,.T.);
#152=FACE_BOUND('',#436,.T.);
#153=FACE_BOUND('',#437,.T.);
#154=FACE_BOUND('',#438,.T.);
#155=FACE_BOUND('',#439,.T.);
#156=FACE_BOUND('',#442,.T.);
#157=FACE_BOUND('',#443,.T.);
#158=FACE_BOUND('',#444,.T.);
#159=FACE_BOUND('',#445,.T.);
#160=FACE_BOUND('',#467,.T.);
#161=FACE_BOUND('',#468,.T.);
#162=FACE_BOUND('',#469,.T.);
#163=FACE_BOUND('',#489,.T.);
#164=FACE_BOUND('',#492,.T.);
#165=FACE_BOUND('',#493,.T.);
#166=FACE_BOUND('',#578,.T.);
#167=FACE_BOUND('',#579,.T.);
#168=FACE_BOUND('',#582,.T.);
#169=FACE_BOUND('',#585,.T.);
#170=FACE_BOUND('',#589,.T.);
#171=CIRCLE('',#2481,34.9499999999999);
#172=CIRCLE('',#2482,0.5);
#173=CIRCLE('',#2483,2.);
#174=CIRCLE('',#2484,3.);
#175=CIRCLE('',#2485,10.0500000000001);
#176=CIRCLE('',#2486,3.);
#177=CIRCLE('',#2487,2.);
#178=CIRCLE('',#2488,0.5);
#179=CIRCLE('',#2489,1.6);
#180=CIRCLE('',#2497,2.);
#181=CIRCLE('',#2499,1.4);
#182=CIRCLE('',#2500,1.4);
#183=CIRCLE('',#2501,1.4);
#184=CIRCLE('',#2502,1.4);
#185=CIRCLE('',#2505,1.4);
#186=CIRCLE('',#2506,1.4);
#187=CIRCLE('',#2507,1.4);
#188=CIRCLE('',#2508,1.4);
#189=CIRCLE('',#2510,0.999999999999993);
#190=CIRCLE('',#2511,49.);
#191=CIRCLE('',#2512,0.999999999999999);
#192=CIRCLE('',#2513,48.);
#193=CIRCLE('',#2515,0.999999999999992);
#194=CIRCLE('',#2516,3.);
#195=CIRCLE('',#2517,4.);
#196=CIRCLE('',#2519,0.999999999999996);
#197=CIRCLE('',#2521,0.999999999999997);
#198=CIRCLE('',#2522,33.9499999999999);
#199=CIRCLE('',#2523,34.9499999999999);
#200=CIRCLE('',#2525,0.999999999999996);
#201=CIRCLE('',#2526,3.);
#202=CIRCLE('',#2527,4.);
#203=CIRCLE('',#2529,0.999999999999999);
#204=CIRCLE('',#2531,0.999999999999999);
#205=CIRCLE('',#2532,2.);
#206=CIRCLE('',#2533,3.);
#207=CIRCLE('',#2535,1.);
#208=CIRCLE('',#2537,0.999999999999998);
#209=CIRCLE('',#2538,9.05000000000007);
#210=CIRCLE('',#2539,10.0500000000001);
#211=CIRCLE('',#2541,1.);
#212=CIRCLE('',#2543,0.999999999999996);
#213=CIRCLE('',#2544,2.);
#214=CIRCLE('',#2545,3.);
#215=CIRCLE('',#2547,1.);
#216=CIRCLE('',#2549,4.);
#217=CIRCLE('',#2550,3.);
#218=CIRCLE('',#2552,3.);
#219=CIRCLE('',#2553,3.);
#220=CIRCLE('',#2556,4.);
#221=CIRCLE('',#2558,34.9499999999999);
#222=CIRCLE('',#2559,34.9499999999999);
#223=CIRCLE('',#2562,4.);
#224=CIRCLE('',#2564,49.);
#225=CIRCLE('',#2566,3.85);
#226=CIRCLE('',#2567,1.65);
#227=CIRCLE('',#2568,1.65);
#228=CIRCLE('',#2570,1.);
#229=CIRCLE('',#2571,3.);
#230=CIRCLE('',#2572,0.999999999999996);
#231=CIRCLE('',#2574,0.999999999999988);
#232=CIRCLE('',#2576,0.999999999999996);
#233=CIRCLE('',#2577,33.9499999999999);
#234=CIRCLE('',#2579,0.999999999999979);
#235=CIRCLE('',#2580,3.);
#236=CIRCLE('',#2582,0.999999999999996);
#237=CIRCLE('',#2584,0.999999999999979);
#238=CIRCLE('',#2585,2.);
#239=CIRCLE('',#2587,0.999999999999996);
#240=CIRCLE('',#2589,0.999999999999996);
#241=CIRCLE('',#2590,10.0500000000001);
#242=CIRCLE('',#2591,9.05000000000007);
#243=CIRCLE('',#2593,0.999999999999996);
#244=CIRCLE('',#2595,1.00000000000002);
#245=CIRCLE('',#2596,3.);
#246=CIRCLE('',#2597,2.);
#247=CIRCLE('',#2599,0.999999999999996);
#248=CIRCLE('',#2601,1.00000000000001);
#249=CIRCLE('',#2602,4.);
#250=CIRCLE('',#2603,3.);
#251=CIRCLE('',#2605,48.);
#252=CIRCLE('',#2609,3.);
#253=CIRCLE('',#2613,5.);
#254=CIRCLE('',#2616,0.5);
#255=CIRCLE('',#2617,10.0500000000001);
#256=CIRCLE('',#2618,2.);
#257=CIRCLE('',#2619,0.5);
#258=CIRCLE('',#2620,3.);
#259=CIRCLE('',#2621,3.);
#260=CIRCLE('',#2622,3.);
#261=CIRCLE('',#2677,4.);
#262=CIRCLE('',#2678,2.5);
#263=CIRCLE('',#2685,3.99999999999999);
#264=CIRCLE('',#2686,2.5);
#265=CIRCLE('',#2691,1.4);
#266=CIRCLE('',#2694,1.4);
#267=CIRCLE('',#2697,1.4);
#268=CIRCLE('',#2700,1.4);
#269=CIRCLE('',#2703,1.4);
#270=CIRCLE('',#2706,1.4);
#271=CIRCLE('',#2709,1.4);
#272=CIRCLE('',#2712,1.4);
#273=CIRCLE('',#2715,3.);
#274=CIRCLE('',#2717,3.);
#275=CIRCLE('',#2719,1.65);
#276=CIRCLE('',#2720,1.65);
#277=CIRCLE('',#2722,3.);
#278=CIRCLE('',#2724,1.65);
#279=CIRCLE('',#2726,2.5);
#280=CIRCLE('',#2728,1.6);
#281=CIRCLE('',#2731,3.85);
#282=CIRCLE('',#2733,1.65);
#283=FACE_OUTER_BOUND('',#428,.T.);
#284=FACE_OUTER_BOUND('',#429,.T.);
#285=FACE_OUTER_BOUND('',#431,.T.);
#286=FACE_OUTER_BOUND('',#432,.T.);
#287=FACE_OUTER_BOUND('',#433,.T.);
#288=FACE_OUTER_BOUND('',#434,.T.);
#289=FACE_OUTER_BOUND('',#435,.T.);
#290=FACE_OUTER_BOUND('',#440,.T.);
#291=FACE_OUTER_BOUND('',#441,.T.);
#292=FACE_OUTER_BOUND('',#446,.T.);
#293=FACE_OUTER_BOUND('',#447,.T.);
#294=FACE_OUTER_BOUND('',#448,.T.);
#295=FACE_OUTER_BOUND('',#449,.T.);
#296=FACE_OUTER_BOUND('',#450,.T.);
#297=FACE_OUTER_BOUND('',#451,.T.);
#298=FACE_OUTER_BOUND('',#452,.T.);
#299=FACE_OUTER_BOUND('',#453,.T.);
#300=FACE_OUTER_BOUND('',#454,.T.);
#301=FACE_OUTER_BOUND('',#455,.T.);
#302=FACE_OUTER_BOUND('',#456,.T.);
#303=FACE_OUTER_BOUND('',#457,.T.);
#304=FACE_OUTER_BOUND('',#458,.T.);
#305=FACE_OUTER_BOUND('',#459,.T.);
#306=FACE_OUTER_BOUND('',#460,.T.);
#307=FACE_OUTER_BOUND('',#461,.T.);
#308=FACE_OUTER_BOUND('',#462,.T.);
#309=FACE_OUTER_BOUND('',#463,.T.);
#310=FACE_OUTER_BOUND('',#464,.T.);
#311=FACE_OUTER_BOUND('',#465,.T.);
#312=FACE_OUTER_BOUND('',#466,.T.);
#313=FACE_OUTER_BOUND('',#470,.T.);
#314=FACE_OUTER_BOUND('',#471,.T.);
#315=FACE_OUTER_BOUND('',#472,.T.);
#316=FACE_OUTER_BOUND('',#473,.T.);
#317=FACE_OUTER_BOUND('',#474,.T.);
#318=FACE_OUTER_BOUND('',#475,.T.);
#319=FACE_OUTER_BOUND('',#476,.T.);
#320=FACE_OUTER_BOUND('',#477,.T.);
#321=FACE_OUTER_BOUND('',#478,.T.);
#322=FACE_OUTER_BOUND('',#479,.T.);
#323=FACE_OUTER_BOUND('',#480,.T.);
#324=FACE_OUTER_BOUND('',#481,.T.);
#325=FACE_OUTER_BOUND('',#482,.T.);
#326=FACE_OUTER_BOUND('',#483,.T.);
#327=FACE_OUTER_BOUND('',#484,.T.);
#328=FACE_OUTER_BOUND('',#485,.T.);
#329=FACE_OUTER_BOUND('',#486,.T.);
#330=FACE_OUTER_BOUND('',#487,.T.);
#331=FACE_OUTER_BOUND('',#488,.T.);
#332=FACE_OUTER_BOUND('',#490,.T.);
#333=FACE_OUTER_BOUND('',#491,.T.);
#334=FACE_OUTER_BOUND('',#494,.T.);
#335=FACE_OUTER_BOUND('',#495,.T.);
#336=FACE_OUTER_BOUND('',#496,.T.);
#337=FACE_OUTER_BOUND('',#497,.T.);
#338=FACE_OUTER_BOUND('',#498,.T.);
#339=FACE_OUTER_BOUND('',#499,.T.);
#340=FACE_OUTER_BOUND('',#500,.T.);
#341=FACE_OUTER_BOUND('',#501,.T.);
#342=FACE_OUTER_BOUND('',#502,.T.);
#343=FACE_OUTER_BOUND('',#503,.T.);
#344=FACE_OUTER_BOUND('',#504,.T.);
#345=FACE_OUTER_BOUND('',#505,.T.);
#346=FACE_OUTER_BOUND('',#506,.T.);
#347=FACE_OUTER_BOUND('',#507,.T.);
#348=FACE_OUTER_BOUND('',#508,.T.);
#349=FACE_OUTER_BOUND('',#509,.T.);
#350=FACE_OUTER_BOUND('',#510,.T.);
#351=FACE_OUTER_BOUND('',#511,.T.);
#352=FACE_OUTER_BOUND('',#512,.T.);
#353=FACE_OUTER_BOUND('',#513,.T.);
#354=FACE_OUTER_BOUND('',#514,.T.);
#355=FACE_OUTER_BOUND('',#515,.T.);
#356=FACE_OUTER_BOUND('',#516,.T.);
#357=FACE_OUTER_BOUND('',#517,.T.);
#358=FACE_OUTER_BOUND('',#518,.T.);
#359=FACE_OUTER_BOUND('',#519,.T.);
#360=FACE_OUTER_BOUND('',#520,.T.);
#361=FACE_OUTER_BOUND('',#521,.T.);
#362=FACE_OUTER_BOUND('',#522,.T.);
#363=FACE_OUTER_BOUND('',#523,.T.);
#364=FACE_OUTER_BOUND('',#524,.T.);
#365=FACE_OUTER_BOUND('',#525,.T.);
#366=FACE_OUTER_BOUND('',#526,.T.);
#367=FACE_OUTER_BOUND('',#527,.T.);
#368=FACE_OUTER_BOUND('',#528,.T.);
#369=FACE_OUTER_BOUND('',#529,.T.);
#370=FACE_OUTER_BOUND('',#530,.T.);
#371=FACE_OUTER_BOUND('',#531,.T.);
#372=FACE_OUTER_BOUND('',#532,.T.);
#373=FACE_OUTER_BOUND('',#533,.T.);
#374=FACE_OUTER_BOUND('',#534,.T.);
#375=FACE_OUTER_BOUND('',#535,.T.);
#376=FACE_OUTER_BOUND('',#536,.T.);
#377=FACE_OUTER_BOUND('',#537,.T.);
#378=FACE_OUTER_BOUND('',#538,.T.);
#379=FACE_OUTER_BOUND('',#539,.T.);
#380=FACE_OUTER_BOUND('',#540,.T.);
#381=FACE_OUTER_BOUND('',#541,.T.);
#382=FACE_OUTER_BOUND('',#542,.T.);
#383=FACE_OUTER_BOUND('',#543,.T.);
#384=FACE_OUTER_BOUND('',#544,.T.);
#385=FACE_OUTER_BOUND('',#545,.T.);
#386=FACE_OUTER_BOUND('',#546,.T.);
#387=FACE_OUTER_BOUND('',#547,.T.);
#388=FACE_OUTER_BOUND('',#548,.T.);
#389=FACE_OUTER_BOUND('',#549,.T.);
#390=FACE_OUTER_BOUND('',#550,.T.);
#391=FACE_OUTER_BOUND('',#551,.T.);
#392=FACE_OUTER_BOUND('',#552,.T.);
#393=FACE_OUTER_BOUND('',#553,.T.);
#394=FACE_OUTER_BOUND('',#554,.T.);
#395=FACE_OUTER_BOUND('',#555,.T.);
#396=FACE_OUTER_BOUND('',#556,.T.);
#397=FACE_OUTER_BOUND('',#557,.T.);
#398=FACE_OUTER_BOUND('',#558,.T.);
#399=FACE_OUTER_BOUND('',#559,.T.);
#400=FACE_OUTER_BOUND('',#560,.T.);
#401=FACE_OUTER_BOUND('',#561,.T.);
#402=FACE_OUTER_BOUND('',#562,.T.);
#403=FACE_OUTER_BOUND('',#563,.T.);
#404=FACE_OUTER_BOUND('',#564,.T.);
#405=FACE_OUTER_BOUND('',#565,.T.);
#406=FACE_OUTER_BOUND('',#566,.T.);
#407=FACE_OUTER_BOUND('',#567,.T.);
#408=FACE_OUTER_BOUND('',#568,.T.);
#409=FACE_OUTER_BOUND('',#569,.T.);
#410=FACE_OUTER_BOUND('',#570,.T.);
#411=FACE_OUTER_BOUND('',#571,.T.);
#412=FACE_OUTER_BOUND('',#572,.T.);
#413=FACE_OUTER_BOUND('',#573,.T.);
#414=FACE_OUTER_BOUND('',#574,.T.);
#415=FACE_OUTER_BOUND('',#575,.T.);
#416=FACE_OUTER_BOUND('',#576,.T.);
#417=FACE_OUTER_BOUND('',#577,.T.);
#418=FACE_OUTER_BOUND('',#580,.T.);
#419=FACE_OUTER_BOUND('',#581,.T.);
#420=FACE_OUTER_BOUND('',#583,.T.);
#421=FACE_OUTER_BOUND('',#584,.T.);
#422=FACE_OUTER_BOUND('',#586,.T.);
#423=FACE_OUTER_BOUND('',#587,.T.);
#424=FACE_OUTER_BOUND('',#588,.T.);
#425=FACE_OUTER_BOUND('',#590,.T.);
#426=FACE_OUTER_BOUND('',#591,.T.);
#427=FACE_OUTER_BOUND('',#592,.T.);
#428=EDGE_LOOP('',(#1544,#1545,#1546,#1547,#1548));
#429=EDGE_LOOP('',(#1549,#1550,#1551,#1552,#1553,#1554,#1555,#1556,#1557,
#1558,#1559,#1560,#1561,#1562,#1563,#1564,#1565,#1566,#1567,#1568,#1569));
#430=EDGE_LOOP('',(#1570));
#431=EDGE_LOOP('',(#1571,#1572,#1573,#1574,#1575,#1576,#1577,#1578,#1579,
#1580,#1581,#1582,#1583,#1584,#1585,#1586));
#432=EDGE_LOOP('',(#1587,#1588,#1589,#1590,#1591,#1592));
#433=EDGE_LOOP('',(#1593,#1594,#1595,#1596,#1597));
#434=EDGE_LOOP('',(#1598,#1599,#1600,#1601,#1602,#1603,#1604));
#435=EDGE_LOOP('',(#1605,#1606,#1607,#1608,#1609,#1610,#1611));
#436=EDGE_LOOP('',(#1612));
#437=EDGE_LOOP('',(#1613));
#438=EDGE_LOOP('',(#1614));
#439=EDGE_LOOP('',(#1615));
#440=EDGE_LOOP('',(#1616,#1617,#1618,#1619,#1620,#1621,#1622,#1623,#1624,
#1625,#1626,#1627,#1628,#1629,#1630,#1631));
#441=EDGE_LOOP('',(#1632,#1633,#1634,#1635,#1636,#1637,#1638));
#442=EDGE_LOOP('',(#1639));
#443=EDGE_LOOP('',(#1640));
#444=EDGE_LOOP('',(#1641));
#445=EDGE_LOOP('',(#1642));
#446=EDGE_LOOP('',(#1643,#1644,#1645,#1646));
#447=EDGE_LOOP('',(#1647,#1648,#1649,#1650));
#448=EDGE_LOOP('',(#1651,#1652,#1653,#1654));
#449=EDGE_LOOP('',(#1655,#1656,#1657,#1658));
#450=EDGE_LOOP('',(#1659,#1660,#1661,#1662));
#451=EDGE_LOOP('',(#1663,#1664,#1665,#1666));
#452=EDGE_LOOP('',(#1667,#1668,#1669,#1670));
#453=EDGE_LOOP('',(#1671,#1672,#1673,#1674));
#454=EDGE_LOOP('',(#1675,#1676,#1677,#1678));
#455=EDGE_LOOP('',(#1679,#1680,#1681,#1682));
#456=EDGE_LOOP('',(#1683,#1684,#1685,#1686));
#457=EDGE_LOOP('',(#1687,#1688,#1689,#1690));
#458=EDGE_LOOP('',(#1691,#1692,#1693,#1694));
#459=EDGE_LOOP('',(#1695,#1696,#1697,#1698,#1699,#1700,#1701,#1702));
#460=EDGE_LOOP('',(#1703,#1704,#1705,#1706));
#461=EDGE_LOOP('',(#1707,#1708,#1709,#1710));
#462=EDGE_LOOP('',(#1711,#1712,#1713,#1714,#1715,#1716,#1717,#1718));
#463=EDGE_LOOP('',(#1719,#1720,#1721,#1722,#1723,#1724,#1725,#1726));
#464=EDGE_LOOP('',(#1727,#1728,#1729,#1730));
#465=EDGE_LOOP('',(#1731,#1732,#1733,#1734));
#466=EDGE_LOOP('',(#1735,#1736,#1737,#1738,#1739,#1740,#1741,#1742,#1743,
#1744,#1745,#1746,#1747));
#467=EDGE_LOOP('',(#1748));
#468=EDGE_LOOP('',(#1749));
#469=EDGE_LOOP('',(#1750));
#470=EDGE_LOOP('',(#1751,#1752,#1753,#1754));
#471=EDGE_LOOP('',(#1755,#1756,#1757,#1758));
#472=EDGE_LOOP('',(#1759,#1760,#1761,#1762));
#473=EDGE_LOOP('',(#1763,#1764,#1765,#1766));
#474=EDGE_LOOP('',(#1767,#1768,#1769,#1770));
#475=EDGE_LOOP('',(#1771,#1772,#1773,#1774));
#476=EDGE_LOOP('',(#1775,#1776,#1777,#1778));
#477=EDGE_LOOP('',(#1779,#1780,#1781,#1782));
#478=EDGE_LOOP('',(#1783,#1784,#1785,#1786));
#479=EDGE_LOOP('',(#1787,#1788,#1789,#1790));
#480=EDGE_LOOP('',(#1791,#1792,#1793,#1794));
#481=EDGE_LOOP('',(#1795,#1796,#1797,#1798));
#482=EDGE_LOOP('',(#1799,#1800,#1801,#1802));
#483=EDGE_LOOP('',(#1803,#1804,#1805,#1806));
#484=EDGE_LOOP('',(#1807,#1808,#1809,#1810));
#485=EDGE_LOOP('',(#1811,#1812,#1813,#1814,#1815,#1816,#1817,#1818));
#486=EDGE_LOOP('',(#1819,#1820,#1821,#1822));
#487=EDGE_LOOP('',(#1823,#1824,#1825,#1826));
#488=EDGE_LOOP('',(#1827,#1828,#1829,#1830,#1831,#1832,#1833,#1834,#1835,
#1836,#1837,#1838,#1839));
#489=EDGE_LOOP('',(#1840));
#490=EDGE_LOOP('',(#1841,#1842,#1843,#1844));
#491=EDGE_LOOP('',(#1845,#1846,#1847,#1848,#1849,#1850,#1851,#1852,#1853,
#1854,#1855,#1856,#1857,#1858,#1859,#1860,#1861,#1862,#1863,#1864,#1865));
#492=EDGE_LOOP('',(#1866));
#493=EDGE_LOOP('',(#1867,#1868));
#494=EDGE_LOOP('',(#1869,#1870,#1871,#1872));
#495=EDGE_LOOP('',(#1873,#1874,#1875,#1876));
#496=EDGE_LOOP('',(#1877,#1878,#1879,#1880));
#497=EDGE_LOOP('',(#1881,#1882,#1883,#1884,#1885));
#498=EDGE_LOOP('',(#1886,#1887,#1888,#1889,#1890));
#499=EDGE_LOOP('',(#1891,#1892,#1893,#1894,#1895,#1896));
#500=EDGE_LOOP('',(#1897,#1898,#1899,#1900));
#501=EDGE_LOOP('',(#1901,#1902,#1903,#1904));
#502=EDGE_LOOP('',(#1905,#1906,#1907,#1908));
#503=EDGE_LOOP('',(#1909,#1910,#1911,#1912));
#504=EDGE_LOOP('',(#1913,#1914,#1915,#1916));
#505=EDGE_LOOP('',(#1917,#1918,#1919,#1920));
#506=EDGE_LOOP('',(#1921,#1922,#1923,#1924));
#507=EDGE_LOOP('',(#1925,#1926,#1927,#1928));
#508=EDGE_LOOP('',(#1929,#1930,#1931,#1932));
#509=EDGE_LOOP('',(#1933,#1934,#1935,#1936));
#510=EDGE_LOOP('',(#1937,#1938,#1939,#1940));
#511=EDGE_LOOP('',(#1941,#1942,#1943,#1944));
#512=EDGE_LOOP('',(#1945,#1946,#1947,#1948));
#513=EDGE_LOOP('',(#1949,#1950,#1951,#1952));
#514=EDGE_LOOP('',(#1953,#1954,#1955,#1956));
#515=EDGE_LOOP('',(#1957,#1958,#1959,#1960));
#516=EDGE_LOOP('',(#1961,#1962,#1963,#1964));
#517=EDGE_LOOP('',(#1965,#1966,#1967,#1968));
#518=EDGE_LOOP('',(#1969,#1970,#1971,#1972));
#519=EDGE_LOOP('',(#1973,#1974,#1975,#1976));
#520=EDGE_LOOP('',(#1977,#1978,#1979,#1980));
#521=EDGE_LOOP('',(#1981,#1982,#1983,#1984));
#522=EDGE_LOOP('',(#1985,#1986,#1987,#1988));
#523=EDGE_LOOP('',(#1989,#1990,#1991,#1992));
#524=EDGE_LOOP('',(#1993,#1994,#1995,#1996));
#525=EDGE_LOOP('',(#1997,#1998,#1999,#2000));
#526=EDGE_LOOP('',(#2001,#2002,#2003,#2004));
#527=EDGE_LOOP('',(#2005,#2006,#2007,#2008));
#528=EDGE_LOOP('',(#2009,#2010,#2011,#2012));
#529=EDGE_LOOP('',(#2013,#2014,#2015,#2016));
#530=EDGE_LOOP('',(#2017,#2018,#2019,#2020));
#531=EDGE_LOOP('',(#2021,#2022,#2023,#2024));
#532=EDGE_LOOP('',(#2025,#2026,#2027,#2028));
#533=EDGE_LOOP('',(#2029,#2030,#2031,#2032));
#534=EDGE_LOOP('',(#2033,#2034,#2035,#2036,#2037,#2038));
#535=EDGE_LOOP('',(#2039,#2040,#2041,#2042,#2043,#2044,#2045,#2046,#2047));
#536=EDGE_LOOP('',(#2048,#2049,#2050,#2051,#2052,#2053));
#537=EDGE_LOOP('',(#2054,#2055,#2056,#2057,#2058));
#538=EDGE_LOOP('',(#2059,#2060,#2061,#2062));
#539=EDGE_LOOP('',(#2063,#2064,#2065,#2066));
#540=EDGE_LOOP('',(#2067,#2068,#2069,#2070));
#541=EDGE_LOOP('',(#2071,#2072,#2073,#2074,#2075,#2076));
#542=EDGE_LOOP('',(#2077,#2078,#2079,#2080));
#543=EDGE_LOOP('',(#2081,#2082,#2083,#2084,#2085,#2086,#2087,#2088,#2089));
#544=EDGE_LOOP('',(#2090,#2091,#2092,#2093));
#545=EDGE_LOOP('',(#2094,#2095,#2096,#2097,#2098,#2099,#2100));
#546=EDGE_LOOP('',(#2101,#2102,#2103,#2104,#2105));
#547=EDGE_LOOP('',(#2106,#2107,#2108,#2109,#2110,#2111));
#548=EDGE_LOOP('',(#2112,#2113,#2114,#2115,#2116,#2117,#2118,#2119,#2120));
#549=EDGE_LOOP('',(#2121,#2122,#2123,#2124,#2125,#2126));
#550=EDGE_LOOP('',(#2127,#2128,#2129,#2130,#2131));
#551=EDGE_LOOP('',(#2132,#2133,#2134,#2135));
#552=EDGE_LOOP('',(#2136,#2137,#2138,#2139));
#553=EDGE_LOOP('',(#2140,#2141,#2142,#2143));
#554=EDGE_LOOP('',(#2144,#2145,#2146,#2147,#2148,#2149));
#555=EDGE_LOOP('',(#2150,#2151,#2152,#2153));
#556=EDGE_LOOP('',(#2154,#2155,#2156,#2157,#2158,#2159,#2160,#2161,#2162));
#557=EDGE_LOOP('',(#2163,#2164,#2165,#2166));
#558=EDGE_LOOP('',(#2167,#2168,#2169,#2170,#2171));
#559=EDGE_LOOP('',(#2172,#2173,#2174,#2175));
#560=EDGE_LOOP('',(#2176));
#561=EDGE_LOOP('',(#2177,#2178,#2179,#2180));
#562=EDGE_LOOP('',(#2181));
#563=EDGE_LOOP('',(#2182,#2183,#2184,#2185));
#564=EDGE_LOOP('',(#2186));
#565=EDGE_LOOP('',(#2187,#2188,#2189,#2190));
#566=EDGE_LOOP('',(#2191));
#567=EDGE_LOOP('',(#2192,#2193,#2194,#2195));
#568=EDGE_LOOP('',(#2196));
#569=EDGE_LOOP('',(#2197,#2198,#2199,#2200));
#570=EDGE_LOOP('',(#2201));
#571=EDGE_LOOP('',(#2202,#2203,#2204,#2205));
#572=EDGE_LOOP('',(#2206));
#573=EDGE_LOOP('',(#2207,#2208,#2209,#2210));
#574=EDGE_LOOP('',(#2211));
#575=EDGE_LOOP('',(#2212,#2213,#2214,#2215));
#576=EDGE_LOOP('',(#2216,#2217,#2218,#2219));
#577=EDGE_LOOP('',(#2220,#2221));
#578=EDGE_LOOP('',(#2222));
#579=EDGE_LOOP('',(#2223));
#580=EDGE_LOOP('',(#2224,#2225,#2226,#2227));
#581=EDGE_LOOP('',(#2228));
#582=EDGE_LOOP('',(#2229));
#583=EDGE_LOOP('',(#2230,#2231,#2232,#2233));
#584=EDGE_LOOP('',(#2234));
#585=EDGE_LOOP('',(#2235));
#586=EDGE_LOOP('',(#2236,#2237,#2238,#2239));
#587=EDGE_LOOP('',(#2240,#2241,#2242,#2243));
#588=EDGE_LOOP('',(#2244));
#589=EDGE_LOOP('',(#2245));
#590=EDGE_LOOP('',(#2246,#2247,#2248,#2249));
#591=EDGE_LOOP('',(#2250,#2251,#2252,#2253));
#592=EDGE_LOOP('',(#2254,#2255,#2256,#2257));
#593=ELLIPSE('',#2479,0.707106781186548,0.5);
#594=ELLIPSE('',#2492,0.707106781186549,0.5);
#595=ELLIPSE('',#2493,0.707106781186548,0.5);
#596=ELLIPSE('',#2495,0.707106781186548,0.5);
#597=ELLIPSE('',#2627,0.707106781186549,0.5);
#598=ELLIPSE('',#2629,0.707106781186548,0.5);
#599=ELLIPSE('',#2631,0.707106781186549,0.5);
#600=ELLIPSE('',#2632,0.707106781186548,0.5);
#601=ELLIPSE('',#2634,0.707106781186548,0.5);
#602=ELLIPSE('',#2639,0.707106781186549,0.5);
#603=ELLIPSE('',#2641,0.707106781186547,0.5);
#604=ELLIPSE('',#2647,0.707106781186548,0.5);
#605=ELLIPSE('',#2655,0.707106781186547,0.5);
#606=ELLIPSE('',#2660,0.707106781186549,0.5);
#607=ELLIPSE('',#2662,0.707106781186547,0.5);
#608=ELLIPSE('',#2668,0.707106781186547,0.5);
#609=LINE('',#3438,#786);
#610=LINE('',#3440,#787);
#611=LINE('',#3444,#788);
#612=LINE('',#3445,#789);
#613=LINE('',#3448,#790);
#614=LINE('',#3450,#791);
#615=LINE('',#3454,#792);
#616=LINE('',#3456,#793);
#617=LINE('',#3458,#794);
#618=LINE('',#3462,#795);
#619=LINE('',#3466,#796);
#620=LINE('',#3470,#797);
#621=LINE('',#3474,#798);
#622=LINE('',#3478,#799);
#623=LINE('',#3482,#800);
#624=LINE('',#3485,#801);
#625=LINE('',#3490,#802);
#626=LINE('',#3492,#803);
#627=LINE('',#3494,#804);
#628=LINE('',#3496,#805);
#629=LINE('',#3498,#806);
#630=LINE('',#3500,#807);
#631=LINE('',#3502,#808);
#632=LINE('',#3504,#809);
#633=LINE('',#3506,#810);
#634=LINE('',#3508,#811);
#635=LINE('',#3510,#812);
#636=LINE('',#3512,#813);
#637=LINE('',#3514,#814);
#638=LINE('',#3515,#815);
#639=LINE('',#3518,#816);
#640=LINE('',#3520,#817);
#641=LINE('',#3524,#818);
#642=LINE('',#3528,#819);
#643=LINE('',#3530,#820);
#644=LINE('',#3533,#821);
#645=LINE('',#3537,#822);
#646=LINE('',#3540,#823);
#647=LINE('',#3541,#824);
#648=LINE('',#3556,#825);
#649=LINE('',#3557,#826);
#650=LINE('',#3592,#827);
#651=LINE('',#3604,#828);
#652=LINE('',#3606,#829);
#653=LINE('',#3607,#830);
#654=LINE('',#3609,#831);
#655=LINE('',#3611,#832);
#656=LINE('',#3613,#833);
#657=LINE('',#3615,#834);
#658=LINE('',#3617,#835);
#659=LINE('',#3619,#836);
#660=LINE('',#3621,#837);
#661=LINE('',#3623,#838);
#662=LINE('',#3625,#839);
#663=LINE('',#3627,#840);
#664=LINE('',#3629,#841);
#665=LINE('',#3630,#842);
#666=LINE('',#3633,#843);
#667=LINE('',#3635,#844);
#668=LINE('',#3671,#845);
#669=LINE('',#3672,#846);
#670=LINE('',#3700,#847);
#671=LINE('',#3701,#848);
#672=LINE('',#3718,#849);
#673=LINE('',#3719,#850);
#674=LINE('',#3730,#851);
#675=LINE('',#3731,#852);
#676=LINE('',#3742,#853);
#677=LINE('',#3743,#854);
#678=LINE('',#3754,#855);
#679=LINE('',#3755,#856);
#680=LINE('',#3761,#857);
#681=LINE('',#3764,#858);
#682=LINE('',#3767,#859);
#683=LINE('',#3770,#860);
#684=LINE('',#3771,#861);
#685=LINE('',#3774,#862);
#686=LINE('',#3778,#863);
#687=LINE('',#3781,#864);
#688=LINE('',#3785,#865);
#689=LINE('',#3786,#866);
#690=LINE('',#3787,#867);
#691=LINE('',#3790,#868);
#692=LINE('',#3794,#869);
#693=LINE('',#3812,#870);
#694=LINE('',#3824,#871);
#695=LINE('',#3833,#872);
#696=LINE('',#3834,#873);
#697=LINE('',#3845,#874);
#698=LINE('',#3846,#875);
#699=LINE('',#3857,#876);
#700=LINE('',#3858,#877);
#701=LINE('',#3867,#878);
#702=LINE('',#3868,#879);
#703=LINE('',#3870,#880);
#704=LINE('',#3873,#881);
#705=LINE('',#3875,#882);
#706=LINE('',#3877,#883);
#707=LINE('',#3885,#884);
#708=LINE('',#3888,#885);
#709=LINE('',#3890,#886);
#710=LINE('',#3893,#887);
#711=LINE('',#3897,#888);
#712=LINE('',#3901,#889);
#713=LINE('',#3902,#890);
#714=LINE('',#3910,#891);
#715=LINE('',#3911,#892);
#716=LINE('',#3916,#893);
#717=LINE('',#3919,#894);
#718=LINE('',#3922,#895);
#719=LINE('',#3925,#896);
#720=LINE('',#3928,#897);
#721=LINE('',#3930,#898);
#722=LINE('',#3934,#899);
#723=LINE('',#3938,#900);
#724=LINE('',#3940,#901);
#725=LINE('',#3943,#902);
#726=LINE('',#3944,#903);
#727=LINE('',#3946,#904);
#728=LINE('',#3948,#905);
#729=LINE('',#3951,#906);
#730=LINE('',#3953,#907);
#731=LINE('',#3957,#908);
#732=LINE('',#3960,#909);
#733=LINE('',#3962,#910);
#734=LINE('',#3963,#911);
#735=LINE('',#3965,#912);
#736=LINE('',#3967,#913);
#737=LINE('',#3971,#914);
#738=LINE('',#3973,#915);
#739=LINE('',#3976,#916);
#740=LINE('',#3977,#917);
#741=LINE('',#3980,#918);
#742=LINE('',#3986,#919);
#743=LINE('',#3988,#920);
#744=LINE('',#3991,#921);
#745=LINE('',#3992,#922);
#746=LINE('',#3994,#923);
#747=LINE('',#3996,#924);
#748=LINE('',#3999,#925);
#749=LINE('',#4001,#926);
#750=LINE('',#4005,#927);
#751=LINE('',#4008,#928);
#752=LINE('',#4010,#929);
#753=LINE('',#4011,#930);
#754=LINE('',#4013,#931);
#755=LINE('',#4015,#932);
#756=LINE('',#4016,#933);
#757=LINE('',#4020,#934);
#758=LINE('',#4022,#935);
#759=LINE('',#4025,#936);
#760=LINE('',#4026,#937);
#761=LINE('',#4029,#938);
#762=LINE('',#4030,#939);
#763=LINE('',#4183,#940);
#764=LINE('',#4208,#941);
#765=LINE('',#4230,#942);
#766=LINE('',#4700,#943);
#767=LINE('',#4713,#944);
#768=LINE('',#4735,#945);
#769=LINE('',#5057,#946);
#770=LINE('',#5062,#947);
#771=LINE('',#5067,#948);
#772=LINE('',#5072,#949);
#773=LINE('',#5077,#950);
#774=LINE('',#5082,#951);
#775=LINE('',#5087,#952);
#776=LINE('',#5092,#953);
#777=LINE('',#5097,#954);
#778=LINE('',#5100,#955);
#779=LINE('',#5110,#956);
#780=LINE('',#5118,#957);
#781=LINE('',#5123,#958);
#782=LINE('',#5127,#959);
#783=LINE('',#5132,#960);
#784=LINE('',#5134,#961);
#785=LINE('',#5136,#962);
#786=VECTOR('',#2741,10.);
#787=VECTOR('',#2742,10.);
#788=VECTOR('',#2745,10.);
#789=VECTOR('',#2746,10.);
#790=VECTOR('',#2749,10.);
#791=VECTOR('',#2750,10.);
#792=VECTOR('',#2753,10.);
#793=VECTOR('',#2754,10.);
#794=VECTOR('',#2755,10.);
#795=VECTOR('',#2758,10.);
#796=VECTOR('',#2761,10.);
#797=VECTOR('',#2764,10.);
#798=VECTOR('',#2767,10.);
#799=VECTOR('',#2770,10.);
#800=VECTOR('',#2773,10.);
#801=VECTOR('',#2776,10.);
#802=VECTOR('',#2781,10.);
#803=VECTOR('',#2782,2.);
#804=VECTOR('',#2783,10.);
#805=VECTOR('',#2784,10.);
#806=VECTOR('',#2785,10.);
#807=VECTOR('',#2786,2.);
#808=VECTOR('',#2787,10.);
#809=VECTOR('',#2788,10.);
#810=VECTOR('',#2789,10.);
#811=VECTOR('',#2790,2.);
#812=VECTOR('',#2791,10.);
#813=VECTOR('',#2792,10.);
#814=VECTOR('',#2793,10.);
#815=VECTOR('',#2794,10.);
#816=VECTOR('',#2797,10.);
#817=VECTOR('',#2798,10.);
#818=VECTOR('',#2801,10.);
#819=VECTOR('',#2806,10.);
#820=VECTOR('',#2807,10.);
#821=VECTOR('',#2810,10.);
#822=VECTOR('',#2813,2.);
#823=VECTOR('',#2816,10.);
#824=VECTOR('',#2817,10.);
#825=VECTOR('',#2820,10.);
#826=VECTOR('',#2821,10.);
#827=VECTOR('',#2822,2.);
#828=VECTOR('',#2833,2.);
#829=VECTOR('',#2834,10.);
#830=VECTOR('',#2835,10.);
#831=VECTOR('',#2836,10.);
#832=VECTOR('',#2837,10.);
#833=VECTOR('',#2838,10.);
#834=VECTOR('',#2839,10.);
#835=VECTOR('',#2840,2.);
#836=VECTOR('',#2841,10.);
#837=VECTOR('',#2842,10.);
#838=VECTOR('',#2843,10.);
#839=VECTOR('',#2844,2.);
#840=VECTOR('',#2845,10.);
#841=VECTOR('',#2846,10.);
#842=VECTOR('',#2847,10.);
#843=VECTOR('',#2850,10.);
#844=VECTOR('',#2851,2.);
#845=VECTOR('',#2852,10.);
#846=VECTOR('',#2853,10.);
#847=VECTOR('',#2884,10.);
#848=VECTOR('',#2885,10.);
#849=VECTOR('',#2906,10.);
#850=VECTOR('',#2907,10.);
#851=VECTOR('',#2920,10.);
#852=VECTOR('',#2921,10.);
#853=VECTOR('',#2934,10.);
#854=VECTOR('',#2935,10.);
#855=VECTOR('',#2948,10.);
#856=VECTOR('',#2949,10.);
#857=VECTOR('',#2958,10.);
#858=VECTOR('',#2961,10.);
#859=VECTOR('',#2964,10.);
#860=VECTOR('',#2967,10.);
#861=VECTOR('',#2968,10.);
#862=VECTOR('',#2971,10.);
#863=VECTOR('',#2976,10.);
#864=VECTOR('',#2979,10.);
#865=VECTOR('',#2984,10.);
#866=VECTOR('',#2985,10.);
#867=VECTOR('',#2986,10.);
#868=VECTOR('',#2989,10.);
#869=VECTOR('',#2994,10.);
#870=VECTOR('',#3017,10.);
#871=VECTOR('',#3034,10.);
#872=VECTOR('',#3045,10.);
#873=VECTOR('',#3046,10.);
#874=VECTOR('',#3059,10.);
#875=VECTOR('',#3060,10.);
#876=VECTOR('',#3073,10.);
#877=VECTOR('',#3074,10.);
#878=VECTOR('',#3089,10.);
#879=VECTOR('',#3090,10.);
#880=VECTOR('',#3093,10.);
#881=VECTOR('',#3096,10.);
#882=VECTOR('',#3099,10.);
#883=VECTOR('',#3102,10.);
#884=VECTOR('',#3113,10.);
#885=VECTOR('',#3116,10.);
#886=VECTOR('',#3117,10.);
#887=VECTOR('',#3120,10.);
#888=VECTOR('',#3123,10.);
#889=VECTOR('',#3126,10.);
#890=VECTOR('',#3127,10.);
#891=VECTOR('',#3136,10.);
#892=VECTOR('',#3137,10.);
#893=VECTOR('',#3144,10.);
#894=VECTOR('',#3147,10.);
#895=VECTOR('',#3150,10.);
#896=VECTOR('',#3153,10.);
#897=VECTOR('',#3156,10.);
#898=VECTOR('',#3157,10.);
#899=VECTOR('',#3160,10.);
#900=VECTOR('',#3165,10.);
#901=VECTOR('',#3166,10.);
#902=VECTOR('',#3171,10.);
#903=VECTOR('',#3172,10.);
#904=VECTOR('',#3175,10.);
#905=VECTOR('',#3178,10.);
#906=VECTOR('',#3181,10.);
#907=VECTOR('',#3182,10.);
#908=VECTOR('',#3187,10.);
#909=VECTOR('',#3190,10.);
#910=VECTOR('',#3193,10.);
#911=VECTOR('',#3194,10.);
#912=VECTOR('',#3197,10.);
#913=VECTOR('',#3200,10.);
#914=VECTOR('',#3205,10.);
#915=VECTOR('',#3206,10.);
#916=VECTOR('',#3211,10.);
#917=VECTOR('',#3212,10.);
#918=VECTOR('',#3217,10.);
#919=VECTOR('',#3226,10.);
#920=VECTOR('',#3227,10.);
#921=VECTOR('',#3232,10.);
#922=VECTOR('',#3233,10.);
#923=VECTOR('',#3236,10.);
#924=VECTOR('',#3239,10.);
#925=VECTOR('',#3242,10.);
#926=VECTOR('',#3243,10.);
#927=VECTOR('',#3248,10.);
#928=VECTOR('',#3251,10.);
#929=VECTOR('',#3254,10.);
#930=VECTOR('',#3255,10.);
#931=VECTOR('',#3258,10.);
#932=VECTOR('',#3261,10.);
#933=VECTOR('',#3262,10.);
#934=VECTOR('',#3267,10.);
#935=VECTOR('',#3268,10.);
#936=VECTOR('',#3273,10.);
#937=VECTOR('',#3274,10.);
#938=VECTOR('',#3279,10.);
#939=VECTOR('',#3280,10.);
#940=VECTOR('',#3287,10.);
#941=VECTOR('',#3290,10.);
#942=VECTOR('',#3293,10.);
#943=VECTOR('',#3306,10.);
#944=VECTOR('',#3309,10.);
#945=VECTOR('',#3312,10.);
#946=VECTOR('',#3325,1.4);
#947=VECTOR('',#3332,1.4);
#948=VECTOR('',#3339,1.4);
#949=VECTOR('',#3346,1.4);
#950=VECTOR('',#3353,1.4);
#951=VECTOR('',#3360,1.4);
#952=VECTOR('',#3367,1.4);
#953=VECTOR('',#3374,1.4);
#954=VECTOR('',#3381,10.);
#955=VECTOR('',#3384,10.);
#956=VECTOR('',#3397,3.);
#957=VECTOR('',#3408,3.75);
#958=VECTOR('',#3415,1.6);
#959=VECTOR('',#3420,3.85);
#960=VECTOR('',#3427,1.65);
#961=VECTOR('',#3430,1.65);
#962=VECTOR('',#3433,1.65);
#963=VERTEX_POINT('',#3436);
#964=VERTEX_POINT('',#3437);
#965=VERTEX_POINT('',#3439);
#966=VERTEX_POINT('',#3441);
#967=VERTEX_POINT('',#3443);
#968=VERTEX_POINT('',#3447);
#969=VERTEX_POINT('',#3449);
#970=VERTEX_POINT('',#3451);
#971=VERTEX_POINT('',#3453);
#972=VERTEX_POINT('',#3455);
#973=VERTEX_POINT('',#3457);
#974=VERTEX_POINT('',#3459);
#975=VERTEX_POINT('',#3461);
#976=VERTEX_POINT('',#3463);
#977=VERTEX_POINT('',#3465);
#978=VERTEX_POINT('',#3467);
#979=VERTEX_POINT('',#3469);
#980=VERTEX_POINT('',#3471);
#981=VERTEX_POINT('',#3473);
#982=VERTEX_POINT('',#3475);
#983=VERTEX_POINT('',#3477);
#984=VERTEX_POINT('',#3479);
#985=VERTEX_POINT('',#3481);
#986=VERTEX_POINT('',#3483);
#987=VERTEX_POINT('',#3486);
#988=VERTEX_POINT('',#3489);
#989=VERTEX_POINT('',#3491);
#990=VERTEX_POINT('',#3493);
#991=VERTEX_POINT('',#3495);
#992=VERTEX_POINT('',#3497);
#993=VERTEX_POINT('',#3499);
#994=VERTEX_POINT('',#3501);
#995=VERTEX_POINT('',#3503);
#996=VERTEX_POINT('',#3505);
#997=VERTEX_POINT('',#3507);
#998=VERTEX_POINT('',#3509);
#999=VERTEX_POINT('',#3511);
#1000=VERTEX_POINT('',#3513);
#1001=VERTEX_POINT('',#3517);
#1002=VERTEX_POINT('',#3519);
#1003=VERTEX_POINT('',#3521);
#1004=VERTEX_POINT('',#3523);
#1005=VERTEX_POINT('',#3527);
#1006=VERTEX_POINT('',#3529);
#1007=VERTEX_POINT('',#3531);
#1008=VERTEX_POINT('',#3535);
#1009=VERTEX_POINT('',#3536);
#1010=VERTEX_POINT('',#3538);
#1011=VERTEX_POINT('',#3555);
#1012=VERTEX_POINT('',#3558);
#1013=VERTEX_POINT('',#3575);
#1014=VERTEX_POINT('',#3593);
#1015=VERTEX_POINT('',#3595);
#1016=VERTEX_POINT('',#3597);
#1017=VERTEX_POINT('',#3599);
#1018=VERTEX_POINT('',#3602);
#1019=VERTEX_POINT('',#3603);
#1020=VERTEX_POINT('',#3605);
#1021=VERTEX_POINT('',#3608);
#1022=VERTEX_POINT('',#3610);
#1023=VERTEX_POINT('',#3612);
#1024=VERTEX_POINT('',#3614);
#1025=VERTEX_POINT('',#3616);
#1026=VERTEX_POINT('',#3618);
#1027=VERTEX_POINT('',#3620);
#1028=VERTEX_POINT('',#3622);
#1029=VERTEX_POINT('',#3624);
#1030=VERTEX_POINT('',#3626);
#1031=VERTEX_POINT('',#3628);
#1032=VERTEX_POINT('',#3632);
#1033=VERTEX_POINT('',#3634);
#1034=VERTEX_POINT('',#3636);
#1035=VERTEX_POINT('',#3653);
#1036=VERTEX_POINT('',#3670);
#1037=VERTEX_POINT('',#3673);
#1038=VERTEX_POINT('',#3675);
#1039=VERTEX_POINT('',#3677);
#1040=VERTEX_POINT('',#3679);
#1041=VERTEX_POINT('',#3682);
#1042=VERTEX_POINT('',#3683);
#1043=VERTEX_POINT('',#3685);
#1044=VERTEX_POINT('',#3687);
#1045=VERTEX_POINT('',#3691);
#1046=VERTEX_POINT('',#3692);
#1047=VERTEX_POINT('',#3697);
#1048=VERTEX_POINT('',#3698);
#1049=VERTEX_POINT('',#3703);
#1050=VERTEX_POINT('',#3704);
#1051=VERTEX_POINT('',#3709);
#1052=VERTEX_POINT('',#3710);
#1053=VERTEX_POINT('',#3715);
#1054=VERTEX_POINT('',#3716);
#1055=VERTEX_POINT('',#3721);
#1056=VERTEX_POINT('',#3722);
#1057=VERTEX_POINT('',#3727);
#1058=VERTEX_POINT('',#3728);
#1059=VERTEX_POINT('',#3733);
#1060=VERTEX_POINT('',#3734);
#1061=VERTEX_POINT('',#3739);
#1062=VERTEX_POINT('',#3740);
#1063=VERTEX_POINT('',#3745);
#1064=VERTEX_POINT('',#3746);
#1065=VERTEX_POINT('',#3751);
#1066=VERTEX_POINT('',#3752);
#1067=VERTEX_POINT('',#3760);
#1068=VERTEX_POINT('',#3762);
#1069=VERTEX_POINT('',#3765);
#1070=VERTEX_POINT('',#3769);
#1071=VERTEX_POINT('',#3773);
#1072=VERTEX_POINT('',#3777);
#1073=VERTEX_POINT('',#3780);
#1074=VERTEX_POINT('',#3784);
#1075=VERTEX_POINT('',#3789);
#1076=VERTEX_POINT('',#3793);
#1077=VERTEX_POINT('',#3797);
#1078=VERTEX_POINT('',#3799);
#1079=VERTEX_POINT('',#3801);
#1080=VERTEX_POINT('',#3804);
#1081=VERTEX_POINT('',#3806);
#1082=VERTEX_POINT('',#3810);
#1083=VERTEX_POINT('',#3814);
#1084=VERTEX_POINT('',#3818);
#1085=VERTEX_POINT('',#3822);
#1086=VERTEX_POINT('',#3826);
#1087=VERTEX_POINT('',#3830);
#1088=VERTEX_POINT('',#3831);
#1089=VERTEX_POINT('',#3836);
#1090=VERTEX_POINT('',#3837);
#1091=VERTEX_POINT('',#3842);
#1092=VERTEX_POINT('',#3843);
#1093=VERTEX_POINT('',#3848);
#1094=VERTEX_POINT('',#3849);
#1095=VERTEX_POINT('',#3854);
#1096=VERTEX_POINT('',#3855);
#1097=VERTEX_POINT('',#3860);
#1098=VERTEX_POINT('',#3872);
#1099=VERTEX_POINT('',#3880);
#1100=VERTEX_POINT('',#3884);
#1101=VERTEX_POINT('',#3886);
#1102=VERTEX_POINT('',#3889);
#1103=VERTEX_POINT('',#3891);
#1104=VERTEX_POINT('',#3894);
#1105=VERTEX_POINT('',#3896);
#1106=VERTEX_POINT('',#3898);
#1107=VERTEX_POINT('',#3900);
#1108=VERTEX_POINT('',#3903);
#1109=VERTEX_POINT('',#3905);
#1110=VERTEX_POINT('',#3906);
#1111=VERTEX_POINT('',#3915);
#1112=VERTEX_POINT('',#3917);
#1113=VERTEX_POINT('',#3921);
#1114=VERTEX_POINT('',#3923);
#1115=VERTEX_POINT('',#3927);
#1116=VERTEX_POINT('',#3929);
#1117=VERTEX_POINT('',#3931);
#1118=VERTEX_POINT('',#3933);
#1119=VERTEX_POINT('',#3937);
#1120=VERTEX_POINT('',#3939);
#1121=VERTEX_POINT('',#3950);
#1122=VERTEX_POINT('',#3952);
#1123=VERTEX_POINT('',#3956);
#1124=VERTEX_POINT('',#3958);
#1125=VERTEX_POINT('',#3970);
#1126=VERTEX_POINT('',#3972);
#1127=VERTEX_POINT('',#3985);
#1128=VERTEX_POINT('',#3987);
#1129=VERTEX_POINT('',#3998);
#1130=VERTEX_POINT('',#4000);
#1131=VERTEX_POINT('',#4004);
#1132=VERTEX_POINT('',#4006);
#1133=VERTEX_POINT('',#4019);
#1134=VERTEX_POINT('',#4021);
#1135=VERTEX_POINT('',#4074);
#1136=VERTEX_POINT('',#4075);
#1137=VERTEX_POINT('',#4084);
#1138=VERTEX_POINT('',#4089);
#1139=VERTEX_POINT('',#4098);
#1140=VERTEX_POINT('',#4109);
#1141=VERTEX_POINT('',#4164);
#1142=VERTEX_POINT('',#4171);
#1143=VERTEX_POINT('',#4176);
#1144=VERTEX_POINT('',#4207);
#1145=VERTEX_POINT('',#4209);
#1146=VERTEX_POINT('',#4229);
#1147=VERTEX_POINT('',#4231);
#1148=VERTEX_POINT('',#4337);
#1149=VERTEX_POINT('',#4346);
#1150=VERTEX_POINT('',#4430);
#1151=VERTEX_POINT('',#4449);
#1152=VERTEX_POINT('',#4591);
#1153=VERTEX_POINT('',#4592);
#1154=VERTEX_POINT('',#4601);
#1155=VERTEX_POINT('',#4606);
#1156=VERTEX_POINT('',#4615);
#1157=VERTEX_POINT('',#4626);
#1158=VERTEX_POINT('',#4681);
#1159=VERTEX_POINT('',#4688);
#1160=VERTEX_POINT('',#4693);
#1161=VERTEX_POINT('',#4712);
#1162=VERTEX_POINT('',#4714);
#1163=VERTEX_POINT('',#4734);
#1164=VERTEX_POINT('',#4736);
#1165=VERTEX_POINT('',#4842);
#1166=VERTEX_POINT('',#4851);
#1167=VERTEX_POINT('',#4935);
#1168=VERTEX_POINT('',#4954);
#1169=VERTEX_POINT('',#5056);
#1170=VERTEX_POINT('',#5061);
#1171=VERTEX_POINT('',#5066);
#1172=VERTEX_POINT('',#5071);
#1173=VERTEX_POINT('',#5076);
#1174=VERTEX_POINT('',#5081);
#1175=VERTEX_POINT('',#5086);
#1176=VERTEX_POINT('',#5091);
#1177=VERTEX_POINT('',#5096);
#1178=VERTEX_POINT('',#5098);
#1179=VERTEX_POINT('',#5104);
#1180=VERTEX_POINT('',#5106);
#1181=VERTEX_POINT('',#5109);
#1182=VERTEX_POINT('',#5113);
#1183=VERTEX_POINT('',#5116);
#1184=VERTEX_POINT('',#5120);
#1185=VERTEX_POINT('',#5125);
#1186=VERTEX_POINT('',#5129);
#1187=EDGE_CURVE('',#963,#964,#609,.T.);
#1188=EDGE_CURVE('',#965,#963,#610,.T.);
#1189=EDGE_CURVE('',#965,#966,#593,.T.);
#1190=EDGE_CURVE('',#967,#966,#611,.F.);
#1191=EDGE_CURVE('',#967,#964,#612,.T.);
#1192=EDGE_CURVE('',#964,#968,#613,.T.);
#1193=EDGE_CURVE('',#968,#969,#614,.T.);
#1194=EDGE_CURVE('',#969,#970,#171,.T.);
#1195=EDGE_CURVE('',#970,#971,#615,.T.);
#1196=EDGE_CURVE('',#971,#972,#616,.T.);
#1197=EDGE_CURVE('',#972,#973,#617,.T.);
#1198=EDGE_CURVE('',#974,#973,#172,.F.);
#1199=EDGE_CURVE('',#974,#975,#618,.T.);
#1200=EDGE_CURVE('',#975,#976,#173,.T.);
#1201=EDGE_CURVE('',#976,#977,#619,.T.);
#1202=EDGE_CURVE('',#978,#977,#174,.T.);
#1203=EDGE_CURVE('',#978,#979,#620,.T.);
#1204=EDGE_CURVE('',#979,#980,#175,.T.);
#1205=EDGE_CURVE('',#980,#981,#621,.T.);
#1206=EDGE_CURVE('',#982,#981,#176,.T.);
#1207=EDGE_CURVE('',#982,#983,#622,.T.);
#1208=EDGE_CURVE('',#983,#984,#177,.T.);
#1209=EDGE_CURVE('',#984,#985,#623,.T.);
#1210=EDGE_CURVE('',#986,#985,#178,.F.);
#1211=EDGE_CURVE('',#986,#963,#624,.T.);
#1212=EDGE_CURVE('',#987,#987,#179,.T.);
#1213=EDGE_CURVE('',#967,#988,#625,.T.);
#1214=EDGE_CURVE('',#989,#988,#626,.T.);
#1215=EDGE_CURVE('',#989,#990,#627,.T.);
#1216=EDGE_CURVE('',#990,#991,#628,.F.);
#1217=EDGE_CURVE('',#992,#991,#629,.T.);
#1218=EDGE_CURVE('',#993,#992,#630,.T.);
#1219=EDGE_CURVE('',#993,#994,#631,.T.);
#1220=EDGE_CURVE('',#995,#994,#632,.T.);
#1221=EDGE_CURVE('',#995,#996,#633,.T.);
#1222=EDGE_CURVE('',#997,#996,#634,.T.);
#1223=EDGE_CURVE('',#997,#998,#635,.T.);
#1224=EDGE_CURVE('',#999,#998,#636,.T.);
#1225=EDGE_CURVE('',#1000,#999,#637,.T.);
#1226=EDGE_CURVE('',#1000,#968,#638,.T.);
#1227=EDGE_CURVE('',#995,#1001,#639,.F.);
#1228=EDGE_CURVE('',#994,#1002,#640,.T.);
#1229=EDGE_CURVE('',#1003,#1002,#594,.F.);
#1230=EDGE_CURVE('',#1004,#1003,#641,.T.);
#1231=EDGE_CURVE('',#1004,#1001,#595,.T.);
#1232=EDGE_CURVE('',#999,#1005,#642,.T.);
#1233=EDGE_CURVE('',#998,#1006,#643,.T.);
#1234=EDGE_CURVE('',#1007,#1006,#596,.F.);
#1235=EDGE_CURVE('',#1005,#1007,#644,.T.);
#1236=EDGE_CURVE('',#1008,#1009,#645,.T.);
#1237=EDGE_CURVE('',#1010,#1008,#180,.T.);
#1238=EDGE_CURVE('',#1010,#997,#646,.T.);
#1239=EDGE_CURVE('',#996,#993,#647,.T.);
#1240=EDGE_CURVE('',#992,#1009,#50,.T.);
#1241=EDGE_CURVE('',#1011,#982,#648,.T.);
#1242=EDGE_CURVE('',#1008,#1011,#649,.T.);
#1243=EDGE_CURVE('',#1009,#1012,#46,.T.);
#1244=EDGE_CURVE('',#1012,#1013,#47,.T.);
#1245=EDGE_CURVE('',#1013,#983,#650,.T.);
#1246=EDGE_CURVE('',#1014,#1014,#181,.T.);
#1247=EDGE_CURVE('',#1015,#1015,#182,.T.);
#1248=EDGE_CURVE('',#1016,#1016,#183,.T.);
#1249=EDGE_CURVE('',#1017,#1017,#184,.T.);
#1250=EDGE_CURVE('',#1018,#1019,#651,.T.);
#1251=EDGE_CURVE('',#1019,#1020,#652,.T.);
#1252=EDGE_CURVE('',#971,#1020,#653,.T.);
#1253=EDGE_CURVE('',#970,#1021,#654,.T.);
#1254=EDGE_CURVE('',#1022,#1021,#655,.T.);
#1255=EDGE_CURVE('',#1023,#1022,#656,.T.);
#1256=EDGE_CURVE('',#1023,#1024,#657,.T.);
#1257=EDGE_CURVE('',#1024,#1025,#658,.T.);
#1258=EDGE_CURVE('',#1025,#1026,#659,.T.);
#1259=EDGE_CURVE('',#1026,#1027,#660,.F.);
#1260=EDGE_CURVE('',#1028,#1027,#661,.T.);
#1261=EDGE_CURVE('',#1028,#1029,#662,.T.);
#1262=EDGE_CURVE('',#1029,#1030,#663,.T.);
#1263=EDGE_CURVE('',#1031,#1030,#664,.T.);
#1264=EDGE_CURVE('',#1031,#1018,#665,.T.);
#1265=EDGE_CURVE('',#977,#1032,#666,.T.);
#1266=EDGE_CURVE('',#1033,#976,#667,.T.);
#1267=EDGE_CURVE('',#1033,#1034,#48,.T.);
#1268=EDGE_CURVE('',#1034,#1035,#49,.T.);
#1269=EDGE_CURVE('',#1036,#1035,#668,.T.);
#1270=EDGE_CURVE('',#1032,#1036,#669,.T.);
#1271=EDGE_CURVE('',#1037,#1037,#185,.T.);
#1272=EDGE_CURVE('',#1038,#1038,#186,.T.);
#1273=EDGE_CURVE('',#1039,#1039,#187,.T.);
#1274=EDGE_CURVE('',#1040,#1040,#188,.T.);
#1275=EDGE_CURVE('',#1041,#1042,#189,.T.);
#1276=EDGE_CURVE('',#1042,#1043,#190,.T.);
#1277=EDGE_CURVE('',#1043,#1044,#191,.T.);
#1278=EDGE_CURVE('',#1044,#1041,#192,.T.);
#1279=EDGE_CURVE('',#1045,#1046,#193,.T.);
#1280=EDGE_CURVE('',#1046,#1044,#194,.T.);
#1281=EDGE_CURVE('',#1043,#1045,#195,.T.);
#1282=EDGE_CURVE('',#1047,#1048,#196,.T.);
#1283=EDGE_CURVE('',#1048,#1046,#670,.T.);
#1284=EDGE_CURVE('',#1045,#1047,#671,.T.);
#1285=EDGE_CURVE('',#1049,#1050,#197,.T.);
#1286=EDGE_CURVE('',#1050,#1048,#198,.T.);
#1287=EDGE_CURVE('',#1047,#1049,#199,.T.);
#1288=EDGE_CURVE('',#1051,#1052,#200,.T.);
#1289=EDGE_CURVE('',#1052,#1050,#201,.T.);
#1290=EDGE_CURVE('',#1049,#1051,#202,.T.);
#1291=EDGE_CURVE('',#1053,#1054,#203,.T.);
#1292=EDGE_CURVE('',#1054,#1052,#672,.T.);
#1293=EDGE_CURVE('',#1051,#1053,#673,.T.);
#1294=EDGE_CURVE('',#1055,#1056,#204,.T.);
#1295=EDGE_CURVE('',#1056,#1054,#205,.T.);
#1296=EDGE_CURVE('',#1053,#1055,#206,.T.);
#1297=EDGE_CURVE('',#1057,#1058,#207,.T.);
#1298=EDGE_CURVE('',#1058,#1056,#674,.T.);
#1299=EDGE_CURVE('',#1055,#1057,#675,.T.);
#1300=EDGE_CURVE('',#1059,#1060,#208,.T.);
#1301=EDGE_CURVE('',#1060,#1058,#209,.T.);
#1302=EDGE_CURVE('',#1057,#1059,#210,.T.);
#1303=EDGE_CURVE('',#1061,#1062,#211,.T.);
#1304=EDGE_CURVE('',#1062,#1060,#676,.T.);
#1305=EDGE_CURVE('',#1059,#1061,#677,.T.);
#1306=EDGE_CURVE('',#1063,#1064,#212,.T.);
#1307=EDGE_CURVE('',#1064,#1062,#213,.T.);
#1308=EDGE_CURVE('',#1061,#1063,#214,.T.);
#1309=EDGE_CURVE('',#1065,#1066,#215,.T.);
#1310=EDGE_CURVE('',#1066,#1064,#678,.T.);
#1311=EDGE_CURVE('',#1063,#1065,#679,.T.);
#1312=EDGE_CURVE('',#1065,#1042,#216,.T.);
#1313=EDGE_CURVE('',#1041,#1066,#217,.T.);
#1314=EDGE_CURVE('',#1053,#1067,#680,.T.);
#1315=EDGE_CURVE('',#1068,#1067,#218,.T.);
#1316=EDGE_CURVE('',#1068,#978,#681,.T.);
#1317=EDGE_CURVE('',#1032,#1069,#219,.T.);
#1318=EDGE_CURVE('',#1069,#1055,#682,.T.);
#1319=EDGE_CURVE('',#1070,#1051,#683,.T.);
#1320=EDGE_CURVE('',#1067,#1070,#684,.T.);
#1321=EDGE_CURVE('',#1049,#1071,#685,.T.);
#1322=EDGE_CURVE('',#1070,#1071,#220,.T.);
#1323=EDGE_CURVE('',#1047,#1072,#686,.T.);
#1324=EDGE_CURVE('',#1021,#1072,#221,.T.);
#1325=EDGE_CURVE('',#969,#1073,#687,.T.);
#1326=EDGE_CURVE('',#1071,#1073,#222,.T.);
#1327=EDGE_CURVE('',#1074,#1045,#688,.T.);
#1328=EDGE_CURVE('',#1073,#1074,#689,.T.);
#1329=EDGE_CURVE('',#1072,#1000,#690,.T.);
#1330=EDGE_CURVE('',#1043,#1075,#691,.T.);
#1331=EDGE_CURVE('',#1074,#1075,#223,.T.);
#1332=EDGE_CURVE('',#1076,#1042,#692,.T.);
#1333=EDGE_CURVE('',#1075,#1076,#224,.T.);
#1334=EDGE_CURVE('',#1077,#1077,#225,.T.);
#1335=EDGE_CURVE('',#1078,#1078,#226,.T.);
#1336=EDGE_CURVE('',#1079,#1079,#227,.T.);
#1337=EDGE_CURVE('',#1075,#1080,#228,.T.);
#1338=EDGE_CURVE('',#1080,#1081,#229,.T.);
#1339=EDGE_CURVE('',#1081,#1074,#230,.T.);
#1340=EDGE_CURVE('',#1082,#1073,#231,.T.);
#1341=EDGE_CURVE('',#1081,#1082,#693,.T.);
#1342=EDGE_CURVE('',#1083,#1071,#232,.T.);
#1343=EDGE_CURVE('',#1082,#1083,#233,.T.);
#1344=EDGE_CURVE('',#1084,#1070,#234,.T.);
#1345=EDGE_CURVE('',#1083,#1084,#235,.T.);
#1346=EDGE_CURVE('',#1085,#1067,#236,.T.);
#1347=EDGE_CURVE('',#1084,#1085,#694,.T.);
#1348=EDGE_CURVE('',#1086,#1068,#237,.T.);
#1349=EDGE_CURVE('',#1085,#1086,#238,.T.);
#1350=EDGE_CURVE('',#1087,#1088,#239,.T.);
#1351=EDGE_CURVE('',#1088,#1068,#695,.T.);
#1352=EDGE_CURVE('',#1086,#1087,#696,.T.);
#1353=EDGE_CURVE('',#1089,#1090,#240,.T.);
#1354=EDGE_CURVE('',#1090,#1088,#241,.T.);
#1355=EDGE_CURVE('',#1087,#1089,#242,.T.);
#1356=EDGE_CURVE('',#1091,#1092,#243,.T.);
#1357=EDGE_CURVE('',#1092,#1090,#697,.T.);
#1358=EDGE_CURVE('',#1089,#1091,#698,.T.);
#1359=EDGE_CURVE('',#1093,#1094,#244,.T.);
#1360=EDGE_CURVE('',#1094,#1092,#245,.T.);
#1361=EDGE_CURVE('',#1091,#1093,#246,.T.);
#1362=EDGE_CURVE('',#1095,#1096,#247,.T.);
#1363=EDGE_CURVE('',#1096,#1094,#699,.T.);
#1364=EDGE_CURVE('',#1093,#1095,#700,.T.);
#1365=EDGE_CURVE('',#1097,#1076,#248,.T.);
#1366=EDGE_CURVE('',#1076,#1096,#249,.T.);
#1367=EDGE_CURVE('',#1095,#1097,#250,.T.);
#1368=EDGE_CURVE('',#1097,#1080,#251,.T.);
#1369=EDGE_CURVE('',#1090,#980,#701,.T.);
#1370=EDGE_CURVE('',#1088,#979,#702,.T.);
#1371=EDGE_CURVE('',#981,#1092,#703,.T.);
#1372=EDGE_CURVE('',#1061,#1098,#704,.T.);
#1373=EDGE_CURVE('',#1098,#1011,#252,.T.);
#1374=EDGE_CURVE('',#1094,#1063,#705,.T.);
#1375=EDGE_CURVE('',#1065,#1096,#706,.T.);
#1376=EDGE_CURVE('',#1099,#1099,#253,.T.);
#1377=EDGE_CURVE('',#1005,#1100,#707,.T.);
#1378=EDGE_CURVE('',#1101,#1100,#254,.F.);
#1379=EDGE_CURVE('',#1101,#1010,#708,.T.);
#1380=EDGE_CURVE('',#1098,#1102,#709,.T.);
#1381=EDGE_CURVE('',#1102,#1103,#255,.T.);
#1382=EDGE_CURVE('',#1103,#1069,#710,.T.);
#1383=EDGE_CURVE('',#1036,#1104,#256,.T.);
#1384=EDGE_CURVE('',#1104,#1105,#711,.T.);
#1385=EDGE_CURVE('',#1106,#1105,#257,.F.);
#1386=EDGE_CURVE('',#1106,#1107,#712,.T.);
#1387=EDGE_CURVE('',#1107,#1022,#713,.T.);
#1388=EDGE_CURVE('',#1108,#1108,#258,.T.);
#1389=EDGE_CURVE('',#1109,#1110,#259,.T.);
#1390=EDGE_CURVE('',#1110,#1109,#260,.T.);
#1391=EDGE_CURVE('',#1103,#1057,#714,.T.);
#1392=EDGE_CURVE('',#1102,#1059,#715,.T.);
#1393=EDGE_CURVE('',#1111,#1107,#716,.T.);
#1394=EDGE_CURVE('',#1111,#1112,#597,.T.);
#1395=EDGE_CURVE('',#1023,#1112,#717,.F.);
#1396=EDGE_CURVE('',#1020,#1113,#718,.T.);
#1397=EDGE_CURVE('',#1114,#1113,#598,.F.);
#1398=EDGE_CURVE('',#972,#1114,#719,.T.);
#1399=EDGE_CURVE('',#1031,#1115,#720,.F.);
#1400=EDGE_CURVE('',#1030,#1116,#721,.T.);
#1401=EDGE_CURVE('',#1117,#1116,#599,.F.);
#1402=EDGE_CURVE('',#1118,#1117,#722,.T.);
#1403=EDGE_CURVE('',#1118,#1115,#600,.T.);
#1404=EDGE_CURVE('',#1119,#966,#723,.T.);
#1405=EDGE_CURVE('',#965,#1120,#724,.T.);
#1406=EDGE_CURVE('',#1120,#1119,#601,.T.);
#1407=EDGE_CURVE('',#1120,#986,#725,.T.);
#1408=EDGE_CURVE('',#985,#1119,#726,.T.);
#1409=EDGE_CURVE('',#988,#1119,#727,.T.);
#1410=EDGE_CURVE('',#988,#984,#728,.T.);
#1411=EDGE_CURVE('',#1121,#1001,#729,.T.);
#1412=EDGE_CURVE('',#1004,#1122,#730,.T.);
#1413=EDGE_CURVE('',#1122,#1121,#602,.T.);
#1414=EDGE_CURVE('',#1122,#1123,#731,.T.);
#1415=EDGE_CURVE('',#1123,#1124,#603,.T.);
#1416=EDGE_CURVE('',#1124,#1121,#732,.T.);
#1417=EDGE_CURVE('',#1123,#1003,#733,.T.);
#1418=EDGE_CURVE('',#1002,#1124,#734,.T.);
#1419=EDGE_CURVE('',#996,#1121,#735,.T.);
#1420=EDGE_CURVE('',#993,#1124,#736,.T.);
#1421=EDGE_CURVE('',#1125,#1101,#737,.T.);
#1422=EDGE_CURVE('',#1100,#1126,#738,.T.);
#1423=EDGE_CURVE('',#1126,#1125,#604,.T.);
#1424=EDGE_CURVE('',#1126,#1007,#739,.T.);
#1425=EDGE_CURVE('',#1006,#1125,#740,.T.);
#1426=EDGE_CURVE('',#997,#1125,#741,.T.);
#1427=EDGE_CURVE('',#1127,#1112,#742,.T.);
#1428=EDGE_CURVE('',#1111,#1128,#743,.T.);
#1429=EDGE_CURVE('',#1128,#1127,#605,.T.);
#1430=EDGE_CURVE('',#1128,#1106,#744,.T.);
#1431=EDGE_CURVE('',#1105,#1127,#745,.T.);
#1432=EDGE_CURVE('',#1024,#1127,#746,.T.);
#1433=EDGE_CURVE('',#1104,#1024,#747,.T.);
#1434=EDGE_CURVE('',#1129,#1115,#748,.T.);
#1435=EDGE_CURVE('',#1118,#1130,#749,.T.);
#1436=EDGE_CURVE('',#1130,#1129,#606,.T.);
#1437=EDGE_CURVE('',#1130,#1131,#750,.T.);
#1438=EDGE_CURVE('',#1131,#1132,#607,.T.);
#1439=EDGE_CURVE('',#1132,#1129,#751,.T.);
#1440=EDGE_CURVE('',#1131,#1117,#752,.T.);
#1441=EDGE_CURVE('',#1116,#1132,#753,.T.);
#1442=EDGE_CURVE('',#1018,#1129,#754,.T.);
#1443=EDGE_CURVE('',#1029,#1132,#755,.T.);
#1444=EDGE_CURVE('',#1029,#1018,#756,.T.);
#1445=EDGE_CURVE('',#1133,#974,#757,.T.);
#1446=EDGE_CURVE('',#973,#1134,#758,.T.);
#1447=EDGE_CURVE('',#1134,#1133,#608,.T.);
#1448=EDGE_CURVE('',#1134,#1114,#759,.T.);
#1449=EDGE_CURVE('',#1113,#1133,#760,.T.);
#1450=EDGE_CURVE('',#1019,#1133,#761,.T.);
#1451=EDGE_CURVE('',#1019,#975,#762,.T.);
#1452=EDGE_CURVE('',#1135,#1136,#51,.T.);
#1453=EDGE_CURVE('',#1135,#1137,#52,.T.);
#1454=EDGE_CURVE('',#1138,#1137,#53,.T.);
#1455=EDGE_CURVE('',#1139,#1138,#54,.T.);
#1456=EDGE_CURVE('',#1139,#1140,#55,.T.);
#1457=EDGE_CURVE('',#1136,#1140,#56,.T.);
#1458=EDGE_CURVE('',#1138,#1141,#57,.T.);
#1459=EDGE_CURVE('',#1142,#1141,#58,.T.);
#1460=EDGE_CURVE('',#1143,#1142,#59,.T.);
#1461=EDGE_CURVE('',#1034,#1143,#763,.T.);
#1462=EDGE_CURVE('',#1028,#1033,#60,.T.);
#1463=EDGE_CURVE('',#1027,#1139,#61,.T.);
#1464=EDGE_CURVE('',#1137,#1144,#764,.T.);
#1465=EDGE_CURVE('',#1144,#1145,#62,.T.);
#1466=EDGE_CURVE('',#1142,#1145,#63,.F.);
#1467=EDGE_CURVE('',#1135,#1146,#765,.T.);
#1468=EDGE_CURVE('',#1147,#1146,#64,.T.);
#1469=EDGE_CURVE('',#1144,#1147,#65,.T.);
#1470=EDGE_CURVE('',#1148,#1146,#66,.T.);
#1471=EDGE_CURVE('',#1148,#1149,#67,.T.);
#1472=EDGE_CURVE('',#1149,#1147,#261,.T.);
#1473=EDGE_CURVE('',#1149,#1145,#68,.T.);
#1474=EDGE_CURVE('',#1148,#1150,#69,.F.);
#1475=EDGE_CURVE('',#1150,#1143,#70,.T.);
#1476=EDGE_CURVE('',#1149,#1143,#262,.T.);
#1477=EDGE_CURVE('',#1151,#1136,#71,.T.);
#1478=EDGE_CURVE('',#1151,#1150,#72,.T.);
#1479=EDGE_CURVE('',#1140,#1026,#73,.T.);
#1480=EDGE_CURVE('',#1035,#1025,#74,.T.);
#1481=EDGE_CURVE('',#1152,#1153,#75,.T.);
#1482=EDGE_CURVE('',#1152,#1154,#76,.T.);
#1483=EDGE_CURVE('',#1155,#1154,#77,.T.);
#1484=EDGE_CURVE('',#1156,#1155,#78,.T.);
#1485=EDGE_CURVE('',#1156,#1157,#79,.T.);
#1486=EDGE_CURVE('',#1153,#1157,#80,.T.);
#1487=EDGE_CURVE('',#1155,#1158,#81,.T.);
#1488=EDGE_CURVE('',#1159,#1158,#82,.T.);
#1489=EDGE_CURVE('',#1160,#1159,#83,.T.);
#1490=EDGE_CURVE('',#1012,#1160,#766,.T.);
#1491=EDGE_CURVE('',#991,#1156,#84,.T.);
#1492=EDGE_CURVE('',#1154,#1161,#767,.T.);
#1493=EDGE_CURVE('',#1161,#1162,#85,.T.);
#1494=EDGE_CURVE('',#1159,#1162,#86,.F.);
#1495=EDGE_CURVE('',#1152,#1163,#768,.T.);
#1496=EDGE_CURVE('',#1164,#1163,#87,.T.);
#1497=EDGE_CURVE('',#1161,#1164,#88,.T.);
#1498=EDGE_CURVE('',#1165,#1163,#89,.T.);
#1499=EDGE_CURVE('',#1165,#1166,#90,.T.);
#1500=EDGE_CURVE('',#1166,#1164,#263,.T.);
#1501=EDGE_CURVE('',#1166,#1162,#91,.T.);
#1502=EDGE_CURVE('',#1165,#1167,#92,.F.);
#1503=EDGE_CURVE('',#1167,#1160,#93,.T.);
#1504=EDGE_CURVE('',#1166,#1160,#264,.T.);
#1505=EDGE_CURVE('',#1168,#1153,#94,.T.);
#1506=EDGE_CURVE('',#1168,#1167,#95,.T.);
#1507=EDGE_CURVE('',#1157,#990,#96,.T.);
#1508=EDGE_CURVE('',#1013,#989,#97,.T.);
#1509=EDGE_CURVE('',#1037,#1169,#769,.T.);
#1510=EDGE_CURVE('',#1169,#1169,#265,.T.);
#1511=EDGE_CURVE('',#1016,#1170,#770,.T.);
#1512=EDGE_CURVE('',#1170,#1170,#266,.T.);
#1513=EDGE_CURVE('',#1015,#1171,#771,.T.);
#1514=EDGE_CURVE('',#1171,#1171,#267,.T.);
#1515=EDGE_CURVE('',#1038,#1172,#772,.T.);
#1516=EDGE_CURVE('',#1172,#1172,#268,.T.);
#1517=EDGE_CURVE('',#1039,#1173,#773,.T.);
#1518=EDGE_CURVE('',#1173,#1173,#269,.T.);
#1519=EDGE_CURVE('',#1014,#1174,#774,.T.);
#1520=EDGE_CURVE('',#1174,#1174,#270,.T.);
#1521=EDGE_CURVE('',#1017,#1175,#775,.T.);
#1522=EDGE_CURVE('',#1175,#1175,#271,.T.);
#1523=EDGE_CURVE('',#1040,#1176,#776,.T.);
#1524=EDGE_CURVE('',#1176,#1176,#272,.T.);
#1525=EDGE_CURVE('',#1109,#1177,#777,.T.);
#1526=EDGE_CURVE('',#1177,#1178,#273,.T.);
#1527=EDGE_CURVE('',#1110,#1178,#778,.T.);
#1528=EDGE_CURVE('',#1178,#1177,#274,.T.);
#1529=EDGE_CURVE('',#1179,#1179,#275,.T.);
#1530=EDGE_CURVE('',#1180,#1180,#276,.T.);
#1531=EDGE_CURVE('',#1108,#1181,#779,.T.);
#1532=EDGE_CURVE('',#1181,#1181,#277,.T.);
#1533=EDGE_CURVE('',#1182,#1182,#278,.T.);
#1534=EDGE_CURVE('',#1183,#1183,#279,.T.);
#1535=EDGE_CURVE('',#1183,#1099,#780,.T.);
#1536=EDGE_CURVE('',#1184,#1184,#280,.T.);
#1537=EDGE_CURVE('',#1184,#987,#781,.T.);
#1538=EDGE_CURVE('',#1185,#1185,#281,.T.);
#1539=EDGE_CURVE('',#1185,#1077,#782,.T.);
#1540=EDGE_CURVE('',#1186,#1186,#282,.T.);
#1541=EDGE_CURVE('',#1180,#1079,#783,.T.);
#1542=EDGE_CURVE('',#1182,#1186,#784,.T.);
#1543=EDGE_CURVE('',#1179,#1078,#785,.T.);
#1544=ORIENTED_EDGE('',*,*,#1187,.F.);
#1545=ORIENTED_EDGE('',*,*,#1188,.F.);
#1546=ORIENTED_EDGE('',*,*,#1189,.T.);
#1547=ORIENTED_EDGE('',*,*,#1190,.F.);
#1548=ORIENTED_EDGE('',*,*,#1191,.T.);
#1549=ORIENTED_EDGE('',*,*,#1187,.T.);
#1550=ORIENTED_EDGE('',*,*,#1192,.T.);
#1551=ORIENTED_EDGE('',*,*,#1193,.T.);
#1552=ORIENTED_EDGE('',*,*,#1194,.T.);
#1553=ORIENTED_EDGE('',*,*,#1195,.T.);
#1554=ORIENTED_EDGE('',*,*,#1196,.T.);
#1555=ORIENTED_EDGE('',*,*,#1197,.T.);
#1556=ORIENTED_EDGE('',*,*,#1198,.F.);
#1557=ORIENTED_EDGE('',*,*,#1199,.T.);
#1558=ORIENTED_EDGE('',*,*,#1200,.T.);
#1559=ORIENTED_EDGE('',*,*,#1201,.T.);
#1560=ORIENTED_EDGE('',*,*,#1202,.F.);
#1561=ORIENTED_EDGE('',*,*,#1203,.T.);
#1562=ORIENTED_EDGE('',*,*,#1204,.T.);
#1563=ORIENTED_EDGE('',*,*,#1205,.T.);
#1564=ORIENTED_EDGE('',*,*,#1206,.F.);
#1565=ORIENTED_EDGE('',*,*,#1207,.T.);
#1566=ORIENTED_EDGE('',*,*,#1208,.T.);
#1567=ORIENTED_EDGE('',*,*,#1209,.T.);
#1568=ORIENTED_EDGE('',*,*,#1210,.F.);
#1569=ORIENTED_EDGE('',*,*,#1211,.T.);
#1570=ORIENTED_EDGE('',*,*,#1212,.T.);
#1571=ORIENTED_EDGE('',*,*,#1191,.F.);
#1572=ORIENTED_EDGE('',*,*,#1213,.T.);
#1573=ORIENTED_EDGE('',*,*,#1214,.F.);
#1574=ORIENTED_EDGE('',*,*,#1215,.T.);
#1575=ORIENTED_EDGE('',*,*,#1216,.T.);
#1576=ORIENTED_EDGE('',*,*,#1217,.F.);
#1577=ORIENTED_EDGE('',*,*,#1218,.F.);
#1578=ORIENTED_EDGE('',*,*,#1219,.T.);
#1579=ORIENTED_EDGE('',*,*,#1220,.F.);
#1580=ORIENTED_EDGE('',*,*,#1221,.T.);
#1581=ORIENTED_EDGE('',*,*,#1222,.F.);
#1582=ORIENTED_EDGE('',*,*,#1223,.T.);
#1583=ORIENTED_EDGE('',*,*,#1224,.F.);
#1584=ORIENTED_EDGE('',*,*,#1225,.F.);
#1585=ORIENTED_EDGE('',*,*,#1226,.T.);
#1586=ORIENTED_EDGE('',*,*,#1192,.F.);
#1587=ORIENTED_EDGE('',*,*,#1227,.F.);
#1588=ORIENTED_EDGE('',*,*,#1220,.T.);
#1589=ORIENTED_EDGE('',*,*,#1228,.T.);
#1590=ORIENTED_EDGE('',*,*,#1229,.F.);
#1591=ORIENTED_EDGE('',*,*,#1230,.F.);
#1592=ORIENTED_EDGE('',*,*,#1231,.T.);
#1593=ORIENTED_EDGE('',*,*,#1232,.F.);
#1594=ORIENTED_EDGE('',*,*,#1224,.T.);
#1595=ORIENTED_EDGE('',*,*,#1233,.T.);
#1596=ORIENTED_EDGE('',*,*,#1234,.F.);
#1597=ORIENTED_EDGE('',*,*,#1235,.F.);
#1598=ORIENTED_EDGE('',*,*,#1236,.F.);
#1599=ORIENTED_EDGE('',*,*,#1237,.F.);
#1600=ORIENTED_EDGE('',*,*,#1238,.T.);
#1601=ORIENTED_EDGE('',*,*,#1222,.T.);
#1602=ORIENTED_EDGE('',*,*,#1239,.T.);
#1603=ORIENTED_EDGE('',*,*,#1218,.T.);
#1604=ORIENTED_EDGE('',*,*,#1240,.T.);
#1605=ORIENTED_EDGE('',*,*,#1241,.F.);
#1606=ORIENTED_EDGE('',*,*,#1242,.F.);
#1607=ORIENTED_EDGE('',*,*,#1236,.T.);
#1608=ORIENTED_EDGE('',*,*,#1243,.T.);
#1609=ORIENTED_EDGE('',*,*,#1244,.T.);
#1610=ORIENTED_EDGE('',*,*,#1245,.T.);
#1611=ORIENTED_EDGE('',*,*,#1207,.F.);
#1612=ORIENTED_EDGE('',*,*,#1246,.T.);
#1613=ORIENTED_EDGE('',*,*,#1247,.T.);
#1614=ORIENTED_EDGE('',*,*,#1248,.T.);
#1615=ORIENTED_EDGE('',*,*,#1249,.T.);
#1616=ORIENTED_EDGE('',*,*,#1250,.T.);
#1617=ORIENTED_EDGE('',*,*,#1251,.T.);
#1618=ORIENTED_EDGE('',*,*,#1252,.F.);
#1619=ORIENTED_EDGE('',*,*,#1195,.F.);
#1620=ORIENTED_EDGE('',*,*,#1253,.T.);
#1621=ORIENTED_EDGE('',*,*,#1254,.F.);
#1622=ORIENTED_EDGE('',*,*,#1255,.F.);
#1623=ORIENTED_EDGE('',*,*,#1256,.T.);
#1624=ORIENTED_EDGE('',*,*,#1257,.T.);
#1625=ORIENTED_EDGE('',*,*,#1258,.T.);
#1626=ORIENTED_EDGE('',*,*,#1259,.T.);
#1627=ORIENTED_EDGE('',*,*,#1260,.F.);
#1628=ORIENTED_EDGE('',*,*,#1261,.T.);
#1629=ORIENTED_EDGE('',*,*,#1262,.T.);
#1630=ORIENTED_EDGE('',*,*,#1263,.F.);
#1631=ORIENTED_EDGE('',*,*,#1264,.T.);
#1632=ORIENTED_EDGE('',*,*,#1265,.F.);
#1633=ORIENTED_EDGE('',*,*,#1201,.F.);
#1634=ORIENTED_EDGE('',*,*,#1266,.F.);
#1635=ORIENTED_EDGE('',*,*,#1267,.T.);
#1636=ORIENTED_EDGE('',*,*,#1268,.T.);
#1637=ORIENTED_EDGE('',*,*,#1269,.F.);
#1638=ORIENTED_EDGE('',*,*,#1270,.F.);
#1639=ORIENTED_EDGE('',*,*,#1271,.T.);
#1640=ORIENTED_EDGE('',*,*,#1272,.T.);
#1641=ORIENTED_EDGE('',*,*,#1273,.T.);
#1642=ORIENTED_EDGE('',*,*,#1274,.T.);
#1643=ORIENTED_EDGE('',*,*,#1275,.T.);
#1644=ORIENTED_EDGE('',*,*,#1276,.T.);
#1645=ORIENTED_EDGE('',*,*,#1277,.T.);
#1646=ORIENTED_EDGE('',*,*,#1278,.T.);
#1647=ORIENTED_EDGE('',*,*,#1279,.T.);
#1648=ORIENTED_EDGE('',*,*,#1280,.T.);
#1649=ORIENTED_EDGE('',*,*,#1277,.F.);
#1650=ORIENTED_EDGE('',*,*,#1281,.T.);
#1651=ORIENTED_EDGE('',*,*,#1282,.T.);
#1652=ORIENTED_EDGE('',*,*,#1283,.T.);
#1653=ORIENTED_EDGE('',*,*,#1279,.F.);
#1654=ORIENTED_EDGE('',*,*,#1284,.T.);
#1655=ORIENTED_EDGE('',*,*,#1285,.T.);
#1656=ORIENTED_EDGE('',*,*,#1286,.T.);
#1657=ORIENTED_EDGE('',*,*,#1282,.F.);
#1658=ORIENTED_EDGE('',*,*,#1287,.T.);
#1659=ORIENTED_EDGE('',*,*,#1288,.T.);
#1660=ORIENTED_EDGE('',*,*,#1289,.T.);
#1661=ORIENTED_EDGE('',*,*,#1285,.F.);
#1662=ORIENTED_EDGE('',*,*,#1290,.T.);
#1663=ORIENTED_EDGE('',*,*,#1291,.T.);
#1664=ORIENTED_EDGE('',*,*,#1292,.T.);
#1665=ORIENTED_EDGE('',*,*,#1288,.F.);
#1666=ORIENTED_EDGE('',*,*,#1293,.T.);
#1667=ORIENTED_EDGE('',*,*,#1294,.T.);
#1668=ORIENTED_EDGE('',*,*,#1295,.T.);
#1669=ORIENTED_EDGE('',*,*,#1291,.F.);
#1670=ORIENTED_EDGE('',*,*,#1296,.T.);
#1671=ORIENTED_EDGE('',*,*,#1297,.T.);
#1672=ORIENTED_EDGE('',*,*,#1298,.T.);
#1673=ORIENTED_EDGE('',*,*,#1294,.F.);
#1674=ORIENTED_EDGE('',*,*,#1299,.T.);
#1675=ORIENTED_EDGE('',*,*,#1300,.T.);
#1676=ORIENTED_EDGE('',*,*,#1301,.T.);
#1677=ORIENTED_EDGE('',*,*,#1297,.F.);
#1678=ORIENTED_EDGE('',*,*,#1302,.T.);
#1679=ORIENTED_EDGE('',*,*,#1303,.T.);
#1680=ORIENTED_EDGE('',*,*,#1304,.T.);
#1681=ORIENTED_EDGE('',*,*,#1300,.F.);
#1682=ORIENTED_EDGE('',*,*,#1305,.T.);
#1683=ORIENTED_EDGE('',*,*,#1306,.T.);
#1684=ORIENTED_EDGE('',*,*,#1307,.T.);
#1685=ORIENTED_EDGE('',*,*,#1303,.F.);
#1686=ORIENTED_EDGE('',*,*,#1308,.T.);
#1687=ORIENTED_EDGE('',*,*,#1309,.T.);
#1688=ORIENTED_EDGE('',*,*,#1310,.T.);
#1689=ORIENTED_EDGE('',*,*,#1306,.F.);
#1690=ORIENTED_EDGE('',*,*,#1311,.T.);
#1691=ORIENTED_EDGE('',*,*,#1309,.F.);
#1692=ORIENTED_EDGE('',*,*,#1312,.T.);
#1693=ORIENTED_EDGE('',*,*,#1275,.F.);
#1694=ORIENTED_EDGE('',*,*,#1313,.T.);
#1695=ORIENTED_EDGE('',*,*,#1296,.F.);
#1696=ORIENTED_EDGE('',*,*,#1314,.T.);
#1697=ORIENTED_EDGE('',*,*,#1315,.F.);
#1698=ORIENTED_EDGE('',*,*,#1316,.T.);
#1699=ORIENTED_EDGE('',*,*,#1202,.T.);
#1700=ORIENTED_EDGE('',*,*,#1265,.T.);
#1701=ORIENTED_EDGE('',*,*,#1317,.T.);
#1702=ORIENTED_EDGE('',*,*,#1318,.T.);
#1703=ORIENTED_EDGE('',*,*,#1293,.F.);
#1704=ORIENTED_EDGE('',*,*,#1319,.F.);
#1705=ORIENTED_EDGE('',*,*,#1320,.F.);
#1706=ORIENTED_EDGE('',*,*,#1314,.F.);
#1707=ORIENTED_EDGE('',*,*,#1290,.F.);
#1708=ORIENTED_EDGE('',*,*,#1321,.T.);
#1709=ORIENTED_EDGE('',*,*,#1322,.F.);
#1710=ORIENTED_EDGE('',*,*,#1319,.T.);
#1711=ORIENTED_EDGE('',*,*,#1287,.F.);
#1712=ORIENTED_EDGE('',*,*,#1323,.T.);
#1713=ORIENTED_EDGE('',*,*,#1324,.F.);
#1714=ORIENTED_EDGE('',*,*,#1253,.F.);
#1715=ORIENTED_EDGE('',*,*,#1194,.F.);
#1716=ORIENTED_EDGE('',*,*,#1325,.T.);
#1717=ORIENTED_EDGE('',*,*,#1326,.F.);
#1718=ORIENTED_EDGE('',*,*,#1321,.F.);
#1719=ORIENTED_EDGE('',*,*,#1284,.F.);
#1720=ORIENTED_EDGE('',*,*,#1327,.F.);
#1721=ORIENTED_EDGE('',*,*,#1328,.F.);
#1722=ORIENTED_EDGE('',*,*,#1325,.F.);
#1723=ORIENTED_EDGE('',*,*,#1193,.F.);
#1724=ORIENTED_EDGE('',*,*,#1226,.F.);
#1725=ORIENTED_EDGE('',*,*,#1329,.F.);
#1726=ORIENTED_EDGE('',*,*,#1323,.F.);
#1727=ORIENTED_EDGE('',*,*,#1281,.F.);
#1728=ORIENTED_EDGE('',*,*,#1330,.T.);
#1729=ORIENTED_EDGE('',*,*,#1331,.F.);
#1730=ORIENTED_EDGE('',*,*,#1327,.T.);
#1731=ORIENTED_EDGE('',*,*,#1276,.F.);
#1732=ORIENTED_EDGE('',*,*,#1332,.F.);
#1733=ORIENTED_EDGE('',*,*,#1333,.F.);
#1734=ORIENTED_EDGE('',*,*,#1330,.F.);
#1735=ORIENTED_EDGE('',*,*,#1278,.F.);
#1736=ORIENTED_EDGE('',*,*,#1280,.F.);
#1737=ORIENTED_EDGE('',*,*,#1283,.F.);
#1738=ORIENTED_EDGE('',*,*,#1286,.F.);
#1739=ORIENTED_EDGE('',*,*,#1289,.F.);
#1740=ORIENTED_EDGE('',*,*,#1292,.F.);
#1741=ORIENTED_EDGE('',*,*,#1295,.F.);
#1742=ORIENTED_EDGE('',*,*,#1298,.F.);
#1743=ORIENTED_EDGE('',*,*,#1301,.F.);
#1744=ORIENTED_EDGE('',*,*,#1304,.F.);
#1745=ORIENTED_EDGE('',*,*,#1307,.F.);
#1746=ORIENTED_EDGE('',*,*,#1310,.F.);
#1747=ORIENTED_EDGE('',*,*,#1313,.F.);
#1748=ORIENTED_EDGE('',*,*,#1334,.T.);
#1749=ORIENTED_EDGE('',*,*,#1335,.F.);
#1750=ORIENTED_EDGE('',*,*,#1336,.F.);
#1751=ORIENTED_EDGE('',*,*,#1337,.T.);
#1752=ORIENTED_EDGE('',*,*,#1338,.T.);
#1753=ORIENTED_EDGE('',*,*,#1339,.T.);
#1754=ORIENTED_EDGE('',*,*,#1331,.T.);
#1755=ORIENTED_EDGE('',*,*,#1340,.T.);
#1756=ORIENTED_EDGE('',*,*,#1328,.T.);
#1757=ORIENTED_EDGE('',*,*,#1339,.F.);
#1758=ORIENTED_EDGE('',*,*,#1341,.T.);
#1759=ORIENTED_EDGE('',*,*,#1342,.T.);
#1760=ORIENTED_EDGE('',*,*,#1326,.T.);
#1761=ORIENTED_EDGE('',*,*,#1340,.F.);
#1762=ORIENTED_EDGE('',*,*,#1343,.T.);
#1763=ORIENTED_EDGE('',*,*,#1344,.T.);
#1764=ORIENTED_EDGE('',*,*,#1322,.T.);
#1765=ORIENTED_EDGE('',*,*,#1342,.F.);
#1766=ORIENTED_EDGE('',*,*,#1345,.T.);
#1767=ORIENTED_EDGE('',*,*,#1346,.T.);
#1768=ORIENTED_EDGE('',*,*,#1320,.T.);
#1769=ORIENTED_EDGE('',*,*,#1344,.F.);
#1770=ORIENTED_EDGE('',*,*,#1347,.T.);
#1771=ORIENTED_EDGE('',*,*,#1348,.T.);
#1772=ORIENTED_EDGE('',*,*,#1315,.T.);
#1773=ORIENTED_EDGE('',*,*,#1346,.F.);
#1774=ORIENTED_EDGE('',*,*,#1349,.T.);
#1775=ORIENTED_EDGE('',*,*,#1350,.T.);
#1776=ORIENTED_EDGE('',*,*,#1351,.T.);
#1777=ORIENTED_EDGE('',*,*,#1348,.F.);
#1778=ORIENTED_EDGE('',*,*,#1352,.T.);
#1779=ORIENTED_EDGE('',*,*,#1353,.T.);
#1780=ORIENTED_EDGE('',*,*,#1354,.T.);
#1781=ORIENTED_EDGE('',*,*,#1350,.F.);
#1782=ORIENTED_EDGE('',*,*,#1355,.T.);
#1783=ORIENTED_EDGE('',*,*,#1356,.T.);
#1784=ORIENTED_EDGE('',*,*,#1357,.T.);
#1785=ORIENTED_EDGE('',*,*,#1353,.F.);
#1786=ORIENTED_EDGE('',*,*,#1358,.T.);
#1787=ORIENTED_EDGE('',*,*,#1359,.T.);
#1788=ORIENTED_EDGE('',*,*,#1360,.T.);
#1789=ORIENTED_EDGE('',*,*,#1356,.F.);
#1790=ORIENTED_EDGE('',*,*,#1361,.T.);
#1791=ORIENTED_EDGE('',*,*,#1362,.T.);
#1792=ORIENTED_EDGE('',*,*,#1363,.T.);
#1793=ORIENTED_EDGE('',*,*,#1359,.F.);
#1794=ORIENTED_EDGE('',*,*,#1364,.T.);
#1795=ORIENTED_EDGE('',*,*,#1365,.T.);
#1796=ORIENTED_EDGE('',*,*,#1366,.T.);
#1797=ORIENTED_EDGE('',*,*,#1362,.F.);
#1798=ORIENTED_EDGE('',*,*,#1367,.T.);
#1799=ORIENTED_EDGE('',*,*,#1365,.F.);
#1800=ORIENTED_EDGE('',*,*,#1368,.T.);
#1801=ORIENTED_EDGE('',*,*,#1337,.F.);
#1802=ORIENTED_EDGE('',*,*,#1333,.T.);
#1803=ORIENTED_EDGE('',*,*,#1354,.F.);
#1804=ORIENTED_EDGE('',*,*,#1369,.T.);
#1805=ORIENTED_EDGE('',*,*,#1204,.F.);
#1806=ORIENTED_EDGE('',*,*,#1370,.F.);
#1807=ORIENTED_EDGE('',*,*,#1357,.F.);
#1808=ORIENTED_EDGE('',*,*,#1371,.F.);
#1809=ORIENTED_EDGE('',*,*,#1205,.F.);
#1810=ORIENTED_EDGE('',*,*,#1369,.F.);
#1811=ORIENTED_EDGE('',*,*,#1308,.F.);
#1812=ORIENTED_EDGE('',*,*,#1372,.T.);
#1813=ORIENTED_EDGE('',*,*,#1373,.T.);
#1814=ORIENTED_EDGE('',*,*,#1241,.T.);
#1815=ORIENTED_EDGE('',*,*,#1206,.T.);
#1816=ORIENTED_EDGE('',*,*,#1371,.T.);
#1817=ORIENTED_EDGE('',*,*,#1360,.F.);
#1818=ORIENTED_EDGE('',*,*,#1374,.T.);
#1819=ORIENTED_EDGE('',*,*,#1311,.F.);
#1820=ORIENTED_EDGE('',*,*,#1374,.F.);
#1821=ORIENTED_EDGE('',*,*,#1363,.F.);
#1822=ORIENTED_EDGE('',*,*,#1375,.F.);
#1823=ORIENTED_EDGE('',*,*,#1312,.F.);
#1824=ORIENTED_EDGE('',*,*,#1375,.T.);
#1825=ORIENTED_EDGE('',*,*,#1366,.F.);
#1826=ORIENTED_EDGE('',*,*,#1332,.T.);
#1827=ORIENTED_EDGE('',*,*,#1338,.F.);
#1828=ORIENTED_EDGE('',*,*,#1368,.F.);
#1829=ORIENTED_EDGE('',*,*,#1367,.F.);
#1830=ORIENTED_EDGE('',*,*,#1364,.F.);
#1831=ORIENTED_EDGE('',*,*,#1361,.F.);
#1832=ORIENTED_EDGE('',*,*,#1358,.F.);
#1833=ORIENTED_EDGE('',*,*,#1355,.F.);
#1834=ORIENTED_EDGE('',*,*,#1352,.F.);
#1835=ORIENTED_EDGE('',*,*,#1349,.F.);
#1836=ORIENTED_EDGE('',*,*,#1347,.F.);
#1837=ORIENTED_EDGE('',*,*,#1345,.F.);
#1838=ORIENTED_EDGE('',*,*,#1343,.F.);
#1839=ORIENTED_EDGE('',*,*,#1341,.F.);
#1840=ORIENTED_EDGE('',*,*,#1376,.T.);
#1841=ORIENTED_EDGE('',*,*,#1351,.F.);
#1842=ORIENTED_EDGE('',*,*,#1370,.T.);
#1843=ORIENTED_EDGE('',*,*,#1203,.F.);
#1844=ORIENTED_EDGE('',*,*,#1316,.F.);
#1845=ORIENTED_EDGE('',*,*,#1232,.T.);
#1846=ORIENTED_EDGE('',*,*,#1377,.T.);
#1847=ORIENTED_EDGE('',*,*,#1378,.F.);
#1848=ORIENTED_EDGE('',*,*,#1379,.T.);
#1849=ORIENTED_EDGE('',*,*,#1237,.T.);
#1850=ORIENTED_EDGE('',*,*,#1242,.T.);
#1851=ORIENTED_EDGE('',*,*,#1373,.F.);
#1852=ORIENTED_EDGE('',*,*,#1380,.T.);
#1853=ORIENTED_EDGE('',*,*,#1381,.T.);
#1854=ORIENTED_EDGE('',*,*,#1382,.T.);
#1855=ORIENTED_EDGE('',*,*,#1317,.F.);
#1856=ORIENTED_EDGE('',*,*,#1270,.T.);
#1857=ORIENTED_EDGE('',*,*,#1383,.T.);
#1858=ORIENTED_EDGE('',*,*,#1384,.T.);
#1859=ORIENTED_EDGE('',*,*,#1385,.F.);
#1860=ORIENTED_EDGE('',*,*,#1386,.T.);
#1861=ORIENTED_EDGE('',*,*,#1387,.T.);
#1862=ORIENTED_EDGE('',*,*,#1254,.T.);
#1863=ORIENTED_EDGE('',*,*,#1324,.T.);
#1864=ORIENTED_EDGE('',*,*,#1329,.T.);
#1865=ORIENTED_EDGE('',*,*,#1225,.T.);
#1866=ORIENTED_EDGE('',*,*,#1388,.T.);
#1867=ORIENTED_EDGE('',*,*,#1389,.T.);
#1868=ORIENTED_EDGE('',*,*,#1390,.T.);
#1869=ORIENTED_EDGE('',*,*,#1302,.F.);
#1870=ORIENTED_EDGE('',*,*,#1391,.F.);
#1871=ORIENTED_EDGE('',*,*,#1381,.F.);
#1872=ORIENTED_EDGE('',*,*,#1392,.T.);
#1873=ORIENTED_EDGE('',*,*,#1299,.F.);
#1874=ORIENTED_EDGE('',*,*,#1318,.F.);
#1875=ORIENTED_EDGE('',*,*,#1382,.F.);
#1876=ORIENTED_EDGE('',*,*,#1391,.T.);
#1877=ORIENTED_EDGE('',*,*,#1305,.F.);
#1878=ORIENTED_EDGE('',*,*,#1392,.F.);
#1879=ORIENTED_EDGE('',*,*,#1380,.F.);
#1880=ORIENTED_EDGE('',*,*,#1372,.F.);
#1881=ORIENTED_EDGE('',*,*,#1387,.F.);
#1882=ORIENTED_EDGE('',*,*,#1393,.F.);
#1883=ORIENTED_EDGE('',*,*,#1394,.T.);
#1884=ORIENTED_EDGE('',*,*,#1395,.F.);
#1885=ORIENTED_EDGE('',*,*,#1255,.T.);
#1886=ORIENTED_EDGE('',*,*,#1196,.F.);
#1887=ORIENTED_EDGE('',*,*,#1252,.T.);
#1888=ORIENTED_EDGE('',*,*,#1396,.T.);
#1889=ORIENTED_EDGE('',*,*,#1397,.F.);
#1890=ORIENTED_EDGE('',*,*,#1398,.F.);
#1891=ORIENTED_EDGE('',*,*,#1399,.F.);
#1892=ORIENTED_EDGE('',*,*,#1263,.T.);
#1893=ORIENTED_EDGE('',*,*,#1400,.T.);
#1894=ORIENTED_EDGE('',*,*,#1401,.F.);
#1895=ORIENTED_EDGE('',*,*,#1402,.F.);
#1896=ORIENTED_EDGE('',*,*,#1403,.T.);
#1897=ORIENTED_EDGE('',*,*,#1404,.T.);
#1898=ORIENTED_EDGE('',*,*,#1189,.F.);
#1899=ORIENTED_EDGE('',*,*,#1405,.T.);
#1900=ORIENTED_EDGE('',*,*,#1406,.T.);
#1901=ORIENTED_EDGE('',*,*,#1407,.T.);
#1902=ORIENTED_EDGE('',*,*,#1210,.T.);
#1903=ORIENTED_EDGE('',*,*,#1408,.T.);
#1904=ORIENTED_EDGE('',*,*,#1406,.F.);
#1905=ORIENTED_EDGE('',*,*,#1404,.F.);
#1906=ORIENTED_EDGE('',*,*,#1409,.F.);
#1907=ORIENTED_EDGE('',*,*,#1213,.F.);
#1908=ORIENTED_EDGE('',*,*,#1190,.T.);
#1909=ORIENTED_EDGE('',*,*,#1408,.F.);
#1910=ORIENTED_EDGE('',*,*,#1209,.F.);
#1911=ORIENTED_EDGE('',*,*,#1410,.F.);
#1912=ORIENTED_EDGE('',*,*,#1409,.T.);
#1913=ORIENTED_EDGE('',*,*,#1411,.T.);
#1914=ORIENTED_EDGE('',*,*,#1231,.F.);
#1915=ORIENTED_EDGE('',*,*,#1412,.T.);
#1916=ORIENTED_EDGE('',*,*,#1413,.T.);
#1917=ORIENTED_EDGE('',*,*,#1414,.T.);
#1918=ORIENTED_EDGE('',*,*,#1415,.T.);
#1919=ORIENTED_EDGE('',*,*,#1416,.T.);
#1920=ORIENTED_EDGE('',*,*,#1413,.F.);
#1921=ORIENTED_EDGE('',*,*,#1417,.T.);
#1922=ORIENTED_EDGE('',*,*,#1229,.T.);
#1923=ORIENTED_EDGE('',*,*,#1418,.T.);
#1924=ORIENTED_EDGE('',*,*,#1415,.F.);
#1925=ORIENTED_EDGE('',*,*,#1411,.F.);
#1926=ORIENTED_EDGE('',*,*,#1419,.F.);
#1927=ORIENTED_EDGE('',*,*,#1221,.F.);
#1928=ORIENTED_EDGE('',*,*,#1227,.T.);
#1929=ORIENTED_EDGE('',*,*,#1416,.F.);
#1930=ORIENTED_EDGE('',*,*,#1420,.F.);
#1931=ORIENTED_EDGE('',*,*,#1239,.F.);
#1932=ORIENTED_EDGE('',*,*,#1419,.T.);
#1933=ORIENTED_EDGE('',*,*,#1418,.F.);
#1934=ORIENTED_EDGE('',*,*,#1228,.F.);
#1935=ORIENTED_EDGE('',*,*,#1219,.F.);
#1936=ORIENTED_EDGE('',*,*,#1420,.T.);
#1937=ORIENTED_EDGE('',*,*,#1421,.T.);
#1938=ORIENTED_EDGE('',*,*,#1378,.T.);
#1939=ORIENTED_EDGE('',*,*,#1422,.T.);
#1940=ORIENTED_EDGE('',*,*,#1423,.T.);
#1941=ORIENTED_EDGE('',*,*,#1424,.T.);
#1942=ORIENTED_EDGE('',*,*,#1234,.T.);
#1943=ORIENTED_EDGE('',*,*,#1425,.T.);
#1944=ORIENTED_EDGE('',*,*,#1423,.F.);
#1945=ORIENTED_EDGE('',*,*,#1424,.F.);
#1946=ORIENTED_EDGE('',*,*,#1422,.F.);
#1947=ORIENTED_EDGE('',*,*,#1377,.F.);
#1948=ORIENTED_EDGE('',*,*,#1235,.T.);
#1949=ORIENTED_EDGE('',*,*,#1421,.F.);
#1950=ORIENTED_EDGE('',*,*,#1426,.F.);
#1951=ORIENTED_EDGE('',*,*,#1238,.F.);
#1952=ORIENTED_EDGE('',*,*,#1379,.F.);
#1953=ORIENTED_EDGE('',*,*,#1425,.F.);
#1954=ORIENTED_EDGE('',*,*,#1233,.F.);
#1955=ORIENTED_EDGE('',*,*,#1223,.F.);
#1956=ORIENTED_EDGE('',*,*,#1426,.T.);
#1957=ORIENTED_EDGE('',*,*,#1412,.F.);
#1958=ORIENTED_EDGE('',*,*,#1230,.T.);
#1959=ORIENTED_EDGE('',*,*,#1417,.F.);
#1960=ORIENTED_EDGE('',*,*,#1414,.F.);
#1961=ORIENTED_EDGE('',*,*,#1405,.F.);
#1962=ORIENTED_EDGE('',*,*,#1188,.T.);
#1963=ORIENTED_EDGE('',*,*,#1211,.F.);
#1964=ORIENTED_EDGE('',*,*,#1407,.F.);
#1965=ORIENTED_EDGE('',*,*,#1427,.T.);
#1966=ORIENTED_EDGE('',*,*,#1394,.F.);
#1967=ORIENTED_EDGE('',*,*,#1428,.T.);
#1968=ORIENTED_EDGE('',*,*,#1429,.T.);
#1969=ORIENTED_EDGE('',*,*,#1430,.T.);
#1970=ORIENTED_EDGE('',*,*,#1385,.T.);
#1971=ORIENTED_EDGE('',*,*,#1431,.T.);
#1972=ORIENTED_EDGE('',*,*,#1429,.F.);
#1973=ORIENTED_EDGE('',*,*,#1427,.F.);
#1974=ORIENTED_EDGE('',*,*,#1432,.F.);
#1975=ORIENTED_EDGE('',*,*,#1256,.F.);
#1976=ORIENTED_EDGE('',*,*,#1395,.T.);
#1977=ORIENTED_EDGE('',*,*,#1431,.F.);
#1978=ORIENTED_EDGE('',*,*,#1384,.F.);
#1979=ORIENTED_EDGE('',*,*,#1433,.T.);
#1980=ORIENTED_EDGE('',*,*,#1432,.T.);
#1981=ORIENTED_EDGE('',*,*,#1434,.T.);
#1982=ORIENTED_EDGE('',*,*,#1403,.F.);
#1983=ORIENTED_EDGE('',*,*,#1435,.T.);
#1984=ORIENTED_EDGE('',*,*,#1436,.T.);
#1985=ORIENTED_EDGE('',*,*,#1437,.T.);
#1986=ORIENTED_EDGE('',*,*,#1438,.T.);
#1987=ORIENTED_EDGE('',*,*,#1439,.T.);
#1988=ORIENTED_EDGE('',*,*,#1436,.F.);
#1989=ORIENTED_EDGE('',*,*,#1440,.T.);
#1990=ORIENTED_EDGE('',*,*,#1401,.T.);
#1991=ORIENTED_EDGE('',*,*,#1441,.T.);
#1992=ORIENTED_EDGE('',*,*,#1438,.F.);
#1993=ORIENTED_EDGE('',*,*,#1434,.F.);
#1994=ORIENTED_EDGE('',*,*,#1442,.F.);
#1995=ORIENTED_EDGE('',*,*,#1264,.F.);
#1996=ORIENTED_EDGE('',*,*,#1399,.T.);
#1997=ORIENTED_EDGE('',*,*,#1439,.F.);
#1998=ORIENTED_EDGE('',*,*,#1443,.F.);
#1999=ORIENTED_EDGE('',*,*,#1444,.T.);
#2000=ORIENTED_EDGE('',*,*,#1442,.T.);
#2001=ORIENTED_EDGE('',*,*,#1441,.F.);
#2002=ORIENTED_EDGE('',*,*,#1400,.F.);
#2003=ORIENTED_EDGE('',*,*,#1262,.F.);
#2004=ORIENTED_EDGE('',*,*,#1443,.T.);
#2005=ORIENTED_EDGE('',*,*,#1445,.T.);
#2006=ORIENTED_EDGE('',*,*,#1198,.T.);
#2007=ORIENTED_EDGE('',*,*,#1446,.T.);
#2008=ORIENTED_EDGE('',*,*,#1447,.T.);
#2009=ORIENTED_EDGE('',*,*,#1448,.T.);
#2010=ORIENTED_EDGE('',*,*,#1397,.T.);
#2011=ORIENTED_EDGE('',*,*,#1449,.T.);
#2012=ORIENTED_EDGE('',*,*,#1447,.F.);
#2013=ORIENTED_EDGE('',*,*,#1448,.F.);
#2014=ORIENTED_EDGE('',*,*,#1446,.F.);
#2015=ORIENTED_EDGE('',*,*,#1197,.F.);
#2016=ORIENTED_EDGE('',*,*,#1398,.T.);
#2017=ORIENTED_EDGE('',*,*,#1445,.F.);
#2018=ORIENTED_EDGE('',*,*,#1450,.F.);
#2019=ORIENTED_EDGE('',*,*,#1451,.T.);
#2020=ORIENTED_EDGE('',*,*,#1199,.F.);
#2021=ORIENTED_EDGE('',*,*,#1449,.F.);
#2022=ORIENTED_EDGE('',*,*,#1396,.F.);
#2023=ORIENTED_EDGE('',*,*,#1251,.F.);
#2024=ORIENTED_EDGE('',*,*,#1450,.T.);
#2025=ORIENTED_EDGE('',*,*,#1435,.F.);
#2026=ORIENTED_EDGE('',*,*,#1402,.T.);
#2027=ORIENTED_EDGE('',*,*,#1440,.F.);
#2028=ORIENTED_EDGE('',*,*,#1437,.F.);
#2029=ORIENTED_EDGE('',*,*,#1428,.F.);
#2030=ORIENTED_EDGE('',*,*,#1393,.T.);
#2031=ORIENTED_EDGE('',*,*,#1386,.F.);
#2032=ORIENTED_EDGE('',*,*,#1430,.F.);
#2033=ORIENTED_EDGE('',*,*,#1452,.F.);
#2034=ORIENTED_EDGE('',*,*,#1453,.T.);
#2035=ORIENTED_EDGE('',*,*,#1454,.F.);
#2036=ORIENTED_EDGE('',*,*,#1455,.F.);
#2037=ORIENTED_EDGE('',*,*,#1456,.T.);
#2038=ORIENTED_EDGE('',*,*,#1457,.F.);
#2039=ORIENTED_EDGE('',*,*,#1455,.T.);
#2040=ORIENTED_EDGE('',*,*,#1458,.T.);
#2041=ORIENTED_EDGE('',*,*,#1459,.F.);
#2042=ORIENTED_EDGE('',*,*,#1460,.F.);
#2043=ORIENTED_EDGE('',*,*,#1461,.F.);
#2044=ORIENTED_EDGE('',*,*,#1267,.F.);
#2045=ORIENTED_EDGE('',*,*,#1462,.F.);
#2046=ORIENTED_EDGE('',*,*,#1260,.T.);
#2047=ORIENTED_EDGE('',*,*,#1463,.T.);
#2048=ORIENTED_EDGE('',*,*,#1454,.T.);
#2049=ORIENTED_EDGE('',*,*,#1464,.T.);
#2050=ORIENTED_EDGE('',*,*,#1465,.T.);
#2051=ORIENTED_EDGE('',*,*,#1466,.F.);
#2052=ORIENTED_EDGE('',*,*,#1459,.T.);
#2053=ORIENTED_EDGE('',*,*,#1458,.F.);
#2054=ORIENTED_EDGE('',*,*,#1453,.F.);
#2055=ORIENTED_EDGE('',*,*,#1467,.T.);
#2056=ORIENTED_EDGE('',*,*,#1468,.F.);
#2057=ORIENTED_EDGE('',*,*,#1469,.F.);
#2058=ORIENTED_EDGE('',*,*,#1464,.F.);
#2059=ORIENTED_EDGE('',*,*,#1470,.F.);
#2060=ORIENTED_EDGE('',*,*,#1471,.T.);
#2061=ORIENTED_EDGE('',*,*,#1472,.T.);
#2062=ORIENTED_EDGE('',*,*,#1468,.T.);
#2063=ORIENTED_EDGE('',*,*,#1465,.F.);
#2064=ORIENTED_EDGE('',*,*,#1469,.T.);
#2065=ORIENTED_EDGE('',*,*,#1472,.F.);
#2066=ORIENTED_EDGE('',*,*,#1473,.T.);
#2067=ORIENTED_EDGE('',*,*,#1471,.F.);
#2068=ORIENTED_EDGE('',*,*,#1474,.T.);
#2069=ORIENTED_EDGE('',*,*,#1475,.T.);
#2070=ORIENTED_EDGE('',*,*,#1476,.F.);
#2071=ORIENTED_EDGE('',*,*,#1452,.T.);
#2072=ORIENTED_EDGE('',*,*,#1477,.F.);
#2073=ORIENTED_EDGE('',*,*,#1478,.T.);
#2074=ORIENTED_EDGE('',*,*,#1474,.F.);
#2075=ORIENTED_EDGE('',*,*,#1470,.T.);
#2076=ORIENTED_EDGE('',*,*,#1467,.F.);
#2077=ORIENTED_EDGE('',*,*,#1473,.F.);
#2078=ORIENTED_EDGE('',*,*,#1476,.T.);
#2079=ORIENTED_EDGE('',*,*,#1460,.T.);
#2080=ORIENTED_EDGE('',*,*,#1466,.T.);
#2081=ORIENTED_EDGE('',*,*,#1457,.T.);
#2082=ORIENTED_EDGE('',*,*,#1479,.T.);
#2083=ORIENTED_EDGE('',*,*,#1258,.F.);
#2084=ORIENTED_EDGE('',*,*,#1480,.F.);
#2085=ORIENTED_EDGE('',*,*,#1268,.F.);
#2086=ORIENTED_EDGE('',*,*,#1461,.T.);
#2087=ORIENTED_EDGE('',*,*,#1475,.F.);
#2088=ORIENTED_EDGE('',*,*,#1478,.F.);
#2089=ORIENTED_EDGE('',*,*,#1477,.T.);
#2090=ORIENTED_EDGE('',*,*,#1456,.F.);
#2091=ORIENTED_EDGE('',*,*,#1463,.F.);
#2092=ORIENTED_EDGE('',*,*,#1259,.F.);
#2093=ORIENTED_EDGE('',*,*,#1479,.F.);
#2094=ORIENTED_EDGE('',*,*,#1266,.T.);
#2095=ORIENTED_EDGE('',*,*,#1200,.F.);
#2096=ORIENTED_EDGE('',*,*,#1451,.F.);
#2097=ORIENTED_EDGE('',*,*,#1250,.F.);
#2098=ORIENTED_EDGE('',*,*,#1444,.F.);
#2099=ORIENTED_EDGE('',*,*,#1261,.F.);
#2100=ORIENTED_EDGE('',*,*,#1462,.T.);
#2101=ORIENTED_EDGE('',*,*,#1480,.T.);
#2102=ORIENTED_EDGE('',*,*,#1257,.F.);
#2103=ORIENTED_EDGE('',*,*,#1433,.F.);
#2104=ORIENTED_EDGE('',*,*,#1383,.F.);
#2105=ORIENTED_EDGE('',*,*,#1269,.T.);
#2106=ORIENTED_EDGE('',*,*,#1481,.F.);
#2107=ORIENTED_EDGE('',*,*,#1482,.T.);
#2108=ORIENTED_EDGE('',*,*,#1483,.F.);
#2109=ORIENTED_EDGE('',*,*,#1484,.F.);
#2110=ORIENTED_EDGE('',*,*,#1485,.T.);
#2111=ORIENTED_EDGE('',*,*,#1486,.F.);
#2112=ORIENTED_EDGE('',*,*,#1484,.T.);
#2113=ORIENTED_EDGE('',*,*,#1487,.T.);
#2114=ORIENTED_EDGE('',*,*,#1488,.F.);
#2115=ORIENTED_EDGE('',*,*,#1489,.F.);
#2116=ORIENTED_EDGE('',*,*,#1490,.F.);
#2117=ORIENTED_EDGE('',*,*,#1243,.F.);
#2118=ORIENTED_EDGE('',*,*,#1240,.F.);
#2119=ORIENTED_EDGE('',*,*,#1217,.T.);
#2120=ORIENTED_EDGE('',*,*,#1491,.T.);
#2121=ORIENTED_EDGE('',*,*,#1483,.T.);
#2122=ORIENTED_EDGE('',*,*,#1492,.T.);
#2123=ORIENTED_EDGE('',*,*,#1493,.T.);
#2124=ORIENTED_EDGE('',*,*,#1494,.F.);
#2125=ORIENTED_EDGE('',*,*,#1488,.T.);
#2126=ORIENTED_EDGE('',*,*,#1487,.F.);
#2127=ORIENTED_EDGE('',*,*,#1482,.F.);
#2128=ORIENTED_EDGE('',*,*,#1495,.T.);
#2129=ORIENTED_EDGE('',*,*,#1496,.F.);
#2130=ORIENTED_EDGE('',*,*,#1497,.F.);
#2131=ORIENTED_EDGE('',*,*,#1492,.F.);
#2132=ORIENTED_EDGE('',*,*,#1498,.F.);
#2133=ORIENTED_EDGE('',*,*,#1499,.T.);
#2134=ORIENTED_EDGE('',*,*,#1500,.T.);
#2135=ORIENTED_EDGE('',*,*,#1496,.T.);
#2136=ORIENTED_EDGE('',*,*,#1493,.F.);
#2137=ORIENTED_EDGE('',*,*,#1497,.T.);
#2138=ORIENTED_EDGE('',*,*,#1500,.F.);
#2139=ORIENTED_EDGE('',*,*,#1501,.T.);
#2140=ORIENTED_EDGE('',*,*,#1499,.F.);
#2141=ORIENTED_EDGE('',*,*,#1502,.T.);
#2142=ORIENTED_EDGE('',*,*,#1503,.T.);
#2143=ORIENTED_EDGE('',*,*,#1504,.F.);
#2144=ORIENTED_EDGE('',*,*,#1481,.T.);
#2145=ORIENTED_EDGE('',*,*,#1505,.F.);
#2146=ORIENTED_EDGE('',*,*,#1506,.T.);
#2147=ORIENTED_EDGE('',*,*,#1502,.F.);
#2148=ORIENTED_EDGE('',*,*,#1498,.T.);
#2149=ORIENTED_EDGE('',*,*,#1495,.F.);
#2150=ORIENTED_EDGE('',*,*,#1501,.F.);
#2151=ORIENTED_EDGE('',*,*,#1504,.T.);
#2152=ORIENTED_EDGE('',*,*,#1489,.T.);
#2153=ORIENTED_EDGE('',*,*,#1494,.T.);
#2154=ORIENTED_EDGE('',*,*,#1486,.T.);
#2155=ORIENTED_EDGE('',*,*,#1507,.T.);
#2156=ORIENTED_EDGE('',*,*,#1215,.F.);
#2157=ORIENTED_EDGE('',*,*,#1508,.F.);
#2158=ORIENTED_EDGE('',*,*,#1244,.F.);
#2159=ORIENTED_EDGE('',*,*,#1490,.T.);
#2160=ORIENTED_EDGE('',*,*,#1503,.F.);
#2161=ORIENTED_EDGE('',*,*,#1506,.F.);
#2162=ORIENTED_EDGE('',*,*,#1505,.T.);
#2163=ORIENTED_EDGE('',*,*,#1485,.F.);
#2164=ORIENTED_EDGE('',*,*,#1491,.F.);
#2165=ORIENTED_EDGE('',*,*,#1216,.F.);
#2166=ORIENTED_EDGE('',*,*,#1507,.F.);
#2167=ORIENTED_EDGE('',*,*,#1508,.T.);
#2168=ORIENTED_EDGE('',*,*,#1214,.T.);
#2169=ORIENTED_EDGE('',*,*,#1410,.T.);
#2170=ORIENTED_EDGE('',*,*,#1208,.F.);
#2171=ORIENTED_EDGE('',*,*,#1245,.F.);
#2172=ORIENTED_EDGE('',*,*,#1271,.F.);
#2173=ORIENTED_EDGE('',*,*,#1509,.T.);
#2174=ORIENTED_EDGE('',*,*,#1510,.T.);
#2175=ORIENTED_EDGE('',*,*,#1509,.F.);
#2176=ORIENTED_EDGE('',*,*,#1510,.F.);
#2177=ORIENTED_EDGE('',*,*,#1248,.F.);
#2178=ORIENTED_EDGE('',*,*,#1511,.T.);
#2179=ORIENTED_EDGE('',*,*,#1512,.T.);
#2180=ORIENTED_EDGE('',*,*,#1511,.F.);
#2181=ORIENTED_EDGE('',*,*,#1512,.F.);
#2182=ORIENTED_EDGE('',*,*,#1247,.F.);
#2183=ORIENTED_EDGE('',*,*,#1513,.T.);
#2184=ORIENTED_EDGE('',*,*,#1514,.T.);
#2185=ORIENTED_EDGE('',*,*,#1513,.F.);
#2186=ORIENTED_EDGE('',*,*,#1514,.F.);
#2187=ORIENTED_EDGE('',*,*,#1272,.F.);
#2188=ORIENTED_EDGE('',*,*,#1515,.T.);
#2189=ORIENTED_EDGE('',*,*,#1516,.T.);
#2190=ORIENTED_EDGE('',*,*,#1515,.F.);
#2191=ORIENTED_EDGE('',*,*,#1516,.F.);
#2192=ORIENTED_EDGE('',*,*,#1273,.F.);
#2193=ORIENTED_EDGE('',*,*,#1517,.T.);
#2194=ORIENTED_EDGE('',*,*,#1518,.T.);
#2195=ORIENTED_EDGE('',*,*,#1517,.F.);
#2196=ORIENTED_EDGE('',*,*,#1518,.F.);
#2197=ORIENTED_EDGE('',*,*,#1246,.F.);
#2198=ORIENTED_EDGE('',*,*,#1519,.T.);
#2199=ORIENTED_EDGE('',*,*,#1520,.T.);
#2200=ORIENTED_EDGE('',*,*,#1519,.F.);
#2201=ORIENTED_EDGE('',*,*,#1520,.F.);
#2202=ORIENTED_EDGE('',*,*,#1249,.F.);
#2203=ORIENTED_EDGE('',*,*,#1521,.T.);
#2204=ORIENTED_EDGE('',*,*,#1522,.T.);
#2205=ORIENTED_EDGE('',*,*,#1521,.F.);
#2206=ORIENTED_EDGE('',*,*,#1522,.F.);
#2207=ORIENTED_EDGE('',*,*,#1274,.F.);
#2208=ORIENTED_EDGE('',*,*,#1523,.T.);
#2209=ORIENTED_EDGE('',*,*,#1524,.T.);
#2210=ORIENTED_EDGE('',*,*,#1523,.F.);
#2211=ORIENTED_EDGE('',*,*,#1524,.F.);
#2212=ORIENTED_EDGE('',*,*,#1389,.F.);
#2213=ORIENTED_EDGE('',*,*,#1525,.T.);
#2214=ORIENTED_EDGE('',*,*,#1526,.T.);
#2215=ORIENTED_EDGE('',*,*,#1527,.F.);
#2216=ORIENTED_EDGE('',*,*,#1390,.F.);
#2217=ORIENTED_EDGE('',*,*,#1527,.T.);
#2218=ORIENTED_EDGE('',*,*,#1528,.T.);
#2219=ORIENTED_EDGE('',*,*,#1525,.F.);
#2220=ORIENTED_EDGE('',*,*,#1528,.F.);
#2221=ORIENTED_EDGE('',*,*,#1526,.F.);
#2222=ORIENTED_EDGE('',*,*,#1529,.F.);
#2223=ORIENTED_EDGE('',*,*,#1530,.F.);
#2224=ORIENTED_EDGE('',*,*,#1388,.F.);
#2225=ORIENTED_EDGE('',*,*,#1531,.T.);
#2226=ORIENTED_EDGE('',*,*,#1532,.T.);
#2227=ORIENTED_EDGE('',*,*,#1531,.F.);
#2228=ORIENTED_EDGE('',*,*,#1532,.F.);
#2229=ORIENTED_EDGE('',*,*,#1533,.F.);
#2230=ORIENTED_EDGE('',*,*,#1534,.T.);
#2231=ORIENTED_EDGE('',*,*,#1535,.T.);
#2232=ORIENTED_EDGE('',*,*,#1376,.F.);
#2233=ORIENTED_EDGE('',*,*,#1535,.F.);
#2234=ORIENTED_EDGE('',*,*,#1534,.F.);
#2235=ORIENTED_EDGE('',*,*,#1536,.T.);
#2236=ORIENTED_EDGE('',*,*,#1536,.F.);
#2237=ORIENTED_EDGE('',*,*,#1537,.T.);
#2238=ORIENTED_EDGE('',*,*,#1212,.F.);
#2239=ORIENTED_EDGE('',*,*,#1537,.F.);
#2240=ORIENTED_EDGE('',*,*,#1538,.F.);
#2241=ORIENTED_EDGE('',*,*,#1539,.T.);
#2242=ORIENTED_EDGE('',*,*,#1334,.F.);
#2243=ORIENTED_EDGE('',*,*,#1539,.F.);
#2244=ORIENTED_EDGE('',*,*,#1538,.T.);
#2245=ORIENTED_EDGE('',*,*,#1540,.T.);
#2246=ORIENTED_EDGE('',*,*,#1530,.T.);
#2247=ORIENTED_EDGE('',*,*,#1541,.T.);
#2248=ORIENTED_EDGE('',*,*,#1336,.T.);
#2249=ORIENTED_EDGE('',*,*,#1541,.F.);
#2250=ORIENTED_EDGE('',*,*,#1533,.T.);
#2251=ORIENTED_EDGE('',*,*,#1542,.T.);
#2252=ORIENTED_EDGE('',*,*,#1540,.F.);
#2253=ORIENTED_EDGE('',*,*,#1542,.F.);
#2254=ORIENTED_EDGE('',*,*,#1529,.T.);
#2255=ORIENTED_EDGE('',*,*,#1543,.T.);
#2256=ORIENTED_EDGE('',*,*,#1335,.T.);
#2257=ORIENTED_EDGE('',*,*,#1543,.F.);
#2258=PLANE('',#2478);
#2259=PLANE('',#2480);
#2260=PLANE('',#2490);
#2261=PLANE('',#2491);
#2262=PLANE('',#2494);
#2263=PLANE('',#2498);
#2264=PLANE('',#2503);
#2265=PLANE('',#2504);
#2266=PLANE('',#2554);
#2267=PLANE('',#2560);
#2268=PLANE('',#2565);
#2269=PLANE('',#2607);
#2270=PLANE('',#2610);
#2271=PLANE('',#2612);
#2272=PLANE('',#2614);
#2273=PLANE('',#2615);
#2274=PLANE('',#2624);
#2275=PLANE('',#2625);
#2276=PLANE('',#2626);
#2277=PLANE('',#2628);
#2278=PLANE('',#2630);
#2279=PLANE('',#2636);
#2280=PLANE('',#2637);
#2281=PLANE('',#2643);
#2282=PLANE('',#2644);
#2283=PLANE('',#2645);
#2284=PLANE('',#2649);
#2285=PLANE('',#2650);
#2286=PLANE('',#2651);
#2287=PLANE('',#2652);
#2288=PLANE('',#2653);
#2289=PLANE('',#2657);
#2290=PLANE('',#2658);
#2291=PLANE('',#2664);
#2292=PLANE('',#2665);
#2293=PLANE('',#2666);
#2294=PLANE('',#2670);
#2295=PLANE('',#2671);
#2296=PLANE('',#2672);
#2297=PLANE('',#2673);
#2298=PLANE('',#2674);
#2299=PLANE('',#2675);
#2300=PLANE('',#2676);
#2301=PLANE('',#2679);
#2302=PLANE('',#2680);
#2303=PLANE('',#2683);
#2304=PLANE('',#2684);
#2305=PLANE('',#2687);
#2306=PLANE('',#2688);
#2307=PLANE('',#2692);
#2308=PLANE('',#2695);
#2309=PLANE('',#2698);
#2310=PLANE('',#2701);
#2311=PLANE('',#2704);
#2312=PLANE('',#2707);
#2313=PLANE('',#2710);
#2314=PLANE('',#2713);
#2315=PLANE('',#2718);
#2316=PLANE('',#2723);
#2317=PLANE('',#2727);
#2318=PLANE('',#2732);
#2319=ADVANCED_FACE('',(#283),#2258,.T.);
#2320=ADVANCED_FACE('',(#284,#151),#2259,.F.);
#2321=ADVANCED_FACE('',(#285),#2260,.T.);
#2322=ADVANCED_FACE('',(#286),#2261,.T.);
#2323=ADVANCED_FACE('',(#287),#2262,.T.);
#2324=ADVANCED_FACE('',(#288),#98,.T.);
#2325=ADVANCED_FACE('',(#289,#152,#153,#154,#155),#2263,.T.);
#2326=ADVANCED_FACE('',(#290),#2264,.T.);
#2327=ADVANCED_FACE('',(#291,#156,#157,#158,#159),#2265,.T.);
#2328=ADVANCED_FACE('',(#292),#30,.T.);
#2329=ADVANCED_FACE('',(#293),#31,.T.);
#2330=ADVANCED_FACE('',(#294),#99,.T.);
#2331=ADVANCED_FACE('',(#295),#32,.T.);
#2332=ADVANCED_FACE('',(#296),#33,.T.);
#2333=ADVANCED_FACE('',(#297),#100,.T.);
#2334=ADVANCED_FACE('',(#298),#34,.T.);
#2335=ADVANCED_FACE('',(#299),#101,.T.);
#2336=ADVANCED_FACE('',(#300),#35,.T.);
#2337=ADVANCED_FACE('',(#301),#102,.T.);
#2338=ADVANCED_FACE('',(#302),#36,.T.);
#2339=ADVANCED_FACE('',(#303),#103,.T.);
#2340=ADVANCED_FACE('',(#304),#37,.T.);
#2341=ADVANCED_FACE('',(#305),#104,.T.);
#2342=ADVANCED_FACE('',(#306),#2266,.T.);
#2343=ADVANCED_FACE('',(#307),#105,.T.);
#2344=ADVANCED_FACE('',(#308),#106,.T.);
#2345=ADVANCED_FACE('',(#309),#2267,.T.);
#2346=ADVANCED_FACE('',(#310),#107,.T.);
#2347=ADVANCED_FACE('',(#311),#108,.T.);
#2348=ADVANCED_FACE('',(#312,#160,#161,#162),#2268,.F.);
#2349=ADVANCED_FACE('',(#313),#38,.T.);
#2350=ADVANCED_FACE('',(#314),#109,.T.);
#2351=ADVANCED_FACE('',(#315),#39,.T.);
#2352=ADVANCED_FACE('',(#316),#40,.T.);
#2353=ADVANCED_FACE('',(#317),#110,.T.);
#2354=ADVANCED_FACE('',(#318),#41,.T.);
#2355=ADVANCED_FACE('',(#319),#111,.T.);
#2356=ADVANCED_FACE('',(#320),#42,.T.);
#2357=ADVANCED_FACE('',(#321),#112,.T.);
#2358=ADVANCED_FACE('',(#322),#43,.T.);
#2359=ADVANCED_FACE('',(#323),#113,.T.);
#2360=ADVANCED_FACE('',(#324),#44,.T.);
#2361=ADVANCED_FACE('',(#325),#45,.T.);
#2362=ADVANCED_FACE('',(#326),#114,.T.);
#2363=ADVANCED_FACE('',(#327),#2269,.F.);
#2364=ADVANCED_FACE('',(#328),#115,.T.);
#2365=ADVANCED_FACE('',(#329),#2270,.T.);
#2366=ADVANCED_FACE('',(#330),#116,.T.);
#2367=ADVANCED_FACE('',(#331,#163),#2271,.T.);
#2368=ADVANCED_FACE('',(#332),#2272,.F.);
#2369=ADVANCED_FACE('',(#333,#164,#165),#2273,.T.);
#2370=ADVANCED_FACE('',(#334),#117,.T.);
#2371=ADVANCED_FACE('',(#335),#2274,.F.);
#2372=ADVANCED_FACE('',(#336),#2275,.F.);
#2373=ADVANCED_FACE('',(#337),#2276,.T.);
#2374=ADVANCED_FACE('',(#338),#2277,.T.);
#2375=ADVANCED_FACE('',(#339),#2278,.T.);
#2376=ADVANCED_FACE('',(#340),#118,.T.);
#2377=ADVANCED_FACE('',(#341),#119,.T.);
#2378=ADVANCED_FACE('',(#342),#2279,.T.);
#2379=ADVANCED_FACE('',(#343),#2280,.T.);
#2380=ADVANCED_FACE('',(#344),#120,.T.);
#2381=ADVANCED_FACE('',(#345),#121,.T.);
#2382=ADVANCED_FACE('',(#346),#122,.T.);
#2383=ADVANCED_FACE('',(#347),#2281,.T.);
#2384=ADVANCED_FACE('',(#348),#2282,.T.);
#2385=ADVANCED_FACE('',(#349),#2283,.T.);
#2386=ADVANCED_FACE('',(#350),#123,.T.);
#2387=ADVANCED_FACE('',(#351),#124,.T.);
#2388=ADVANCED_FACE('',(#352),#2284,.T.);
#2389=ADVANCED_FACE('',(#353),#2285,.T.);
#2390=ADVANCED_FACE('',(#354),#2286,.T.);
#2391=ADVANCED_FACE('',(#355),#2287,.T.);
#2392=ADVANCED_FACE('',(#356),#2288,.T.);
#2393=ADVANCED_FACE('',(#357),#125,.T.);
#2394=ADVANCED_FACE('',(#358),#126,.T.);
#2395=ADVANCED_FACE('',(#359),#2289,.T.);
#2396=ADVANCED_FACE('',(#360),#2290,.T.);
#2397=ADVANCED_FACE('',(#361),#127,.T.);
#2398=ADVANCED_FACE('',(#362),#128,.T.);
#2399=ADVANCED_FACE('',(#363),#129,.T.);
#2400=ADVANCED_FACE('',(#364),#2291,.T.);
#2401=ADVANCED_FACE('',(#365),#2292,.T.);
#2402=ADVANCED_FACE('',(#366),#2293,.T.);
#2403=ADVANCED_FACE('',(#367),#130,.T.);
#2404=ADVANCED_FACE('',(#368),#131,.T.);
#2405=ADVANCED_FACE('',(#369),#2294,.T.);
#2406=ADVANCED_FACE('',(#370),#2295,.T.);
#2407=ADVANCED_FACE('',(#371),#2296,.T.);
#2408=ADVANCED_FACE('',(#372),#2297,.T.);
#2409=ADVANCED_FACE('',(#373),#2298,.T.);
#2410=ADVANCED_FACE('',(#374),#20,.T.);
#2411=ADVANCED_FACE('',(#375),#16,.F.);
#2412=ADVANCED_FACE('',(#376),#2299,.F.);
#2413=ADVANCED_FACE('',(#377),#2300,.F.);
#2414=ADVANCED_FACE('',(#378),#21,.T.);
#2415=ADVANCED_FACE('',(#379),#22,.T.);
#2416=ADVANCED_FACE('',(#380),#23,.F.);
#2417=ADVANCED_FACE('',(#381),#2301,.F.);
#2418=ADVANCED_FACE('',(#382),#24,.F.);
#2419=ADVANCED_FACE('',(#383),#17,.F.);
#2420=ADVANCED_FACE('',(#384),#2302,.T.);
#2421=ADVANCED_FACE('',(#385),#132,.T.);
#2422=ADVANCED_FACE('',(#386),#133,.T.);
#2423=ADVANCED_FACE('',(#387),#25,.T.);
#2424=ADVANCED_FACE('',(#388),#18,.F.);
#2425=ADVANCED_FACE('',(#389),#2303,.F.);
#2426=ADVANCED_FACE('',(#390),#2304,.F.);
#2427=ADVANCED_FACE('',(#391),#26,.T.);
#2428=ADVANCED_FACE('',(#392),#27,.T.);
#2429=ADVANCED_FACE('',(#393),#28,.F.);
#2430=ADVANCED_FACE('',(#394),#2305,.F.);
#2431=ADVANCED_FACE('',(#395),#29,.F.);
#2432=ADVANCED_FACE('',(#396),#19,.F.);
#2433=ADVANCED_FACE('',(#397),#2306,.T.);
#2434=ADVANCED_FACE('',(#398),#134,.T.);
#2435=ADVANCED_FACE('',(#399),#135,.F.);
#2436=ADVANCED_FACE('',(#400),#2307,.T.);
#2437=ADVANCED_FACE('',(#401),#136,.F.);
#2438=ADVANCED_FACE('',(#402),#2308,.T.);
#2439=ADVANCED_FACE('',(#403),#137,.F.);
#2440=ADVANCED_FACE('',(#404),#2309,.T.);
#2441=ADVANCED_FACE('',(#405),#138,.F.);
#2442=ADVANCED_FACE('',(#406),#2310,.T.);
#2443=ADVANCED_FACE('',(#407),#139,.F.);
#2444=ADVANCED_FACE('',(#408),#2311,.T.);
#2445=ADVANCED_FACE('',(#409),#140,.F.);
#2446=ADVANCED_FACE('',(#410),#2312,.T.);
#2447=ADVANCED_FACE('',(#411),#141,.F.);
#2448=ADVANCED_FACE('',(#412),#2313,.T.);
#2449=ADVANCED_FACE('',(#413),#142,.F.);
#2450=ADVANCED_FACE('',(#414),#2314,.T.);
#2451=ADVANCED_FACE('',(#415),#143,.F.);
#2452=ADVANCED_FACE('',(#416),#144,.F.);
#2453=ADVANCED_FACE('',(#417,#166,#167),#2315,.T.);
#2454=ADVANCED_FACE('',(#418),#145,.F.);
#2455=ADVANCED_FACE('',(#419,#168),#2316,.T.);
#2456=ADVANCED_FACE('',(#420),#15,.T.);
#2457=ADVANCED_FACE('',(#421,#169),#2317,.T.);
#2458=ADVANCED_FACE('',(#422),#146,.F.);
#2459=ADVANCED_FACE('',(#423),#147,.T.);
#2460=ADVANCED_FACE('',(#424,#170),#2318,.F.);
#2461=ADVANCED_FACE('',(#425),#148,.F.);
#2462=ADVANCED_FACE('',(#426),#149,.F.);
#2463=ADVANCED_FACE('',(#427),#150,.F.);
#2464=CLOSED_SHELL('',(#2319,#2320,#2321,#2322,#2323,#2324,#2325,#2326,
#2327,#2328,#2329,#2330,#2331,#2332,#2333,#2334,#2335,#2336,#2337,#2338,
#2339,#2340,#2341,#2342,#2343,#2344,#2345,#2346,#2347,#2348,#2349,#2350,
#2351,#2352,#2353,#2354,#2355,#2356,#2357,#2358,#2359,#2360,#2361,#2362,
#2363,#2364,#2365,#2366,#2367,#2368,#2369,#2370,#2371,#2372,#2373,#2374,
#2375,#2376,#2377,#2378,#2379,#2380,#2381,#2382,#2383,#2384,#2385,#2386,
#2387,#2388,#2389,#2390,#2391,#2392,#2393,#2394,#2395,#2396,#2397,#2398,
#2399,#2400,#2401,#2402,#2403,#2404,#2405,#2406,#2407,#2408,#2409,#2410,
#2411,#2412,#2413,#2414,#2415,#2416,#2417,#2418,#2419,#2420,#2421,#2422,
#2423,#2424,#2425,#2426,#2427,#2428,#2429,#2430,#2431,#2432,#2433,#2434,
#2435,#2436,#2437,#2438,#2439,#2440,#2441,#2442,#2443,#2444,#2445,#2446,
#2447,#2448,#2449,#2450,#2451,#2452,#2453,#2454,#2455,#2456,#2457,#2458,
#2459,#2460,#2461,#2462,#2463));
#2465=DERIVED_UNIT_ELEMENT(#2467,1.);
#2466=DERIVED_UNIT_ELEMENT(#5142,-3.);
#2467=(
MASS_UNIT()
NAMED_UNIT(*)
SI_UNIT(.KILO.,.GRAM.)
);
#2468=DERIVED_UNIT((#2465,#2466));
#2469=MEASURE_REPRESENTATION_ITEM('density measure',
POSITIVE_RATIO_MEASURE(7850.),#2468);
#2470=PROPERTY_DEFINITION_REPRESENTATION(#2475,#2472);
#2471=PROPERTY_DEFINITION_REPRESENTATION(#2476,#2473);
#2472=REPRESENTATION('material name',(#2474),#5139);
#2473=REPRESENTATION('density',(#2469),#5139);
#2474=DESCRIPTIVE_REPRESENTATION_ITEM('Steel','Steel');
#2475=PROPERTY_DEFINITION('material property','material name',#5149);
#2476=PROPERTY_DEFINITION('material property','density of part',#5149);
#2477=AXIS2_PLACEMENT_3D('',#3434,#2737,#2738);
#2478=AXIS2_PLACEMENT_3D('',#3435,#2739,#2740);
#2479=AXIS2_PLACEMENT_3D('',#3442,#2743,#2744);
#2480=AXIS2_PLACEMENT_3D('',#3446,#2747,#2748);
#2481=AXIS2_PLACEMENT_3D('',#3452,#2751,#2752);
#2482=AXIS2_PLACEMENT_3D('',#3460,#2756,#2757);
#2483=AXIS2_PLACEMENT_3D('',#3464,#2759,#2760);
#2484=AXIS2_PLACEMENT_3D('',#3468,#2762,#2763);
#2485=AXIS2_PLACEMENT_3D('',#3472,#2765,#2766);
#2486=AXIS2_PLACEMENT_3D('',#3476,#2768,#2769);
#2487=AXIS2_PLACEMENT_3D('',#3480,#2771,#2772);
#2488=AXIS2_PLACEMENT_3D('',#3484,#2774,#2775);
#2489=AXIS2_PLACEMENT_3D('',#3487,#2777,#2778);
#2490=AXIS2_PLACEMENT_3D('',#3488,#2779,#2780);
#2491=AXIS2_PLACEMENT_3D('',#3516,#2795,#2796);
#2492=AXIS2_PLACEMENT_3D('',#3522,#2799,#2800);
#2493=AXIS2_PLACEMENT_3D('',#3525,#2802,#2803);
#2494=AXIS2_PLACEMENT_3D('',#3526,#2804,#2805);
#2495=AXIS2_PLACEMENT_3D('',#3532,#2808,#2809);
#2496=AXIS2_PLACEMENT_3D('',#3534,#2811,#2812);
#2497=AXIS2_PLACEMENT_3D('',#3539,#2814,#2815);
#2498=AXIS2_PLACEMENT_3D('',#3554,#2818,#2819);
#2499=AXIS2_PLACEMENT_3D('',#3594,#2823,#2824);
#2500=AXIS2_PLACEMENT_3D('',#3596,#2825,#2826);
#2501=AXIS2_PLACEMENT_3D('',#3598,#2827,#2828);
#2502=AXIS2_PLACEMENT_3D('',#3600,#2829,#2830);
#2503=AXIS2_PLACEMENT_3D('',#3601,#2831,#2832);
#2504=AXIS2_PLACEMENT_3D('',#3631,#2848,#2849);
#2505=AXIS2_PLACEMENT_3D('',#3674,#2854,#2855);
#2506=AXIS2_PLACEMENT_3D('',#3676,#2856,#2857);
#2507=AXIS2_PLACEMENT_3D('',#3678,#2858,#2859);
#2508=AXIS2_PLACEMENT_3D('',#3680,#2860,#2861);
#2509=AXIS2_PLACEMENT_3D('',#3681,#2862,#2863);
#2510=AXIS2_PLACEMENT_3D('',#3684,#2864,#2865);
#2511=AXIS2_PLACEMENT_3D('',#3686,#2866,#2867);
#2512=AXIS2_PLACEMENT_3D('',#3688,#2868,#2869);
#2513=AXIS2_PLACEMENT_3D('',#3689,#2870,#2871);
#2514=AXIS2_PLACEMENT_3D('',#3690,#2872,#2873);
#2515=AXIS2_PLACEMENT_3D('',#3693,#2874,#2875);
#2516=AXIS2_PLACEMENT_3D('',#3694,#2876,#2877);
#2517=AXIS2_PLACEMENT_3D('',#3695,#2878,#2879);
#2518=AXIS2_PLACEMENT_3D('',#3696,#2880,#2881);
#2519=AXIS2_PLACEMENT_3D('',#3699,#2882,#2883);
#2520=AXIS2_PLACEMENT_3D('',#3702,#2886,#2887);
#2521=AXIS2_PLACEMENT_3D('',#3705,#2888,#2889);
#2522=AXIS2_PLACEMENT_3D('',#3706,#2890,#2891);
#2523=AXIS2_PLACEMENT_3D('',#3707,#2892,#2893);
#2524=AXIS2_PLACEMENT_3D('',#3708,#2894,#2895);
#2525=AXIS2_PLACEMENT_3D('',#3711,#2896,#2897);
#2526=AXIS2_PLACEMENT_3D('',#3712,#2898,#2899);
#2527=AXIS2_PLACEMENT_3D('',#3713,#2900,#2901);
#2528=AXIS2_PLACEMENT_3D('',#3714,#2902,#2903);
#2529=AXIS2_PLACEMENT_3D('',#3717,#2904,#2905);
#2530=AXIS2_PLACEMENT_3D('',#3720,#2908,#2909);
#2531=AXIS2_PLACEMENT_3D('',#3723,#2910,#2911);
#2532=AXIS2_PLACEMENT_3D('',#3724,#2912,#2913);
#2533=AXIS2_PLACEMENT_3D('',#3725,#2914,#2915);
#2534=AXIS2_PLACEMENT_3D('',#3726,#2916,#2917);
#2535=AXIS2_PLACEMENT_3D('',#3729,#2918,#2919);
#2536=AXIS2_PLACEMENT_3D('',#3732,#2922,#2923);
#2537=AXIS2_PLACEMENT_3D('',#3735,#2924,#2925);
#2538=AXIS2_PLACEMENT_3D('',#3736,#2926,#2927);
#2539=AXIS2_PLACEMENT_3D('',#3737,#2928,#2929);
#2540=AXIS2_PLACEMENT_3D('',#3738,#2930,#2931);
#2541=AXIS2_PLACEMENT_3D('',#3741,#2932,#2933);
#2542=AXIS2_PLACEMENT_3D('',#3744,#2936,#2937);
#2543=AXIS2_PLACEMENT_3D('',#3747,#2938,#2939);
#2544=AXIS2_PLACEMENT_3D('',#3748,#2940,#2941);
#2545=AXIS2_PLACEMENT_3D('',#3749,#2942,#2943);
#2546=AXIS2_PLACEMENT_3D('',#3750,#2944,#2945);
#2547=AXIS2_PLACEMENT_3D('',#3753,#2946,#2947);
#2548=AXIS2_PLACEMENT_3D('',#3756,#2950,#2951);
#2549=AXIS2_PLACEMENT_3D('',#3757,#2952,#2953);
#2550=AXIS2_PLACEMENT_3D('',#3758,#2954,#2955);
#2551=AXIS2_PLACEMENT_3D('',#3759,#2956,#2957);
#2552=AXIS2_PLACEMENT_3D('',#3763,#2959,#2960);
#2553=AXIS2_PLACEMENT_3D('',#3766,#2962,#2963);
#2554=AXIS2_PLACEMENT_3D('',#3768,#2965,#2966);
#2555=AXIS2_PLACEMENT_3D('',#3772,#2969,#2970);
#2556=AXIS2_PLACEMENT_3D('',#3775,#2972,#2973);
#2557=AXIS2_PLACEMENT_3D('',#3776,#2974,#2975);
#2558=AXIS2_PLACEMENT_3D('',#3779,#2977,#2978);
#2559=AXIS2_PLACEMENT_3D('',#3782,#2980,#2981);
#2560=AXIS2_PLACEMENT_3D('',#3783,#2982,#2983);
#2561=AXIS2_PLACEMENT_3D('',#3788,#2987,#2988);
#2562=AXIS2_PLACEMENT_3D('',#3791,#2990,#2991);
#2563=AXIS2_PLACEMENT_3D('',#3792,#2992,#2993);
#2564=AXIS2_PLACEMENT_3D('',#3795,#2995,#2996);
#2565=AXIS2_PLACEMENT_3D('',#3796,#2997,#2998);
#2566=AXIS2_PLACEMENT_3D('',#3798,#2999,#3000);
#2567=AXIS2_PLACEMENT_3D('',#3800,#3001,#3002);
#2568=AXIS2_PLACEMENT_3D('',#3802,#3003,#3004);
#2569=AXIS2_PLACEMENT_3D('',#3803,#3005,#3006);
#2570=AXIS2_PLACEMENT_3D('',#3805,#3007,#3008);
#2571=AXIS2_PLACEMENT_3D('',#3807,#3009,#3010);
#2572=AXIS2_PLACEMENT_3D('',#3808,#3011,#3012);
#2573=AXIS2_PLACEMENT_3D('',#3809,#3013,#3014);
#2574=AXIS2_PLACEMENT_3D('',#3811,#3015,#3016);
#2575=AXIS2_PLACEMENT_3D('',#3813,#3018,#3019);
#2576=AXIS2_PLACEMENT_3D('',#3815,#3020,#3021);
#2577=AXIS2_PLACEMENT_3D('',#3816,#3022,#3023);
#2578=AXIS2_PLACEMENT_3D('',#3817,#3024,#3025);
#2579=AXIS2_PLACEMENT_3D('',#3819,#3026,#3027);
#2580=AXIS2_PLACEMENT_3D('',#3820,#3028,#3029);
#2581=AXIS2_PLACEMENT_3D('',#3821,#3030,#3031);
#2582=AXIS2_PLACEMENT_3D('',#3823,#3032,#3033);
#2583=AXIS2_PLACEMENT_3D('',#3825,#3035,#3036);
#2584=AXIS2_PLACEMENT_3D('',#3827,#3037,#3038);
#2585=AXIS2_PLACEMENT_3D('',#3828,#3039,#3040);
#2586=AXIS2_PLACEMENT_3D('',#3829,#3041,#3042);
#2587=AXIS2_PLACEMENT_3D('',#3832,#3043,#3044);
#2588=AXIS2_PLACEMENT_3D('',#3835,#3047,#3048);
#2589=AXIS2_PLACEMENT_3D('',#3838,#3049,#3050);
#2590=AXIS2_PLACEMENT_3D('',#3839,#3051,#3052);
#2591=AXIS2_PLACEMENT_3D('',#3840,#3053,#3054);
#2592=AXIS2_PLACEMENT_3D('',#3841,#3055,#3056);
#2593=AXIS2_PLACEMENT_3D('',#3844,#3057,#3058);
#2594=AXIS2_PLACEMENT_3D('',#3847,#3061,#3062);
#2595=AXIS2_PLACEMENT_3D('',#3850,#3063,#3064);
#2596=AXIS2_PLACEMENT_3D('',#3851,#3065,#3066);
#2597=AXIS2_PLACEMENT_3D('',#3852,#3067,#3068);
#2598=AXIS2_PLACEMENT_3D('',#3853,#3069,#3070);
#2599=AXIS2_PLACEMENT_3D('',#3856,#3071,#3072);
#2600=AXIS2_PLACEMENT_3D('',#3859,#3075,#3076);
#2601=AXIS2_PLACEMENT_3D('',#3861,#3077,#3078);
#2602=AXIS2_PLACEMENT_3D('',#3862,#3079,#3080);
#2603=AXIS2_PLACEMENT_3D('',#3863,#3081,#3082);
#2604=AXIS2_PLACEMENT_3D('',#3864,#3083,#3084);
#2605=AXIS2_PLACEMENT_3D('',#3865,#3085,#3086);
#2606=AXIS2_PLACEMENT_3D('',#3866,#3087,#3088);
#2607=AXIS2_PLACEMENT_3D('',#3869,#3091,#3092);
#2608=AXIS2_PLACEMENT_3D('',#3871,#3094,#3095);
#2609=AXIS2_PLACEMENT_3D('',#3874,#3097,#3098);
#2610=AXIS2_PLACEMENT_3D('',#3876,#3100,#3101);
#2611=AXIS2_PLACEMENT_3D('',#3878,#3103,#3104);
#2612=AXIS2_PLACEMENT_3D('',#3879,#3105,#3106);
#2613=AXIS2_PLACEMENT_3D('',#3881,#3107,#3108);
#2614=AXIS2_PLACEMENT_3D('',#3882,#3109,#3110);
#2615=AXIS2_PLACEMENT_3D('',#3883,#3111,#3112);
#2616=AXIS2_PLACEMENT_3D('',#3887,#3114,#3115);
#2617=AXIS2_PLACEMENT_3D('',#3892,#3118,#3119);
#2618=AXIS2_PLACEMENT_3D('',#3895,#3121,#3122);
#2619=AXIS2_PLACEMENT_3D('',#3899,#3124,#3125);
#2620=AXIS2_PLACEMENT_3D('',#3904,#3128,#3129);
#2621=AXIS2_PLACEMENT_3D('',#3907,#3130,#3131);
#2622=AXIS2_PLACEMENT_3D('',#3908,#3132,#3133);
#2623=AXIS2_PLACEMENT_3D('',#3909,#3134,#3135);
#2624=AXIS2_PLACEMENT_3D('',#3912,#3138,#3139);
#2625=AXIS2_PLACEMENT_3D('',#3913,#3140,#3141);
#2626=AXIS2_PLACEMENT_3D('',#3914,#3142,#3143);
#2627=AXIS2_PLACEMENT_3D('',#3918,#3145,#3146);
#2628=AXIS2_PLACEMENT_3D('',#3920,#3148,#3149);
#2629=AXIS2_PLACEMENT_3D('',#3924,#3151,#3152);
#2630=AXIS2_PLACEMENT_3D('',#3926,#3154,#3155);
#2631=AXIS2_PLACEMENT_3D('',#3932,#3158,#3159);
#2632=AXIS2_PLACEMENT_3D('',#3935,#3161,#3162);
#2633=AXIS2_PLACEMENT_3D('',#3936,#3163,#3164);
#2634=AXIS2_PLACEMENT_3D('',#3941,#3167,#3168);
#2635=AXIS2_PLACEMENT_3D('',#3942,#3169,#3170);
#2636=AXIS2_PLACEMENT_3D('',#3945,#3173,#3174);
#2637=AXIS2_PLACEMENT_3D('',#3947,#3176,#3177);
#2638=AXIS2_PLACEMENT_3D('',#3949,#3179,#3180);
#2639=AXIS2_PLACEMENT_3D('',#3954,#3183,#3184);
#2640=AXIS2_PLACEMENT_3D('',#3955,#3185,#3186);
#2641=AXIS2_PLACEMENT_3D('',#3959,#3188,#3189);
#2642=AXIS2_PLACEMENT_3D('',#3961,#3191,#3192);
#2643=AXIS2_PLACEMENT_3D('',#3964,#3195,#3196);
#2644=AXIS2_PLACEMENT_3D('',#3966,#3198,#3199);
#2645=AXIS2_PLACEMENT_3D('',#3968,#3201,#3202);
#2646=AXIS2_PLACEMENT_3D('',#3969,#3203,#3204);
#2647=AXIS2_PLACEMENT_3D('',#3974,#3207,#3208);
#2648=AXIS2_PLACEMENT_3D('',#3975,#3209,#3210);
#2649=AXIS2_PLACEMENT_3D('',#3978,#3213,#3214);
#2650=AXIS2_PLACEMENT_3D('',#3979,#3215,#3216);
#2651=AXIS2_PLACEMENT_3D('',#3981,#3218,#3219);
#2652=AXIS2_PLACEMENT_3D('',#3982,#3220,#3221);
#2653=AXIS2_PLACEMENT_3D('',#3983,#3222,#3223);
#2654=AXIS2_PLACEMENT_3D('',#3984,#3224,#3225);
#2655=AXIS2_PLACEMENT_3D('',#3989,#3228,#3229);
#2656=AXIS2_PLACEMENT_3D('',#3990,#3230,#3231);
#2657=AXIS2_PLACEMENT_3D('',#3993,#3234,#3235);
#2658=AXIS2_PLACEMENT_3D('',#3995,#3237,#3238);
#2659=AXIS2_PLACEMENT_3D('',#3997,#3240,#3241);
#2660=AXIS2_PLACEMENT_3D('',#4002,#3244,#3245);
#2661=AXIS2_PLACEMENT_3D('',#4003,#3246,#3247);
#2662=AXIS2_PLACEMENT_3D('',#4007,#3249,#3250);
#2663=AXIS2_PLACEMENT_3D('',#4009,#3252,#3253);
#2664=AXIS2_PLACEMENT_3D('',#4012,#3256,#3257);
#2665=AXIS2_PLACEMENT_3D('',#4014,#3259,#3260);
#2666=AXIS2_PLACEMENT_3D('',#4017,#3263,#3264);
#2667=AXIS2_PLACEMENT_3D('',#4018,#3265,#3266);
#2668=AXIS2_PLACEMENT_3D('',#4023,#3269,#3270);
#2669=AXIS2_PLACEMENT_3D('',#4024,#3271,#3272);
#2670=AXIS2_PLACEMENT_3D('',#4027,#3275,#3276);
#2671=AXIS2_PLACEMENT_3D('',#4028,#3277,#3278);
#2672=AXIS2_PLACEMENT_3D('',#4031,#3281,#3282);
#2673=AXIS2_PLACEMENT_3D('',#4032,#3283,#3284);
#2674=AXIS2_PLACEMENT_3D('',#4033,#3285,#3286);
#2675=AXIS2_PLACEMENT_3D('',#4206,#3288,#3289);
#2676=AXIS2_PLACEMENT_3D('',#4228,#3291,#3292);
#2677=AXIS2_PLACEMENT_3D('',#4354,#3294,#3295);
#2678=AXIS2_PLACEMENT_3D('',#4447,#3296,#3297);
#2679=AXIS2_PLACEMENT_3D('',#4448,#3298,#3299);
#2680=AXIS2_PLACEMENT_3D('',#4548,#3300,#3301);
#2681=AXIS2_PLACEMENT_3D('',#4549,#3302,#3303);
#2682=AXIS2_PLACEMENT_3D('',#4550,#3304,#3305);
#2683=AXIS2_PLACEMENT_3D('',#4711,#3307,#3308);
#2684=AXIS2_PLACEMENT_3D('',#4733,#3310,#3311);
#2685=AXIS2_PLACEMENT_3D('',#4859,#3313,#3314);
#2686=AXIS2_PLACEMENT_3D('',#4952,#3315,#3316);
#2687=AXIS2_PLACEMENT_3D('',#4953,#3317,#3318);
#2688=AXIS2_PLACEMENT_3D('',#5053,#3319,#3320);
#2689=AXIS2_PLACEMENT_3D('',#5054,#3321,#3322);
#2690=AXIS2_PLACEMENT_3D('',#5055,#3323,#3324);
#2691=AXIS2_PLACEMENT_3D('',#5058,#3326,#3327);
#2692=AXIS2_PLACEMENT_3D('',#5059,#3328,#3329);
#2693=AXIS2_PLACEMENT_3D('',#5060,#3330,#3331);
#2694=AXIS2_PLACEMENT_3D('',#5063,#3333,#3334);
#2695=AXIS2_PLACEMENT_3D('',#5064,#3335,#3336);
#2696=AXIS2_PLACEMENT_3D('',#5065,#3337,#3338);
#2697=AXIS2_PLACEMENT_3D('',#5068,#3340,#3341);
#2698=AXIS2_PLACEMENT_3D('',#5069,#3342,#3343);
#2699=AXIS2_PLACEMENT_3D('',#5070,#3344,#3345);
#2700=AXIS2_PLACEMENT_3D('',#5073,#3347,#3348);
#2701=AXIS2_PLACEMENT_3D('',#5074,#3349,#3350);
#2702=AXIS2_PLACEMENT_3D('',#5075,#3351,#3352);
#2703=AXIS2_PLACEMENT_3D('',#5078,#3354,#3355);
#2704=AXIS2_PLACEMENT_3D('',#5079,#3356,#3357);
#2705=AXIS2_PLACEMENT_3D('',#5080,#3358,#3359);
#2706=AXIS2_PLACEMENT_3D('',#5083,#3361,#3362);
#2707=AXIS2_PLACEMENT_3D('',#5084,#3363,#3364);
#2708=AXIS2_PLACEMENT_3D('',#5085,#3365,#3366);
#2709=AXIS2_PLACEMENT_3D('',#5088,#3368,#3369);
#2710=AXIS2_PLACEMENT_3D('',#5089,#3370,#3371);
#2711=AXIS2_PLACEMENT_3D('',#5090,#3372,#3373);
#2712=AXIS2_PLACEMENT_3D('',#5093,#3375,#3376);
#2713=AXIS2_PLACEMENT_3D('',#5094,#3377,#3378);
#2714=AXIS2_PLACEMENT_3D('',#5095,#3379,#3380);
#2715=AXIS2_PLACEMENT_3D('',#5099,#3382,#3383);
#2716=AXIS2_PLACEMENT_3D('',#5101,#3385,#3386);
#2717=AXIS2_PLACEMENT_3D('',#5102,#3387,#3388);
#2718=AXIS2_PLACEMENT_3D('',#5103,#3389,#3390);
#2719=AXIS2_PLACEMENT_3D('',#5105,#3391,#3392);
#2720=AXIS2_PLACEMENT_3D('',#5107,#3393,#3394);
#2721=AXIS2_PLACEMENT_3D('',#5108,#3395,#3396);
#2722=AXIS2_PLACEMENT_3D('',#5111,#3398,#3399);
#2723=AXIS2_PLACEMENT_3D('',#5112,#3400,#3401);
#2724=AXIS2_PLACEMENT_3D('',#5114,#3402,#3403);
#2725=AXIS2_PLACEMENT_3D('',#5115,#3404,#3405);
#2726=AXIS2_PLACEMENT_3D('',#5117,#3406,#3407);
#2727=AXIS2_PLACEMENT_3D('',#5119,#3409,#3410);
#2728=AXIS2_PLACEMENT_3D('',#5121,#3411,#3412);
#2729=AXIS2_PLACEMENT_3D('',#5122,#3413,#3414);
#2730=AXIS2_PLACEMENT_3D('',#5124,#3416,#3417);
#2731=AXIS2_PLACEMENT_3D('',#5126,#3418,#3419);
#2732=AXIS2_PLACEMENT_3D('',#5128,#3421,#3422);
#2733=AXIS2_PLACEMENT_3D('',#5130,#3423,#3424);
#2734=AXIS2_PLACEMENT_3D('',#5131,#3425,#3426);
#2735=AXIS2_PLACEMENT_3D('',#5133,#3428,#3429);
#2736=AXIS2_PLACEMENT_3D('',#5135,#3431,#3432);
#2737=DIRECTION('axis',(0.,0.,1.));
#2738=DIRECTION('refdir',(1.,0.,0.));
#2739=DIRECTION('center_axis',(1.16987281235262E-15,0.707106781186548,-0.707106781186548));
#2740=DIRECTION('ref_axis',(-1.,0.,-1.65444999748063E-15));
#2741=DIRECTION('',(-3.25784687983914E-16,0.707106781186548,0.707106781186548));
#2742=DIRECTION('',(1.,0.,1.51021623865167E-15));
#2743=DIRECTION('center_axis',(1.16987281235262E-15,0.707106781186548,-0.707106781186548));
#2744=DIRECTION('ref_axis',(1.0794385653451E-15,-0.707106781186547,-0.707106781186547));
#2745=DIRECTION('',(-1.09097373838928E-15,0.707106781186548,0.707106781186548));
#2746=DIRECTION('',(1.,0.,1.65444999748063E-15));
#2747=DIRECTION('center_axis',(1.,-2.56667539455869E-16,7.17396663616207E-16));
#2748=DIRECTION('ref_axis',(2.56667539455869E-16,1.,3.71684624318856E-31));
#2749=DIRECTION('',(2.77555756156306E-17,1.,0.));
#2750=DIRECTION('',(1.62370117351429E-15,-4.5066760698664E-32,-1.));
#2751=DIRECTION('center_axis',(-1.,2.56667539455869E-16,-7.17396663616207E-16));
#2752=DIRECTION('ref_axis',(4.19311700287611E-16,0.824045511369127,-0.566523605150212));
#2753=DIRECTION('',(-2.77555756156306E-17,-1.,5.47382212626882E-48));
#2754=DIRECTION('',(-6.88767403303335E-16,-0.707106781186548,0.707106781186547));
#2755=DIRECTION('',(-2.56667539455869E-16,-1.,0.));
#2756=DIRECTION('center_axis',(1.,-2.56667539455869E-16,7.17396663616207E-16));
#2757=DIRECTION('ref_axis',(0.,-0.707106781186547,0.707106781186548));
#2758=DIRECTION('',(7.17396663616207E-16,0.,-1.));
#2759=DIRECTION('center_axis',(1.,-2.77555756156306E-17,1.62370117351429E-15));
#2760=DIRECTION('ref_axis',(-1.62370117351429E-15,4.5066760698664E-32,1.));
#2761=DIRECTION('',(1.62370117351429E-15,-4.5066760698664E-32,-1.));
#2762=DIRECTION('center_axis',(1.,-2.56667539455869E-16,7.17396663616207E-16));
#2763=DIRECTION('ref_axis',(0.,-0.581552603222893,-0.813508801233691));
#2764=DIRECTION('',(-7.61853939542077E-16,-0.323593139369353,0.946196322204375));
#2765=DIRECTION('center_axis',(-1.,2.56667539455869E-16,-7.17396663616207E-16));
#2766=DIRECTION('ref_axis',(-1.15013333429096E-16,-0.987852855267157,0.155392201672175));
#2767=DIRECTION('',(-6.68798208458575E-16,0.155392201672175,0.987852855267157));
#2768=DIRECTION('center_axis',(1.,-2.56667539455869E-16,7.17396663616207E-16));
#2769=DIRECTION('ref_axis',(0.,-0.649849135695289,0.760063221604681));
#2770=DIRECTION('',(1.62370117351429E-15,-4.5066760698664E-32,-1.));
#2771=DIRECTION('center_axis',(1.,-2.77555756156306E-17,1.62370117351429E-15));
#2772=DIRECTION('ref_axis',(-2.77555756156306E-17,-1.,0.));
#2773=DIRECTION('',(7.17396663616207E-16,0.,-1.));
#2774=DIRECTION('center_axis',(1.,-2.56667539455869E-16,7.17396663616207E-16));
#2775=DIRECTION('ref_axis',(0.,-0.707106781186548,-0.707106781186547));
#2776=DIRECTION('',(2.56667539455869E-16,1.,3.96004609902722E-31));
#2777=DIRECTION('center_axis',(1.,-2.56667539455869E-16,7.17396663616207E-16));
#2778=DIRECTION('ref_axis',(0.,1.,0.));
#2779=DIRECTION('center_axis',(1.65444999748063E-15,-4.59202120073533E-32,
-1.));
#2780=DIRECTION('ref_axis',(2.77555756156306E-17,1.,0.));
#2781=DIRECTION('',(-7.23286422616378E-47,-1.,4.59202120073533E-32));
#2782=DIRECTION('',(1.,-3.26536183713281E-17,1.65444999748063E-15));
#2783=DIRECTION('',(0.,1.,0.));
#2784=DIRECTION('',(1.,-3.26536183713281E-17,1.65444999748063E-15));
#2785=DIRECTION('',(0.,1.,0.));
#2786=DIRECTION('',(1.,-3.26536183713281E-17,1.65444999748063E-15));
#2787=DIRECTION('',(1.23315843258158E-46,1.,-4.59202120073533E-32));
#2788=DIRECTION('',(1.,0.,1.65444999748063E-15));
#2789=DIRECTION('',(-1.22974913160329E-46,-1.,4.59202120073533E-32));
#2790=DIRECTION('',(1.,-3.26536183713281E-17,1.65444999748063E-15));
#2791=DIRECTION('',(-7.96101704344359E-47,1.,-4.59202120073533E-32));
#2792=DIRECTION('',(1.,0.,1.65444999748063E-15));
#2793=DIRECTION('',(-2.77555756156306E-17,-1.,0.));
#2794=DIRECTION('',(1.,-3.26536183713281E-17,1.65444999748063E-15));
#2795=DIRECTION('center_axis',(1.16987281235262E-15,0.707106781186547,-0.707106781186548));
#2796=DIRECTION('ref_axis',(-1.,0.,-1.65444999748063E-15));
#2797=DIRECTION('',(-1.48349685306022E-15,0.707106781186548,0.707106781186547));
#2798=DIRECTION('',(1.48349685306022E-15,-0.707106781186548,-0.707106781186547));
#2799=DIRECTION('center_axis',(1.16987281235262E-15,0.707106781186547,-0.707106781186548));
#2800=DIRECTION('ref_axis',(1.2266347333467E-15,-0.707106781186548,-0.707106781186547));
#2801=DIRECTION('',(1.,0.,1.51021623865167E-15));
#2802=DIRECTION('center_axis',(1.16987281235262E-15,0.707106781186547,-0.707106781186548));
#2803=DIRECTION('ref_axis',(1.2266347333467E-15,-0.707106781186548,-0.707106781186547));
#2804=DIRECTION('center_axis',(1.16987281235262E-15,0.707106781186548,-0.707106781186548));
#2805=DIRECTION('ref_axis',(-1.,0.,-1.65444999748063E-15));
#2806=DIRECTION('',(1.12850395467896E-15,-0.707106781186548,-0.707106781186548));
#2807=DIRECTION('',(-8.65956056235493E-17,-0.707106781186548,-0.707106781186548));
#2808=DIRECTION('center_axis',(1.16987281235262E-15,0.707106781186548,-0.707106781186548));
#2809=DIRECTION('ref_axis',(1.03037317601123E-15,-0.707106781186547,-0.707106781186548));
#2810=DIRECTION('',(1.,0.,1.51021623865167E-15));
#2811=DIRECTION('center_axis',(1.,-3.26536183713281E-17,1.65444999748063E-15));
#2812=DIRECTION('ref_axis',(-3.26536183713281E-17,-1.,-8.10356682482379E-33));
#2813=DIRECTION('',(1.,-3.26536183713281E-17,1.65444999748063E-15));
#2814=DIRECTION('center_axis',(-1.,2.77555756156306E-17,-1.62370117351429E-15));
#2815=DIRECTION('ref_axis',(-3.26536183713281E-17,-1.,-8.10356682482379E-33));
#2816=DIRECTION('',(1.,-3.26536183713281E-17,1.65444999748063E-15));
#2817=DIRECTION('',(1.,-3.26536183713281E-17,1.65444999748063E-15));
#2818=DIRECTION('center_axis',(-3.26536183713281E-17,-1.,-7.95295777034928E-33));
#2819=DIRECTION('ref_axis',(1.62370117351429E-15,-4.5066760698664E-32,-1.));
#2820=DIRECTION('',(1.,1.44529614325767E-16,1.62370117351429E-15));
#2821=DIRECTION('',(-1.62370117351429E-15,4.5066760698664E-32,1.));
#2822=DIRECTION('',(1.,-3.26536183713281E-17,1.65444999748063E-15));
#2823=DIRECTION('center_axis',(3.26536183713281E-17,1.,7.95295777034928E-33));
#2824=DIRECTION('ref_axis',(1.,0.,0.));
#2825=DIRECTION('center_axis',(3.26536183713281E-17,1.,7.95295777034928E-33));
#2826=DIRECTION('ref_axis',(1.,0.,0.));
#2827=DIRECTION('center_axis',(3.26536183713281E-17,1.,7.95295777034928E-33));
#2828=DIRECTION('ref_axis',(1.,0.,0.));
#2829=DIRECTION('center_axis',(3.26536183713281E-17,1.,7.95295777034928E-33));
#2830=DIRECTION('ref_axis',(1.,0.,0.));
#2831=DIRECTION('center_axis',(-1.63268091856641E-15,4.53159986914671E-32,
1.));
#2832=DIRECTION('ref_axis',(-2.77555756156306E-17,-1.,0.));
#2833=DIRECTION('',(1.,-2.72113486427734E-17,1.63268091856641E-15));
#2834=DIRECTION('',(7.39865663693386E-47,1.,-4.53159986914671E-32));
#2835=DIRECTION('',(-1.,0.,-1.63268091856641E-15));
#2836=DIRECTION('',(-1.,0.,-7.40148683083438E-16));
#2837=DIRECTION('',(2.77555756156306E-17,1.,0.));
#2838=DIRECTION('',(-1.,0.,-1.63268091856641E-15));
#2839=DIRECTION('',(-7.39865663693386E-47,-1.,4.53159986914671E-32));
#2840=DIRECTION('',(1.,-2.72113486427734E-17,1.63268091856641E-15));
#2841=DIRECTION('',(0.,1.,0.));
#2842=DIRECTION('',(-1.,-3.26536183713281E-17,-1.63268091856641E-15));
#2843=DIRECTION('',(0.,1.,0.));
#2844=DIRECTION('',(1.,-2.72113486427734E-17,1.63268091856641E-15));
#2845=DIRECTION('',(7.36456362715096E-47,1.,-4.53159986914671E-32));
#2846=DIRECTION('',(-1.,0.,-1.63268091856641E-15));
#2847=DIRECTION('',(-7.39865663693386E-47,-1.,4.53159986914671E-32));
#2848=DIRECTION('center_axis',(-2.72113486427734E-17,-1.,8.83661974486271E-34));
#2849=DIRECTION('ref_axis',(1.62370117351429E-15,-4.5066760698664E-32,-1.));
#2850=DIRECTION('',(-1.,3.02169346325545E-16,-1.62370117351429E-15));
#2851=DIRECTION('',(1.,-2.72113486427734E-17,1.63268091856641E-15));
#2852=DIRECTION('',(1.,-2.72113486427734E-17,1.63268091856641E-15));
#2853=DIRECTION('',(-1.62370117351429E-15,4.5066760698664E-32,1.));
#2854=DIRECTION('center_axis',(2.72113486427734E-17,1.,-8.83661974486271E-34));
#2855=DIRECTION('ref_axis',(1.,0.,0.));
#2856=DIRECTION('center_axis',(2.72113486427734E-17,1.,-8.83661974486271E-34));
#2857=DIRECTION('ref_axis',(1.,0.,0.));
#2858=DIRECTION('center_axis',(2.72113486427734E-17,1.,-8.83661974486271E-34));
#2859=DIRECTION('ref_axis',(1.,0.,0.));
#2860=DIRECTION('center_axis',(2.72113486427734E-17,1.,-8.83661974486271E-34));
#2861=DIRECTION('ref_axis',(1.,0.,0.));
#2862=DIRECTION('center_axis',(-1.,2.77555756156306E-17,-1.62370117351429E-15));
#2863=DIRECTION('ref_axis',(-1.62455083399232E-15,0.,1.));
#2864=DIRECTION('center_axis',(2.63801376936178E-15,0.804444444444447,-0.594027891434792));
#2865=DIRECTION('ref_axis',(-1.,0.,-4.44089209850066E-15));
#2866=DIRECTION('center_axis',(-1.,2.77555756156306E-17,-1.62370117351429E-15));
#2867=DIRECTION('ref_axis',(-1.22917549154928E-15,0.642104286394137,0.76661730047937));
#2868=DIRECTION('center_axis',(-3.05434689885767E-15,-0.725921296281534,
0.687777777777777));
#2869=DIRECTION('ref_axis',(-6.38378239159466E-15,0.687777777777777,0.725921296281534));
#2870=DIRECTION('center_axis',(1.,-2.77555756156306E-17,1.62370117351429E-15));
#2871=DIRECTION('ref_axis',(-1.22693543635058E-15,0.642104286394137,0.76661730047937));
#2872=DIRECTION('center_axis',(1.,-2.77555756156306E-17,1.62370117351429E-15));
#2873=DIRECTION('ref_axis',(1.63757896132211E-15,0.,-1.));
#2874=DIRECTION('center_axis',(0.,0.,1.));
#2875=DIRECTION('ref_axis',(-1.38777878078146E-16,1.,0.));
#2876=DIRECTION('center_axis',(1.,-2.77555756156306E-17,1.62370117351429E-15));
#2877=DIRECTION('ref_axis',(-6.16041702393014E-16,0.918634251968044,0.395108986370991));
#2878=DIRECTION('center_axis',(-1.,2.77555756156306E-17,-1.62370117351429E-15));
#2879=DIRECTION('ref_axis',(-5.89805981832114E-16,0.918634251968044,0.395108986370991));
#2880=DIRECTION('center_axis',(-1.62370117351429E-15,2.42281987003916E-31,
1.));
#2881=DIRECTION('ref_axis',(-0.707106781186549,0.707106781186546,-7.85046229341889E-16));
#2882=DIRECTION('center_axis',(-1.66533453693773E-15,-1.85037170770833E-16,
1.));
#2883=DIRECTION('ref_axis',(4.16333634234435E-16,1.,1.85037170770834E-16));
#2884=DIRECTION('',(-1.62370117351429E-15,2.42281987003916E-31,1.));
#2885=DIRECTION('',(1.62370117351429E-15,-2.42281987003916E-31,-1.));
#2886=DIRECTION('center_axis',(-1.,2.77555756156306E-17,-1.62370117351429E-15));
#2887=DIRECTION('ref_axis',(-1.62642114050953E-15,0.,1.));
#2888=DIRECTION('center_axis',(-1.90931109452534E-15,0.510500807754443,
0.85987727338386));
#2889=DIRECTION('ref_axis',(-2.35922392732846E-15,0.85987727338386,-0.510500807754443));
#2890=DIRECTION('center_axis',(1.,-2.77555756156306E-17,1.62370117351429E-15));
#2891=DIRECTION('ref_axis',(4.56544828062094E-16,0.964333260181319,-0.264691071455139));
#2892=DIRECTION('center_axis',(-1.,2.77555756156306E-17,-1.62370117351429E-15));
#2893=DIRECTION('ref_axis',(4.56636794820791E-16,0.964333260181319,-0.264691071455139));
#2894=DIRECTION('center_axis',(1.,-2.77555756156306E-17,1.62370117351429E-15));
#2895=DIRECTION('ref_axis',(1.60982338570648E-15,0.,-1.));
#2896=DIRECTION('center_axis',(0.,1.,0.));
#2897=DIRECTION('ref_axis',(4.02455846426621E-15,0.,-1.));
#2898=DIRECTION('center_axis',(1.,-2.77555756156306E-17,1.62370117351429E-15));
#2899=DIRECTION('ref_axis',(1.42481112813512E-15,0.494721736052487,-0.869051439143399));
#2900=DIRECTION('center_axis',(-1.,2.77555756156306E-17,-1.62370117351429E-15));
#2901=DIRECTION('ref_axis',(1.42247325030098E-15,0.494721736052487,-0.869051439143399));
#2902=DIRECTION('center_axis',(2.77555756156306E-17,1.,-1.97215226305252E-31));
#2903=DIRECTION('ref_axis',(-0.707106781186547,0.,-0.707106781186548));
#2904=DIRECTION('center_axis',(-6.16297582203916E-31,1.,2.77555756156289E-16));
#2905=DIRECTION('ref_axis',(2.08166817117217E-15,2.7755575615629E-16,-1.));
#2906=DIRECTION('',(2.77555756156306E-17,1.,-1.97215226305252E-31));
#2907=DIRECTION('',(-2.77555756156306E-17,-1.,1.97215226305252E-31));
#2908=DIRECTION('center_axis',(1.,-2.77555756156306E-17,1.62370117351429E-15));
#2909=DIRECTION('ref_axis',(1.62832710278356E-15,0.,-1.));
#2910=DIRECTION('center_axis',(2.10097788545389E-15,0.323593139369354,-0.946196322204375));
#2911=DIRECTION('ref_axis',(-1.11022302462516E-15,-0.946196322204375,-0.323593139369354));
#2912=DIRECTION('center_axis',(1.,-2.77555756156306E-17,1.62370117351429E-15));
#2913=DIRECTION('ref_axis',(1.30475386797413E-15,-0.581552603222893,-0.813508801233691));
#2914=DIRECTION('center_axis',(-1.,2.77555756156306E-17,-1.62370117351429E-15));
#2915=DIRECTION('ref_axis',(1.34151948808873E-15,-0.581552603222893,-0.813508801233691));
#2916=DIRECTION('center_axis',(-1.54532159258662E-15,-0.323593139369353,
0.946196322204376));
#2917=DIRECTION('ref_axis',(-0.707106781186547,-0.669061835764486,-0.228814903193515));
#2918=DIRECTION('center_axis',(1.57573341409041E-15,0.323593139369353,-0.946196322204376));
#2919=DIRECTION('ref_axis',(-1.38777878078144E-15,-0.946196322204376,-0.323593139369353));
#2920=DIRECTION('',(1.54532159258662E-15,0.323593139369353,-0.946196322204375));
#2921=DIRECTION('',(-1.54532159258662E-15,-0.323593139369353,0.946196322204375));
#2922=DIRECTION('center_axis',(-1.,2.77555756156306E-17,-1.62370117351429E-15));
#2923=DIRECTION('ref_axis',(-1.62390830467559E-15,0.,1.));
#2924=DIRECTION('center_axis',(1.64510547728896E-15,-0.155392201672175,
-0.987852855267157));
#2925=DIRECTION('ref_axis',(2.49800180540661E-15,-0.987852855267157,0.155392201672175));
#2926=DIRECTION('center_axis',(1.,-2.77555756156306E-17,1.62370117351429E-15));
#2927=DIRECTION('ref_axis',(1.13028290262586E-16,-0.996239576835183,-0.0866412462240424));
#2928=DIRECTION('center_axis',(-1.,2.77555756156306E-17,-1.62370117351429E-15));
#2929=DIRECTION('ref_axis',(1.1046995269902E-16,-0.996239576835183,-0.0866412462240425));
#2930=DIRECTION('center_axis',(-1.59966484035313E-15,0.155392201672175,
0.987852855267157));
#2931=DIRECTION('ref_axis',(-0.707106781186549,-0.698517452773899,0.109878879545901));
#2932=DIRECTION('center_axis',(0.,-0.155392201672173,-0.987852855267157));
#2933=DIRECTION('ref_axis',(-1.80411241501588E-15,-0.987852855267157,0.155392201672173));
#2934=DIRECTION('',(1.59966484035314E-15,-0.155392201672175,-0.987852855267157));
#2935=DIRECTION('',(-1.59966484035314E-15,0.155392201672175,0.987852855267157));
#2936=DIRECTION('center_axis',(1.,-2.77555756156306E-17,1.62370117351429E-15));
#2937=DIRECTION('ref_axis',(1.62832710278356E-15,0.,-1.));
#2938=DIRECTION('center_axis',(0.,-1.,-2.7755575615629E-16));
#2939=DIRECTION('ref_axis',(-1.11022302462516E-15,-2.7755575615629E-16,
1.));
#2940=DIRECTION('center_axis',(1.,-2.77555756156306E-17,1.62370117351429E-15));
#2941=DIRECTION('ref_axis',(-1.25215248168912E-15,-0.649849135695287,0.760063221604682));
#2942=DIRECTION('center_axis',(-1.,2.77555756156306E-17,-1.62370117351429E-15));
#2943=DIRECTION('ref_axis',(-1.2490009027033E-15,-0.649849135695287,0.760063221604682));
#2944=DIRECTION('center_axis',(-2.77555756156306E-17,-1.,1.97215226305252E-31));
#2945=DIRECTION('ref_axis',(-0.707106781186546,0.,0.707106781186549));
#2946=DIRECTION('center_axis',(0.,-1.,0.));
#2947=DIRECTION('ref_axis',(2.08166817117217E-15,0.,1.));
#2948=DIRECTION('',(-2.77555756156306E-17,-1.,1.97215226305252E-31));
#2949=DIRECTION('',(2.77555756156306E-17,1.,-1.97215226305252E-31));
#2950=DIRECTION('center_axis',(1.,-2.77555756156306E-17,1.62370117351429E-15));
#2951=DIRECTION('ref_axis',(1.63757896132211E-15,0.,-1.));
#2952=DIRECTION('center_axis',(-1.,2.77555756156306E-17,-1.62370117351429E-15));
#2953=DIRECTION('ref_axis',(-1.52655665885959E-15,0.312694383988216,0.949853789918338));
#2954=DIRECTION('center_axis',(1.,-2.77555756156306E-17,1.62370117351429E-15));
#2955=DIRECTION('ref_axis',(-1.53359970073804E-15,0.312694383988216,0.949853789918338));
#2956=DIRECTION('center_axis',(-1.,3.02169346325545E-16,-1.62370117351429E-15));
#2957=DIRECTION('ref_axis',(0.,-0.581552603222893,-0.813508801233691));
#2958=DIRECTION('',(1.,-3.02169346325545E-16,1.62370117351429E-15));
#2959=DIRECTION('center_axis',(1.,0.,7.40148683083437E-16));
#2960=DIRECTION('ref_axis',(6.01370805005293E-16,-0.581552603222892,-0.813508801233691));
#2961=DIRECTION('',(-1.,3.02169346325545E-16,-1.62370117351429E-15));
#2962=DIRECTION('center_axis',(-1.,2.77555756156306E-17,-1.62370117351429E-15));
#2963=DIRECTION('ref_axis',(0.,-0.581552603222893,-0.813508801233691));
#2964=DIRECTION('',(-1.,3.02169346325545E-16,-1.62370117351429E-15));
#2965=DIRECTION('center_axis',(1.62370117351429E-15,-2.42281987003916E-31,
-1.));
#2966=DIRECTION('ref_axis',(2.77555756156306E-17,1.,-1.97215226305252E-31));
#2967=DIRECTION('',(-1.,-5.24556554778302E-16,-1.62370117351429E-15));
#2968=DIRECTION('',(1.79324693615787E-46,1.,-2.42281987003916E-31));
#2969=DIRECTION('center_axis',(1.,5.24556554778302E-16,1.62370117351429E-15));
#2970=DIRECTION('ref_axis',(0.,0.494721736052481,-0.869051439143403));
#2971=DIRECTION('',(1.,0.,7.40148683083438E-16));
#2972=DIRECTION('center_axis',(1.,0.,7.40148683083437E-16));
#2973=DIRECTION('ref_axis',(6.59194920871187E-16,0.494721736052481,-0.869051439143403));
#2974=DIRECTION('center_axis',(-1.,0.,-7.40148683083438E-16));
#2975=DIRECTION('ref_axis',(4.19311700287611E-16,0.824045511369127,-0.566523605150212));
#2976=DIRECTION('',(1.,0.,7.40148683083438E-16));
#2977=DIRECTION('center_axis',(1.,-2.77555756156306E-17,1.62370117351429E-15));
#2978=DIRECTION('ref_axis',(4.19311700287611E-16,0.824045511369127,-0.566523605150212));
#2979=DIRECTION('',(1.,0.,7.40148683083438E-16));
#2980=DIRECTION('center_axis',(1.,0.,7.40148683083437E-16));
#2981=DIRECTION('ref_axis',(1.94566982141033E-16,0.964333260181319,-0.264691071455138));
#2982=DIRECTION('center_axis',(3.93393546619633E-46,1.,-2.42281987003916E-31));
#2983=DIRECTION('ref_axis',(-1.62370117351429E-15,2.42281987003916E-31,
1.));
#2984=DIRECTION('',(-1.,2.22608124128407E-46,-7.04903507698512E-16));
#2985=DIRECTION('',(-7.40148683083437E-16,2.42281987003916E-31,1.));
#2986=DIRECTION('',(-1.62370117351429E-15,2.42281987003916E-31,1.));
#2987=DIRECTION('center_axis',(1.,-2.22608124128407E-46,7.04903507698512E-16));
#2988=DIRECTION('ref_axis',(0.,0.918634251968044,0.395108986370991));
#2989=DIRECTION('',(1.,0.,7.04903507698512E-16));
#2990=DIRECTION('center_axis',(1.,0.,7.40148683083437E-16));
#2991=DIRECTION('ref_axis',(-2.77555756156289E-16,0.918634251968044,0.395108986370991));
#2992=DIRECTION('center_axis',(-1.,0.,-7.04903507698512E-16));
#2993=DIRECTION('ref_axis',(-4.94062741630913E-16,0.713265306122447,0.700894145418587));
#2994=DIRECTION('',(-1.,0.,-7.04903507698512E-16));
#2995=DIRECTION('center_axis',(1.,0.,7.40148683083437E-16));
#2996=DIRECTION('ref_axis',(-5.66440318686304E-16,0.642104286394137,0.76661730047937));
#2997=DIRECTION('center_axis',(1.,-2.77555756156306E-17,1.62370117351429E-15));
#2998=DIRECTION('ref_axis',(2.77555756156306E-17,1.,-1.97215226305252E-31));
#2999=DIRECTION('center_axis',(1.,-2.77555756156306E-17,1.62370117351429E-15));
#3000=DIRECTION('ref_axis',(0.,1.,-2.42281987003916E-31));
#3001=DIRECTION('center_axis',(-1.,2.77555756156306E-17,-1.62370117351429E-15));
#3002=DIRECTION('ref_axis',(2.77555756156306E-17,1.,-1.97215226305252E-31));
#3003=DIRECTION('center_axis',(-1.,2.77555756156306E-17,-1.62370117351429E-15));
#3004=DIRECTION('ref_axis',(2.77555756156306E-17,1.,-1.97215226305252E-31));
#3005=DIRECTION('center_axis',(-1.,0.,-7.40148683083437E-16));
#3006=DIRECTION('ref_axis',(0.,0.,1.));
#3007=DIRECTION('center_axis',(0.,0.725921296281534,-0.687777777777777));
#3008=DIRECTION('ref_axis',(0.,0.687777777777777,0.725921296281534));
#3009=DIRECTION('center_axis',(-1.,0.,-7.40148683083437E-16));
#3010=DIRECTION('ref_axis',(-2.9243939593692E-16,0.918634251968044,0.395108986370991));
#3011=DIRECTION('center_axis',(0.,0.,1.));
#3012=DIRECTION('ref_axis',(1.,0.,0.));
#3013=DIRECTION('center_axis',(-7.40148683083437E-16,2.42281987003916E-31,
1.));
#3014=DIRECTION('ref_axis',(0.707106781186538,0.707106781186557,7.85046229341894E-16));
#3015=DIRECTION('center_axis',(-5.55111512312585E-16,1.85037170770849E-16,
1.));
#3016=DIRECTION('ref_axis',(1.,0.,5.55111512312585E-16));
#3017=DIRECTION('',(7.40148683083437E-16,-2.42281987003916E-31,-1.));
#3018=DIRECTION('center_axis',(1.,0.,7.40148683083437E-16));
#3019=DIRECTION('ref_axis',(8.13210570254766E-16,0.,-1.));
#3020=DIRECTION('center_axis',(-1.90931109452533E-15,0.510500807754441,
0.859877273383861));
#3021=DIRECTION('ref_axis',(1.,0.,2.22044604925032E-15));
#3022=DIRECTION('center_axis',(-1.,0.,-7.40148683083437E-16));
#3023=DIRECTION('ref_axis',(1.95910747961465E-16,0.964333260181319,-0.264691071455138));
#3024=DIRECTION('center_axis',(-1.,0.,-7.40148683083437E-16));
#3025=DIRECTION('ref_axis',(0.,0.,1.));
#3026=DIRECTION('center_axis',(0.,1.,0.));
#3027=DIRECTION('ref_axis',(1.,0.,0.));
#3028=DIRECTION('center_axis',(-1.,0.,-7.40148683083437E-16));
#3029=DIRECTION('ref_axis',(6.43227278213755E-16,0.494721736052481,-0.869051439143403));
#3030=DIRECTION('center_axis',(1.79324693615787E-46,1.,-2.42281987003916E-31));
#3031=DIRECTION('ref_axis',(0.707106781186546,0.,-0.707106781186549));
#3032=DIRECTION('center_axis',(0.,1.,-2.77555756156289E-16));
#3033=DIRECTION('ref_axis',(1.,0.,0.));
#3034=DIRECTION('',(-1.79324693615787E-46,-1.,2.42281987003916E-31));
#3035=DIRECTION('center_axis',(-1.,0.,-7.40148683083437E-16));
#3036=DIRECTION('ref_axis',(0.,0.,1.));
#3037=DIRECTION('center_axis',(0.,0.323593139369354,-0.946196322204375));
#3038=DIRECTION('ref_axis',(1.,0.,0.));
#3039=DIRECTION('center_axis',(-1.,0.,-7.40148683083437E-16));
#3040=DIRECTION('ref_axis',(6.02117467909902E-16,-0.581552603222892,-0.813508801233691));
#3041=DIRECTION('center_axis',(7.0032596181796E-16,0.323593139369353,-0.946196322204376));
#3042=DIRECTION('ref_axis',(0.707106781186545,-0.669061835764488,-0.228814903193513));
#3043=DIRECTION('center_axis',(5.25244471363472E-16,0.323593139369353,-0.946196322204376));
#3044=DIRECTION('ref_axis',(1.,0.,5.5511151231258E-16));
#3045=DIRECTION('',(7.0032596181796E-16,0.323593139369353,-0.946196322204375));
#3046=DIRECTION('',(-7.0032596181796E-16,-0.323593139369353,0.946196322204375));
#3047=DIRECTION('center_axis',(1.,0.,7.40148683083437E-16));
#3048=DIRECTION('ref_axis',(7.07007697273726E-16,0.,-1.));
#3049=DIRECTION('center_axis',(5.48368492429652E-16,-0.155392201672175,
-0.987852855267157));
#3050=DIRECTION('ref_axis',(1.,0.,5.5511151231258E-16));
#3051=DIRECTION('center_axis',(1.,0.,7.40148683083437E-16));
#3052=DIRECTION('ref_axis',(6.90437204368874E-17,-0.996239576835183,-0.0866412462240424));
#3053=DIRECTION('center_axis',(-1.,0.,-7.40148683083437E-16));
#3054=DIRECTION('ref_axis',(6.41274042934328E-17,-0.996239576835183,-0.0866412462240424));
#3055=DIRECTION('center_axis',(7.31157989906199E-16,-0.155392201672175,
-0.987852855267157));
#3056=DIRECTION('ref_axis',(0.707106781186547,-0.6985174527739,0.109878879545902));
#3057=DIRECTION('center_axis',(0.,-0.155392201672173,-0.987852855267157));
#3058=DIRECTION('ref_axis',(1.,0.,0.));
#3059=DIRECTION('',(7.31157989906199E-16,-0.155392201672175,-0.987852855267157));
#3060=DIRECTION('',(-7.31157989906199E-16,0.155392201672175,0.987852855267157));
#3061=DIRECTION('center_axis',(-1.,0.,-7.40148683083437E-16));
#3062=DIRECTION('ref_axis',(0.,0.,1.));
#3063=DIRECTION('center_axis',(0.,-1.,0.));
#3064=DIRECTION('ref_axis',(1.,0.,0.));
#3065=DIRECTION('center_axis',(1.,0.,7.40148683083437E-16));
#3066=DIRECTION('ref_axis',(-5.55111512312578E-16,-0.649849135695288,0.760063221604682));
#3067=DIRECTION('center_axis',(-1.,0.,-7.40148683083437E-16));
#3068=DIRECTION('ref_axis',(-5.6255979253086E-16,-0.649849135695288,0.760063221604682));
#3069=DIRECTION('center_axis',(-1.79324693615787E-46,-1.,2.42281987003916E-31));
#3070=DIRECTION('ref_axis',(0.707106781186548,0.,0.707106781186548));
#3071=DIRECTION('center_axis',(0.,-1.,0.));
#3072=DIRECTION('ref_axis',(1.,0.,0.));
#3073=DIRECTION('',(-1.79324693615787E-46,-1.,2.42281987003916E-31));
#3074=DIRECTION('',(1.79324693615787E-46,1.,-2.42281987003916E-31));
#3075=DIRECTION('center_axis',(-1.,0.,-7.40148683083437E-16));
#3076=DIRECTION('ref_axis',(0.,0.,1.));
#3077=DIRECTION('center_axis',(0.,-0.804444444444448,0.594027891434791));
#3078=DIRECTION('ref_axis',(1.,0.,0.));
#3079=DIRECTION('center_axis',(1.,0.,7.40148683083437E-16));
#3080=DIRECTION('ref_axis',(-6.93889390390723E-16,0.312694383988227,0.949853789918334));
#3081=DIRECTION('center_axis',(-1.,0.,-7.40148683083437E-16));
#3082=DIRECTION('ref_axis',(-7.03033031729867E-16,0.312694383988227,0.949853789918334));
#3083=DIRECTION('center_axis',(1.,0.,7.40148683083437E-16));
#3084=DIRECTION('ref_axis',(7.25043607918469E-16,0.,-1.));
#3085=DIRECTION('center_axis',(-1.,0.,-7.40148683083437E-16));
#3086=DIRECTION('ref_axis',(-5.67410785378785E-16,0.642104286394137,0.76661730047937));
#3087=DIRECTION('center_axis',(-1.,0.,-7.04903507698512E-16));
#3088=DIRECTION('ref_axis',(-1.09536508027711E-16,-0.987852855267157,0.155392201672175));
#3089=DIRECTION('',(-1.,0.,-7.04903507698512E-16));
#3090=DIRECTION('',(-1.,0.,-7.40148683083438E-16));
#3091=DIRECTION('center_axis',(1.09536508027711E-16,0.987852855267157,-0.155392201672175));
#3092=DIRECTION('ref_axis',(7.31157989906199E-16,-0.155392201672175,-0.987852855267157));
#3093=DIRECTION('',(1.,1.44529614325767E-16,1.62370117351429E-15));
#3094=DIRECTION('center_axis',(1.,1.44529614325767E-16,1.62370117351429E-15));
#3095=DIRECTION('ref_axis',(0.,-0.649849135695289,0.760063221604681));
#3096=DIRECTION('',(1.,1.44529614325767E-16,1.62370117351429E-15));
#3097=DIRECTION('center_axis',(-1.,2.77555756156306E-17,-1.62370117351429E-15));
#3098=DIRECTION('ref_axis',(0.,-0.649849135695289,0.760063221604681));
#3099=DIRECTION('',(-1.,-1.44529614325767E-16,-1.62370117351429E-15));
#3100=DIRECTION('center_axis',(-1.62370117351429E-15,2.42281987003916E-31,
1.));
#3101=DIRECTION('ref_axis',(-2.77555756156306E-17,-1.,1.97215226305252E-31));
#3102=DIRECTION('',(1.,-1.24425416464669E-15,1.62370117351429E-15));
#3103=DIRECTION('center_axis',(-1.,1.24425416464669E-15,-1.62370117351429E-15));
#3104=DIRECTION('ref_axis',(0.,0.312694383988227,0.949853789918334));
#3105=DIRECTION('center_axis',(1.,0.,7.40148683083437E-16));
#3106=DIRECTION('ref_axis',(7.40148683083437E-16,0.,-1.));
#3107=DIRECTION('center_axis',(-1.,0.,-7.40148683083437E-16));
#3108=DIRECTION('ref_axis',(0.,1.,0.));
#3109=DIRECTION('center_axis',(-2.39507035959062E-16,0.946196322204376,
0.323593139369353));
#3110=DIRECTION('ref_axis',(7.0032596181796E-16,0.323593139369353,-0.946196322204375));
#3111=DIRECTION('center_axis',(1.,-2.77555756156306E-17,1.62370117351429E-15));
#3112=DIRECTION('ref_axis',(2.77555756156306E-17,1.,-1.97215226305252E-31));
#3113=DIRECTION('',(-2.77555756156306E-17,-1.,3.39907768361743E-33));
#3114=DIRECTION('center_axis',(-1.,2.77555756156306E-17,-1.62370117351429E-15));
#3115=DIRECTION('ref_axis',(0.,-0.707106781186549,-0.707106781186546));
#3116=DIRECTION('',(-1.62370117351429E-15,0.,1.));
#3117=DIRECTION('',(1.59966484035314E-15,-0.155392201672175,-0.987852855267157));
#3118=DIRECTION('center_axis',(1.,-2.77555756156306E-17,1.62370117351429E-15));
#3119=DIRECTION('ref_axis',(-1.15013333429096E-16,-0.987852855267157,0.155392201672175));
#3120=DIRECTION('',(1.54532159258662E-15,0.323593139369353,-0.946196322204375));
#3121=DIRECTION('center_axis',(-1.,2.77555756156306E-17,-1.62370117351429E-15));
#3122=DIRECTION('ref_axis',(-1.63268091856641E-15,4.53111116720004E-32,
1.));
#3123=DIRECTION('',(-1.62370117351429E-15,0.,1.));
#3124=DIRECTION('center_axis',(-1.,2.77555756156306E-17,-1.62370117351429E-15));
#3125=DIRECTION('ref_axis',(0.,-0.707106781186547,0.707106781186548));
#3126=DIRECTION('',(2.77555756156306E-17,1.,4.62223186652964E-32));
#3127=DIRECTION('',(1.16775626614606E-15,0.707106781186549,-0.707106781186546));
#3128=DIRECTION('center_axis',(-1.,2.77555756156306E-17,-1.62370117351429E-15));
#3129=DIRECTION('ref_axis',(0.,1.,-4.5066760698664E-32));
#3130=DIRECTION('center_axis',(-1.,2.77555756156306E-17,-1.62370117351429E-15));
#3131=DIRECTION('ref_axis',(0.,1.,-4.5066760698664E-32));
#3132=DIRECTION('center_axis',(-1.,2.77555756156306E-17,-1.62370117351429E-15));
#3133=DIRECTION('ref_axis',(0.,1.,-4.5066760698664E-32));
#3134=DIRECTION('center_axis',(-1.,0.,-7.04903507698512E-16));
#3135=DIRECTION('ref_axis',(-1.09536508027711E-16,-0.987852855267157,0.155392201672175));
#3136=DIRECTION('',(-1.,0.,-7.40148683083438E-16));
#3137=DIRECTION('',(-1.,0.,-7.04903507698512E-16));
#3138=DIRECTION('center_axis',(-2.39507035959062E-16,0.946196322204376,
0.323593139369353));
#3139=DIRECTION('ref_axis',(7.0032596181796E-16,0.323593139369353,-0.946196322204375));
#3140=DIRECTION('center_axis',(1.09536508027711E-16,0.987852855267157,-0.155392201672175));
#3141=DIRECTION('ref_axis',(7.31157989906199E-16,-0.155392201672175,-0.987852855267157));
#3142=DIRECTION('center_axis',(-1.15447974903219E-15,0.707106781186546,
0.707106781186549));
#3143=DIRECTION('ref_axis',(1.,0.,1.63268091856641E-15));
#3144=DIRECTION('',(-1.,0.,-1.63268091856641E-15));
#3145=DIRECTION('center_axis',(-1.15447974903219E-15,0.707106781186546,
0.707106781186549));
#3146=DIRECTION('ref_axis',(-1.17756934401283E-15,-0.707106781186549,0.707106781186546));
#3147=DIRECTION('',(1.17756934401283E-15,0.707106781186549,-0.707106781186546));
#3148=DIRECTION('center_axis',(-1.15447974903219E-15,0.707106781186547,
0.707106781186548));
#3149=DIRECTION('ref_axis',(1.,0.,1.63268091856641E-15));
#3150=DIRECTION('',(-5.23164027964679E-47,-0.707106781186548,0.707106781186547));
#3151=DIRECTION('center_axis',(-1.15447974903219E-15,0.707106781186547,
0.707106781186548));
#3152=DIRECTION('ref_axis',(-1.07943856534509E-15,-0.707106781186548,0.707106781186547));
#3153=DIRECTION('',(-1.,0.,-1.63268091856641E-15));
#3154=DIRECTION('center_axis',(-1.15447974903219E-15,0.707106781186547,
0.707106781186548));
#3155=DIRECTION('ref_axis',(1.,0.,1.63268091856641E-15));
#3156=DIRECTION('',(1.57009245868377E-15,0.707106781186548,-0.707106781186547));
#3157=DIRECTION('',(-1.57009245868377E-15,-0.707106781186548,0.707106781186547));
#3158=DIRECTION('center_axis',(-1.15447974903219E-15,0.707106781186547,
0.707106781186548));
#3159=DIRECTION('ref_axis',(-1.2266347333467E-15,-0.707106781186548,0.707106781186547));
#3160=DIRECTION('',(-1.,0.,-1.63268091856641E-15));
#3161=DIRECTION('center_axis',(-1.15447974903219E-15,0.707106781186547,
0.707106781186548));
#3162=DIRECTION('ref_axis',(-1.17756934401283E-15,-0.707106781186549,0.707106781186547));
#3163=DIRECTION('center_axis',(1.47973132738675E-48,1.,2.28303286151765E-63));
#3164=DIRECTION('ref_axis',(-0.707106781186541,0.,-0.707106781186554));
#3165=DIRECTION('',(1.47973132738675E-48,1.,2.28303286151765E-63));
#3166=DIRECTION('',(-1.47973132738675E-48,-1.,-2.28303286151765E-63));
#3167=DIRECTION('center_axis',(-0.707106781186548,0.707106781186547,0.));
#3168=DIRECTION('ref_axis',(-0.707106781186547,-0.707106781186548,-3.22869603610171E-63));
#3169=DIRECTION('center_axis',(-1.,0.,-1.542869857023E-15));
#3170=DIRECTION('ref_axis',(0.,-0.707106781186548,-0.707106781186547));
#3171=DIRECTION('',(1.,0.,1.542869857023E-15));
#3172=DIRECTION('',(-1.,0.,-1.542869857023E-15));
#3173=DIRECTION('center_axis',(-1.,1.47973132738675E-48,-1.542869857023E-15));
#3174=DIRECTION('ref_axis',(-6.84369570945715E-47,1.,4.53159986914671E-32));
#3175=DIRECTION('',(1.542869857023E-15,0.,-1.));
#3176=DIRECTION('center_axis',(0.,-1.,0.));
#3177=DIRECTION('ref_axis',(-1.,0.,-1.51021623865167E-15));
#3178=DIRECTION('',(1.,-3.26536183713281E-17,1.65444999748063E-15));
#3179=DIRECTION('center_axis',(2.66351638929619E-47,1.,5.58800776166338E-62));
#3180=DIRECTION('ref_axis',(-0.707106781186554,0.,-0.707106781186541));
#3181=DIRECTION('',(2.66351638929619E-47,1.,5.58800776166338E-62));
#3182=DIRECTION('',(-2.66351638929619E-47,-1.,-5.58800776166338E-62));
#3183=DIRECTION('center_axis',(-0.707106781186549,0.707106781186546,-1.57009245868378E-15));
#3184=DIRECTION('ref_axis',(-0.707106781186545,-0.707106781186549,-1.57009245868377E-15));
#3185=DIRECTION('center_axis',(-1.,-3.20256641718798E-16,-2.09798136933558E-15));
#3186=DIRECTION('ref_axis',(0.,-0.707106781186549,-0.707106781186546));
#3187=DIRECTION('',(1.,3.20256641718798E-16,2.09798136933558E-15));
#3188=DIRECTION('center_axis',(-0.707106781186548,-0.707106781186547,1.57009245868378E-15));
#3189=DIRECTION('ref_axis',(0.707106781186547,-0.707106781186548,4.53708616480424E-15));
#3190=DIRECTION('',(-1.,-3.20256641718798E-16,-2.09798136933558E-15));
#3191=DIRECTION('center_axis',(-2.69760939907909E-47,-1.,-5.65953426101247E-62));
#3192=DIRECTION('ref_axis',(0.707106781186548,0.,-0.707106781186548));
#3193=DIRECTION('',(2.69760939907909E-47,1.,5.65953426101247E-62));
#3194=DIRECTION('',(-2.69760939907909E-47,-1.,-5.65953426101247E-62));
#3195=DIRECTION('center_axis',(-1.,2.66351638929619E-47,-2.09798136933558E-15));
#3196=DIRECTION('ref_axis',(-6.84369570945715E-47,1.,4.53159986914671E-32));
#3197=DIRECTION('',(2.09798136933558E-15,0.,-1.));
#3198=DIRECTION('center_axis',(3.20256641718798E-16,-1.,6.71892467732018E-31));
#3199=DIRECTION('ref_axis',(-1.,-3.20256641718798E-16,-1.51021623865167E-15));
#3200=DIRECTION('',(2.09798136933558E-15,0.,-1.));
#3201=DIRECTION('center_axis',(1.,-2.69760939907909E-47,2.09798136933558E-15));
#3202=DIRECTION('ref_axis',(6.93129501453796E-47,-1.,-4.58960434747163E-32));
#3203=DIRECTION('center_axis',(-1.,0.,1.22464679914735E-16));
#3204=DIRECTION('ref_axis',(0.,-0.707106781186549,-0.707106781186546));
#3205=DIRECTION('',(-1.,0.,1.22464679914735E-16));
#3206=DIRECTION('',(1.,0.,-1.22464679914735E-16));
#3207=DIRECTION('center_axis',(-0.707106781186547,-0.707106781186548,0.));
#3208=DIRECTION('ref_axis',(0.707106781186548,-0.707106781186547,-1.73191211247099E-16));
#3209=DIRECTION('center_axis',(7.39865663693386E-47,-1.,-9.06074116841137E-63));
#3210=DIRECTION('ref_axis',(0.707106781186549,0.,-0.707106781186546));
#3211=DIRECTION('',(-7.39865663693386E-47,1.,9.06074116841137E-63));
#3212=DIRECTION('',(7.39865663693386E-47,-1.,-9.06074116841137E-63));
#3213=DIRECTION('center_axis',(-1.22464679914735E-16,0.,-1.));
#3214=DIRECTION('ref_axis',(-1.,0.,1.22464679914735E-16));
#3215=DIRECTION('center_axis',(0.,-1.,0.));
#3216=DIRECTION('ref_axis',(-1.,0.,-1.51021623865167E-15));
#3217=DIRECTION('',(-1.22464679914735E-16,0.,-1.));
#3218=DIRECTION('center_axis',(1.,7.39865663693386E-47,-1.22464679914735E-16));
#3219=DIRECTION('ref_axis',(6.84369570945715E-47,-1.,-4.53159986914671E-32));
#3220=DIRECTION('center_axis',(2.09798136933558E-15,0.,-1.));
#3221=DIRECTION('ref_axis',(-1.,0.,-2.09798136933558E-15));
#3222=DIRECTION('center_axis',(1.542869857023E-15,0.,-1.));
#3223=DIRECTION('ref_axis',(-1.,0.,-1.542869857023E-15));
#3224=DIRECTION('center_axis',(-1.47973132738675E-48,1.,-2.46424768488587E-63));
#3225=DIRECTION('ref_axis',(0.707106781186548,0.,0.707106781186548));
#3226=DIRECTION('',(-1.47973132738675E-48,1.,-2.46424768488587E-63));
#3227=DIRECTION('',(1.47973132738675E-48,-1.,2.46424768488587E-63));
#3228=DIRECTION('center_axis',(0.707106781186547,0.707106781186548,1.57009245868377E-15));
#3229=DIRECTION('ref_axis',(0.707106781186548,-0.707106781186547,1.57009245868377E-15));
#3230=DIRECTION('center_axis',(1.,0.,1.66533453693773E-15));
#3231=DIRECTION('ref_axis',(0.,-0.707106781186547,0.707106781186548));
#3232=DIRECTION('',(-1.,0.,-1.66533453693773E-15));
#3233=DIRECTION('',(1.,0.,1.66533453693773E-15));
#3234=DIRECTION('center_axis',(1.,1.47973132738675E-48,1.66533453693773E-15));
#3235=DIRECTION('ref_axis',(7.39865663693386E-47,1.,-4.53159986914671E-32));
#3236=DIRECTION('',(-1.66533453693773E-15,0.,1.));
#3237=DIRECTION('center_axis',(0.,-1.,0.));
#3238=DIRECTION('ref_axis',(1.,0.,1.63268091856641E-15));
#3239=DIRECTION('',(1.,-2.72113486427734E-17,1.63268091856641E-15));
#3240=DIRECTION('center_axis',(-2.66351638929619E-47,1.,-5.91419444372619E-62));
#3241=DIRECTION('ref_axis',(0.707106781186544,0.,0.707106781186551));
#3242=DIRECTION('',(-2.66351638929619E-47,1.,-5.91419444372619E-62));
#3243=DIRECTION('',(2.66351638929619E-47,-1.,5.91419444372619E-62));
#3244=DIRECTION('center_axis',(0.707106781186549,0.707106781186546,1.57009245868377E-15));
#3245=DIRECTION('ref_axis',(0.707106781186545,-0.707106781186549,1.57009245868376E-15));
#3246=DIRECTION('center_axis',(1.,-3.20256641718798E-16,2.22044604925031E-15));
#3247=DIRECTION('ref_axis',(0.,-0.707106781186547,0.707106781186548));
#3248=DIRECTION('',(-1.,3.20256641718798E-16,-2.22044604925031E-15));
#3249=DIRECTION('center_axis',(0.707106781186548,-0.707106781186547,-1.57009245868378E-15));
#3250=DIRECTION('ref_axis',(-0.707106781186547,-0.707106781186548,-4.71027737605134E-15));
#3251=DIRECTION('',(1.,-3.20256641718798E-16,2.22044604925031E-15));
#3252=DIRECTION('center_axis',(2.69760939907909E-47,-1.,5.98989613260567E-62));
#3253=DIRECTION('ref_axis',(-0.707106781186548,0.,0.707106781186548));
#3254=DIRECTION('',(-2.69760939907909E-47,1.,-5.98989613260567E-62));
#3255=DIRECTION('',(2.69760939907909E-47,-1.,5.98989613260567E-62));
#3256=DIRECTION('center_axis',(1.,2.66351638929619E-47,2.22044604925031E-15));
#3257=DIRECTION('ref_axis',(7.39865663693386E-47,1.,-4.53159986914671E-32));
#3258=DIRECTION('',(-2.22044604925031E-15,0.,1.));
#3259=DIRECTION('center_axis',(-3.20256641718798E-16,-1.,-7.11112594850678E-31));
#3260=DIRECTION('ref_axis',(1.,-3.20256641718798E-16,1.63268091856641E-15));
#3261=DIRECTION('',(-2.22044604925031E-15,0.,1.));
#3262=DIRECTION('',(1.,-2.72113486427734E-17,1.63268091856641E-15));
#3263=DIRECTION('center_axis',(-1.,-2.69760939907909E-47,-2.22044604925031E-15));
#3264=DIRECTION('ref_axis',(-7.49335944188635E-47,-1.,4.58960434747163E-32));
#3265=DIRECTION('center_axis',(1.,0.,0.));
#3266=DIRECTION('ref_axis',(0.,-0.707106781186547,0.707106781186548));
#3267=DIRECTION('',(1.,0.,0.));
#3268=DIRECTION('',(-1.,0.,0.));
#3269=DIRECTION('center_axis',(0.707106781186549,-0.707106781186546,0.));
#3270=DIRECTION('ref_axis',(-0.707106781186546,-0.707106781186549,0.));
#3271=DIRECTION('center_axis',(-7.39865663693386E-47,-1.,0.));
#3272=DIRECTION('ref_axis',(-0.70710678118654,0.,0.707106781186555));
#3273=DIRECTION('',(7.39865663693386E-47,1.,0.));
#3274=DIRECTION('',(-7.39865663693386E-47,-1.,0.));
#3275=DIRECTION('center_axis',(0.,0.,1.));
#3276=DIRECTION('ref_axis',(1.,0.,0.));
#3277=DIRECTION('center_axis',(0.,-1.,0.));
#3278=DIRECTION('ref_axis',(1.,0.,1.63268091856641E-15));
#3279=DIRECTION('',(0.,0.,1.));
#3280=DIRECTION('',(1.,-2.72113486427734E-17,1.63268091856641E-15));
#3281=DIRECTION('center_axis',(-1.,7.39865663693386E-47,0.));
#3282=DIRECTION('ref_axis',(-7.39865663693386E-47,-1.,4.53159986914671E-32));
#3283=DIRECTION('center_axis',(-2.22044604925031E-15,0.,1.));
#3284=DIRECTION('ref_axis',(1.,0.,2.22044604925031E-15));
#3285=DIRECTION('center_axis',(-1.66533453693773E-15,0.,1.));
#3286=DIRECTION('ref_axis',(1.,0.,1.66533453693773E-15));
#3287=DIRECTION('',(0.,1.,0.));
#3288=DIRECTION('center_axis',(1.,0.,-1.22464679914735E-16));
#3289=DIRECTION('ref_axis',(1.22464679914735E-16,7.95295777034928E-33,1.));
#3290=DIRECTION('',(0.,-1.,0.));
#3291=DIRECTION('center_axis',(-1.22464679914735E-16,0.,-1.));
#3292=DIRECTION('ref_axis',(1.,3.26536183713281E-17,-1.22464679914735E-16));
#3293=DIRECTION('',(0.,-1.,0.));
#3294=DIRECTION('center_axis',(1.,1.36843169415754E-15,0.));
#3295=DIRECTION('ref_axis',(1.11022302462516E-15,-0.811310516531592,-0.584615468291116));
#3296=DIRECTION('center_axis',(1.,0.,-1.86517468137026E-14));
#3297=DIRECTION('ref_axis',(0.,1.,0.));
#3298=DIRECTION('center_axis',(-1.,0.,1.22464679914735E-16));
#3299=DIRECTION('ref_axis',(-1.22464679914735E-16,-7.95295777034928E-33,
-1.));
#3300=DIRECTION('center_axis',(3.26536183713281E-17,-1.,3.95404284844666E-33));
#3301=DIRECTION('ref_axis',(-1.,-3.26536183713281E-17,1.22464679914735E-16));
#3302=DIRECTION('center_axis',(1.,-2.72113486427734E-17,1.63268091856641E-15));
#3303=DIRECTION('ref_axis',(-1.63268091856641E-15,4.53111116720004E-32,
1.));
#3304=DIRECTION('center_axis',(1.,-2.72113486427734E-17,1.63268091856641E-15));
#3305=DIRECTION('ref_axis',(-1.63268091856641E-15,4.53111116720004E-32,
1.));
#3306=DIRECTION('',(0.,1.,0.));
#3307=DIRECTION('center_axis',(-1.,0.,-2.59692847956274E-49));
#3308=DIRECTION('ref_axis',(2.59692847956274E-49,7.95295777034928E-33,-1.));
#3309=DIRECTION('',(0.,-1.,0.));
#3310=DIRECTION('center_axis',(0.,0.,1.));
#3311=DIRECTION('ref_axis',(-1.,3.26536183713281E-17,0.));
#3312=DIRECTION('',(0.,-1.,0.));
#3313=DIRECTION('center_axis',(-1.,-8.21059016494526E-15,0.));
#3314=DIRECTION('ref_axis',(6.66133814775095E-15,-0.811310516531592,0.584615468291116));
#3315=DIRECTION('center_axis',(-1.,0.,0.));
#3316=DIRECTION('ref_axis',(0.,1.,0.));
#3317=DIRECTION('center_axis',(1.,0.,2.59692847956274E-49));
#3318=DIRECTION('ref_axis',(-2.59692847956274E-49,-7.95295777034928E-33,
1.));
#3319=DIRECTION('center_axis',(-3.26536183713281E-17,-1.,-7.95295777034928E-33));
#3320=DIRECTION('ref_axis',(1.,-3.26536183713281E-17,0.));
#3321=DIRECTION('center_axis',(1.,-3.26536183713281E-17,1.65444999748063E-15));
#3322=DIRECTION('ref_axis',(-3.26536183713281E-17,-1.,-8.10356682482379E-33));
#3323=DIRECTION('center_axis',(0.,1.,0.));
#3324=DIRECTION('ref_axis',(1.,0.,0.));
#3325=DIRECTION('',(0.,1.,0.));
#3326=DIRECTION('center_axis',(3.26536183713281E-17,1.,7.95295777034928E-33));
#3327=DIRECTION('ref_axis',(1.,-3.26536183713281E-17,0.));
#3328=DIRECTION('center_axis',(-3.26536183713281E-17,-1.,-7.95295777034928E-33));
#3329=DIRECTION('ref_axis',(1.,-3.26536183713281E-17,0.));
#3330=DIRECTION('center_axis',(0.,1.,0.));
#3331=DIRECTION('ref_axis',(1.,0.,0.));
#3332=DIRECTION('',(0.,1.,0.));
#3333=DIRECTION('center_axis',(3.26536183713281E-17,1.,7.95295777034928E-33));
#3334=DIRECTION('ref_axis',(1.,-3.26536183713281E-17,0.));
#3335=DIRECTION('center_axis',(-3.26536183713281E-17,-1.,-7.95295777034928E-33));
#3336=DIRECTION('ref_axis',(1.,-3.26536183713281E-17,0.));
#3337=DIRECTION('center_axis',(0.,1.,0.));
#3338=DIRECTION('ref_axis',(1.,0.,0.));
#3339=DIRECTION('',(0.,1.,0.));
#3340=DIRECTION('center_axis',(3.26536183713281E-17,1.,7.95295777034928E-33));
#3341=DIRECTION('ref_axis',(1.,-3.26536183713281E-17,0.));
#3342=DIRECTION('center_axis',(-3.26536183713281E-17,-1.,-7.95295777034928E-33));
#3343=DIRECTION('ref_axis',(1.,-3.26536183713281E-17,0.));
#3344=DIRECTION('center_axis',(0.,1.,0.));
#3345=DIRECTION('ref_axis',(1.,0.,0.));
#3346=DIRECTION('',(0.,1.,0.));
#3347=DIRECTION('center_axis',(3.26536183713281E-17,1.,7.95295777034928E-33));
#3348=DIRECTION('ref_axis',(1.,-3.26536183713281E-17,0.));
#3349=DIRECTION('center_axis',(-3.26536183713281E-17,-1.,-7.95295777034928E-33));
#3350=DIRECTION('ref_axis',(1.,-3.26536183713281E-17,0.));
#3351=DIRECTION('center_axis',(0.,1.,0.));
#3352=DIRECTION('ref_axis',(1.,0.,0.));
#3353=DIRECTION('',(0.,1.,0.));
#3354=DIRECTION('center_axis',(3.26536183713281E-17,1.,7.95295777034928E-33));
#3355=DIRECTION('ref_axis',(1.,-3.26536183713281E-17,0.));
#3356=DIRECTION('center_axis',(-3.26536183713281E-17,-1.,-7.95295777034928E-33));
#3357=DIRECTION('ref_axis',(1.,-3.26536183713281E-17,0.));
#3358=DIRECTION('center_axis',(0.,1.,0.));
#3359=DIRECTION('ref_axis',(1.,0.,0.));
#3360=DIRECTION('',(0.,1.,0.));
#3361=DIRECTION('center_axis',(3.26536183713281E-17,1.,7.95295777034928E-33));
#3362=DIRECTION('ref_axis',(1.,-3.26536183713281E-17,0.));
#3363=DIRECTION('center_axis',(-3.26536183713281E-17,-1.,-7.95295777034928E-33));
#3364=DIRECTION('ref_axis',(1.,-3.26536183713281E-17,0.));
#3365=DIRECTION('center_axis',(0.,1.,0.));
#3366=DIRECTION('ref_axis',(1.,0.,0.));
#3367=DIRECTION('',(0.,1.,0.));
#3368=DIRECTION('center_axis',(3.26536183713281E-17,1.,7.95295777034928E-33));
#3369=DIRECTION('ref_axis',(1.,-3.26536183713281E-17,0.));
#3370=DIRECTION('center_axis',(-3.26536183713281E-17,-1.,-7.95295777034928E-33));
#3371=DIRECTION('ref_axis',(1.,-3.26536183713281E-17,0.));
#3372=DIRECTION('center_axis',(0.,1.,0.));
#3373=DIRECTION('ref_axis',(1.,0.,0.));
#3374=DIRECTION('',(0.,1.,0.));
#3375=DIRECTION('center_axis',(3.26536183713281E-17,1.,7.95295777034928E-33));
#3376=DIRECTION('ref_axis',(1.,-3.26536183713281E-17,0.));
#3377=DIRECTION('center_axis',(-3.26536183713281E-17,-1.,-7.95295777034928E-33));
#3378=DIRECTION('ref_axis',(1.,-3.26536183713281E-17,0.));
#3379=DIRECTION('center_axis',(-1.,0.,-1.62370117351429E-15));
#3380=DIRECTION('ref_axis',(8.130595927456E-30,-1.,-5.00744598826542E-15));
#3381=DIRECTION('',(-1.,0.,-1.62370117351429E-15));
#3382=DIRECTION('center_axis',(-1.,2.77555756156306E-17,-1.62370117351429E-15));
#3383=DIRECTION('ref_axis',(2.77555756156306E-17,1.,0.));
#3384=DIRECTION('',(-1.,0.,-1.62370117351429E-15));
#3385=DIRECTION('center_axis',(-1.,0.,-1.62370117351429E-15));
#3386=DIRECTION('ref_axis',(0.,1.,-4.5066760698664E-32));
#3387=DIRECTION('center_axis',(-1.,2.77555756156306E-17,-1.62370117351429E-15));
#3388=DIRECTION('ref_axis',(2.77555756156306E-17,1.,0.));
#3389=DIRECTION('center_axis',(1.,-2.77555756156306E-17,1.62370117351429E-15));
#3390=DIRECTION('ref_axis',(2.77555756156306E-17,1.,0.));
#3391=DIRECTION('center_axis',(1.,-2.77555756156306E-17,1.62370117351429E-15));
#3392=DIRECTION('ref_axis',(0.,1.,-2.42281987003916E-31));
#3393=DIRECTION('center_axis',(1.,-2.77555756156306E-17,1.62370117351429E-15));
#3394=DIRECTION('ref_axis',(0.,1.,-2.42281987003916E-31));
#3395=DIRECTION('center_axis',(-1.,0.,-1.62370117351429E-15));
#3396=DIRECTION('ref_axis',(0.,1.,-4.5066760698664E-32));
#3397=DIRECTION('',(-1.,0.,-1.62370117351429E-15));
#3398=DIRECTION('center_axis',(-1.,2.77555756156306E-17,-1.62370117351429E-15));
#3399=DIRECTION('ref_axis',(2.77555756156306E-17,1.,0.));
#3400=DIRECTION('center_axis',(1.,-2.77555756156306E-17,1.62370117351429E-15));
#3401=DIRECTION('ref_axis',(2.77555756156306E-17,1.,0.));
#3402=DIRECTION('center_axis',(1.,-2.77555756156306E-17,1.62370117351429E-15));
#3403=DIRECTION('ref_axis',(0.,1.,-2.42281987003916E-31));
#3404=DIRECTION('center_axis',(-1.,0.,-7.40148683083438E-16));
#3405=DIRECTION('ref_axis',(0.,1.,0.));
#3406=DIRECTION('center_axis',(-1.,0.,-7.40148683083437E-16));
#3407=DIRECTION('ref_axis',(0.,1.,0.));
#3408=DIRECTION('',(-0.624695047554425,-0.78086880944303,-5.57996065579994E-16));
#3409=DIRECTION('center_axis',(1.,0.,7.40148683083437E-16));
#3410=DIRECTION('ref_axis',(0.,1.,0.));
#3411=DIRECTION('center_axis',(-1.,0.,-7.40148683083437E-16));
#3412=DIRECTION('ref_axis',(0.,1.,0.));
#3413=DIRECTION('center_axis',(1.,0.,7.40148683083434E-16));
#3414=DIRECTION('ref_axis',(0.,1.,0.));
#3415=DIRECTION('',(-1.,0.,-7.40148683083434E-16));
#3416=DIRECTION('center_axis',(-1.,0.,-1.62370117351429E-15));
#3417=DIRECTION('ref_axis',(0.,1.,-2.42281987003916E-31));
#3418=DIRECTION('center_axis',(-1.,2.77555756156306E-17,-1.62370117351429E-15));
#3419=DIRECTION('ref_axis',(2.77555756156306E-17,1.,-1.97215226305252E-31));
#3420=DIRECTION('',(1.,0.,1.62370117351429E-15));
#3421=DIRECTION('center_axis',(1.,-2.77555756156306E-17,1.62370117351429E-15));
#3422=DIRECTION('ref_axis',(2.77555756156306E-17,1.,-1.97215226305252E-31));
#3423=DIRECTION('center_axis',(1.,-2.77555756156306E-17,1.62370117351429E-15));
#3424=DIRECTION('ref_axis',(2.77555756156306E-17,1.,-1.97215226305252E-31));
#3425=DIRECTION('center_axis',(1.,0.,1.62370117351429E-15));
#3426=DIRECTION('ref_axis',(0.,1.,-2.42281987003916E-31));
#3427=DIRECTION('',(-1.,0.,-1.62370117351429E-15));
#3428=DIRECTION('center_axis',(1.,0.,1.62370117351429E-15));
#3429=DIRECTION('ref_axis',(0.,1.,-2.42281987003916E-31));
#3430=DIRECTION('',(-1.,0.,-1.62370117351429E-15));
#3431=DIRECTION('center_axis',(1.,0.,1.62370117351429E-15));
#3432=DIRECTION('ref_axis',(0.,1.,-2.42281987003916E-31));
#3433=DIRECTION('',(-1.,0.,-1.62370117351429E-15));
#3434=CARTESIAN_POINT('',(0.,0.,0.));
#3435=CARTESIAN_POINT('Origin',(29.5999999254942,24.1499999999999,29.4000000000001));
#3436=CARTESIAN_POINT('',(57.,23.1499999999999,28.4000000000001));
#3437=CARTESIAN_POINT('',(57.,25.1499999999999,30.4000000000001));
#3438=CARTESIAN_POINT('',(57.,16.4249999999999,21.6750000000001));
#3439=CARTESIAN_POINT('',(53.6999998509884,23.1499999999999,28.4000000000001));
#3440=CARTESIAN_POINT('',(53.1999998509884,23.1499999999999,28.4000000000001));
#3441=CARTESIAN_POINT('',(53.1999998509884,23.6499999999999,28.9000000000001));
#3442=CARTESIAN_POINT('Origin',(53.6999998509884,23.6499999999999,28.9000000000001));
#3443=CARTESIAN_POINT('',(53.1999998509884,25.1499999999999,30.4000000000001));
#3444=CARTESIAN_POINT('',(53.1999998509884,17.8999999999999,23.1500000000001));
#3445=CARTESIAN_POINT('',(29.5999999254942,25.1499999999999,30.4000000000001));
#3446=CARTESIAN_POINT('Origin',(57.,12.4499999999999,10.2000000000002));
#3447=CARTESIAN_POINT('',(57.,34.9499999999999,30.4000000000001));
#3448=CARTESIAN_POINT('',(57.,-1.85000000000006,30.4000000000001));
#3449=CARTESIAN_POINT('',(57.,34.9499999999999,4.44089209850062E-14));
#3450=CARTESIAN_POINT('',(57.,34.9499999999999,40.2000000000001));
#3451=CARTESIAN_POINT('',(57.,33.4888414251672,-9.99999999999983));
#3452=CARTESIAN_POINT('Origin',(57.,0.,4.21884749357559E-14));
#3453=CARTESIAN_POINT('',(57.,25.15,-9.99999999999983));
#3454=CARTESIAN_POINT('',(57.,-1.85000000000006,-9.99999999999983));
#3455=CARTESIAN_POINT('',(57.,23.1499999999999,-7.99999999999983));
#3456=CARTESIAN_POINT('',(57.,16.4249999999999,-1.27499999999984));
#3457=CARTESIAN_POINT('',(57.,-1.35000000000006,-7.99999999999983));
#3458=CARTESIAN_POINT('',(57.,11.5499999999999,-7.99999999999983));
#3459=CARTESIAN_POINT('',(57.,-1.85000000000006,-8.49999999999983));
#3460=CARTESIAN_POINT('Origin',(57.,-1.35000000000006,-8.49999999999983));
#3461=CARTESIAN_POINT('',(57.,-1.85000000000006,-9.99999999999983));
#3462=CARTESIAN_POINT('',(57.,-1.85000000000006,0.10000000000016));
#3463=CARTESIAN_POINT('',(57.,-3.85000000000006,-11.9999999999998));
#3464=CARTESIAN_POINT('Origin',(57.,-1.85000000000006,-11.9999999999998));
#3465=CARTESIAN_POINT('',(57.,-3.85000000000006,-18.8977737735544));
#3466=CARTESIAN_POINT('',(57.,-3.85000000000006,-11.9999999999998));
#3467=CARTESIAN_POINT('',(57.,-4.54398056529917,-17.7707794181079));
#3468=CARTESIAN_POINT('Origin',(57.,-1.70539159868604,-16.7999999999998));
#3469=CARTESIAN_POINT('',(57.,-9.50927303815404,-3.25211105066198));
#3470=CARTESIAN_POINT('',(57.,-10.4189690577525,-0.592131825683698));
#3471=CARTESIAN_POINT('',(57.,-9.927921195435,1.56169162680541));
#3472=CARTESIAN_POINT('Origin',(57.,0.,4.21884749357559E-14));
#3473=CARTESIAN_POINT('',(57.,-4.24857798041037,37.6661766050167));
#3474=CARTESIAN_POINT('',(57.,-5.95577355044639,26.8132637804891));
#3475=CARTESIAN_POINT('',(57.,-3.85000000000006,38.7559159992001));
#3476=CARTESIAN_POINT('Origin',(56.9999999999999,-1.2850194146089,37.2000000000002));
#3477=CARTESIAN_POINT('',(57.,-3.85000000000006,32.4000000000001));
#3478=CARTESIAN_POINT('',(57.,-3.85000000000006,32.4000000000001));
#3479=CARTESIAN_POINT('',(57.,-1.85000000000006,30.4000000000001));
#3480=CARTESIAN_POINT('Origin',(57.,-1.85000000000006,32.4000000000001));
#3481=CARTESIAN_POINT('',(57.,-1.85000000000005,28.9000000000001));
#3482=CARTESIAN_POINT('',(57.,-1.85000000000005,20.3000000000001));
#3483=CARTESIAN_POINT('',(57.,-1.35000000000006,28.4000000000001));
#3484=CARTESIAN_POINT('Origin',(57.,-1.35000000000005,28.9000000000001));
#3485=CARTESIAN_POINT('',(57.,11.5499999999999,28.4000000000001));
#3486=CARTESIAN_POINT('',(57.,-1.6,4.72660908148619E-14));
#3487=CARTESIAN_POINT('Origin',(57.,-9.86076131526265E-31,4.74620343027254E-14));
#3488=CARTESIAN_POINT('Origin',(5.99999999999996,-1.85000000000005,30.4));
#3489=CARTESIAN_POINT('',(53.1999998509884,-1.85000000000005,30.4000000000001));
#3490=CARTESIAN_POINT('',(53.1999998509884,-1.85000000000005,30.4000000000001));
#3491=CARTESIAN_POINT('',(47.7783373080022,-1.85000000000006,30.4000000000001));
#3492=CARTESIAN_POINT('',(5.99999999999997,-1.85000000000006,30.4));
#3493=CARTESIAN_POINT('',(47.7783373080022,30.1499999999999,30.4000000000001));
#3494=CARTESIAN_POINT('',(47.7783373080022,-3.85000000000006,30.4000000000001));
#3495=CARTESIAN_POINT('',(38.2216629900209,30.1499999999999,30.4000000000001));
#3496=CARTESIAN_POINT('',(24.5000000745057,30.1499999999999,30.4000000000001));
#3497=CARTESIAN_POINT('',(38.2216629900209,-1.85000000000006,30.4000000000001));
#3498=CARTESIAN_POINT('',(38.2216629900209,-3.85000000000006,30.4000000000001));
#3499=CARTESIAN_POINT('',(32.7999998509884,-1.85000000000005,30.4000000000001));
#3500=CARTESIAN_POINT('',(5.99999999999997,-1.85000000000006,30.4));
#3501=CARTESIAN_POINT('',(32.7999998509884,25.1499999999999,30.4000000000001));
#3502=CARTESIAN_POINT('',(32.7999998509884,10.6499999999999,30.4000000000001));
#3503=CARTESIAN_POINT('',(30.1999998509884,25.1499999999999,30.4000000000001));
#3504=CARTESIAN_POINT('',(18.0999999254942,25.1499999999999,30.4000000000001));
#3505=CARTESIAN_POINT('',(30.1999998509884,-1.85000000000005,30.4000000000001));
#3506=CARTESIAN_POINT('',(30.1999998509884,-1.85000000000005,30.4000000000001));
#3507=CARTESIAN_POINT('',(9.79999985098836,-1.85000000000006,30.4000000000001));
#3508=CARTESIAN_POINT('',(5.99999999999997,-1.85000000000006,30.4));
#3509=CARTESIAN_POINT('',(9.79999985098836,25.1499999999999,30.4));
#3510=CARTESIAN_POINT('',(9.79999985098836,10.6499999999999,30.4));
#3511=CARTESIAN_POINT('',(5.99999999999996,25.1499999999999,30.4));
#3512=CARTESIAN_POINT('',(5.99999999999997,25.1499999999999,30.4));
#3513=CARTESIAN_POINT('',(5.99999999999997,34.9499999999999,30.4));
#3514=CARTESIAN_POINT('',(5.99999999999996,5.29999999999994,30.4));
#3515=CARTESIAN_POINT('',(5.99999999999997,34.9499999999999,30.4));
#3516=CARTESIAN_POINT('Origin',(18.0999999254942,24.1499999999999,29.4000000000001));
#3517=CARTESIAN_POINT('',(30.1999998509884,23.6499999999999,28.9000000000001));
#3518=CARTESIAN_POINT('',(30.1999998509884,17.8999999999999,23.1500000000001));
#3519=CARTESIAN_POINT('',(32.7999998509884,23.6499999999999,28.9000000000001));
#3520=CARTESIAN_POINT('',(32.7999998509884,24.1499999999999,29.4000000000001));
#3521=CARTESIAN_POINT('',(32.2999998509884,23.1499999999999,28.4000000000001));
#3522=CARTESIAN_POINT('Origin',(32.2999998509884,23.6499999999999,28.9000000000001));
#3523=CARTESIAN_POINT('',(30.6999998509884,23.1499999999999,28.4000000000001));
#3524=CARTESIAN_POINT('',(30.1999998509884,23.1499999999999,28.4000000000001));
#3525=CARTESIAN_POINT('Origin',(30.6999998509884,23.6499999999999,28.9000000000001));
#3526=CARTESIAN_POINT('Origin',(5.99999999999997,24.1499999999999,29.4));
#3527=CARTESIAN_POINT('',(5.99999999999997,23.1499999999999,28.4000000000001));
#3528=CARTESIAN_POINT('',(5.99999999999998,16.425,21.675));
#3529=CARTESIAN_POINT('',(9.79999985098836,23.65,28.9000000000001));
#3530=CARTESIAN_POINT('',(9.79999985098836,24.15,29.4));
#3531=CARTESIAN_POINT('',(9.29999985098836,23.1499999999999,28.4000000000001));
#3532=CARTESIAN_POINT('Origin',(9.29999985098836,23.65,28.9000000000001));
#3533=CARTESIAN_POINT('',(9.79999985098836,23.1499999999999,28.4000000000001));
#3534=CARTESIAN_POINT('Origin',(5.99999999999996,-1.85000000000005,32.4));
#3535=CARTESIAN_POINT('',(5.99999999999996,-3.85000000000005,32.4));
#3536=CARTESIAN_POINT('',(39.5840732717591,-3.85000000000006,32.4000000000001));
#3537=CARTESIAN_POINT('',(5.99999999999996,-3.85000000000005,32.4));
#3538=CARTESIAN_POINT('',(5.99999999999996,-1.85000000000005,30.4));
#3539=CARTESIAN_POINT('Origin',(5.99999999999996,-1.85000000000005,32.4));
#3540=CARTESIAN_POINT('',(5.99999999999996,-1.85000000000005,30.4));
#3541=CARTESIAN_POINT('',(5.99999999999996,-1.85000000000005,30.4));
#3542=CARTESIAN_POINT('Ctrl Pts',(38.2216629900209,-1.85000000000006,30.4000000000001));
#3543=CARTESIAN_POINT('Ctrl Pts',(38.222102223397,-1.8519005499434,30.4000000000001));
#3544=CARTESIAN_POINT('Ctrl Pts',(38.2225424252103,-1.85380087456624,30.4000027090676));
#3545=CARTESIAN_POINT('Ctrl Pts',(38.2786481173571,-2.09544470807632,30.4006915137625));
#3546=CARTESIAN_POINT('Ctrl Pts',(38.3492392530061,-2.32864058172097,30.444345332055));
#3547=CARTESIAN_POINT('Ctrl Pts',(38.5205076691071,-2.77322160315815,30.6093365387872));
#3548=CARTESIAN_POINT('Ctrl Pts',(38.6208466726517,-2.9791548971848,30.7327112932516));
#3549=CARTESIAN_POINT('Ctrl Pts',(38.8656413038856,-3.37927880860388,31.0779174119875));
#3550=CARTESIAN_POINT('Ctrl Pts',(39.0133743418449,-3.55463973887365,31.3148717380819));
#3551=CARTESIAN_POINT('Ctrl Pts',(39.3061887815507,-3.78872549097333,31.8340834425085));
#3552=CARTESIAN_POINT('Ctrl Pts',(39.450537535775,-3.84999999999961,32.1140012541766));
#3553=CARTESIAN_POINT('Ctrl Pts',(39.5840732717576,-3.85000000000006,32.399999999997));
#3554=CARTESIAN_POINT('Origin',(5.99999999999995,-3.85000000000005,40.2000000000001));
#3555=CARTESIAN_POINT('',(5.99999999999996,-3.85000000000006,38.7559159992001));
#3556=CARTESIAN_POINT('',(31.5,-3.85000000000006,38.7559159992001));
#3557=CARTESIAN_POINT('',(5.99999999999997,-3.85000000000006,25.2000000000001));
#3558=CARTESIAN_POINT('',(43.0000001490115,-3.85000000000006,36.5000005438924));
#3559=CARTESIAN_POINT('Ctrl Pts',(39.5840732717591,-3.85000000000006,32.4000000000001));
#3560=CARTESIAN_POINT('Ctrl Pts',(39.622838016206,-3.85000000000006,32.4830239801526));
#3561=CARTESIAN_POINT('Ctrl Pts',(39.7230607557298,-3.85000000000006,32.7031039072381));
#3562=CARTESIAN_POINT('Ctrl Pts',(39.8728571575975,-3.85000000000006,33.0560477150985));
#3563=CARTESIAN_POINT('Ctrl Pts',(40.0452026224219,-3.85000000000006,33.5198049058718));
#3564=CARTESIAN_POINT('Ctrl Pts',(40.2042828119873,-3.85000000000006,34.0473228115129));
#3565=CARTESIAN_POINT('Ctrl Pts',(40.3291377060726,-3.85000000000006,34.5420759899465));
#3566=CARTESIAN_POINT('Ctrl Pts',(40.4458156333893,-3.85000000000006,34.9743221694654));
#3567=CARTESIAN_POINT('Ctrl Pts',(40.5993875361048,-3.85000000000006,35.3636733627977));
#3568=CARTESIAN_POINT('Ctrl Pts',(40.8313514494512,-3.85000000000006,35.722077902636));
#3569=CARTESIAN_POINT('Ctrl Pts',(41.1699820282734,-3.85000000000006,36.0411090030003));
#3570=CARTESIAN_POINT('Ctrl Pts',(41.6328037918043,-3.85000000000006,36.2990573465546));
#3571=CARTESIAN_POINT('Ctrl Pts',(42.110319778162,-3.85000000000006,36.4355122707663));
#3572=CARTESIAN_POINT('Ctrl Pts',(42.5307987284712,-3.85000000000006,36.4882751613267));
#3573=CARTESIAN_POINT('Ctrl Pts',(42.8389594435552,-3.85000000000006,36.5000005438924));
#3574=CARTESIAN_POINT('Ctrl Pts',(43.0000001490115,-3.85000000000006,36.5000005438924));
#3575=CARTESIAN_POINT('',(46.415927026264,-3.85000000000006,32.4000000000001));
#3576=CARTESIAN_POINT('Ctrl Pts',(43.0000001490115,-3.85000000000006,36.5000005438924));
#3577=CARTESIAN_POINT('Ctrl Pts',(43.1610408544678,-3.85000000000006,36.5000005438924));
#3578=CARTESIAN_POINT('Ctrl Pts',(43.4692015695518,-3.85000000000006,36.4882751613267));
#3579=CARTESIAN_POINT('Ctrl Pts',(43.8896805198611,-3.85000000000006,36.4355122707663));
#3580=CARTESIAN_POINT('Ctrl Pts',(44.3671965062187,-3.85000000000006,36.2990573465546));
#3581=CARTESIAN_POINT('Ctrl Pts',(44.8300182697496,-3.85000000000006,36.0411090030003));
#3582=CARTESIAN_POINT('Ctrl Pts',(45.1686488485718,-3.85000000000006,35.7220779026361));
#3583=CARTESIAN_POINT('Ctrl Pts',(45.4006127619182,-3.85000000000006,35.3636733627977));
#3584=CARTESIAN_POINT('Ctrl Pts',(45.5541846646337,-3.85000000000006,34.9743221694654));
#3585=CARTESIAN_POINT('Ctrl Pts',(45.6708625919504,-3.85000000000006,34.5420759899465));
#3586=CARTESIAN_POINT('Ctrl Pts',(45.7957174860357,-3.85000000000006,34.0473228115129));
#3587=CARTESIAN_POINT('Ctrl Pts',(45.9547976756011,-3.85000000000006,33.5198049058718));
#3588=CARTESIAN_POINT('Ctrl Pts',(46.1271431404255,-3.85000000000006,33.0560477150986));
#3589=CARTESIAN_POINT('Ctrl Pts',(46.2769395422932,-3.85000000000006,32.7031039072381));
#3590=CARTESIAN_POINT('Ctrl Pts',(46.3771622818171,-3.85000000000006,32.4830239801526));
#3591=CARTESIAN_POINT('Ctrl Pts',(46.415927026264,-3.85000000000006,32.4000000000001));
#3592=CARTESIAN_POINT('',(5.99999999999996,-3.85000000000005,32.4));
#3593=CARTESIAN_POINT('',(46.5500001490116,-3.85000000000006,34.4999999999999));
#3594=CARTESIAN_POINT('Origin',(47.9500001490116,-3.85000000000005,34.4999999999999));
#3595=CARTESIAN_POINT('',(23.5500001490116,-3.85000000000006,34.4999999999999));
#3596=CARTESIAN_POINT('Origin',(24.9500001490116,-3.85000000000005,34.4999999999999));
#3597=CARTESIAN_POINT('',(36.6500001490115,-3.85000000000006,34.4999999999998));
#3598=CARTESIAN_POINT('Origin',(38.0500001490115,-3.85000000000005,34.4999999999998));
#3599=CARTESIAN_POINT('',(13.6500001490115,-3.85000000000006,34.4999999999998));
#3600=CARTESIAN_POINT('Origin',(15.0500001490115,-3.85000000000005,34.4999999999998));
#3601=CARTESIAN_POINT('Origin',(6.00000000000003,34.9499999999999,-9.99999999999991));
#3602=CARTESIAN_POINT('',(32.8000001490116,-1.85000000000005,-9.99999999999987));
#3603=CARTESIAN_POINT('',(53.2000001490117,-1.85000000000006,-9.99999999999983));
#3604=CARTESIAN_POINT('',(6.00000000000003,-1.85000000000005,-9.99999999999991));
#3605=CARTESIAN_POINT('',(53.2000001490117,25.15,-9.99999999999983));
#3606=CARTESIAN_POINT('',(53.2000001490117,29.0499999999999,-9.99999999999983));
#3607=CARTESIAN_POINT('',(31.5,25.15,-9.99999999999987));
#3608=CARTESIAN_POINT('',(6.00000000000003,33.4888414251672,-9.99999999999991));
#3609=CARTESIAN_POINT('',(63.0000000000001,33.4888414251672,-9.99999999999982));
#3610=CARTESIAN_POINT('',(6.00000000000003,25.15,-9.99999999999991));
#3611=CARTESIAN_POINT('',(6.00000000000003,23.6999999999999,-9.99999999999991));
#3612=CARTESIAN_POINT('',(9.80000014901166,25.15,-9.9999999999999));
#3613=CARTESIAN_POINT('',(7.90000007450584,25.15,-9.99999999999991));
#3614=CARTESIAN_POINT('',(9.80000014901166,-1.85000000000005,-9.9999999999999));
#3615=CARTESIAN_POINT('',(9.80000014901166,16.5499999999999,-9.9999999999999));
#3616=CARTESIAN_POINT('',(15.2216626919978,-1.85000000000005,-9.9999999999999));
#3617=CARTESIAN_POINT('',(6.00000000000003,-1.85000000000005,-9.99999999999991));
#3618=CARTESIAN_POINT('',(15.2216626919978,30.1499999999999,-9.99999999999989));
#3619=CARTESIAN_POINT('',(15.2216626919978,-3.85000000000006,-9.99999999999989));
#3620=CARTESIAN_POINT('',(24.7783370099791,30.1499999999999,-9.99999999999988));
#3621=CARTESIAN_POINT('',(12.9999999254943,30.1499999999999,-9.9999999999999));
#3622=CARTESIAN_POINT('',(24.7783370099791,-1.85000000000005,-9.99999999999988));
#3623=CARTESIAN_POINT('',(24.7783370099791,-3.85000000000006,-9.99999999999988));
#3624=CARTESIAN_POINT('',(30.2000001490116,-1.85000000000005,-9.99999999999987));
#3625=CARTESIAN_POINT('',(6.00000000000003,-1.85000000000005,-9.99999999999991));
#3626=CARTESIAN_POINT('',(30.2000001490116,25.15,-9.99999999999987));
#3627=CARTESIAN_POINT('',(30.2000001490116,29.0499999999999,-9.99999999999987));
#3628=CARTESIAN_POINT('',(32.8000001490116,25.15,-9.99999999999986));
#3629=CARTESIAN_POINT('',(19.4000000745058,25.15,-9.99999999999989));
#3630=CARTESIAN_POINT('',(32.8000001490116,16.5499999999999,-9.99999999999987));
#3631=CARTESIAN_POINT('Origin',(6.00000000000003,-3.85000000000006,-11.9999999999999));
#3632=CARTESIAN_POINT('',(6.00000000000005,-3.85000000000006,-18.8977737735545));
#3633=CARTESIAN_POINT('',(31.5000000000001,-3.85000000000006,-18.8977737735544));
#3634=CARTESIAN_POINT('',(23.4159267282409,-3.85000000000006,-11.9999999999999));
#3635=CARTESIAN_POINT('',(6.00000000000003,-3.85000000000006,-11.9999999999999));
#3636=CARTESIAN_POINT('',(19.9999998509885,-3.85000000000006,-16.1000005438922));
#3637=CARTESIAN_POINT('Ctrl Pts',(23.4159267282409,-3.85000000000006,-11.9999999999999));
#3638=CARTESIAN_POINT('Ctrl Pts',(23.377161983794,-3.85000000000006,-12.0830239801523));
#3639=CARTESIAN_POINT('Ctrl Pts',(23.2769392442702,-3.85000000000006,-12.3031039072379));
#3640=CARTESIAN_POINT('Ctrl Pts',(23.1271428424025,-3.85000000000006,-12.6560477150983));
#3641=CARTESIAN_POINT('Ctrl Pts',(22.9547973775781,-3.85000000000006,-13.1198049058716));
#3642=CARTESIAN_POINT('Ctrl Pts',(22.7957171880127,-3.85000000000006,-13.6473228115127));
#3643=CARTESIAN_POINT('Ctrl Pts',(22.6708622939274,-3.85000000000006,-14.1420759899463));
#3644=CARTESIAN_POINT('Ctrl Pts',(22.5541843666107,-3.85000000000006,-14.5743221694651));
#3645=CARTESIAN_POINT('Ctrl Pts',(22.4006124638952,-3.85000000000006,-14.9636733627975));
#3646=CARTESIAN_POINT('Ctrl Pts',(22.1686485505488,-3.85000000000006,-15.3220779026358));
#3647=CARTESIAN_POINT('Ctrl Pts',(21.8300179717266,-3.85000000000006,-15.6411090030001));
#3648=CARTESIAN_POINT('Ctrl Pts',(21.3671962081957,-3.85000000000006,-15.8990573465544));
#3649=CARTESIAN_POINT('Ctrl Pts',(20.889680221838,-3.85000000000006,-16.0355122707661));
#3650=CARTESIAN_POINT('Ctrl Pts',(20.4692012715287,-3.85000000000006,-16.0882751613264));
#3651=CARTESIAN_POINT('Ctrl Pts',(20.1610405564448,-3.85000000000006,-16.1000005438922));
#3652=CARTESIAN_POINT('Ctrl Pts',(19.9999998509885,-3.85000000000006,-16.1000005438922));
#3653=CARTESIAN_POINT('',(16.5840729737361,-3.85000000000006,-11.9999999999999));
#3654=CARTESIAN_POINT('Ctrl Pts',(19.9999998509885,-3.85000000000006,-16.1000005438922));
#3655=CARTESIAN_POINT('Ctrl Pts',(19.8389591455322,-3.85000000000006,-16.1000005438922));
#3656=CARTESIAN_POINT('Ctrl Pts',(19.5307984304482,-3.85000000000006,-16.0882751613265));
#3657=CARTESIAN_POINT('Ctrl Pts',(19.1103194801389,-3.85000000000006,-16.0355122707661));
#3658=CARTESIAN_POINT('Ctrl Pts',(18.6328034937813,-3.85000000000006,-15.8990573465544));
#3659=CARTESIAN_POINT('Ctrl Pts',(18.1699817302504,-3.85000000000006,-15.6411090030001));
#3660=CARTESIAN_POINT('Ctrl Pts',(17.8313511514282,-3.85000000000006,-15.3220779026358));
#3661=CARTESIAN_POINT('Ctrl Pts',(17.5993872380818,-3.85000000000006,-14.9636733627975));
#3662=CARTESIAN_POINT('Ctrl Pts',(17.4458153353663,-3.85000000000006,-14.5743221694652));
#3663=CARTESIAN_POINT('Ctrl Pts',(17.3291374080496,-3.85000000000006,-14.1420759899463));
#3664=CARTESIAN_POINT('Ctrl Pts',(17.2042825139643,-3.85000000000006,-13.6473228115127));
#3665=CARTESIAN_POINT('Ctrl Pts',(17.0452023243989,-3.85000000000006,-13.1198049058716));
#3666=CARTESIAN_POINT('Ctrl Pts',(16.8728568595745,-3.85000000000006,-12.6560477150983));
#3667=CARTESIAN_POINT('Ctrl Pts',(16.7230604577068,-3.85000000000006,-12.3031039072379));
#3668=CARTESIAN_POINT('Ctrl Pts',(16.622837718183,-3.85000000000006,-12.0830239801523));
#3669=CARTESIAN_POINT('Ctrl Pts',(16.5840729737361,-3.85000000000006,-11.9999999999999));
#3670=CARTESIAN_POINT('',(6.00000000000003,-3.85000000000006,-11.9999999999999));
#3671=CARTESIAN_POINT('',(6.00000000000003,-3.85000000000006,-11.9999999999999));
#3672=CARTESIAN_POINT('',(6.00000000000002,-3.85000000000006,-0.899999999999923));
#3673=CARTESIAN_POINT('',(23.5500001490116,-3.85000000000006,-14.1));
#3674=CARTESIAN_POINT('Origin',(24.9500001490116,-3.85000000000006,-14.1));
#3675=CARTESIAN_POINT('',(36.6500001490117,-3.85000000000006,-14.1));
#3676=CARTESIAN_POINT('Origin',(38.0500001490117,-3.85000000000006,-14.1));
#3677=CARTESIAN_POINT('',(13.6500001490116,-3.85000000000006,-14.1));
#3678=CARTESIAN_POINT('Origin',(15.0500001490116,-3.85000000000006,-14.1));
#3679=CARTESIAN_POINT('',(46.5500001490117,-3.85000000000006,-14.1));
#3680=CARTESIAN_POINT('Origin',(47.9500001490117,-3.85000000000006,-14.1));
#3681=CARTESIAN_POINT('Origin',(1.00000000000001,0.,2.92534955694879E-15));
#3682=CARTESIAN_POINT('',(-4.91375457326342E-14,28.51333878887,38.6133333333335));
#3683=CARTESIAN_POINT('',(0.999999999999943,29.1073666803048,39.4177777777779));
#3684=CARTESIAN_POINT('Origin',(0.999999999999943,28.51333878887,38.6133333333335));
#3685=CARTESIAN_POINT('',(0.999999999999943,33.701111111111,35.5701435177952));
#3686=CARTESIAN_POINT('Origin',(1.00000000000001,0.,2.92534955694879E-15));
#3687=CARTESIAN_POINT('',(-4.28927356584179E-14,33.0133333333333,34.8442222215137));
#3688=CARTESIAN_POINT('Origin',(0.99999999999995,33.0133333333333,34.8442222215137));
#3689=CARTESIAN_POINT('Origin',(1.27675647831893E-14,2.77555756156304E-17,
1.30164838343451E-15));
#3690=CARTESIAN_POINT('Origin',(0.999999999999979,30.9499999999999,32.6664583326691));
#3691=CARTESIAN_POINT('',(0.999999999999979,34.9499999999999,32.6664583326691));
#3692=CARTESIAN_POINT('',(-3.93296506473462E-14,33.9499999999999,32.6664583326691));
#3693=CARTESIAN_POINT('Origin',(0.999999999999979,33.9499999999999,32.6664583326691));
#3694=CARTESIAN_POINT('Origin',(-3.94129173741931E-14,30.9499999999999,
32.6664583326691));
#3695=CARTESIAN_POINT('Origin',(0.999999999999979,30.9499999999999,32.6664583326691));
#3696=CARTESIAN_POINT('Origin',(1.00000000000002,33.9499999999999,-4.79999999999994));
#3697=CARTESIAN_POINT('',(1.00000000000001,34.9499999999999,7.40148683083411E-16));
#3698=CARTESIAN_POINT('',(1.37168054692439E-14,33.9499999999999,-1.11022302462516E-15));
#3699=CARTESIAN_POINT('Origin',(1.00000000000001,33.9499999999999,5.55111512312578E-16));
#3700=CARTESIAN_POINT('',(2.15105711021124E-14,33.9499999999999,-4.79999999999994));
#3701=CARTESIAN_POINT('',(1.00000000000002,34.9499999999999,-4.79999999999994));
#3702=CARTESIAN_POINT('Origin',(1.00000000000001,0.,7.40148683083411E-16));
#3703=CARTESIAN_POINT('',(1.00000000000003,30.0527107047659,-17.8420032310176));
#3704=CARTESIAN_POINT('',(4.17190095023468E-14,29.192833431382,-17.3315024232632));
#3705=CARTESIAN_POINT('Origin',(1.00000000000003,29.192833431382,-17.3315024232632));
#3706=CARTESIAN_POINT('Origin',(1.27675647831893E-14,2.77555756156304E-17,
-8.83552490430868E-16));
#3707=CARTESIAN_POINT('Origin',(1.00000000000001,0.,7.40148683083411E-16));
#3708=CARTESIAN_POINT('Origin',(1.00000000000003,26.6132016112304,-15.7999999999999));
#3709=CARTESIAN_POINT('',(1.00000000000004,26.6132016112304,-19.7999999999999));
#3710=CARTESIAN_POINT('',(4.40064651385796E-14,26.6132016112304,-18.7999999999999));
#3711=CARTESIAN_POINT('Origin',(1.00000000000004,26.6132016112304,-18.7999999999999));
#3712=CARTESIAN_POINT('Origin',(3.91353616180368E-14,26.6132016112304,-15.7999999999999));
#3713=CARTESIAN_POINT('Origin',(1.00000000000003,26.6132016112304,-15.7999999999999));
#3714=CARTESIAN_POINT('Origin',(1.00000000000004,1.19999999999993,-18.7999999999999));
#3715=CARTESIAN_POINT('',(1.00000000000005,-1.70539159868603,-19.7999999999999));
#3716=CARTESIAN_POINT('',(4.32180571441708E-14,-1.70539159868603,-18.7999999999999));
#3717=CARTESIAN_POINT('Origin',(1.00000000000004,-1.70539159868603,-18.7999999999999));
#3718=CARTESIAN_POINT('',(4.32986979603811E-14,1.19999999999993,-18.7999999999999));
#3719=CARTESIAN_POINT('',(1.00000000000005,1.19999999999993,-19.7999999999999));
#3720=CARTESIAN_POINT('Origin',(1.00000000000004,-1.70539159868603,-16.7999999999999));
#3721=CARTESIAN_POINT('',(1.00000000000004,-4.54398056529915,-17.770779418108));
#3722=CARTESIAN_POINT('',(4.09663415596397E-14,-3.59778424309478,-17.4471862787386));
#3723=CARTESIAN_POINT('Origin',(1.00000000000004,-3.59778424309478,-17.4471862787386));
#3724=CARTESIAN_POINT('Origin',(3.99680288865056E-14,-1.70539159868603,
-16.7999999999999));
#3725=CARTESIAN_POINT('Origin',(1.00000000000004,-1.70539159868603,-16.7999999999999));
#3726=CARTESIAN_POINT('Origin',(1.00000000000001,-9.47277273554807,-0.268538686314432));
#3727=CARTESIAN_POINT('',(1.00000000000001,-9.50927303815404,-3.25211105066202));
#3728=CARTESIAN_POINT('',(1.72506031870474E-14,-8.56307671594967,-2.92851791129267));
#3729=CARTESIAN_POINT('Origin',(1.00000000000002,-8.56307671594967,-2.92851791129267));
#3730=CARTESIAN_POINT('',(1.29063426612674E-14,-9.47277273554807,-0.268538686314434));
#3731=CARTESIAN_POINT('',(1.00000000000001,-10.4189690577524,-0.592131825683786));
#3732=CARTESIAN_POINT('Origin',(1.00000000000001,0.,2.92534955694879E-15));
#3733=CARTESIAN_POINT('',(1.00000000000001,-9.927921195435,1.56169162680537));
#3734=CARTESIAN_POINT('',(1.02360180134636E-14,-8.94006834016784,1.4062994251332));
#3735=CARTESIAN_POINT('Origin',(1.,-8.94006834016784,1.4062994251332));
#3736=CARTESIAN_POINT('Origin',(1.27675647831893E-14,2.77555756156304E-17,
1.30164838343451E-15));
#3737=CARTESIAN_POINT('Origin',(1.00000000000001,0.,2.92534955694879E-15));
#3738=CARTESIAN_POINT('Origin',(0.999999999999971,-4.96792069517924,26.6578715788169));
#3739=CARTESIAN_POINT('',(0.999999999999952,-4.24857798041038,37.6661766050166));
#3740=CARTESIAN_POINT('',(-4.82444141487689E-14,-3.26072512514322,37.5107844033444));
#3741=CARTESIAN_POINT('Origin',(0.999999999999954,-3.26072512514322,37.5107844033444));
#3742=CARTESIAN_POINT('',(-3.06699110552699E-14,-4.96792069517924,26.6578715788169));
#3743=CARTESIAN_POINT('',(0.999999999999971,-5.9557735504464,26.813263780489));
#3744=CARTESIAN_POINT('Origin',(0.999999999999952,-1.28501941460891,37.2000000000001));
#3745=CARTESIAN_POINT('',(0.999999999999948,-1.28501941460891,40.2000000000001));
#3746=CARTESIAN_POINT('',(-5.09869924059103E-14,-1.28501941460891,39.2000000000001));
#3747=CARTESIAN_POINT('Origin',(0.999999999999949,-1.28501941460891,39.2000000000001));
#3748=CARTESIAN_POINT('Origin',(-4.77395900588817E-14,-1.28501941460891,
37.2000000000001));
#3749=CARTESIAN_POINT('Origin',(0.999999999999952,-1.28501941460891,37.2000000000001));
#3750=CARTESIAN_POINT('Origin',(0.99999999999995,23.6999999999999,39.2000000000001));
#3751=CARTESIAN_POINT('',(0.999999999999952,26.7312551145657,40.2000000000001));
#3752=CARTESIAN_POINT('',(-5.01534576337457E-14,26.7312551145657,39.2000000000001));
#3753=CARTESIAN_POINT('Origin',(0.99999999999995,26.7312551145657,39.2000000000001));
#3754=CARTESIAN_POINT('',(-5.02375918642883E-14,23.6999999999999,39.2000000000001));
#3755=CARTESIAN_POINT('',(0.999999999999948,23.6999999999999,40.2000000000001));
#3756=CARTESIAN_POINT('Origin',(0.99999999999997,26.7312551145657,36.2000000000001));
#3757=CARTESIAN_POINT('Origin',(0.99999999999997,26.7312551145657,36.2000000000001));
#3758=CARTESIAN_POINT('Origin',(-4.52415882534751E-14,26.7312551145657,
36.2000000000001));
#3759=CARTESIAN_POINT('Origin',(31.5000000000001,-1.70539159868603,-16.7999999999999));
#3760=CARTESIAN_POINT('',(62.0000000000001,-1.70539159868604,-19.7999999999998));
#3761=CARTESIAN_POINT('',(31.5000000000001,-1.70539159868603,-19.7999999999999));
#3762=CARTESIAN_POINT('',(62.0000000000001,-4.54398056529917,-17.7707794181079));
#3763=CARTESIAN_POINT('Origin',(62.0000000000001,-1.70539159868604,-16.7999999999998));
#3764=CARTESIAN_POINT('',(31.5000000000001,-4.54398056529916,-17.770779418108));
#3765=CARTESIAN_POINT('',(6.00000000000004,-4.54398056529915,-17.770779418108));
#3766=CARTESIAN_POINT('Origin',(6.00000000000004,-1.70539159868603,-16.7999999999999));
#3767=CARTESIAN_POINT('',(31.5000000000001,-4.54398056529916,-17.7707794181079));
#3768=CARTESIAN_POINT('Origin',(4.46379044838351E-14,-10.0500000000001,
-19.7999999999999));
#3769=CARTESIAN_POINT('',(62.0000000000001,26.6132016112305,-19.7999999999998));
#3770=CARTESIAN_POINT('',(63.0000000000001,26.6132016112305,-19.7999999999998));
#3771=CARTESIAN_POINT('',(62.0000000000001,1.19999999999993,-19.7999999999998));
#3772=CARTESIAN_POINT('Origin',(63.0000000000001,26.6132016112305,-15.7999999999998));
#3773=CARTESIAN_POINT('',(62.0000000000001,30.0527107047659,-17.8420032310176));
#3774=CARTESIAN_POINT('',(63.0000000000001,30.0527107047659,-17.8420032310176));
#3775=CARTESIAN_POINT('Origin',(62.0000000000001,26.6132016112305,-15.7999999999998));
#3776=CARTESIAN_POINT('Origin',(63.,0.,4.66293670342566E-14));
#3777=CARTESIAN_POINT('',(6.00000000000001,34.9499999999999,6.66133814775092E-15));
#3778=CARTESIAN_POINT('',(63.,34.9499999999999,4.66293670342566E-14));
#3779=CARTESIAN_POINT('Origin',(6.00000000000001,0.,4.44089209850059E-15));
#3780=CARTESIAN_POINT('',(62.0000000000001,34.9499999999999,4.58892183511731E-14));
#3781=CARTESIAN_POINT('',(63.,34.9499999999999,4.66293670342566E-14));
#3782=CARTESIAN_POINT('Origin',(62.0000000000001,0.,4.58892183511731E-14));
#3783=CARTESIAN_POINT('Origin',(4.58869053865385E-14,34.9499999999999,-19.7999999999999));
#3784=CARTESIAN_POINT('',(62.,34.9499999999999,32.6664583326691));
#3785=CARTESIAN_POINT('',(63.,34.9499999999999,32.6664583326691));
#3786=CARTESIAN_POINT('',(62.0000000000001,34.9499999999999,-4.79999999999987));
#3787=CARTESIAN_POINT('',(6.00000000000005,34.9499999999999,-19.7999999999999));
#3788=CARTESIAN_POINT('Origin',(63.,30.9499999999999,32.6664583326691));
#3789=CARTESIAN_POINT('',(62.,33.701111111111,35.5701435177953));
#3790=CARTESIAN_POINT('',(63.,33.701111111111,35.5701435177953));
#3791=CARTESIAN_POINT('Origin',(62.,30.9499999999999,32.6664583326691));
#3792=CARTESIAN_POINT('Origin',(63.,0.,4.66293670342566E-14));
#3793=CARTESIAN_POINT('',(62.,29.1073666803048,39.4177777777779));
#3794=CARTESIAN_POINT('',(63.,29.1073666803048,39.4177777777779));
#3795=CARTESIAN_POINT('Origin',(62.0000000000001,0.,4.59244635265581E-14));
#3796=CARTESIAN_POINT('Origin',(-3.44863027024197E-15,12.4499999999999,
10.2000000000001));
#3797=CARTESIAN_POINT('',(1.26607058170691E-14,-3.85,-4.71489017671709E-16));
#3798=CARTESIAN_POINT('Origin',(1.31131216996039E-14,-9.86076131526265E-31,
2.22547560642762E-29));
#3799=CARTESIAN_POINT('',(1.32768795957361E-14,18.3499999999999,-7.57178234171874E-16));
#3800=CARTESIAN_POINT('Origin',(1.33226762955019E-14,19.9999999999999,-5.55111512312561E-16));
#3801=CARTESIAN_POINT('',(1.33879018981986E-14,22.3499999999999,1.7978095514899E-14));
#3802=CARTESIAN_POINT('Origin',(1.34336985979644E-14,23.9999999999999,1.81801622367583E-14));
#3803=CARTESIAN_POINT('Origin',(62.,30.9499999999999,32.6664583326691));
#3804=CARTESIAN_POINT('',(63.,33.0133333333333,34.8442222215137));
#3805=CARTESIAN_POINT('Origin',(62.,33.0133333333333,34.8442222215137));
#3806=CARTESIAN_POINT('',(63.,33.9499999999999,32.6664583326691));
#3807=CARTESIAN_POINT('Origin',(63.,30.9499999999999,32.6664583326691));
#3808=CARTESIAN_POINT('Origin',(62.,33.9499999999999,32.6664583326691));
#3809=CARTESIAN_POINT('Origin',(62.0000000000001,33.9499999999999,-4.79999999999987));
#3810=CARTESIAN_POINT('',(63.,33.9499999999999,4.66293670342566E-14));
#3811=CARTESIAN_POINT('Origin',(62.0000000000001,33.9499999999999,4.6074255521944E-14));
#3812=CARTESIAN_POINT('',(63.,33.9499999999999,-4.79999999999987));
#3813=CARTESIAN_POINT('Origin',(62.0000000000001,0.,4.58892183511731E-14));
#3814=CARTESIAN_POINT('',(63.0000000000001,29.192833431382,-17.3315024232632));
#3815=CARTESIAN_POINT('Origin',(62.0000000000001,29.192833431382,-17.3315024232632));
#3816=CARTESIAN_POINT('Origin',(63.,0.,4.66293670342566E-14));
#3817=CARTESIAN_POINT('Origin',(62.0000000000001,26.6132016112305,-15.7999999999998));
#3818=CARTESIAN_POINT('',(63.0000000000001,26.6132016112305,-18.7999999999998));
#3819=CARTESIAN_POINT('Origin',(62.0000000000001,26.6132016112305,-18.7999999999998));
#3820=CARTESIAN_POINT('Origin',(63.0000000000001,26.6132016112305,-15.7999999999998));
#3821=CARTESIAN_POINT('Origin',(62.0000000000001,1.19999999999993,-18.7999999999998));
#3822=CARTESIAN_POINT('',(63.0000000000001,-1.70539159868604,-18.7999999999998));
#3823=CARTESIAN_POINT('Origin',(62.0000000000001,-1.70539159868604,-18.7999999999998));
#3824=CARTESIAN_POINT('',(63.0000000000001,1.19999999999993,-18.7999999999998));
#3825=CARTESIAN_POINT('Origin',(62.0000000000001,-1.70539159868604,-16.7999999999998));
#3826=CARTESIAN_POINT('',(63.0000000000001,-3.59778424309479,-17.4471862787385));
#3827=CARTESIAN_POINT('Origin',(62.0000000000001,-3.59778424309479,-17.4471862787385));
#3828=CARTESIAN_POINT('Origin',(63.0000000000001,-1.70539159868604,-16.7999999999998));
#3829=CARTESIAN_POINT('Origin',(62.0000000000001,-9.47277273554808,-0.26853868631434));
#3830=CARTESIAN_POINT('',(63.,-8.56307671594967,-2.92851791129262));
#3831=CARTESIAN_POINT('',(62.0000000000001,-9.50927303815404,-3.25211105066198));
#3832=CARTESIAN_POINT('Origin',(62.0000000000001,-8.56307671594967,-2.92851791129262));
#3833=CARTESIAN_POINT('',(62.0000000000001,-10.4189690577525,-0.592131825683693));
#3834=CARTESIAN_POINT('',(63.,-9.47277273554808,-0.268538686314339));
#3835=CARTESIAN_POINT('Origin',(62.0000000000001,0.,4.59244635265581E-14));
#3836=CARTESIAN_POINT('',(63.,-8.94006834016784,1.40629942513324));
#3837=CARTESIAN_POINT('',(62.0000000000001,-9.927921195435,1.56169162680542));
#3838=CARTESIAN_POINT('Origin',(62.0000000000001,-8.94006834016784,1.40629942513324));
#3839=CARTESIAN_POINT('Origin',(62.0000000000001,0.,4.59244635265581E-14));
#3840=CARTESIAN_POINT('Origin',(63.,0.,4.66646122096415E-14));
#3841=CARTESIAN_POINT('Origin',(62.,-4.96792069517924,26.657871578817));
#3842=CARTESIAN_POINT('',(63.,-3.26072512514322,37.5107844033445));
#3843=CARTESIAN_POINT('',(62.,-4.24857798041037,37.6661766050167));
#3844=CARTESIAN_POINT('Origin',(62.,-3.26072512514322,37.5107844033445));
#3845=CARTESIAN_POINT('',(62.,-5.95577355044639,26.8132637804891));
#3846=CARTESIAN_POINT('',(63.,-4.96792069517924,26.657871578817));
#3847=CARTESIAN_POINT('Origin',(62.,-1.2850194146089,37.2000000000002));
#3848=CARTESIAN_POINT('',(63.,-1.2850194146089,39.2000000000002));
#3849=CARTESIAN_POINT('',(62.,-1.2850194146089,40.2000000000002));
#3850=CARTESIAN_POINT('Origin',(62.,-1.2850194146089,39.2000000000002));
#3851=CARTESIAN_POINT('Origin',(62.,-1.2850194146089,37.2000000000002));
#3852=CARTESIAN_POINT('Origin',(63.,-1.2850194146089,37.2000000000002));
#3853=CARTESIAN_POINT('Origin',(62.,23.6999999999999,39.2000000000002));
#3854=CARTESIAN_POINT('',(63.,26.7312551145656,39.2000000000002));
#3855=CARTESIAN_POINT('',(62.,26.7312551145656,40.2000000000002));
#3856=CARTESIAN_POINT('Origin',(62.,26.7312551145656,39.2000000000002));
#3857=CARTESIAN_POINT('',(62.,23.6999999999999,40.2000000000002));
#3858=CARTESIAN_POINT('',(63.,23.6999999999999,39.2000000000002));
#3859=CARTESIAN_POINT('Origin',(62.,26.7312551145656,36.2000000000002));
#3860=CARTESIAN_POINT('',(63.,28.51333878887,38.6133333333335));
#3861=CARTESIAN_POINT('Origin',(62.,28.51333878887,38.6133333333335));
#3862=CARTESIAN_POINT('Origin',(62.,26.7312551145656,36.2000000000002));
#3863=CARTESIAN_POINT('Origin',(63.,26.7312551145656,36.2000000000002));
#3864=CARTESIAN_POINT('Origin',(62.0000000000001,0.,4.59244635265581E-14));
#3865=CARTESIAN_POINT('Origin',(63.,0.,4.66646122096415E-14));
#3866=CARTESIAN_POINT('Origin',(63.,0.,4.66293670342566E-14));
#3867=CARTESIAN_POINT('',(63.,-9.927921195435,1.56169162680542));
#3868=CARTESIAN_POINT('',(63.,-9.50927303815404,-3.25211105066198));
#3869=CARTESIAN_POINT('Origin',(63.,-3.85000000000006,40.2000000000002));
#3870=CARTESIAN_POINT('',(31.5,-4.24857798041038,37.6661766050166));
#3871=CARTESIAN_POINT('Origin',(31.5,-1.28501941460891,37.2000000000001));
#3872=CARTESIAN_POINT('',(5.99999999999995,-4.24857798041038,37.6661766050166));
#3873=CARTESIAN_POINT('',(31.5,-4.24857798041038,37.6661766050166));
#3874=CARTESIAN_POINT('Origin',(5.99999999999995,-1.28501941460891,37.2000000000001));
#3875=CARTESIAN_POINT('',(31.5,-1.28501941460891,40.2000000000001));
#3876=CARTESIAN_POINT('Origin',(-5.1535165024319E-14,34.9499999999999,40.2000000000001));
#3877=CARTESIAN_POINT('',(63.,26.7312551145656,40.2000000000002));
#3878=CARTESIAN_POINT('Origin',(63.,26.7312551145656,36.2000000000002));
#3879=CARTESIAN_POINT('Origin',(63.,12.4499999999999,10.2000000000002));
#3880=CARTESIAN_POINT('',(63.,-5.,5.12906030016524E-14));
#3881=CARTESIAN_POINT('Origin',(63.,-9.86076131526265E-31,5.19029264012261E-14));
#3882=CARTESIAN_POINT('Origin',(63.,-9.50927303815404,-3.25211105066198));
#3883=CARTESIAN_POINT('Origin',(6.,12.4499999999999,10.2000000000001));
#3884=CARTESIAN_POINT('',(5.99999999999997,-1.35000000000006,28.4000000000001));
#3885=CARTESIAN_POINT('',(5.99999999999997,11.5499999999999,28.4000000000001));
#3886=CARTESIAN_POINT('',(5.99999999999997,-1.85000000000006,28.9000000000001));
#3887=CARTESIAN_POINT('Origin',(6.,-1.35000000000006,28.9000000000001));
#3888=CARTESIAN_POINT('',(5.99999999999998,-1.85000000000006,20.3000000000001));
#3889=CARTESIAN_POINT('',(6.00000000000001,-9.927921195435,1.56169162680538));
#3890=CARTESIAN_POINT('',(5.99999999999997,-5.9557735504464,26.813263780489));
#3891=CARTESIAN_POINT('',(6.00000000000001,-9.50927303815404,-3.25211105066202));
#3892=CARTESIAN_POINT('Origin',(6.00000000000001,0.,4.44089209850059E-15));
#3893=CARTESIAN_POINT('',(6.00000000000001,-10.4189690577524,-0.592131825683779));
#3894=CARTESIAN_POINT('',(6.00000000000003,-1.85000000000005,-9.99999999999991));
#3895=CARTESIAN_POINT('Origin',(6.00000000000003,-1.85000000000005,-11.9999999999999));
#3896=CARTESIAN_POINT('',(6.00000000000003,-1.85000000000005,-8.49999999999991));
#3897=CARTESIAN_POINT('',(6.00000000000001,-1.85000000000005,0.100000000000078));
#3898=CARTESIAN_POINT('',(6.00000000000003,-1.35000000000005,-7.99999999999991));
#3899=CARTESIAN_POINT('Origin',(6.00000000000003,-1.35000000000005,-8.49999999999991));
#3900=CARTESIAN_POINT('',(6.00000000000003,23.1499999999999,-7.99999999999991));
#3901=CARTESIAN_POINT('',(6.00000000000003,11.5499999999999,-7.99999999999991));
#3902=CARTESIAN_POINT('',(6.00000000000002,16.4249999999999,-1.27499999999993));
#3903=CARTESIAN_POINT('',(6.00000000000001,-3.,9.37481300134157E-15));
#3904=CARTESIAN_POINT('Origin',(6.00000000000001,-2.7755575615629E-16,9.74220704108577E-15));
#3905=CARTESIAN_POINT('',(6.00000000000002,21.9999999999999,-2.23606797749977));
#3906=CARTESIAN_POINT('',(6.00000000000001,21.9999999999999,2.23606797749981));
#3907=CARTESIAN_POINT('Origin',(6.00000000000001,19.9999999999999,9.18709552877319E-15));
#3908=CARTESIAN_POINT('Origin',(6.00000000000001,23.9999999999999,2.79223692778441E-14));
#3909=CARTESIAN_POINT('Origin',(63.,0.,4.66293670342566E-14));
#3910=CARTESIAN_POINT('',(63.,-9.50927303815404,-3.25211105066198));
#3911=CARTESIAN_POINT('',(63.,-9.927921195435,1.56169162680542));
#3912=CARTESIAN_POINT('Origin',(63.,-9.50927303815404,-3.25211105066198));
#3913=CARTESIAN_POINT('Origin',(63.,-3.85000000000006,40.2000000000002));
#3914=CARTESIAN_POINT('Origin',(7.90000007450584,24.1499999999999,-8.99999999999991));
#3915=CARTESIAN_POINT('',(9.30000014901165,23.1499999999999,-7.9999999999999));
#3916=CARTESIAN_POINT('',(9.80000014901165,23.1499999999999,-7.9999999999999));
#3917=CARTESIAN_POINT('',(9.80000014901165,23.6499999999999,-8.4999999999999));
#3918=CARTESIAN_POINT('Origin',(9.30000014901165,23.6499999999999,-8.4999999999999));
#3919=CARTESIAN_POINT('',(9.80000014901164,17.8999999999999,-2.7499999999999));
#3920=CARTESIAN_POINT('Origin',(31.5,24.1499999999999,-8.99999999999987));
#3921=CARTESIAN_POINT('',(53.2000001490117,23.6499999999999,-8.49999999999983));
#3922=CARTESIAN_POINT('',(53.2000001490117,24.15,-8.99999999999984));
#3923=CARTESIAN_POINT('',(53.7000001490117,23.1499999999999,-7.99999999999983));
#3924=CARTESIAN_POINT('Origin',(53.7000001490117,23.6499999999999,-8.49999999999983));
#3925=CARTESIAN_POINT('',(53.2000001490117,23.1499999999999,-7.99999999999983));
#3926=CARTESIAN_POINT('Origin',(19.4000000745058,24.1499999999999,-8.99999999999989));
#3927=CARTESIAN_POINT('',(32.8000001490116,23.6499999999999,-8.49999999999987));
#3928=CARTESIAN_POINT('',(32.8000001490116,17.8999999999999,-2.74999999999986));
#3929=CARTESIAN_POINT('',(30.2000001490116,23.6499999999999,-8.49999999999987));
#3930=CARTESIAN_POINT('',(30.2000001490116,24.1499999999999,-8.99999999999987));
#3931=CARTESIAN_POINT('',(30.7000001490116,23.1499999999999,-7.99999999999987));
#3932=CARTESIAN_POINT('Origin',(30.7000001490116,23.6499999999999,-8.49999999999987));
#3933=CARTESIAN_POINT('',(32.3000001490116,23.1499999999999,-7.99999999999987));
#3934=CARTESIAN_POINT('',(32.8000001490116,23.1499999999999,-7.99999999999987));
#3935=CARTESIAN_POINT('Origin',(32.3000001490116,23.6499999999999,-8.49999999999987));
#3936=CARTESIAN_POINT('Origin',(53.6999998509884,4.39999999999995,28.9000000000001));
#3937=CARTESIAN_POINT('',(53.1999998509884,-1.85000000000005,28.9000000000001));
#3938=CARTESIAN_POINT('',(53.1999998509884,4.39999999999995,28.9000000000001));
#3939=CARTESIAN_POINT('',(53.6999998509884,-1.35000000000005,28.4000000000001));
#3940=CARTESIAN_POINT('',(53.6999998509884,4.39999999999995,28.4000000000001));
#3941=CARTESIAN_POINT('Origin',(53.6999998509884,-1.35000000000005,28.9000000000001));
#3942=CARTESIAN_POINT('Origin',(56.0499999627471,-1.35000000000005,28.9000000000001));
#3943=CARTESIAN_POINT('',(56.0499999627471,-1.35000000000005,28.4000000000001));
#3944=CARTESIAN_POINT('',(56.0499999627471,-1.85000000000005,28.9000000000001));
#3945=CARTESIAN_POINT('Origin',(53.1999998509884,-1.85000000000005,30.4000000000001));
#3946=CARTESIAN_POINT('',(53.1999998509884,-1.85000000000005,30.4000000000001));
#3947=CARTESIAN_POINT('Origin',(57.,-1.85000000000005,30.4000000000001));
#3948=CARTESIAN_POINT('',(5.99999999999996,-1.85000000000005,30.4));
#3949=CARTESIAN_POINT('Origin',(30.6999998509884,4.39999999999995,28.9000000000001));
#3950=CARTESIAN_POINT('',(30.1999998509884,-1.85000000000005,28.9000000000001));
#3951=CARTESIAN_POINT('',(30.1999998509884,4.39999999999995,28.9000000000001));
#3952=CARTESIAN_POINT('',(30.6999998509884,-1.35000000000006,28.4000000000001));
#3953=CARTESIAN_POINT('',(30.6999998509884,4.39999999999995,28.4000000000001));
#3954=CARTESIAN_POINT('Origin',(30.6999998509884,-1.35000000000005,28.9000000000001));
#3955=CARTESIAN_POINT('Origin',(32.1499998509884,-1.35000000000005,28.9000000000001));
#3956=CARTESIAN_POINT('',(32.2999998509884,-1.35000000000006,28.4000000000001));
#3957=CARTESIAN_POINT('',(32.1499998509884,-1.35000000000005,28.4000000000001));
#3958=CARTESIAN_POINT('',(32.7999998509884,-1.85000000000005,28.9000000000001));
#3959=CARTESIAN_POINT('Origin',(32.2999998509884,-1.35000000000005,28.9000000000001));
#3960=CARTESIAN_POINT('',(32.1499998509884,-1.85000000000005,28.9000000000001));
#3961=CARTESIAN_POINT('Origin',(32.2999998509884,16.8999999999999,28.9000000000001));
#3962=CARTESIAN_POINT('',(32.2999998509884,16.8999999999999,28.4000000000001));
#3963=CARTESIAN_POINT('',(32.7999998509884,16.8999999999999,28.9000000000001));
#3964=CARTESIAN_POINT('Origin',(30.1999998509884,-1.85000000000005,30.4000000000001));
#3965=CARTESIAN_POINT('',(30.1999998509884,-1.85000000000005,30.4000000000001));
#3966=CARTESIAN_POINT('Origin',(32.7999998509884,-1.85000000000005,30.4000000000001));
#3967=CARTESIAN_POINT('',(32.7999998509884,-1.85000000000005,30.4000000000001));
#3968=CARTESIAN_POINT('Origin',(32.7999998509884,23.1499999999999,30.4000000000001));
#3969=CARTESIAN_POINT('Origin',(8.84999988824126,-1.35000000000006,28.9000000000001));
#3970=CARTESIAN_POINT('',(9.79999985098836,-1.85000000000006,28.9000000000001));
#3971=CARTESIAN_POINT('',(8.84999988824126,-1.85000000000006,28.9000000000001));
#3972=CARTESIAN_POINT('',(9.29999985098836,-1.35000000000006,28.4000000000001));
#3973=CARTESIAN_POINT('',(8.84999988824126,-1.35000000000006,28.4000000000001));
#3974=CARTESIAN_POINT('Origin',(9.29999985098836,-1.35000000000006,28.9000000000001));
#3975=CARTESIAN_POINT('Origin',(9.29999985098836,16.8999999999999,28.9000000000001));
#3976=CARTESIAN_POINT('',(9.29999985098836,16.8999999999999,28.4000000000001));
#3977=CARTESIAN_POINT('',(9.79999985098836,16.8999999999999,28.9000000000001));
#3978=CARTESIAN_POINT('Origin',(7.89999992549417,10.6499999999999,28.4000000000001));
#3979=CARTESIAN_POINT('Origin',(9.79999985098836,-1.85000000000006,30.4000000000001));
#3980=CARTESIAN_POINT('',(9.79999985098836,-1.85000000000006,30.4000000000001));
#3981=CARTESIAN_POINT('Origin',(9.79999985098836,23.1499999999999,30.4000000000001));
#3982=CARTESIAN_POINT('Origin',(31.4999998509884,10.6499999999999,28.4000000000001));
#3983=CARTESIAN_POINT('Origin',(55.0999999254942,10.6499999999999,28.4000000000001));
#3984=CARTESIAN_POINT('Origin',(9.30000014901165,4.39999999999995,-8.4999999999999));
#3985=CARTESIAN_POINT('',(9.80000014901165,-1.85000000000005,-8.4999999999999));
#3986=CARTESIAN_POINT('',(9.80000014901165,4.39999999999995,-8.4999999999999));
#3987=CARTESIAN_POINT('',(9.30000014901165,-1.35000000000005,-7.9999999999999));
#3988=CARTESIAN_POINT('',(9.30000014901165,4.39999999999995,-7.9999999999999));
#3989=CARTESIAN_POINT('Origin',(9.30000014901165,-1.35000000000005,-8.4999999999999));
#3990=CARTESIAN_POINT('Origin',(6.95000003725293,-1.35000000000005,-8.49999999999991));
#3991=CARTESIAN_POINT('',(6.95000003725293,-1.35000000000005,-7.99999999999991));
#3992=CARTESIAN_POINT('',(6.95000003725293,-1.85000000000005,-8.49999999999991));
#3993=CARTESIAN_POINT('Origin',(9.80000014901166,-1.85000000000005,-9.9999999999999));
#3994=CARTESIAN_POINT('',(9.80000014901166,-1.85000000000005,-9.9999999999999));
#3995=CARTESIAN_POINT('Origin',(6.00000000000003,-1.85000000000005,-9.99999999999991));
#3996=CARTESIAN_POINT('',(6.00000000000003,-1.85000000000005,-9.99999999999991));
#3997=CARTESIAN_POINT('Origin',(32.3000001490116,4.39999999999995,-8.49999999999987));
#3998=CARTESIAN_POINT('',(32.8000001490116,-1.85000000000005,-8.49999999999987));
#3999=CARTESIAN_POINT('',(32.8000001490116,4.39999999999995,-8.49999999999987));
#4000=CARTESIAN_POINT('',(32.3000001490116,-1.35000000000006,-7.99999999999987));
#4001=CARTESIAN_POINT('',(32.3000001490116,4.39999999999995,-7.99999999999987));
#4002=CARTESIAN_POINT('Origin',(32.3000001490116,-1.35000000000005,-8.49999999999987));
#4003=CARTESIAN_POINT('Origin',(30.8500001490116,-1.35000000000005,-8.49999999999987));
#4004=CARTESIAN_POINT('',(30.7000001490116,-1.35000000000006,-7.99999999999987));
#4005=CARTESIAN_POINT('',(30.8500001490116,-1.35000000000005,-7.99999999999987));
#4006=CARTESIAN_POINT('',(30.2000001490116,-1.85000000000005,-8.49999999999987));
#4007=CARTESIAN_POINT('Origin',(30.7000001490116,-1.35000000000005,-8.49999999999987));
#4008=CARTESIAN_POINT('',(30.8500001490116,-1.85000000000005,-8.49999999999987));
#4009=CARTESIAN_POINT('Origin',(30.7000001490116,16.8999999999999,-8.49999999999987));
#4010=CARTESIAN_POINT('',(30.7000001490116,16.8999999999999,-7.99999999999987));
#4011=CARTESIAN_POINT('',(30.2000001490116,16.8999999999999,-8.49999999999987));
#4012=CARTESIAN_POINT('Origin',(32.8000001490116,-1.85000000000005,-9.99999999999987));
#4013=CARTESIAN_POINT('',(32.8000001490116,-1.85000000000005,-9.99999999999987));
#4014=CARTESIAN_POINT('Origin',(30.2000001490116,-1.85000000000005,-9.99999999999987));
#4015=CARTESIAN_POINT('',(30.2000001490116,-1.85000000000005,-9.99999999999987));
#4016=CARTESIAN_POINT('',(6.00000000000003,-1.85000000000005,-9.99999999999991));
#4017=CARTESIAN_POINT('Origin',(30.2000001490116,23.1499999999999,-9.99999999999987));
#4018=CARTESIAN_POINT('Origin',(54.1500001117587,-1.35000000000006,-8.49999999999983));
#4019=CARTESIAN_POINT('',(53.2000001490117,-1.85000000000006,-8.49999999999983));
#4020=CARTESIAN_POINT('',(54.1500001117587,-1.85000000000006,-8.49999999999983));
#4021=CARTESIAN_POINT('',(53.7000001490117,-1.35000000000006,-7.99999999999983));
#4022=CARTESIAN_POINT('',(54.1500001117587,-1.35000000000006,-7.99999999999983));
#4023=CARTESIAN_POINT('Origin',(53.7000001490117,-1.35000000000006,-8.49999999999983));
#4024=CARTESIAN_POINT('Origin',(53.7000001490117,16.8999999999999,-8.49999999999983));
#4025=CARTESIAN_POINT('',(53.7000001490117,16.8999999999999,-7.99999999999983));
#4026=CARTESIAN_POINT('',(53.2000001490117,16.8999999999999,-8.49999999999983));
#4027=CARTESIAN_POINT('Origin',(55.1000000745058,10.6499999999999,-7.99999999999983));
#4028=CARTESIAN_POINT('Origin',(53.2000001490117,-1.85000000000006,-9.99999999999983));
#4029=CARTESIAN_POINT('',(53.2000001490117,-1.85000000000006,-9.99999999999983));
#4030=CARTESIAN_POINT('',(6.00000000000003,-1.85000000000005,-9.99999999999991));
#4031=CARTESIAN_POINT('Origin',(53.2000001490117,23.1499999999999,-9.99999999999983));
#4032=CARTESIAN_POINT('Origin',(31.5000001490116,10.6499999999999,-7.99999999999987));
#4033=CARTESIAN_POINT('Origin',(7.90000007450584,10.6499999999999,-7.99999999999991));
#4034=CARTESIAN_POINT('Ctrl Pts',(24.0623002472606,22.1499999999999,-18.7999999999999));
#4035=CARTESIAN_POINT('Ctrl Pts',(21.3540999830792,22.1499999999999,-18.7999999999999));
#4036=CARTESIAN_POINT('Ctrl Pts',(18.6458997188978,22.1499999999999,-18.7999999999999));
#4037=CARTESIAN_POINT('Ctrl Pts',(15.9376994547163,22.1499999999999,-18.7999999999999));
#4038=CARTESIAN_POINT('Ctrl Pts',(24.0623002472606,22.4134057612733,-18.7999999999999));
#4039=CARTESIAN_POINT('Ctrl Pts',(21.3540999830792,22.4134057612733,-18.7999999999999));
#4040=CARTESIAN_POINT('Ctrl Pts',(18.6458997188978,22.4134057612733,-18.7999999999999));
#4041=CARTESIAN_POINT('Ctrl Pts',(15.9376994547163,22.4134057612733,-18.7999999999999));
#4042=CARTESIAN_POINT('Ctrl Pts',(24.0623002472606,23.0744452903876,-18.6915962048991));
#4043=CARTESIAN_POINT('Ctrl Pts',(21.3540999830792,23.0744452903876,-18.6915962048991));
#4044=CARTESIAN_POINT('Ctrl Pts',(18.6458997188978,23.0744452903876,-18.6915962048991));
#4045=CARTESIAN_POINT('Ctrl Pts',(15.9376994547163,23.0744452903876,-18.6915962048991));
#4046=CARTESIAN_POINT('Ctrl Pts',(24.0623002472606,24.5240034728061,-18.013570407063));
#4047=CARTESIAN_POINT('Ctrl Pts',(21.3540999830792,24.5240034728061,-18.013570407063));
#4048=CARTESIAN_POINT('Ctrl Pts',(18.6458997188978,24.5240034728061,-18.013570407063));
#4049=CARTESIAN_POINT('Ctrl Pts',(15.9376994547163,24.5240034728061,-18.013570407063));
#4050=CARTESIAN_POINT('Ctrl Pts',(24.0623002472606,26.3116137162615,-16.7128641686428));
#4051=CARTESIAN_POINT('Ctrl Pts',(21.3540999830792,26.3116137162615,-16.7128641686428));
#4052=CARTESIAN_POINT('Ctrl Pts',(18.6458997188978,26.3116137162615,-16.7128641686428));
#4053=CARTESIAN_POINT('Ctrl Pts',(15.9376994547163,26.3116137162615,-16.7128641686428));
#4054=CARTESIAN_POINT('Ctrl Pts',(24.0623002472606,28.0642156505418,-14.96147484312));
#4055=CARTESIAN_POINT('Ctrl Pts',(21.3540999830792,28.0642156505418,-14.96147484312));
#4056=CARTESIAN_POINT('Ctrl Pts',(18.6458997188978,28.0642156505418,-14.96147484312));
#4057=CARTESIAN_POINT('Ctrl Pts',(15.9376994547163,28.0642156505418,-14.96147484312));
#4058=CARTESIAN_POINT('Ctrl Pts',(24.0623002472606,29.3620070861994,-13.1754704960082));
#4059=CARTESIAN_POINT('Ctrl Pts',(21.3540999830792,29.3620070861994,-13.1754704960082));
#4060=CARTESIAN_POINT('Ctrl Pts',(18.6458997188978,29.3620070861994,-13.1754704960082));
#4061=CARTESIAN_POINT('Ctrl Pts',(15.9376994547163,29.3620070861994,-13.1754704960082));
#4062=CARTESIAN_POINT('Ctrl Pts',(24.0623002472606,30.0423085735242,-11.7237484021885));
#4063=CARTESIAN_POINT('Ctrl Pts',(21.3540999830792,30.0423085735242,-11.7237484021885));
#4064=CARTESIAN_POINT('Ctrl Pts',(18.6458997188978,30.0423085735242,-11.7237484021885));
#4065=CARTESIAN_POINT('Ctrl Pts',(15.9376994547163,30.0423085735242,-11.7237484021885));
#4066=CARTESIAN_POINT('Ctrl Pts',(24.0623002472606,30.1499999999999,-11.0634057612733));
#4067=CARTESIAN_POINT('Ctrl Pts',(21.3540999830792,30.1499999999999,-11.0634057612733));
#4068=CARTESIAN_POINT('Ctrl Pts',(18.6458997188978,30.1499999999999,-11.0634057612733));
#4069=CARTESIAN_POINT('Ctrl Pts',(15.9376994547163,30.1499999999999,-11.0634057612733));
#4070=CARTESIAN_POINT('Ctrl Pts',(24.0623002472606,30.1499999999999,-10.7999999999999));
#4071=CARTESIAN_POINT('Ctrl Pts',(21.3540999830792,30.1499999999999,-10.7999999999999));
#4072=CARTESIAN_POINT('Ctrl Pts',(18.6458997188978,30.1499999999999,-10.7999999999999));
#4073=CARTESIAN_POINT('Ctrl Pts',(15.9376994547163,30.1499999999999,-10.7999999999999));
#4074=CARTESIAN_POINT('',(17.6212048163738,22.1499999999999,-18.7999999999999));
#4075=CARTESIAN_POINT('',(17.6212048163738,27.98389734016,-14.96020744771));
#4076=CARTESIAN_POINT('Ctrl Pts',(17.6212048163738,22.1499999999999,-18.7999999999999));
#4077=CARTESIAN_POINT('Ctrl Pts',(17.6212048163738,22.4591257433578,-18.7999999999999));
#4078=CARTESIAN_POINT('Ctrl Pts',(17.6212048163738,22.7865370716588,-18.7253646324144));
#4079=CARTESIAN_POINT('Ctrl Pts',(17.6212048163738,23.726416559579,-18.4179884984416));
#4080=CARTESIAN_POINT('Ctrl Pts',(17.6212048163738,24.4697113369377,-18.0198221152382));
#4081=CARTESIAN_POINT('Ctrl Pts',(17.6212048163738,26.2206158294825,-16.7795210957191));
#4082=CARTESIAN_POINT('Ctrl Pts',(17.6212048163738,27.1774329551768,-15.8951226777259));
#4083=CARTESIAN_POINT('Ctrl Pts',(17.6212048163738,27.98389734016,-14.96020744771));
#4084=CARTESIAN_POINT('',(22.3787948856032,22.1499999999999,-18.7999999999999));
#4085=CARTESIAN_POINT('Ctrl Pts',(17.6212048163738,22.1499999999999,-18.7999999999999));
#4086=CARTESIAN_POINT('Ctrl Pts',(19.2070681727836,22.1499999999999,-18.7999999999999));
#4087=CARTESIAN_POINT('Ctrl Pts',(20.7929315291934,22.1499999999999,-18.7999999999999));
#4088=CARTESIAN_POINT('Ctrl Pts',(22.3787948856032,22.1499999999999,-18.7999999999999));
#4089=CARTESIAN_POINT('',(22.3787948856032,27.98389734016,-14.96020744771));
#4090=CARTESIAN_POINT('Ctrl Pts',(22.3787948856032,27.98389734016,-14.96020744771));
#4091=CARTESIAN_POINT('Ctrl Pts',(22.3787948856032,27.0409279261668,-16.0533697534451));
#4092=CARTESIAN_POINT('Ctrl Pts',(22.3787948856032,25.9121536539971,-17.0539176642939));
#4093=CARTESIAN_POINT('Ctrl Pts',(22.3787948856032,24.3233518607912,-18.0794025493154));
#4094=CARTESIAN_POINT('Ctrl Pts',(22.3787948856032,23.778199794877,-18.3779461606174));
#4095=CARTESIAN_POINT('Ctrl Pts',(22.3787948856032,22.9484996274736,-18.680223945856));
#4096=CARTESIAN_POINT('Ctrl Pts',(22.3787948856032,22.5408713163754,-18.7999999999999));
#4097=CARTESIAN_POINT('Ctrl Pts',(22.3787948856032,22.1499999999999,-18.7999999999999));
#4098=CARTESIAN_POINT('',(24.0623002472606,30.1499999999999,-10.7999999999999));
#4099=CARTESIAN_POINT('Ctrl Pts',(24.0623002472606,30.1499999999999,-10.7999999999999));
#4100=CARTESIAN_POINT('Ctrl Pts',(23.8621767669088,30.1499999999999,-11.1199950070955));
#4101=CARTESIAN_POINT('Ctrl Pts',(23.661952022327,30.0694116731001,-11.4868239692031));
#4102=CARTESIAN_POINT('Ctrl Pts',(23.3182531228721,29.8119298658579,-12.2010526700943));
#4103=CARTESIAN_POINT('Ctrl Pts',(23.1357768042444,29.6247734444047,-12.6145579562773));
#4104=CARTESIAN_POINT('Ctrl Pts',(22.8192065238715,29.0723170752228,-13.5489797765832));
#4105=CARTESIAN_POINT('Ctrl Pts',(22.7287044053719,28.80710549342,-13.9223144962021));
#4106=CARTESIAN_POINT('Ctrl Pts',(22.5691058366057,28.3651982914295,-14.5082553777091));
#4107=CARTESIAN_POINT('Ctrl Pts',(22.4906804881408,28.1673265446637,-14.7475622768712));
#4108=CARTESIAN_POINT('Ctrl Pts',(22.3787948856032,27.98389734016,-14.96020744771));
#4109=CARTESIAN_POINT('',(15.9376994547163,30.1499999999999,-10.7999999999999));
#4110=CARTESIAN_POINT('Ctrl Pts',(24.0623002472606,30.1499999999999,-10.7999999999999));
#4111=CARTESIAN_POINT('Ctrl Pts',(21.3540999830792,30.1499999999999,-10.7999999999999));
#4112=CARTESIAN_POINT('Ctrl Pts',(18.6458997188978,30.1499999999999,-10.7999999999999));
#4113=CARTESIAN_POINT('Ctrl Pts',(15.9376994547163,30.1499999999999,-10.7999999999999));
#4114=CARTESIAN_POINT('Ctrl Pts',(17.6212048163739,27.98389734016,-14.96020744771));
#4115=CARTESIAN_POINT('Ctrl Pts',(17.5154683662391,28.1572454072514,-14.7592491028218));
#4116=CARTESIAN_POINT('Ctrl Pts',(17.4433008419722,28.33467016647,-14.5435692223997));
#4117=CARTESIAN_POINT('Ctrl Pts',(17.2570458204321,28.8413334102205,-13.8836677197921));
#4118=CARTESIAN_POINT('Ctrl Pts',(17.0817696048197,29.4025860745195,-13.1169481254464));
#4119=CARTESIAN_POINT('Ctrl Pts',(16.5638784187348,29.9093404696972,-11.9488152618781));
#4120=CARTESIAN_POINT('Ctrl Pts',(16.4319286734931,30.0062782312389,-11.6775431030555));
#4121=CARTESIAN_POINT('Ctrl Pts',(16.1812388005562,30.1187690461891,-11.2080409519951));
#4122=CARTESIAN_POINT('Ctrl Pts',(16.0624547658248,30.1499999999999,-10.9994822226416));
#4123=CARTESIAN_POINT('Ctrl Pts',(15.9376994547163,30.1499999999999,-10.7999999999999));
#4124=CARTESIAN_POINT('Ctrl Pts',(24.7783370099791,-3.85000000000006,-9.99999999999988));
#4125=CARTESIAN_POINT('Ctrl Pts',(24.7783370099791,46.6499999999999,-9.99999999999988));
#4126=CARTESIAN_POINT('Ctrl Pts',(24.744293708494,-3.85000000000006,-9.99999999999988));
#4127=CARTESIAN_POINT('Ctrl Pts',(24.744293708494,46.6499999999999,-9.99999999999988));
#4128=CARTESIAN_POINT('Ctrl Pts',(24.6659897972296,-3.85000000000006,-10.0271232209019));
#4129=CARTESIAN_POINT('Ctrl Pts',(24.6659897972296,46.6499999999999,-10.0271232209019));
#4130=CARTESIAN_POINT('Ctrl Pts',(24.5178817813945,-3.85000000000006,-10.149177510738));
#4131=CARTESIAN_POINT('Ctrl Pts',(24.5178817813945,46.65,-10.149177510738));
#4132=CARTESIAN_POINT('Ctrl Pts',(24.2662690462069,-3.85000000000006,-10.46318298065));
#4133=CARTESIAN_POINT('Ctrl Pts',(24.2662690462069,46.65,-10.46318298065));
#4134=CARTESIAN_POINT('Ctrl Pts',(23.9015297740926,-3.85000000000006,-11.0421407056358));
#4135=CARTESIAN_POINT('Ctrl Pts',(23.9015297740926,46.65,-11.0421407056358));
#4136=CARTESIAN_POINT('Ctrl Pts',(23.5358631605817,-3.85000000000006,-11.7235136085942));
#4137=CARTESIAN_POINT('Ctrl Pts',(23.5358631605817,46.65,-11.7235136085942));
#4138=CARTESIAN_POINT('Ctrl Pts',(23.2148414326115,-3.85000000000006,-12.4233737559414));
#4139=CARTESIAN_POINT('Ctrl Pts',(23.2148414326115,46.65,-12.4233737559414));
#4140=CARTESIAN_POINT('Ctrl Pts',(22.9684710502807,-3.85000000000006,-13.0744623198071));
#4141=CARTESIAN_POINT('Ctrl Pts',(22.9684710502807,46.65,-13.0744623198071));
#4142=CARTESIAN_POINT('Ctrl Pts',(22.7957171880127,-3.85000000000006,-13.6473228115127));
#4143=CARTESIAN_POINT('Ctrl Pts',(22.7957171880127,46.65,-13.6473228115127));
#4144=CARTESIAN_POINT('Ctrl Pts',(22.6708622939274,-3.85000000000006,-14.1420759899463));
#4145=CARTESIAN_POINT('Ctrl Pts',(22.6708622939274,46.65,-14.1420759899463));
#4146=CARTESIAN_POINT('Ctrl Pts',(22.5541843666107,-3.85000000000006,-14.5743221694651));
#4147=CARTESIAN_POINT('Ctrl Pts',(22.5541843666107,46.65,-14.5743221694651));
#4148=CARTESIAN_POINT('Ctrl Pts',(22.4006124638952,-3.85000000000006,-14.9636733627975));
#4149=CARTESIAN_POINT('Ctrl Pts',(22.4006124638952,46.65,-14.9636733627975));
#4150=CARTESIAN_POINT('Ctrl Pts',(22.1686485505488,-3.85000000000006,-15.3220779026358));
#4151=CARTESIAN_POINT('Ctrl Pts',(22.1686485505488,46.6499999999999,-15.3220779026358));
#4152=CARTESIAN_POINT('Ctrl Pts',(21.8300179717266,-3.85000000000006,-15.6411090030001));
#4153=CARTESIAN_POINT('Ctrl Pts',(21.8300179717266,46.6499999999999,-15.6411090030001));
#4154=CARTESIAN_POINT('Ctrl Pts',(21.3671962081957,-3.85000000000006,-15.8990573465544));
#4155=CARTESIAN_POINT('Ctrl Pts',(21.3671962081957,46.6499999999999,-15.8990573465544));
#4156=CARTESIAN_POINT('Ctrl Pts',(20.889680221838,-3.85000000000006,-16.0355122707661));
#4157=CARTESIAN_POINT('Ctrl Pts',(20.889680221838,46.6499999999999,-16.0355122707661));
#4158=CARTESIAN_POINT('Ctrl Pts',(20.4692012715287,-3.85000000000006,-16.0882751613264));
#4159=CARTESIAN_POINT('Ctrl Pts',(20.4692012715287,46.6499999999999,-16.0882751613264));
#4160=CARTESIAN_POINT('Ctrl Pts',(20.1610405564448,-3.85000000000006,-16.1000005438922));
#4161=CARTESIAN_POINT('Ctrl Pts',(20.1610405564448,46.6499999999999,-16.1000005438922));
#4162=CARTESIAN_POINT('Ctrl Pts',(19.9999998509885,-3.85000000000006,-16.1000005438922));
#4163=CARTESIAN_POINT('Ctrl Pts',(19.9999998509885,46.6499999999999,-16.1000005438922));
#4164=CARTESIAN_POINT('',(22.3787948856032,14.1499999999999,-14.96020744771));
#4165=CARTESIAN_POINT('Ctrl Pts',(22.3787948856032,27.98389734016,-14.96020744771));
#4166=CARTESIAN_POINT('Ctrl Pts',(22.3787948856032,25.78926489344,-14.96020744771));
#4167=CARTESIAN_POINT('Ctrl Pts',(22.3787948856032,23.59463244672,-14.96020744771));
#4168=CARTESIAN_POINT('Ctrl Pts',(22.3787948856032,18.9833333333333,-14.96020744771));
#4169=CARTESIAN_POINT('Ctrl Pts',(22.3787948856032,16.5666666666666,-14.96020744771));
#4170=CARTESIAN_POINT('Ctrl Pts',(22.3787948856032,14.15,-14.96020744771));
#4171=CARTESIAN_POINT('',(22.3787948628934,11.6499999999999,-14.9602074908713));
#4172=CARTESIAN_POINT('Ctrl Pts',(22.3787948628934,11.6499999999999,-14.9602074908713));
#4173=CARTESIAN_POINT('Ctrl Pts',(22.3787948628934,12.4833333333333,-14.9602074908713));
#4174=CARTESIAN_POINT('Ctrl Pts',(22.3787948822387,13.3166666666666,-14.9602074541042));
#4175=CARTESIAN_POINT('Ctrl Pts',(22.3787948856032,14.1499999999999,-14.96020744771));
#4176=CARTESIAN_POINT('',(19.9999998509885,11.6499999999999,-16.1000005438922));
#4177=CARTESIAN_POINT('Ctrl Pts',(19.9999998509885,11.6499999999999,-16.1000005438922));
#4178=CARTESIAN_POINT('Ctrl Pts',(20.7210774475196,11.6499999999999,-16.1000005438922));
#4179=CARTESIAN_POINT('Ctrl Pts',(21.4901865304797,11.6499999999999,-15.8956958487612));
#4180=CARTESIAN_POINT('Ctrl Pts',(22.10234789444,11.6499999999999,-15.388677826737));
#4181=CARTESIAN_POINT('Ctrl Pts',(22.2947309232337,11.6499999999999,-15.1199759456881));
#4182=CARTESIAN_POINT('Ctrl Pts',(22.3787948628934,11.6499999999999,-14.9602074908713));
#4183=CARTESIAN_POINT('',(19.9999998509885,-3.85000000000006,-16.1000005438922));
#4184=CARTESIAN_POINT('Ctrl Pts',(24.7783370099792,-1.85000000000006,-9.99999999999988));
#4185=CARTESIAN_POINT('Ctrl Pts',(24.7778977765984,-1.85190054996365,-9.99999999999988));
#4186=CARTESIAN_POINT('Ctrl Pts',(24.7774575747943,-1.8538008745476,-10.0000027090673));
#4187=CARTESIAN_POINT('Ctrl Pts',(24.7213518824704,-2.09544470878184,-10.0006915137645));
#4188=CARTESIAN_POINT('Ctrl Pts',(24.6507607467455,-2.32864058236593,-10.0443453322941));
#4189=CARTESIAN_POINT('Ctrl Pts',(24.4794923308928,-2.77322160315839,-10.2093365387871));
#4190=CARTESIAN_POINT('Ctrl Pts',(24.3791533273483,-2.97915489718487,-10.3327112932515));
#4191=CARTESIAN_POINT('Ctrl Pts',(24.1343586961144,-3.37927880860386,-10.6779174119873));
#4192=CARTESIAN_POINT('Ctrl Pts',(23.9866256581551,-3.55463973887364,-10.9148717380817));
#4193=CARTESIAN_POINT('Ctrl Pts',(23.6938112184493,-3.78872549097331,-11.4340834425082));
#4194=CARTESIAN_POINT('Ctrl Pts',(23.5494624642251,-3.84999999999961,-11.7140012541764));
#4195=CARTESIAN_POINT('Ctrl Pts',(23.4159267282424,-3.85000000000006,-11.9999999999968));
#4196=CARTESIAN_POINT('Ctrl Pts',(24.7783370099791,30.1499999999999,-9.99999999999988));
#4197=CARTESIAN_POINT('Ctrl Pts',(24.7631810411112,30.1499999999999,-9.99999999999988));
#4198=CARTESIAN_POINT('Ctrl Pts',(24.7480334568371,30.1499999999999,-10.0032289631906));
#4199=CARTESIAN_POINT('Ctrl Pts',(24.7067953432812,30.1499999999999,-10.0172107103508));
#4200=CARTESIAN_POINT('Ctrl Pts',(24.680149725128,30.1499999999999,-10.0329774971917));
#4201=CARTESIAN_POINT('Ctrl Pts',(24.5960296321561,30.1499999999999,-10.0920186473865));
#4202=CARTESIAN_POINT('Ctrl Pts',(24.5322077090412,30.1499999999999,-10.1570709559847));
#4203=CARTESIAN_POINT('Ctrl Pts',(24.3517898543978,30.1499999999999,-10.3633822135297));
#4204=CARTESIAN_POINT('Ctrl Pts',(24.2093032546078,30.1499999999999,-10.5649439821031));
#4205=CARTESIAN_POINT('Ctrl Pts',(24.0623002472606,30.1499999999999,-10.7999999999999));
#4206=CARTESIAN_POINT('Origin',(22.3787948856032,19.1499999999999,-18.7999999999999));
#4207=CARTESIAN_POINT('',(22.3787948856464,17.6203892570037,-18.7999999999999));
#4208=CARTESIAN_POINT('',(22.3787948856032,19.1499999999999,-18.7999999999999));
#4209=CARTESIAN_POINT('',(22.3787948856031,13.7477542633508,-16.6106669994661));
#4210=CARTESIAN_POINT('Ctrl Pts',(22.3787948856032,17.6203892569697,-18.7999999999999));
#4211=CARTESIAN_POINT('Ctrl Pts',(22.3787948856032,17.0678540723927,-18.7999999999999));
#4212=CARTESIAN_POINT('Ctrl Pts',(22.3787948856031,16.5134325238522,-18.7003226286259));
#4213=CARTESIAN_POINT('Ctrl Pts',(22.3787948856031,15.5138128270834,-18.3341129989726));
#4214=CARTESIAN_POINT('Ctrl Pts',(22.3787948856033,15.0613314897696,-18.078007235908));
#4215=CARTESIAN_POINT('Ctrl Pts',(22.3787948856033,14.2933865871573,-17.4251723433571));
#4216=CARTESIAN_POINT('Ctrl Pts',(22.3787948856031,13.9809740620207,-17.0429831146673));
#4217=CARTESIAN_POINT('Ctrl Pts',(22.3787948856031,13.7477542633508,-16.6106669994661));
#4218=CARTESIAN_POINT('Ctrl Pts',(22.3787948856031,13.7477542633508,-16.6106669994661));
#4219=CARTESIAN_POINT('Ctrl Pts',(22.3787948856031,13.6085742703597,-16.3526710907706));
#4220=CARTESIAN_POINT('Ctrl Pts',(22.3787948856031,13.4379403775012,-16.111616662465));
#4221=CARTESIAN_POINT('Ctrl Pts',(22.3787948856031,13.0136995941635,-15.6333986501877));
#4222=CARTESIAN_POINT('Ctrl Pts',(22.3787948856032,12.7622378011695,-15.4183959509518));
#4223=CARTESIAN_POINT('Ctrl Pts',(22.3787948856032,12.3937139589559,-15.1785842395981));
#4224=CARTESIAN_POINT('Ctrl Pts',(22.3787948856032,12.252929816919,-15.1022191399114));
#4225=CARTESIAN_POINT('Ctrl Pts',(22.3787948856032,11.9449615576822,-14.9870689122764));
#4226=CARTESIAN_POINT('Ctrl Pts',(22.3787948856031,11.794619344065,-14.96020744771));
#4227=CARTESIAN_POINT('Ctrl Pts',(22.3787948856031,11.6499999999999,-14.96020744771));
#4228=CARTESIAN_POINT('Origin',(17.6212048163738,19.1499999999999,-18.7999999999999));
#4229=CARTESIAN_POINT('',(17.6212048163658,17.6203892569761,-18.7999999999999));
#4230=CARTESIAN_POINT('',(17.6212048163738,19.1499999999999,-18.7999999999999));
#4231=CARTESIAN_POINT('',(19.9999998509885,16.9235183574553,-18.7999999999999));
#4232=CARTESIAN_POINT('Ctrl Pts',(19.9999998509885,16.9235183574553,-18.7999999999999));
#4233=CARTESIAN_POINT('Ctrl Pts',(19.8808963402613,16.9235183574553,-18.7999999999999));
#4234=CARTESIAN_POINT('Ctrl Pts',(19.6429732858683,16.9306862348694,-18.7999999999999));
#4235=CARTESIAN_POINT('Ctrl Pts',(19.2859734229452,16.973001340329,-18.7999999999999));
#4236=CARTESIAN_POINT('Ctrl Pts',(18.9359155884893,17.0591688721762,-18.7999999999999));
#4237=CARTESIAN_POINT('Ctrl Pts',(18.603092961999,17.1892946822898,-18.7999999999999));
#4238=CARTESIAN_POINT('Ctrl Pts',(18.3324433483519,17.3134787614401,-18.7999999999999));
#4239=CARTESIAN_POINT('Ctrl Pts',(18.1423594010461,17.3994273263309,-18.7999999999999));
#4240=CARTESIAN_POINT('Ctrl Pts',(18.0334881583556,17.4478750262734,-18.7999999999999));
#4241=CARTESIAN_POINT('Ctrl Pts',(17.9243498348509,17.4956146460881,-18.7999999999999));
#4242=CARTESIAN_POINT('Ctrl Pts',(17.814698549759,17.54220830013,-18.7999999999999));
#4243=CARTESIAN_POINT('Ctrl Pts',(17.7181444469507,17.5817452202758,-18.7999999999999));
#4244=CARTESIAN_POINT('Ctrl Pts',(17.6697249506832,17.6011819531221,-18.7999999999999));
#4245=CARTESIAN_POINT('Ctrl Pts',(17.6420130662041,17.6121907286059,-18.7999999999999));
#4246=CARTESIAN_POINT('Ctrl Pts',(17.6281432662078,17.6176620012072,-18.7999999999999));
#4247=CARTESIAN_POINT('Ctrl Pts',(17.6212048163648,17.6203892569733,-18.7999999999999));
#4248=CARTESIAN_POINT('Ctrl Pts',(22.3787948856522,17.620389256989,-18.7999999999999));
#4249=CARTESIAN_POINT('Ctrl Pts',(22.2679050635533,17.5768024452999,-18.7999999999999));
#4250=CARTESIAN_POINT('Ctrl Pts',(22.0481230541317,17.4853037848108,-18.7999999999999));
#4251=CARTESIAN_POINT('Ctrl Pts',(21.7219775691053,17.3383933185488,-18.7999999999999));
#4252=CARTESIAN_POINT('Ctrl Pts',(21.3965329581365,17.1890990152664,-18.7999999999999));
#4253=CARTESIAN_POINT('Ctrl Pts',(21.0640834987002,17.0591694288889,-18.7999999999999));
#4254=CARTESIAN_POINT('Ctrl Pts',(20.6001238965218,16.9448598841528,-18.7999999999999));
#4255=CARTESIAN_POINT('Ctrl Pts',(20.2381219202037,16.9235183574553,-18.7999999999999));
#4256=CARTESIAN_POINT('Ctrl Pts',(19.9999998509885,16.9235183574553,-18.7999999999999));
#4257=CARTESIAN_POINT('Ctrl Pts',(19.9999998509885,13.6782762913289,-17.1384618731644));
#4258=CARTESIAN_POINT('Ctrl Pts',(19.8150445017058,13.6782762913289,-17.1384618731644));
#4259=CARTESIAN_POINT('Ctrl Pts',(19.4173796184875,13.6810331672574,-17.1268966446054));
#4260=CARTESIAN_POINT('Ctrl Pts',(18.7165847972123,13.6973082078188,-17.0386190453235));
#4261=CARTESIAN_POINT('Ctrl Pts',(17.8696299428957,13.7304495662216,-16.783286682229));
#4262=CARTESIAN_POINT('Ctrl Pts',(17.0986457366886,13.7804979547268,-16.2927037318134));
#4263=CARTESIAN_POINT('Ctrl Pts',(16.7357421507957,13.8282610620923,-15.9463497850862));
#4264=CARTESIAN_POINT('Ctrl Pts',(16.5505012420572,13.8613182024349,-15.7755121790518));
#4265=CARTESIAN_POINT('Ctrl Pts',(16.459025747544,13.879951933182,-15.6893349188481));
#4266=CARTESIAN_POINT('Ctrl Pts',(16.3743246504225,13.8983133254185,-15.6120194529507));
#4267=CARTESIAN_POINT('Ctrl Pts',(16.2981138867276,13.9162339615884,-15.5447067686485));
#4268=CARTESIAN_POINT('Ctrl Pts',(16.2362688818619,13.9314404693368,-15.4927273924522));
#4269=CARTESIAN_POINT('Ctrl Pts',(16.2063606881668,13.9389161358161,-15.4682044779794));
#4270=CARTESIAN_POINT('Ctrl Pts',(16.1895316958287,13.943150280233,-15.4545944980705));
#4271=CARTESIAN_POINT('Ctrl Pts',(16.1811986537037,13.9452546158489,-15.4479173140052));
#4272=CARTESIAN_POINT('Ctrl Pts',(16.1770535105135,13.9463035603743,-15.444609416511));
#4273=CARTESIAN_POINT('Ctrl Pts',(19.9999998509885,14.0998187038398,-17.723464855439));
#4274=CARTESIAN_POINT('Ctrl Pts',(19.8235739929905,14.0998187038398,-17.723464855439));
#4275=CARTESIAN_POINT('Ctrl Pts',(19.4474013088738,14.1028891865099,-17.7151373708511));
#4276=CARTESIAN_POINT('Ctrl Pts',(18.7895017372719,14.1104715493136,-17.654708483369));
#4277=CARTESIAN_POINT('Ctrl Pts',(17.9961567214313,14.1147950253314,-17.4797427766874));
#4278=CARTESIAN_POINT('Ctrl Pts',(17.2392221969596,14.0948707446103,-17.1343005061141));
#4279=CARTESIAN_POINT('Ctrl Pts',(16.8519911437563,14.0841660078537,-16.8811981787767));
#4280=CARTESIAN_POINT('Ctrl Pts',(16.6515642115291,14.0869530782263,-16.7540405677072));
#4281=CARTESIAN_POINT('Ctrl Pts',(16.5509582343839,14.0892893791736,-16.6896256561791));
#4282=CARTESIAN_POINT('Ctrl Pts',(16.4577972225699,14.0929118363216,-16.6314619263641));
#4283=CARTESIAN_POINT('Ctrl Pts',(16.3737964690987,14.0978646513472,-16.5803482697044));
#4284=CARTESIAN_POINT('Ctrl Pts',(16.3055732686212,14.1024547327895,-16.5407962619035));
#4285=CARTESIAN_POINT('Ctrl Pts',(16.2726186241991,14.1048735332542,-16.5220774274725));
#4286=CARTESIAN_POINT('Ctrl Pts',(16.2540767531515,14.10625426842,-16.5116871346326));
#4287=CARTESIAN_POINT('Ctrl Pts',(16.2449030320559,14.1069584196259,-16.5065825143983));
#4288=CARTESIAN_POINT('Ctrl Pts',(16.2403377891714,14.107305985878,-16.5040552837788));
#4289=CARTESIAN_POINT('Ctrl Pts',(19.9999998509885,15.1205034749894,-18.5411119670822));
#4290=CARTESIAN_POINT('Ctrl Pts',(19.8443142976755,15.1205034749894,-18.5411119670822));
#4291=CARTESIAN_POINT('Ctrl Pts',(19.5178457994313,15.1230538321628,-18.5394098156315));
#4292=CARTESIAN_POINT('Ctrl Pts',(18.9672363383153,15.1337793864576,-18.5242159252377));
#4293=CARTESIAN_POINT('Ctrl Pts',(18.3257391032573,15.1401611135036,-18.4801074038127));
#4294=CARTESIAN_POINT('Ctrl Pts',(17.6897654019927,15.1127412464424,-18.3899428590901));
#4295=CARTESIAN_POINT('Ctrl Pts',(17.3157554212831,15.0957914559785,-18.3213417149068));
#4296=CARTESIAN_POINT('Ctrl Pts',(17.1065036170917,15.0971397799174,-18.2864824386996));
#4297=CARTESIAN_POINT('Ctrl Pts',(16.9971989862108,15.0997116058914,-18.2685529220858));
#4298=CARTESIAN_POINT('Ctrl Pts',(16.893621403359,15.1037350360718,-18.2523460656538));
#4299=CARTESIAN_POINT('Ctrl Pts',(16.796953580698,15.1091706700143,-18.2380929468192));
#4300=CARTESIAN_POINT('Ctrl Pts',(16.7166570439121,15.1148264478354,-18.2269190208059));
#4301=CARTESIAN_POINT('Ctrl Pts',(16.6774135064869,15.1177922882508,-18.2216242996018));
#4302=CARTESIAN_POINT('Ctrl Pts',(16.6552299197997,15.1195280569551,-18.2186741560902));
#4303=CARTESIAN_POINT('Ctrl Pts',(16.6442133661514,15.1204053409314,-18.2172254339185));
#4304=CARTESIAN_POINT('Ctrl Pts',(16.6387244966915,15.1208472248635,-18.216506179843));
#4305=CARTESIAN_POINT('Ctrl Pts',(19.9999998509885,16.382723892493,-18.7999999999999));
#4306=CARTESIAN_POINT('Ctrl Pts',(19.8699273152242,16.382723892493,-18.7999999999999));
#4307=CARTESIAN_POINT('Ctrl Pts',(19.605374297502,16.3883520037836,-18.7997071090069));
#4308=CARTESIAN_POINT('Ctrl Pts',(19.1902952162172,16.4211646211223,-18.7996278174987));
#4309=CARTESIAN_POINT('Ctrl Pts',(18.7528011384983,16.4833468968565,-18.7994420663376));
#4310=CARTESIAN_POINT('Ctrl Pts',(18.329156760158,16.5663795883739,-18.7995550398263));
#4311=CARTESIAN_POINT('Ctrl Pts',(18.0276150990766,16.648428893048,-18.7997638847732));
#4312=CARTESIAN_POINT('Ctrl Pts',(17.8317903149061,16.709041360309,-18.7997450058102));
#4313=CARTESIAN_POINT('Ctrl Pts',(17.7228183462624,16.7438145155042,-18.7998565350792));
#4314=CARTESIAN_POINT('Ctrl Pts',(17.6153592533848,16.7784949505115,-18.7999094837831));
#4315=CARTESIAN_POINT('Ctrl Pts',(17.5095916991553,16.8127555253086,-18.7998872586359));
#4316=CARTESIAN_POINT('Ctrl Pts',(17.417918373709,16.8421804587172,-18.7999456424167));
#4317=CARTESIAN_POINT('Ctrl Pts',(17.3722509193746,16.8566981603724,-18.7999678847883));
#4318=CARTESIAN_POINT('Ctrl Pts',(17.3461982373147,16.8649409622478,-18.7999868463971));
#4319=CARTESIAN_POINT('Ctrl Pts',(17.3331843075265,16.8690410907709,-18.7999946471687));
#4320=CARTESIAN_POINT('Ctrl Pts',(17.326680983621,16.8710870219464,-18.7999999999999));
#4321=CARTESIAN_POINT('Ctrl Pts',(19.9999998509885,16.9235183574553,-18.7999999999999));
#4322=CARTESIAN_POINT('Ctrl Pts',(19.8808963402613,16.9235183574553,-18.7999999999999));
#4323=CARTESIAN_POINT('Ctrl Pts',(19.6429732858683,16.9306862348694,-18.7999999999999));
#4324=CARTESIAN_POINT('Ctrl Pts',(19.2859734229452,16.973001340329,-18.7999999999999));
#4325=CARTESIAN_POINT('Ctrl Pts',(18.9359155884893,17.0591688721762,-18.7999999999999));
#4326=CARTESIAN_POINT('Ctrl Pts',(18.603092961999,17.1892946822898,-18.7999999999999));
#4327=CARTESIAN_POINT('Ctrl Pts',(18.3324433483519,17.3134787614401,-18.7999999999999));
#4328=CARTESIAN_POINT('Ctrl Pts',(18.1423594010461,17.3994273263309,-18.7999999999999));
#4329=CARTESIAN_POINT('Ctrl Pts',(18.0334881583556,17.4478750262734,-18.7999999999999));
#4330=CARTESIAN_POINT('Ctrl Pts',(17.9243498348509,17.4956146460881,-18.7999999999999));
#4331=CARTESIAN_POINT('Ctrl Pts',(17.814698549759,17.54220830013,-18.7999999999999));
#4332=CARTESIAN_POINT('Ctrl Pts',(17.7181444469507,17.5817452202758,-18.7999999999999));
#4333=CARTESIAN_POINT('Ctrl Pts',(17.6697249506832,17.6011819531221,-18.7999999999999));
#4334=CARTESIAN_POINT('Ctrl Pts',(17.6420130662041,17.6121907286059,-18.7999999999999));
#4335=CARTESIAN_POINT('Ctrl Pts',(17.6281432662078,17.6176620012072,-18.7999999999999));
#4336=CARTESIAN_POINT('Ctrl Pts',(17.6212048163648,17.6203892569733,-18.7999999999999));
#4337=CARTESIAN_POINT('',(17.6212048163738,13.7477542633508,-16.6106669994661));
#4338=CARTESIAN_POINT('Ctrl Pts',(17.6212048163738,13.7477542633508,-16.6106669994661));
#4339=CARTESIAN_POINT('Ctrl Pts',(17.6212048163738,13.9874901322165,-17.0550618582795));
#4340=CARTESIAN_POINT('Ctrl Pts',(17.6212048163738,14.3107743798571,-17.4462967367877));
#4341=CARTESIAN_POINT('Ctrl Pts',(17.6212048163738,15.0633237884281,-18.0732499910574));
#4342=CARTESIAN_POINT('Ctrl Pts',(17.6212048163739,15.4765399688375,-18.3104593413313));
#4343=CARTESIAN_POINT('Ctrl Pts',(17.6212048163739,16.4562707757256,-18.6897821857322));
#4344=CARTESIAN_POINT('Ctrl Pts',(17.6212048163738,17.039579521313,-18.7999999999999));
#4345=CARTESIAN_POINT('Ctrl Pts',(17.6212048163738,17.6203892569697,-18.7999999999999));
#4346=CARTESIAN_POINT('',(19.9999998509885,13.6782762913289,-17.1384618731644));
#4347=CARTESIAN_POINT('Ctrl Pts',(17.6212389362348,13.7478434678687,-16.6101725771888));
#4348=CARTESIAN_POINT('Ctrl Pts',(17.7058463501065,13.7427168325263,-16.6578348330322));
#4349=CARTESIAN_POINT('Ctrl Pts',(18.0588624518693,13.7230448948045,-16.8403348040318));
#4350=CARTESIAN_POINT('Ctrl Pts',(18.7165847972123,13.6973082078188,-17.0386190453235));
#4351=CARTESIAN_POINT('Ctrl Pts',(19.4173796184875,13.6810331672574,-17.1268966446054));
#4352=CARTESIAN_POINT('Ctrl Pts',(19.8150445017058,13.6782762913289,-17.1384618731644));
#4353=CARTESIAN_POINT('Ctrl Pts',(19.9999998509885,13.6782762913289,-17.1384618731644));
#4354=CARTESIAN_POINT('Origin',(19.9999998509885,16.9235183574553,-14.7999999999999));
#4355=CARTESIAN_POINT('Ctrl Pts',(19.9999998509885,16.9235183574553,-18.7999999999999));
#4356=CARTESIAN_POINT('Ctrl Pts',(20.2381219202037,16.9235183574553,-18.7999999999999));
#4357=CARTESIAN_POINT('Ctrl Pts',(20.6001238965218,16.9448598841528,-18.7999999999999));
#4358=CARTESIAN_POINT('Ctrl Pts',(21.0640834987002,17.0591694288889,-18.7999999999999));
#4359=CARTESIAN_POINT('Ctrl Pts',(21.3965329581365,17.1890990152664,-18.7999999999999));
#4360=CARTESIAN_POINT('Ctrl Pts',(21.7219775691053,17.3383933185488,-18.7999999999999));
#4361=CARTESIAN_POINT('Ctrl Pts',(22.0481230541317,17.4853037848108,-18.7999999999999));
#4362=CARTESIAN_POINT('Ctrl Pts',(22.2679050635533,17.5768024452999,-18.7999999999999));
#4363=CARTESIAN_POINT('Ctrl Pts',(22.3787948856522,17.620389256989,-18.7999999999999));
#4364=CARTESIAN_POINT('Ctrl Pts',(19.9999998509885,16.2024590708389,-18.7999999999999));
#4365=CARTESIAN_POINT('Ctrl Pts',(20.2673919106062,16.2024590708389,-18.7999999999999));
#4366=CARTESIAN_POINT('Ctrl Pts',(20.6895685612385,16.2208059229026,-18.797514625083));
#4367=CARTESIAN_POINT('Ctrl Pts',(21.3071772299722,16.2930186027984,-18.7978012419527));
#4368=CARTESIAN_POINT('Ctrl Pts',(21.761222143695,16.3598079151941,-18.7985025236503));
#4369=CARTESIAN_POINT('Ctrl Pts',(22.1363565859429,16.4411862418218,-18.7994869293291));
#4370=CARTESIAN_POINT('Ctrl Pts',(22.4641697430702,16.5324185905892,-18.8001501850911));
#4371=CARTESIAN_POINT('Ctrl Pts',(22.6698527359705,16.5924894974406,-18.7996864906232));
#4372=CARTESIAN_POINT('Ctrl Pts',(22.7714933293072,16.6213196102812,-18.7999999999999));
#4373=CARTESIAN_POINT('Ctrl Pts',(19.9999998509885,14.9423890734024,-18.4499068025731));
#4374=CARTESIAN_POINT('Ctrl Pts',(20.3184879870343,14.9423890734024,-18.4499068025731));
#4375=CARTESIAN_POINT('Ctrl Pts',(20.8471072158358,14.9527144308873,-18.446731172305));
#4376=CARTESIAN_POINT('Ctrl Pts',(21.7327834374824,14.9523619025247,-18.3668771523047));
#4377=CARTESIAN_POINT('Ctrl Pts',(22.3978639711803,14.9113057811296,-18.2423112152433));
#4378=CARTESIAN_POINT('Ctrl Pts',(22.8578328134399,14.8777241120674,-18.1285917130724));
#4379=CARTESIAN_POINT('Ctrl Pts',(23.1874526984246,14.8748707485998,-18.0536677049243));
#4380=CARTESIAN_POINT('Ctrl Pts',(23.368607907139,14.8809739360736,-18.0171410598783));
#4381=CARTESIAN_POINT('Ctrl Pts',(23.4539442731547,14.8850865429455,-18.0011294478979));
#4382=CARTESIAN_POINT('Ctrl Pts',(19.9999998509885,13.9944331007121,-17.5772141098704));
#4383=CARTESIAN_POINT('Ctrl Pts',(20.356965515587,13.9944331007121,-17.5772141098704));
#4384=CARTESIAN_POINT('Ctrl Pts',(20.9680085387416,14.0030768029905,-17.5652576392507));
#4385=CARTESIAN_POINT('Ctrl Pts',(22.034173735717,14.0178286275397,-17.3088459350292));
#4386=CARTESIAN_POINT('Ctrl Pts',(22.7948407216031,14.0154148274074,-16.9256633822699));
#4387=CARTESIAN_POINT('Ctrl Pts',(23.2526921291009,14.0209013636925,-16.5945064992171));
#4388=CARTESIAN_POINT('Ctrl Pts',(23.5506494653956,14.0415144575737,-16.3836886970698));
#4389=CARTESIAN_POINT('Ctrl Pts',(23.7042178578558,14.058511908414,-16.282844247851));
#4390=CARTESIAN_POINT('Ctrl Pts',(23.7754829824958,14.0670553795052,-16.2391938169461));
#4391=CARTESIAN_POINT('Ctrl Pts',(19.9999998509885,13.6782762913289,-17.1384618731644));
#4392=CARTESIAN_POINT('Ctrl Pts',(20.3697786275832,13.6782762913289,-17.1384618731644));
#4393=CARTESIAN_POINT('Ctrl Pts',(21.0097994479041,13.686484570828,-17.1218351162996));
#4394=CARTESIAN_POINT('Ctrl Pts',(22.1286286722389,13.7304497803418,-16.7860668003346));
#4395=CARTESIAN_POINT('Ctrl Pts',(22.8999877434808,13.7804226981793,-16.2940863757315));
#4396=CARTESIAN_POINT('Ctrl Pts',(23.3365024664577,13.8378435840572,-15.8797974759475));
#4397=CARTESIAN_POINT('Ctrl Pts',(23.6143959712495,13.8943476095426,-15.6204011288362));
#4398=CARTESIAN_POINT('Ctrl Pts',(23.7566988017499,13.9295394020384,-15.4974760038327));
#4399=CARTESIAN_POINT('Ctrl Pts',(23.8229461914874,13.9463035603804,-15.4446094164919));
#4400=CARTESIAN_POINT('Ctrl Pts',(19.9999998509885,13.6782762913289,-17.1384618731644));
#4401=CARTESIAN_POINT('Ctrl Pts',(20.3697786275832,13.6782762913289,-17.1384618731644));
#4402=CARTESIAN_POINT('Ctrl Pts',(21.0097994479041,13.686484570828,-17.1218351162996));
#4403=CARTESIAN_POINT('Ctrl Pts',(21.9417333042612,13.7231055906911,-16.8421553807923));
#4404=CARTESIAN_POINT('Ctrl Pts',(22.2942202768783,13.7427693082142,-16.6593646470981));
#4405=CARTESIAN_POINT('Ctrl Pts',(22.3791714860153,13.7479222427415,-16.6113513567967));
#4406=CARTESIAN_POINT('Ctrl Pts',(19.9999998509885,13.7477542633508,-17.2400641297193));
#4407=CARTESIAN_POINT('Ctrl Pts',(19.3476882756663,13.7477542633508,-17.2400641297193));
#4408=CARTESIAN_POINT('Ctrl Pts',(18.3363797002536,13.7477542633508,-17.073580256354));
#4409=CARTESIAN_POINT('Ctrl Pts',(17.227128661858,13.7477542633508,-16.3874819544851));
#4410=CARTESIAN_POINT('Ctrl Pts',(16.7844231404509,13.7477542633508,-15.818238774853));
#4411=CARTESIAN_POINT('Ctrl Pts',(16.6122774296878,13.7477542633508,-15.4910657226986));
#4412=CARTESIAN_POINT('Ctrl Pts',(19.9999998509885,13.2964232086491,-16.5438686059315));
#4413=CARTESIAN_POINT('Ctrl Pts',(19.4163772055422,13.2964232086491,-16.5438686059315));
#4414=CARTESIAN_POINT('Ctrl Pts',(18.5618152044688,13.2964232086491,-16.3934757066602));
#4415=CARTESIAN_POINT('Ctrl Pts',(17.7002413615483,13.2964232086491,-15.8542827010292));
#4416=CARTESIAN_POINT('Ctrl Pts',(17.36353976663,13.2964232086491,-15.4237445173161));
#4417=CARTESIAN_POINT('Ctrl Pts',(17.2283928281356,13.2964232086491,-15.1668898088222));
#4418=CARTESIAN_POINT('Ctrl Pts',(19.9999998509885,12.479691465715,-16.1000005438922));
#4419=CARTESIAN_POINT('Ctrl Pts',(19.4598451307169,12.479691465715,-16.1000005438922));
#4420=CARTESIAN_POINT('Ctrl Pts',(18.7061820690507,12.479691465715,-15.9607728548033));
#4421=CARTESIAN_POINT('Ctrl Pts',(18.001484795373,12.479691465715,-15.5146417756583));
#4422=CARTESIAN_POINT('Ctrl Pts',(17.7329380859199,12.479691465715,-15.1725631007351));
#4423=CARTESIAN_POINT('Ctrl Pts',(17.6212048163739,12.479691465715,-14.96020744771));
#4424=CARTESIAN_POINT('Ctrl Pts',(19.9999998509885,11.6499999999999,-16.1000005438922));
#4425=CARTESIAN_POINT('Ctrl Pts',(19.4591916535802,11.6499999999999,-16.1000005438922));
#4426=CARTESIAN_POINT('Ctrl Pts',(18.7074620651673,11.65,-15.9625918869413));
#4427=CARTESIAN_POINT('Ctrl Pts',(18.0006910786244,11.6499999999999,-15.5152577134342));
#4428=CARTESIAN_POINT('Ctrl Pts',(17.7332900764343,11.6499999999999,-15.1732320794185));
#4429=CARTESIAN_POINT('Ctrl Pts',(17.6212048163739,11.6499999999999,-14.96020744771));
#4430=CARTESIAN_POINT('',(17.6212048164125,11.6499999999999,-14.9602074477835));
#4431=CARTESIAN_POINT('Ctrl Pts',(17.6212048163739,11.6499999999999,-14.96020744771));
#4432=CARTESIAN_POINT('Ctrl Pts',(17.6212048163739,11.8044054976217,-14.96020744771));
#4433=CARTESIAN_POINT('Ctrl Pts',(17.6212048163738,11.9526318048642,-14.9911036949855));
#4434=CARTESIAN_POINT('Ctrl Pts',(17.6212048163738,12.2790686256959,-15.110613006181));
#4435=CARTESIAN_POINT('Ctrl Pts',(17.6212048163738,12.4640931333813,-15.2147450225926));
#4436=CARTESIAN_POINT('Ctrl Pts',(17.6212048163738,12.9403418075004,-15.5616646085187));
#4437=CARTESIAN_POINT('Ctrl Pts',(17.6212048163739,13.261244412473,-15.8686482713278));
#4438=CARTESIAN_POINT('Ctrl Pts',(17.6212048163739,13.6102851043726,-16.3723744214789));
#4439=CARTESIAN_POINT('Ctrl Pts',(17.6212048163738,13.6824919091853,-16.48969113214));
#4440=CARTESIAN_POINT('Ctrl Pts',(17.6212048163738,13.7477542633508,-16.6106669994661));
#4441=CARTESIAN_POINT('Ctrl Pts',(17.6212048163739,11.6499999999999,-14.96020744771));
#4442=CARTESIAN_POINT('Ctrl Pts',(17.7332900764343,11.6499999999999,-15.1732320794185));
#4443=CARTESIAN_POINT('Ctrl Pts',(18.0006910786244,11.6499999999999,-15.5152577134342));
#4444=CARTESIAN_POINT('Ctrl Pts',(18.7074620651673,11.65,-15.9625918869413));
#4445=CARTESIAN_POINT('Ctrl Pts',(19.4591916535802,11.6499999999999,-16.1000005438922));
#4446=CARTESIAN_POINT('Ctrl Pts',(19.9999998509885,11.6499999999999,-16.1000005438922));
#4447=CARTESIAN_POINT('Origin',(19.9999998509885,11.6499999999999,-18.6000005438922));
#4448=CARTESIAN_POINT('Origin',(17.6212048163738,19.1499999999999,-14.96020744771));
#4449=CARTESIAN_POINT('',(17.6212048163738,14.1499999999999,-14.96020744771));
#4450=CARTESIAN_POINT('Ctrl Pts',(17.6212048163738,14.1499999999999,-14.96020744771));
#4451=CARTESIAN_POINT('Ctrl Pts',(17.6212048163738,16.5666666666666,-14.96020744771));
#4452=CARTESIAN_POINT('Ctrl Pts',(17.6212048163738,18.9833333333333,-14.96020744771));
#4453=CARTESIAN_POINT('Ctrl Pts',(17.6212048163738,23.59463244672,-14.96020744771));
#4454=CARTESIAN_POINT('Ctrl Pts',(17.6212048163738,25.78926489344,-14.96020744771));
#4455=CARTESIAN_POINT('Ctrl Pts',(17.6212048163738,27.98389734016,-14.96020744771));
#4456=CARTESIAN_POINT('Ctrl Pts',(17.6212048163738,14.1499999999999,-14.96020744771));
#4457=CARTESIAN_POINT('Ctrl Pts',(17.6212048163738,13.3166666666666,-14.96020744771));
#4458=CARTESIAN_POINT('Ctrl Pts',(17.6212048164125,12.4833333333333,-14.9602074477835));
#4459=CARTESIAN_POINT('Ctrl Pts',(17.6212048164125,11.6499999999999,-14.9602074477835));
#4460=CARTESIAN_POINT('Ctrl Pts',(23.3877222722892,13.7477542633508,-15.4910657226987));
#4461=CARTESIAN_POINT('Ctrl Pts',(23.2586129892168,13.7477542633508,-15.7364455118146));
#4462=CARTESIAN_POINT('Ctrl Pts',(22.9466527059736,13.7477542633508,-16.1764514545944));
#4463=CARTESIAN_POINT('Ctrl Pts',(21.9566275063063,13.7477542633508,-16.9880730589635));
#4464=CARTESIAN_POINT('Ctrl Pts',(20.8697486180776,13.7477542633508,-17.2400641297193));
#4465=CARTESIAN_POINT('Ctrl Pts',(19.9999998509885,13.7477542633508,-17.2400641297194));
#4466=CARTESIAN_POINT('Ctrl Pts',(22.7716068738414,13.2964232086491,-15.1668898088222));
#4467=CARTESIAN_POINT('Ctrl Pts',(22.6702466699705,13.2964232086491,-15.3595308401928));
#4468=CARTESIAN_POINT('Ctrl Pts',(22.4304056883129,13.2964232086491,-15.6950289192789));
#4469=CARTESIAN_POINT('Ctrl Pts',(21.673113432235,13.2964232086491,-16.319101674155));
#4470=CARTESIAN_POINT('Ctrl Pts',(20.7781633782393,13.2964232086491,-16.5438686059315));
#4471=CARTESIAN_POINT('Ctrl Pts',(19.9999998509885,13.2964232086491,-16.5438686059315));
#4472=CARTESIAN_POINT('Ctrl Pts',(22.3787948856031,12.479691465715,-14.9602074477101));
#4473=CARTESIAN_POINT('Ctrl Pts',(22.2949949334435,12.479691465715,-15.119474187479));
#4474=CARTESIAN_POINT('Ctrl Pts',(22.1016257744664,12.479691465715,-15.3882868192708));
#4475=CARTESIAN_POINT('Ctrl Pts',(21.4916342837624,12.479691465715,-15.8936232378196));
#4476=CARTESIAN_POINT('Ctrl Pts',(20.7202061446706,12.479691465715,-16.1000005438922));
#4477=CARTESIAN_POINT('Ctrl Pts',(19.9999998509885,12.479691465715,-16.1000005438922));
#4478=CARTESIAN_POINT('Ctrl Pts',(22.3787948856031,11.6499999999999,-14.9602074477101));
#4479=CARTESIAN_POINT('Ctrl Pts',(22.2947309405577,11.6499999999999,-15.1199759214916));
#4480=CARTESIAN_POINT('Ctrl Pts',(22.1023479062524,11.6499999999999,-15.3886778169534));
#4481=CARTESIAN_POINT('Ctrl Pts',(21.4901865304797,11.6499999999999,-15.8956958487612));
#4482=CARTESIAN_POINT('Ctrl Pts',(20.7210774475196,11.6499999999999,-16.1000005438922));
#4483=CARTESIAN_POINT('Ctrl Pts',(19.9999998509885,11.6499999999999,-16.1000005438922));
#4484=CARTESIAN_POINT('Ctrl Pts',(19.9999998509885,-3.85000000000006,-16.1000005438922));
#4485=CARTESIAN_POINT('Ctrl Pts',(19.9999998509885,46.6499999999999,-16.1000005438922));
#4486=CARTESIAN_POINT('Ctrl Pts',(19.8389591455322,-3.85000000000006,-16.1000005438922));
#4487=CARTESIAN_POINT('Ctrl Pts',(19.8389591455322,46.6499999999999,-16.1000005438922));
#4488=CARTESIAN_POINT('Ctrl Pts',(19.5307984304482,-3.85000000000006,-16.0882751613265));
#4489=CARTESIAN_POINT('Ctrl Pts',(19.5307984304482,46.6499999999999,-16.0882751613265));
#4490=CARTESIAN_POINT('Ctrl Pts',(19.1103194801389,-3.85000000000006,-16.0355122707661));
#4491=CARTESIAN_POINT('Ctrl Pts',(19.1103194801389,46.6499999999999,-16.0355122707661));
#4492=CARTESIAN_POINT('Ctrl Pts',(18.6328034937813,-3.85000000000006,-15.8990573465544));
#4493=CARTESIAN_POINT('Ctrl Pts',(18.6328034937813,46.6499999999999,-15.8990573465544));
#4494=CARTESIAN_POINT('Ctrl Pts',(18.1699817302504,-3.85000000000006,-15.6411090030001));
#4495=CARTESIAN_POINT('Ctrl Pts',(18.1699817302504,46.6499999999999,-15.6411090030001));
#4496=CARTESIAN_POINT('Ctrl Pts',(17.8313511514282,-3.85000000000006,-15.3220779026358));
#4497=CARTESIAN_POINT('Ctrl Pts',(17.8313511514282,46.6499999999999,-15.3220779026358));
#4498=CARTESIAN_POINT('Ctrl Pts',(17.5993872380818,-3.85000000000006,-14.9636733627975));
#4499=CARTESIAN_POINT('Ctrl Pts',(17.5993872380818,46.6499999999999,-14.9636733627975));
#4500=CARTESIAN_POINT('Ctrl Pts',(17.4458153353663,-3.85000000000006,-14.5743221694652));
#4501=CARTESIAN_POINT('Ctrl Pts',(17.4458153353663,46.65,-14.5743221694652));
#4502=CARTESIAN_POINT('Ctrl Pts',(17.3291374080496,-3.85000000000006,-14.1420759899463));
#4503=CARTESIAN_POINT('Ctrl Pts',(17.3291374080496,46.65,-14.1420759899463));
#4504=CARTESIAN_POINT('Ctrl Pts',(17.2042825139643,-3.85000000000006,-13.6473228115127));
#4505=CARTESIAN_POINT('Ctrl Pts',(17.2042825139643,46.65,-13.6473228115127));
#4506=CARTESIAN_POINT('Ctrl Pts',(17.0315286516962,-3.85000000000006,-13.0744623198071));
#4507=CARTESIAN_POINT('Ctrl Pts',(17.0315286516962,46.65,-13.0744623198071));
#4508=CARTESIAN_POINT('Ctrl Pts',(16.7851582693655,-3.85000000000006,-12.4233737559414));
#4509=CARTESIAN_POINT('Ctrl Pts',(16.7851582693655,46.65,-12.4233737559414));
#4510=CARTESIAN_POINT('Ctrl Pts',(16.4641365413953,-3.85000000000006,-11.7235136085942));
#4511=CARTESIAN_POINT('Ctrl Pts',(16.4641365413953,46.65,-11.7235136085942));
#4512=CARTESIAN_POINT('Ctrl Pts',(16.0984699278844,-3.85000000000006,-11.0421407056358));
#4513=CARTESIAN_POINT('Ctrl Pts',(16.0984699278844,46.65,-11.0421407056358));
#4514=CARTESIAN_POINT('Ctrl Pts',(15.7337306557701,-3.85000000000006,-10.46318298065));
#4515=CARTESIAN_POINT('Ctrl Pts',(15.7337306557701,46.6499999999999,-10.46318298065));
#4516=CARTESIAN_POINT('Ctrl Pts',(15.4821179205825,-3.85000000000006,-10.149177510738));
#4517=CARTESIAN_POINT('Ctrl Pts',(15.4821179205825,46.6499999999999,-10.149177510738));
#4518=CARTESIAN_POINT('Ctrl Pts',(15.3340099047473,-3.85000000000006,-10.0271232209019));
#4519=CARTESIAN_POINT('Ctrl Pts',(15.3340099047473,46.6499999999999,-10.0271232209019));
#4520=CARTESIAN_POINT('Ctrl Pts',(15.255705993483,-3.85000000000006,-9.99999999999989));
#4521=CARTESIAN_POINT('Ctrl Pts',(15.255705993483,46.6499999999999,-9.99999999999989));
#4522=CARTESIAN_POINT('Ctrl Pts',(15.2216626919978,-3.85000000000006,-9.99999999999989));
#4523=CARTESIAN_POINT('Ctrl Pts',(15.2216626919978,46.6499999999999,-9.99999999999989));
#4524=CARTESIAN_POINT('Ctrl Pts',(15.9376994547163,30.1499999999999,-10.7999999999999));
#4525=CARTESIAN_POINT('Ctrl Pts',(15.8636752223087,30.1499999999999,-10.6816361541738));
#4526=CARTESIAN_POINT('Ctrl Pts',(15.7915085923398,30.1499999999999,-10.5729372093456));
#4527=CARTESIAN_POINT('Ctrl Pts',(15.6409437611106,30.1499999999999,-10.3616247555968));
#4528=CARTESIAN_POINT('Ctrl Pts',(15.5342139121828,30.1499999999999,-10.2223987602049));
#4529=CARTESIAN_POINT('Ctrl Pts',(15.3979771397835,30.1499999999999,-10.0913456065902));
#4530=CARTESIAN_POINT('Ctrl Pts',(15.3568039004921,30.1499999999999,-10.0558876885697));
#4531=CARTESIAN_POINT('Ctrl Pts',(15.2999529564552,30.1499999999999,-10.0221597884951));
#4532=CARTESIAN_POINT('Ctrl Pts',(15.2829890040597,30.1499999999999,-10.0136833697014));
#4533=CARTESIAN_POINT('Ctrl Pts',(15.251542554053,30.1499999999999,-10.0031396581153));
#4534=CARTESIAN_POINT('Ctrl Pts',(15.2366079180171,30.1499999999999,-9.99999999999989));
#4535=CARTESIAN_POINT('Ctrl Pts',(15.2216626919978,30.1499999999999,-9.99999999999989));
#4536=CARTESIAN_POINT('Ctrl Pts',(16.5840729737446,-3.85000000000006,-12.0000000000182));
#4537=CARTESIAN_POINT('Ctrl Pts',(16.4505372377628,-3.85000000000267,-11.7140012541982));
#4538=CARTESIAN_POINT('Ctrl Pts',(16.3061884835391,-3.78872549097952,-11.4340834425298));
#4539=CARTESIAN_POINT('Ctrl Pts',(16.0133740438334,-3.55463973888592,-10.9148717381009));
#4540=CARTESIAN_POINT('Ctrl Pts',(15.8656410058737,-3.37927880861873,-10.6779174120045));
#4541=CARTESIAN_POINT('Ctrl Pts',(15.6208463746368,-2.97915489720084,-10.3327112932618));
#4542=CARTESIAN_POINT('Ctrl Pts',(15.52050737109,-2.77322160317198,-10.2093365387936));
#4543=CARTESIAN_POINT('Ctrl Pts',(15.349238955436,-2.3286405828983,-10.0443453324904));
#4544=CARTESIAN_POINT('Ctrl Pts',(15.2786478196478,-2.0954447093598,-10.0006915137662));
#4545=CARTESIAN_POINT('Ctrl Pts',(15.2225421271776,-1.85380087452685,-10.0000027090673));
#4546=CARTESIAN_POINT('Ctrl Pts',(15.2221019253835,-1.85190054998473,-9.99999999999989));
#4547=CARTESIAN_POINT('Ctrl Pts',(15.2216626919978,-1.85000000000005,-9.99999999999989));
#4548=CARTESIAN_POINT('Origin',(19.9999998509885,30.1499999999999,-13.050000271946));
#4549=CARTESIAN_POINT('Origin',(6.00000000000003,-1.85000000000005,-11.9999999999999));
#4550=CARTESIAN_POINT('Origin',(6.00000000000003,-1.85000000000005,-11.9999999999999));
#4551=CARTESIAN_POINT('Ctrl Pts',(38.9376997527394,22.1499999999999,39.2000000000001));
#4552=CARTESIAN_POINT('Ctrl Pts',(41.6459000169208,22.1499999999999,39.2000000000001));
#4553=CARTESIAN_POINT('Ctrl Pts',(44.3541002811022,22.1499999999999,39.2000000000001));
#4554=CARTESIAN_POINT('Ctrl Pts',(47.0623005452837,22.1499999999999,39.2000000000001));
#4555=CARTESIAN_POINT('Ctrl Pts',(38.9376997527394,22.4134057612733,39.2000000000001));
#4556=CARTESIAN_POINT('Ctrl Pts',(41.6459000169208,22.4134057612733,39.2000000000001));
#4557=CARTESIAN_POINT('Ctrl Pts',(44.3541002811022,22.4134057612733,39.2000000000001));
#4558=CARTESIAN_POINT('Ctrl Pts',(47.0623005452837,22.4134057612733,39.2000000000001));
#4559=CARTESIAN_POINT('Ctrl Pts',(38.9376997527394,23.07443756684,39.0916008268327));
#4560=CARTESIAN_POINT('Ctrl Pts',(41.6459000169208,23.07443756684,39.0916008268327));
#4561=CARTESIAN_POINT('Ctrl Pts',(44.3541002811022,23.07443756684,39.0916008268327));
#4562=CARTESIAN_POINT('Ctrl Pts',(47.0623005452837,23.07443756684,39.0916008268327));
#4563=CARTESIAN_POINT('Ctrl Pts',(38.9376997527394,24.5239889766595,38.4135765397946));
#4564=CARTESIAN_POINT('Ctrl Pts',(41.6459000169208,24.5239889766595,38.4135765397946));
#4565=CARTESIAN_POINT('Ctrl Pts',(44.3541002811022,24.5239889766595,38.4135765397946));
#4566=CARTESIAN_POINT('Ctrl Pts',(47.0623005452837,24.5239889766595,38.4135765397946));
#4567=CARTESIAN_POINT('Ctrl Pts',(38.9376997527394,26.3116042313691,37.112853856129));
#4568=CARTESIAN_POINT('Ctrl Pts',(41.6459000169208,26.3116042313691,37.112853856129));
#4569=CARTESIAN_POINT('Ctrl Pts',(44.3541002811022,26.3116042313691,37.112853856129));
#4570=CARTESIAN_POINT('Ctrl Pts',(47.0623005452837,26.3116042313691,37.112853856129));
#4571=CARTESIAN_POINT('Ctrl Pts',(38.9376997527394,28.0642078424023,35.3614830194335));
#4572=CARTESIAN_POINT('Ctrl Pts',(41.6459000169208,28.0642078424023,35.3614830194335));
#4573=CARTESIAN_POINT('Ctrl Pts',(44.3541002811022,28.0642078424023,35.3614830194335));
#4574=CARTESIAN_POINT('Ctrl Pts',(47.0623005452837,28.0642078424023,35.3614830194335));
#4575=CARTESIAN_POINT('Ctrl Pts',(38.9376997527394,29.3619861170254,33.5754982485367));
#4576=CARTESIAN_POINT('Ctrl Pts',(41.6459000169208,29.3619861170254,33.5754982485367));
#4577=CARTESIAN_POINT('Ctrl Pts',(44.3541002811022,29.3619861170254,33.5754982485367));
#4578=CARTESIAN_POINT('Ctrl Pts',(47.0623005452837,29.3619861170254,33.5754982485367));
#4579=CARTESIAN_POINT('Ctrl Pts',(38.9376997527394,30.0423032782038,32.1237587272736));
#4580=CARTESIAN_POINT('Ctrl Pts',(41.6459000169208,30.0423032782038,32.1237587272736));
#4581=CARTESIAN_POINT('Ctrl Pts',(44.3541002811022,30.0423032782038,32.1237587272736));
#4582=CARTESIAN_POINT('Ctrl Pts',(47.0623005452837,30.0423032782038,32.1237587272736));
#4583=CARTESIAN_POINT('Ctrl Pts',(38.9376997527394,30.1499999999999,31.4634057612735));
#4584=CARTESIAN_POINT('Ctrl Pts',(41.6459000169208,30.1499999999999,31.4634057612735));
#4585=CARTESIAN_POINT('Ctrl Pts',(44.3541002811022,30.1499999999999,31.4634057612735));
#4586=CARTESIAN_POINT('Ctrl Pts',(47.0623005452837,30.1499999999999,31.4634057612735));
#4587=CARTESIAN_POINT('Ctrl Pts',(38.9376997527394,30.1499999999999,31.2000000000001));
#4588=CARTESIAN_POINT('Ctrl Pts',(41.6459000169208,30.1499999999999,31.2000000000001));
#4589=CARTESIAN_POINT('Ctrl Pts',(44.3541002811022,30.1499999999999,31.2000000000001));
#4590=CARTESIAN_POINT('Ctrl Pts',(47.0623005452837,30.1499999999999,31.2000000000001));
#4591=CARTESIAN_POINT('',(45.3787951836262,22.1499999999999,39.2000000000001));
#4592=CARTESIAN_POINT('',(45.3787951836262,27.98389734016,35.3602074477102));
#4593=CARTESIAN_POINT('Ctrl Pts',(45.3787951836262,22.1499999999999,39.2000000000001));
#4594=CARTESIAN_POINT('Ctrl Pts',(45.3787951836262,22.4591257433578,39.2000000000001));
#4595=CARTESIAN_POINT('Ctrl Pts',(45.3787951836262,22.7865370716588,39.1253646324146));
#4596=CARTESIAN_POINT('Ctrl Pts',(45.3787951836262,23.7264165595789,38.8179884984418));
#4597=CARTESIAN_POINT('Ctrl Pts',(45.3787951836262,24.4697113369376,38.4198221152385));
#4598=CARTESIAN_POINT('Ctrl Pts',(45.3787951836262,26.2206158294825,37.1795210957193));
#4599=CARTESIAN_POINT('Ctrl Pts',(45.3787951836262,27.1774329551768,36.2951226777261));
#4600=CARTESIAN_POINT('Ctrl Pts',(45.3787951836262,27.98389734016,35.3602074477102));
#4601=CARTESIAN_POINT('',(40.6212051143968,22.1499999999999,39.2000000000001));
#4602=CARTESIAN_POINT('Ctrl Pts',(45.3787951836262,22.1499999999999,39.2000000000001));
#4603=CARTESIAN_POINT('Ctrl Pts',(43.7929318272164,22.1499999999999,39.2000000000001));
#4604=CARTESIAN_POINT('Ctrl Pts',(42.2070684708066,22.1499999999999,39.2000000000001));
#4605=CARTESIAN_POINT('Ctrl Pts',(40.6212051143969,22.1499999999999,39.2000000000001));
#4606=CARTESIAN_POINT('',(40.6212051143968,27.98389734016,35.3602074477102));
#4607=CARTESIAN_POINT('Ctrl Pts',(40.6212051143968,27.98389734016,35.3602074477102));
#4608=CARTESIAN_POINT('Ctrl Pts',(40.6212051143968,27.0409279261668,36.4533697534453));
#4609=CARTESIAN_POINT('Ctrl Pts',(40.6212051143969,25.9121536539971,37.4539176642941));
#4610=CARTESIAN_POINT('Ctrl Pts',(40.6212051143969,24.3233518607912,38.4794025493156));
#4611=CARTESIAN_POINT('Ctrl Pts',(40.6212051143969,23.7781997948771,38.7779461606176));
#4612=CARTESIAN_POINT('Ctrl Pts',(40.6212051143969,22.9484996274734,39.0802239458563));
#4613=CARTESIAN_POINT('Ctrl Pts',(40.6212051143968,22.5408713163753,39.2000000000001));
#4614=CARTESIAN_POINT('Ctrl Pts',(40.6212051143968,22.1499999999999,39.2000000000001));
#4615=CARTESIAN_POINT('',(38.9376997527394,30.1499999999999,31.2000000000001));
#4616=CARTESIAN_POINT('Ctrl Pts',(38.9376997527394,30.1499999999999,31.2000000000001));
#4617=CARTESIAN_POINT('Ctrl Pts',(39.1378232330918,30.1499999999999,31.5199950070967));
#4618=CARTESIAN_POINT('Ctrl Pts',(39.3380479776736,30.0694116730995,31.8868239692047));
#4619=CARTESIAN_POINT('Ctrl Pts',(39.6817468771221,29.8119298658623,32.6010526700823));
#4620=CARTESIAN_POINT('Ctrl Pts',(39.8642231957514,29.6247734444122,33.0145579562649));
#4621=CARTESIAN_POINT('Ctrl Pts',(40.1807934761287,29.0723170752223,33.9489797765843));
#4622=CARTESIAN_POINT('Ctrl Pts',(40.2712955946284,28.8071054934194,34.3223144962032));
#4623=CARTESIAN_POINT('Ctrl Pts',(40.4308941633943,28.3651982914295,34.9082553777092));
#4624=CARTESIAN_POINT('Ctrl Pts',(40.5093195118591,28.1673265446638,35.1475622768712));
#4625=CARTESIAN_POINT('Ctrl Pts',(40.6212051143969,27.98389734016,35.3602074477102));
#4626=CARTESIAN_POINT('',(47.0623005452837,30.1499999999999,31.2000000000001));
#4627=CARTESIAN_POINT('Ctrl Pts',(38.9376997527394,30.1499999999999,31.2000000000001));
#4628=CARTESIAN_POINT('Ctrl Pts',(41.6459000169208,30.1499999999999,31.2000000000001));
#4629=CARTESIAN_POINT('Ctrl Pts',(44.3541002811022,30.1499999999999,31.2000000000001));
#4630=CARTESIAN_POINT('Ctrl Pts',(47.0623005452837,30.1499999999999,31.2000000000001));
#4631=CARTESIAN_POINT('Ctrl Pts',(45.3787951836262,27.98389734016,35.3602074477102));
#4632=CARTESIAN_POINT('Ctrl Pts',(45.4845316337622,28.1572454072535,35.1592491028195));
#4633=CARTESIAN_POINT('Ctrl Pts',(45.5566991580287,28.3346701664727,34.9435692223963));
#4634=CARTESIAN_POINT('Ctrl Pts',(45.7429541795681,28.8413334102207,34.2836677197921));
#4635=CARTESIAN_POINT('Ctrl Pts',(45.9182303951806,29.4025860745195,33.5169481254464));
#4636=CARTESIAN_POINT('Ctrl Pts',(46.4361215812644,29.9093404696965,32.3488152618799));
#4637=CARTESIAN_POINT('Ctrl Pts',(46.5680713265063,30.0062782312386,32.0775431030567));
#4638=CARTESIAN_POINT('Ctrl Pts',(46.8187611994437,30.1187690461891,31.6080409519955));
#4639=CARTESIAN_POINT('Ctrl Pts',(46.9375452341751,30.1499999999999,31.399482222642));
#4640=CARTESIAN_POINT('Ctrl Pts',(47.0623005452837,30.1499999999999,31.2000000000001));
#4641=CARTESIAN_POINT('Ctrl Pts',(38.2216629900209,-3.85000000000006,30.4000000000001));
#4642=CARTESIAN_POINT('Ctrl Pts',(38.2216629900209,46.6499999999999,30.4000000000001));
#4643=CARTESIAN_POINT('Ctrl Pts',(38.255706291506,-3.85000000000006,30.4000000000001));
#4644=CARTESIAN_POINT('Ctrl Pts',(38.255706291506,46.6499999999999,30.4000000000001));
#4645=CARTESIAN_POINT('Ctrl Pts',(38.3340102027704,-3.85000000000006,30.4271232209021));
#4646=CARTESIAN_POINT('Ctrl Pts',(38.3340102027704,46.6499999999999,30.4271232209021));
#4647=CARTESIAN_POINT('Ctrl Pts',(38.4821182186055,-3.85000000000006,30.5491775107383));
#4648=CARTESIAN_POINT('Ctrl Pts',(38.4821182186055,46.65,30.5491775107383));
#4649=CARTESIAN_POINT('Ctrl Pts',(38.7337309537931,-3.85000000000006,30.8631829806502));
#4650=CARTESIAN_POINT('Ctrl Pts',(38.7337309537931,46.65,30.8631829806502));
#4651=CARTESIAN_POINT('Ctrl Pts',(39.0984702259074,-3.85000000000006,31.4421407056361));
#4652=CARTESIAN_POINT('Ctrl Pts',(39.0984702259074,46.65,31.4421407056361));
#4653=CARTESIAN_POINT('Ctrl Pts',(39.4641368394183,-3.85000000000006,32.1235136085944));
#4654=CARTESIAN_POINT('Ctrl Pts',(39.4641368394183,46.65,32.1235136085944));
#4655=CARTESIAN_POINT('Ctrl Pts',(39.7851585673885,-3.85000000000006,32.8233737559416));
#4656=CARTESIAN_POINT('Ctrl Pts',(39.7851585673885,46.65,32.8233737559416));
#4657=CARTESIAN_POINT('Ctrl Pts',(40.0315289497193,-3.85000000000006,33.4744623198073));
#4658=CARTESIAN_POINT('Ctrl Pts',(40.0315289497193,46.65,33.4744623198073));
#4659=CARTESIAN_POINT('Ctrl Pts',(40.2042828119873,-3.85000000000006,34.0473228115129));
#4660=CARTESIAN_POINT('Ctrl Pts',(40.2042828119873,46.65,34.0473228115129));
#4661=CARTESIAN_POINT('Ctrl Pts',(40.3291377060726,-3.85000000000006,34.5420759899465));
#4662=CARTESIAN_POINT('Ctrl Pts',(40.3291377060726,46.65,34.5420759899465));
#4663=CARTESIAN_POINT('Ctrl Pts',(40.4458156333893,-3.85000000000006,34.9743221694654));
#4664=CARTESIAN_POINT('Ctrl Pts',(40.4458156333893,46.65,34.9743221694654));
#4665=CARTESIAN_POINT('Ctrl Pts',(40.5993875361048,-3.85000000000006,35.3636733627977));
#4666=CARTESIAN_POINT('Ctrl Pts',(40.5993875361048,46.65,35.3636733627977));
#4667=CARTESIAN_POINT('Ctrl Pts',(40.8313514494512,-3.85000000000006,35.722077902636));
#4668=CARTESIAN_POINT('Ctrl Pts',(40.8313514494512,46.6499999999999,35.722077902636));
#4669=CARTESIAN_POINT('Ctrl Pts',(41.1699820282734,-3.85000000000006,36.0411090030003));
#4670=CARTESIAN_POINT('Ctrl Pts',(41.1699820282734,46.6499999999999,36.0411090030003));
#4671=CARTESIAN_POINT('Ctrl Pts',(41.6328037918043,-3.85000000000006,36.2990573465546));
#4672=CARTESIAN_POINT('Ctrl Pts',(41.6328037918043,46.6499999999999,36.2990573465546));
#4673=CARTESIAN_POINT('Ctrl Pts',(42.110319778162,-3.85000000000006,36.4355122707663));
#4674=CARTESIAN_POINT('Ctrl Pts',(42.110319778162,46.6499999999999,36.4355122707663));
#4675=CARTESIAN_POINT('Ctrl Pts',(42.5307987284712,-3.85000000000006,36.4882751613267));
#4676=CARTESIAN_POINT('Ctrl Pts',(42.5307987284712,46.6499999999999,36.4882751613267));
#4677=CARTESIAN_POINT('Ctrl Pts',(42.8389594435552,-3.85000000000006,36.5000005438924));
#4678=CARTESIAN_POINT('Ctrl Pts',(42.8389594435552,46.6499999999999,36.5000005438924));
#4679=CARTESIAN_POINT('Ctrl Pts',(43.0000001490115,-3.85000000000006,36.5000005438924));
#4680=CARTESIAN_POINT('Ctrl Pts',(43.0000001490115,46.6499999999999,36.5000005438924));
#4681=CARTESIAN_POINT('',(40.6212051143968,14.1499999999999,35.3602074477102));
#4682=CARTESIAN_POINT('Ctrl Pts',(40.6212051143968,27.98389734016,35.3602074477102));
#4683=CARTESIAN_POINT('Ctrl Pts',(40.6212051143968,25.78926489344,35.3602074477102));
#4684=CARTESIAN_POINT('Ctrl Pts',(40.6212051143968,23.59463244672,35.3602074477102));
#4685=CARTESIAN_POINT('Ctrl Pts',(40.6212051143968,18.9833333333333,35.3602074477102));
#4686=CARTESIAN_POINT('Ctrl Pts',(40.6212051143968,16.5666666666666,35.3602074477102));
#4687=CARTESIAN_POINT('Ctrl Pts',(40.6212051143968,14.1499999999999,35.3602074477102));
#4688=CARTESIAN_POINT('',(40.6212051371067,11.6499999999999,35.3602074908716));
#4689=CARTESIAN_POINT('Ctrl Pts',(40.6212051371067,11.6499999999999,35.3602074908716));
#4690=CARTESIAN_POINT('Ctrl Pts',(40.6212051371067,12.4833333333333,35.3602074908716));
#4691=CARTESIAN_POINT('Ctrl Pts',(40.6212051177613,13.3166666666666,35.3602074541045));
#4692=CARTESIAN_POINT('Ctrl Pts',(40.6212051143968,14.1499999999999,35.3602074477102));
#4693=CARTESIAN_POINT('',(43.0000001490115,11.6499999999999,36.5000005438924));
#4694=CARTESIAN_POINT('Ctrl Pts',(43.0000001490115,11.6499999999999,36.5000005438924));
#4695=CARTESIAN_POINT('Ctrl Pts',(42.2789225524708,11.6499999999999,36.5000005438924));
#4696=CARTESIAN_POINT('Ctrl Pts',(41.5098506629644,11.6499999999999,36.2956897326068));
#4697=CARTESIAN_POINT('Ctrl Pts',(40.8976683778077,11.6499999999999,35.788684832818));
#4698=CARTESIAN_POINT('Ctrl Pts',(40.7052690767676,11.6499999999999,35.5199759456886));
#4699=CARTESIAN_POINT('Ctrl Pts',(40.6212051371066,11.6499999999999,35.3602074908714));
#4700=CARTESIAN_POINT('',(43.0000001490115,-3.85000000000006,36.5000005438924));
#4701=CARTESIAN_POINT('Ctrl Pts',(38.2216629900209,30.1499999999999,30.4000000000001));
#4702=CARTESIAN_POINT('Ctrl Pts',(38.2368189588888,30.1499999999999,30.4000000000001));
#4703=CARTESIAN_POINT('Ctrl Pts',(38.2519665431629,30.1499999999999,30.4032289631909));
#4704=CARTESIAN_POINT('Ctrl Pts',(38.2932046567188,30.1499999999999,30.417210710351));
#4705=CARTESIAN_POINT('Ctrl Pts',(38.319850274872,30.1499999999999,30.4329774971919));
#4706=CARTESIAN_POINT('Ctrl Pts',(38.4039703678441,30.1499999999999,30.4920186473868));
#4707=CARTESIAN_POINT('Ctrl Pts',(38.4677922909592,30.1499999999999,30.5570709559854));
#4708=CARTESIAN_POINT('Ctrl Pts',(38.6482101456017,30.1499999999999,30.7633822135294));
#4709=CARTESIAN_POINT('Ctrl Pts',(38.7906967453916,30.1499999999999,30.9649439821024));
#4710=CARTESIAN_POINT('Ctrl Pts',(38.9376997527394,30.1499999999999,31.2000000000001));
#4711=CARTESIAN_POINT('Origin',(40.6212051143968,19.1499999999999,39.2000000000001));
#4712=CARTESIAN_POINT('',(40.6212051143536,17.6203892570037,39.2000000000001));
#4713=CARTESIAN_POINT('',(40.6212051143968,19.1499999999999,39.2000000000001));
#4714=CARTESIAN_POINT('',(40.6212051143968,13.7477542633508,37.0106669994663));
#4715=CARTESIAN_POINT('Ctrl Pts',(40.6212051143969,17.6203892569698,39.2000000000001));
#4716=CARTESIAN_POINT('Ctrl Pts',(40.6212051143969,17.0678540723927,39.2000000000001));
#4717=CARTESIAN_POINT('Ctrl Pts',(40.6212051143968,16.5134325238523,39.1003226286261));
#4718=CARTESIAN_POINT('Ctrl Pts',(40.6212051143968,15.5138128270837,38.734112998973));
#4719=CARTESIAN_POINT('Ctrl Pts',(40.6212051143969,15.0613314897699,38.4780072359085));
#4720=CARTESIAN_POINT('Ctrl Pts',(40.6212051143969,14.2933865871571,37.8251723433573));
#4721=CARTESIAN_POINT('Ctrl Pts',(40.6212051143969,13.9809740620206,37.4429831146673));
#4722=CARTESIAN_POINT('Ctrl Pts',(40.6212051143969,13.7477542633507,37.0106669994662));
#4723=CARTESIAN_POINT('Ctrl Pts',(40.6212051143968,13.7477542633508,37.0106669994664));
#4724=CARTESIAN_POINT('Ctrl Pts',(40.6212051143968,13.6085742703598,36.752671090771));
#4725=CARTESIAN_POINT('Ctrl Pts',(40.6212051143969,13.4379403775014,36.5116166624655));
#4726=CARTESIAN_POINT('Ctrl Pts',(40.6212051143969,13.0136995941634,36.0333986501878));
#4727=CARTESIAN_POINT('Ctrl Pts',(40.6212051143968,12.7622378011696,35.818395950952));
#4728=CARTESIAN_POINT('Ctrl Pts',(40.6212051143968,12.3937139589551,35.5785842395977));
#4729=CARTESIAN_POINT('Ctrl Pts',(40.6212051143969,12.2529298169187,35.5022191399115));
#4730=CARTESIAN_POINT('Ctrl Pts',(40.6212051143969,11.944961557649,35.3870689122643));
#4731=CARTESIAN_POINT('Ctrl Pts',(40.6212051143969,11.7946193440341,35.3602074477103));
#4732=CARTESIAN_POINT('Ctrl Pts',(40.6212051143969,11.65,35.3602074477103));
#4733=CARTESIAN_POINT('Origin',(45.3787951836262,19.1499999999999,39.2000000000001));
#4734=CARTESIAN_POINT('',(45.3787951836342,17.620389256976,39.2000000000001));
#4735=CARTESIAN_POINT('',(45.3787951836262,19.1499999999999,39.2000000000001));
#4736=CARTESIAN_POINT('',(43.0000001490115,16.9235183574553,39.2000000000001));
#4737=CARTESIAN_POINT('Ctrl Pts',(43.0000001490116,16.9235183574553,39.2000000000001));
#4738=CARTESIAN_POINT('Ctrl Pts',(43.1191036597421,16.9235183574553,39.2000000000001));
#4739=CARTESIAN_POINT('Ctrl Pts',(43.3570259014254,16.9306851466033,39.2000000000001));
#4740=CARTESIAN_POINT('Ctrl Pts',(43.7140258754795,16.9729995582786,39.2000000000001));
#4741=CARTESIAN_POINT('Ctrl Pts',(44.064083818894,17.0591667851624,39.2000000000001));
#4742=CARTESIAN_POINT('Ctrl Pts',(44.39690646537,17.1892926020008,39.2000000000001));
#4743=CARTESIAN_POINT('Ctrl Pts',(44.6675561194688,17.3134773009516,39.2000000000001));
#4744=CARTESIAN_POINT('Ctrl Pts',(44.857640132672,17.3994266874785,39.2));
#4745=CARTESIAN_POINT('Ctrl Pts',(44.9665114053565,17.4478743771868,39.2));
#4746=CARTESIAN_POINT('Ctrl Pts',(45.075649810873,17.4956141679184,39.2));
#4747=CARTESIAN_POINT('Ctrl Pts',(45.1853013613971,17.5422081727217,39.2));
#4748=CARTESIAN_POINT('Ctrl Pts',(45.2818555053058,17.5817451566139,39.2));
#4749=CARTESIAN_POINT('Ctrl Pts',(45.3302750374301,17.6011819366312,39.2));
#4750=CARTESIAN_POINT('Ctrl Pts',(45.3579869275344,17.6121907201748,39.2));
#4751=CARTESIAN_POINT('Ctrl Pts',(45.3718567337923,17.6176620012072,39.2));
#4752=CARTESIAN_POINT('Ctrl Pts',(45.3787951836353,17.6203892569733,39.2));
#4753=CARTESIAN_POINT('Ctrl Pts',(40.6212051143478,17.620389256989,39.2000000000001));
#4754=CARTESIAN_POINT('Ctrl Pts',(40.7320949364467,17.5768024452998,39.2000000000001));
#4755=CARTESIAN_POINT('Ctrl Pts',(40.951875657444,17.4853033290154,39.2000000000002));
#4756=CARTESIAN_POINT('Ctrl Pts',(41.2780207639981,17.3383926665954,39.2000000000001));
#4757=CARTESIAN_POINT('Ctrl Pts',(41.6034643903341,17.1890978493685,39.2000000000002));
#4758=CARTESIAN_POINT('Ctrl Pts',(41.9359142354241,17.0591683572648,39.2000000000001));
#4759=CARTESIAN_POINT('Ctrl Pts',(42.3998732396441,16.9448585473493,39.2000000000001));
#4760=CARTESIAN_POINT('Ctrl Pts',(42.7618780797963,16.9235183574553,39.2000000000001));
#4761=CARTESIAN_POINT('Ctrl Pts',(43.0000001490115,16.9235183574553,39.2000000000001));
#4762=CARTESIAN_POINT('Ctrl Pts',(43.0000001490116,13.6782762913289,37.5384618731646));
#4763=CARTESIAN_POINT('Ctrl Pts',(43.1849554982956,13.6782762913289,37.5384618731646));
#4764=CARTESIAN_POINT('Ctrl Pts',(43.5826262006187,13.6810327486935,37.5269124096497));
#4765=CARTESIAN_POINT('Ctrl Pts',(44.283422203985,13.6973075224148,37.4386461001132));
#4766=CARTESIAN_POINT('Ctrl Pts',(45.1303601425753,13.730448763524,37.1833170947472));
#4767=CARTESIAN_POINT('Ctrl Pts',(45.901326782932,13.7804971546157,36.692733374949));
#4768=CARTESIAN_POINT('Ctrl Pts',(46.2642388322514,13.828260500366,36.3463698406704));
#4769=CARTESIAN_POINT('Ctrl Pts',(46.4494833956356,13.8613179567225,36.1755192227911));
#4770=CARTESIAN_POINT('Ctrl Pts',(46.5409599975895,13.8799516835334,36.0893423686775));
#4771=CARTESIAN_POINT('Ctrl Pts',(46.6256638123463,13.898313141507,36.0120246914949));
#4772=CARTESIAN_POINT('Ctrl Pts',(46.7018830715813,13.9162339125852,35.9447081869267));
#4773=CARTESIAN_POINT('Ctrl Pts',(46.763729539589,13.9314404448515,35.8927280822492));
#4774=CARTESIAN_POINT('Ctrl Pts',(46.7936389088023,13.9389161294735,35.8682046590277));
#4775=CARTESIAN_POINT('Ctrl Pts',(46.8104680954633,13.9431502769903,35.8545945896706));
#4776=CARTESIAN_POINT('Ctrl Pts',(46.8188013462964,13.9452546158489,35.8479173140052));
#4777=CARTESIAN_POINT('Ctrl Pts',(46.8229464894866,13.9463035603743,35.844609416511));
#4778=CARTESIAN_POINT('Ctrl Pts',(43.0000001490116,14.0998187038398,38.1234648554392));
#4779=CARTESIAN_POINT('Ctrl Pts',(43.1764260070115,14.0998187038398,38.1234648554392));
#4780=CARTESIAN_POINT('Ctrl Pts',(43.5525735967422,14.1029735937363,38.115118345702));
#4781=CARTESIAN_POINT('Ctrl Pts',(44.2104581380023,14.1105999179233,38.0546817319277));
#4782=CARTESIAN_POINT('Ctrl Pts',(45.0037883036671,14.1149392563054,37.8797167299675));
#4783=CARTESIAN_POINT('Ctrl Pts',(45.7607130214268,14.0950153969548,37.5342772869816));
#4784=CARTESIAN_POINT('Ctrl Pts',(46.1479643399935,14.0842751364279,37.2811807448943));
#4785=CARTESIAN_POINT('Ctrl Pts',(46.3484100685882,14.0870158498749,37.154028719185));
#4786=CARTESIAN_POINT('Ctrl Pts',(46.4490171363184,14.0893503847039,37.0896145591625));
#4787=CARTESIAN_POINT('Ctrl Pts',(46.5421837527178,14.0929590529477,37.0314531342435));
#4788=CARTESIAN_POINT('Ctrl Pts',(46.6261985309494,14.0978777117961,36.9803458727517));
#4789=CARTESIAN_POINT('Ctrl Pts',(46.6944241614657,14.1024613414916,36.9407950211935));
#4790=CARTESIAN_POINT('Ctrl Pts',(46.7273807176421,14.104875264789,36.9220771053333));
#4791=CARTESIAN_POINT('Ctrl Pts',(46.7459229069263,14.1062551537538,36.9116869685247));
#4792=CARTESIAN_POINT('Ctrl Pts',(46.7550969679442,14.1069584196259,36.9065825143983));
#4793=CARTESIAN_POINT('Ctrl Pts',(46.7596622108288,14.107305985878,36.9040552837788));
#4794=CARTESIAN_POINT('Ctrl Pts',(43.0000001490116,15.1205597061563,38.9410269594275));
#4795=CARTESIAN_POINT('Ctrl Pts',(43.1556857023274,15.1205597061563,38.9410269594275));
#4796=CARTESIAN_POINT('Ctrl Pts',(43.4821280065709,15.1231601486399,38.9392910514363));
#4797=CARTESIAN_POINT('Ctrl Pts',(44.032726219534,15.1339049253809,38.9240858056089));
#4798=CARTESIAN_POINT('Ctrl Pts',(44.6741883804131,15.1403400515871,38.8799334233548));
#4799=CARTESIAN_POINT('Ctrl Pts',(45.3101349301805,15.112958063769,38.7897359621994));
#4800=CARTESIAN_POINT('Ctrl Pts',(45.6841366870511,15.0960394057199,38.7211083275823));
#4801=CARTESIAN_POINT('Ctrl Pts',(45.8933715317987,15.0974351329529,38.6862086554392));
#4802=CARTESIAN_POINT('Ctrl Pts',(46.0026764157224,15.100007772307,38.6682788676193));
#4803=CARTESIAN_POINT('Ctrl Pts',(46.1062508298971,15.1040431486784,38.6520626755536));
#4804=CARTESIAN_POINT('Ctrl Pts',(46.2029125697103,15.1095065799872,38.6377888326316));
#4805=CARTESIAN_POINT('Ctrl Pts',(46.2832079975953,15.1151674232848,38.6266111330008));
#4806=CARTESIAN_POINT('Ctrl Pts',(46.3224507204165,15.1181370952523,38.621313576772));
#4807=CARTESIAN_POINT('Ctrl Pts',(46.3446341675464,15.1198735176858,38.6183629492678));
#4808=CARTESIAN_POINT('Ctrl Pts',(46.3556505754796,15.1207514889465,38.616913719042));
#4809=CARTESIAN_POINT('Ctrl Pts',(46.3611394449395,15.1211933728785,38.6161944649666));
#4810=CARTESIAN_POINT('Ctrl Pts',(43.0000001490116,16.382723892493,39.2000000000001));
#4811=CARTESIAN_POINT('Ctrl Pts',(43.1300726847791,16.382723892493,39.2000000000001));
#4812=CARTESIAN_POINT('Ctrl Pts',(43.3946295276485,16.388337448115,39.19968670681));
#4813=CARTESIAN_POINT('Ctrl Pts',(43.80971067568,16.421142585003,39.1995968426574));
#4814=CARTESIAN_POINT('Ctrl Pts',(44.2472025265813,16.4833215364501,39.1994069265624));
#4815=CARTESIAN_POINT('Ctrl Pts',(44.6708438817818,16.5663535726118,39.1995194875252));
#4816=CARTESIAN_POINT('Ctrl Pts',(44.9723851889987,16.6484092101225,39.1997370675456));
#4817=CARTESIAN_POINT('Ctrl Pts',(45.1682089406655,16.7090296447304,39.1997294297059));
#4818=CARTESIAN_POINT('Ctrl Pts',(45.2771810046175,16.7438031867238,39.1998414273046));
#4819=CARTESIAN_POINT('Ctrl Pts',(45.3846401340072,16.7784861372164,39.1998977754745));
#4820=CARTESIAN_POINT('Ctrl Pts',(45.4904081352246,16.8127530941433,39.1998840286735));
#4821=CARTESIAN_POINT('Ctrl Pts',(45.5820815392995,16.8421792251139,39.1999440058768));
#4822=CARTESIAN_POINT('Ctrl Pts',(45.6277490584617,16.8566978377237,39.199967456567));
#4823=CARTESIAN_POINT('Ctrl Pts',(45.6538017511896,16.8649407970894,39.1999866272997));
#4824=CARTESIAN_POINT('Ctrl Pts',(45.6668156924736,16.8690410907709,39.1999946471688));
#4825=CARTESIAN_POINT('Ctrl Pts',(45.6733190163791,16.8710870219464,39.2));
#4826=CARTESIAN_POINT('Ctrl Pts',(43.0000001490116,16.9235183574553,39.2000000000001));
#4827=CARTESIAN_POINT('Ctrl Pts',(43.1191036597421,16.9235183574553,39.2000000000001));
#4828=CARTESIAN_POINT('Ctrl Pts',(43.3570259014254,16.9306851466033,39.2000000000001));
#4829=CARTESIAN_POINT('Ctrl Pts',(43.7140258754795,16.9729995582786,39.2000000000001));
#4830=CARTESIAN_POINT('Ctrl Pts',(44.064083818894,17.0591667851624,39.2000000000001));
#4831=CARTESIAN_POINT('Ctrl Pts',(44.39690646537,17.1892926020008,39.2000000000001));
#4832=CARTESIAN_POINT('Ctrl Pts',(44.6675561194688,17.3134773009516,39.2000000000001));
#4833=CARTESIAN_POINT('Ctrl Pts',(44.857640132672,17.3994266874785,39.2));
#4834=CARTESIAN_POINT('Ctrl Pts',(44.9665114053565,17.4478743771868,39.2));
#4835=CARTESIAN_POINT('Ctrl Pts',(45.075649810873,17.4956141679184,39.2));
#4836=CARTESIAN_POINT('Ctrl Pts',(45.1853013613971,17.5422081727217,39.2));
#4837=CARTESIAN_POINT('Ctrl Pts',(45.2818555053058,17.5817451566139,39.2));
#4838=CARTESIAN_POINT('Ctrl Pts',(45.3302750374301,17.6011819366312,39.2));
#4839=CARTESIAN_POINT('Ctrl Pts',(45.3579869275344,17.6121907201748,39.2));
#4840=CARTESIAN_POINT('Ctrl Pts',(45.3718567337923,17.6176620012072,39.2));
#4841=CARTESIAN_POINT('Ctrl Pts',(45.3787951836353,17.6203892569733,39.2));
#4842=CARTESIAN_POINT('',(45.3787951836261,13.7477542633508,37.0106669994664));
#4843=CARTESIAN_POINT('Ctrl Pts',(45.3787951836261,13.7477542633509,37.0106669994665));
#4844=CARTESIAN_POINT('Ctrl Pts',(45.3787951836261,13.9874901322166,37.45506185828));
#4845=CARTESIAN_POINT('Ctrl Pts',(45.3787951836262,14.3107743798574,37.8462967367882));
#4846=CARTESIAN_POINT('Ctrl Pts',(45.3787951836262,15.0633237884279,38.4732499910575));
#4847=CARTESIAN_POINT('Ctrl Pts',(45.3787951836259,15.4765399688368,38.7104593413314));
#4848=CARTESIAN_POINT('Ctrl Pts',(45.3787951836259,16.4562707757278,39.0897821857334));
#4849=CARTESIAN_POINT('Ctrl Pts',(45.3787951836262,17.0395795213142,39.2000000000002));
#4850=CARTESIAN_POINT('Ctrl Pts',(45.3787951836262,17.6203892569697,39.2000000000002));
#4851=CARTESIAN_POINT('',(43.0000001490116,13.6782762913289,37.5384618731646));
#4852=CARTESIAN_POINT('Ctrl Pts',(45.378761028714,13.7478436152733,37.0101937112626));
#4853=CARTESIAN_POINT('Ctrl Pts',(45.294150542716,13.7427166366089,37.0578592267387));
#4854=CARTESIAN_POINT('Ctrl Pts',(44.9411371114978,13.7230443412982,37.2403627484084));
#4855=CARTESIAN_POINT('Ctrl Pts',(44.283422203985,13.6973075224148,37.4386461001132));
#4856=CARTESIAN_POINT('Ctrl Pts',(43.5826262006187,13.6810327486935,37.5269124096497));
#4857=CARTESIAN_POINT('Ctrl Pts',(43.1849554982956,13.6782762913289,37.5384618731646));
#4858=CARTESIAN_POINT('Ctrl Pts',(43.0000001490116,13.6782762913289,37.5384618731646));
#4859=CARTESIAN_POINT('Origin',(43.0000001490115,16.9235183574553,35.2000000000001));
#4860=CARTESIAN_POINT('Ctrl Pts',(43.0000001490115,16.9235183574553,39.2000000000001));
#4861=CARTESIAN_POINT('Ctrl Pts',(42.7618780797963,16.9235183574553,39.2000000000001));
#4862=CARTESIAN_POINT('Ctrl Pts',(42.3998732396441,16.9448585473493,39.2000000000001));
#4863=CARTESIAN_POINT('Ctrl Pts',(41.9359142354241,17.0591683572648,39.2000000000001));
#4864=CARTESIAN_POINT('Ctrl Pts',(41.6034643903341,17.1890978493685,39.2000000000002));
#4865=CARTESIAN_POINT('Ctrl Pts',(41.2780207639981,17.3383926665954,39.2000000000001));
#4866=CARTESIAN_POINT('Ctrl Pts',(40.951875657444,17.4853033290154,39.2000000000002));
#4867=CARTESIAN_POINT('Ctrl Pts',(40.7320949364467,17.5768024452998,39.2000000000001));
#4868=CARTESIAN_POINT('Ctrl Pts',(40.6212051143478,17.620389256989,39.2000000000001));
#4869=CARTESIAN_POINT('Ctrl Pts',(43.0000001490115,16.2024590708389,39.2000000000001));
#4870=CARTESIAN_POINT('Ctrl Pts',(42.7326080893964,16.2024590708389,39.2000000000001));
#4871=CARTESIAN_POINT('Ctrl Pts',(42.3104458303048,16.220838958352,39.1974502079872));
#4872=CARTESIAN_POINT('Ctrl Pts',(41.6928355220373,16.2930447072457,39.1977507826918));
#4873=CARTESIAN_POINT('Ctrl Pts',(41.238793679161,16.3598375735822,39.198446888446));
#4874=CARTESIAN_POINT('Ctrl Pts',(40.8636527669064,16.4412044166354,39.1994536888375));
#4875=CARTESIAN_POINT('Ctrl Pts',(40.5358373027137,16.5324322287468,39.2001262843367));
#4876=CARTESIAN_POINT('Ctrl Pts',(40.3301472640295,16.5924894974406,39.1996864906234));
#4877=CARTESIAN_POINT('Ctrl Pts',(40.2285066706928,16.6213196102812,39.2000000000001));
#4878=CARTESIAN_POINT('Ctrl Pts',(43.0000001490115,14.9424198849475,38.8498254348421));
#4879=CARTESIAN_POINT('Ctrl Pts',(42.6815120129728,14.9424198849475,38.8498254348421));
#4880=CARTESIAN_POINT('Ctrl Pts',(42.152940198556,14.9528196431457,38.8465774603663));
#4881=CARTESIAN_POINT('Ctrl Pts',(41.26727160098,14.9524765826942,38.7666930853091));
#4882=CARTESIAN_POINT('Ctrl Pts',(40.6022104940108,14.9114440518094,38.6420916346997));
#4883=CARTESIAN_POINT('Ctrl Pts',(40.1422409792363,14.8778801610286,38.5283268059349));
#4884=CARTESIAN_POINT('Ctrl Pts',(39.8126265572915,14.8750422238836,38.4533704109276));
#4885=CARTESIAN_POINT('Ctrl Pts',(39.6314694458952,14.8811707310185,38.4167848326658));
#4886=CARTESIAN_POINT('Ctrl Pts',(39.5461330798795,14.8852833378904,38.4007732206854));
#4887=CARTESIAN_POINT('Ctrl Pts',(43.0000001490115,13.9944331007121,37.9772141098706));
#4888=CARTESIAN_POINT('Ctrl Pts',(42.6430344844235,13.9944331007121,37.9772141098706));
#4889=CARTESIAN_POINT('Ctrl Pts',(42.0320112801316,14.0031017910938,37.9653392303308));
#4890=CARTESIAN_POINT('Ctrl Pts',(40.965850370276,14.0178478460852,37.708908480985));
#4891=CARTESIAN_POINT('Ctrl Pts',(40.2051955061197,14.0154363838998,37.3257355730917));
#4892=CARTESIAN_POINT('Ctrl Pts',(39.7473303246958,14.0209144586088,36.9945505541757));
#4893=CARTESIAN_POINT('Ctrl Pts',(39.4493700193284,14.0415241166878,36.7837218813536));
#4894=CARTESIAN_POINT('Ctrl Pts',(39.2957821421442,14.0585119084139,36.6828442478512));
#4895=CARTESIAN_POINT('Ctrl Pts',(39.2245170175042,14.0670553795051,36.6391938169463));
#4896=CARTESIAN_POINT('Ctrl Pts',(43.0000001490115,13.6782762913289,37.5384618731646));
#4897=CARTESIAN_POINT('Ctrl Pts',(42.6302213724285,13.6782762913289,37.5384618731646));
#4898=CARTESIAN_POINT('Ctrl Pts',(41.9902081483449,13.6864840566727,37.5219233531371));
#4899=CARTESIAN_POINT('Ctrl Pts',(40.8713879442916,13.7304493681787,37.1861338734227));
#4900=CARTESIAN_POINT('Ctrl Pts',(40.1000420279383,13.780422249757,36.694164188547));
#4901=CARTESIAN_POINT('Ctrl Pts',(39.6635164813915,13.8378433333058,36.2798449199098));
#4902=CARTESIAN_POINT('Ctrl Pts',(39.3856218915362,13.8943474342366,36.0204369721794));
#4903=CARTESIAN_POINT('Ctrl Pts',(39.2433011982501,13.9295394020383,35.8974760038329));
#4904=CARTESIAN_POINT('Ctrl Pts',(39.1770538085126,13.9463035603803,35.8446094164921));
#4905=CARTESIAN_POINT('Ctrl Pts',(43.0000001490115,13.6782762913289,37.5384618731646));
#4906=CARTESIAN_POINT('Ctrl Pts',(42.6302213724285,13.6782762913289,37.5384618731646));
#4907=CARTESIAN_POINT('Ctrl Pts',(41.9902081483449,13.6864840566727,37.5219233531371));
#4908=CARTESIAN_POINT('Ctrl Pts',(41.0582648162711,13.7231058291006,37.2422208902511));
#4909=CARTESIAN_POINT('Ctrl Pts',(40.7057675741555,13.7427706732413,37.0594194032116));
#4910=CARTESIAN_POINT('Ctrl Pts',(40.6208030168903,13.7479246441436,37.0113966996222));
#4911=CARTESIAN_POINT('Ctrl Pts',(43.0000001490115,13.7477542633508,37.6400641297196));
#4912=CARTESIAN_POINT('Ctrl Pts',(43.8697489161229,13.7477542633508,37.6400641297196));
#4913=CARTESIAN_POINT('Ctrl Pts',(44.9566557993409,13.7477542633508,37.3880015877986));
#4914=CARTESIAN_POINT('Ctrl Pts',(45.9466605038028,13.7477542633508,36.5764286998632));
#4915=CARTESIAN_POINT('Ctrl Pts',(46.2586132872399,13.7477542633508,36.1364455118147));
#4916=CARTESIAN_POINT('Ctrl Pts',(46.3877225703122,13.7477542633508,35.891065722699));
#4917=CARTESIAN_POINT('Ctrl Pts',(43.0000001490115,13.2964232086491,36.9438686059318));
#4918=CARTESIAN_POINT('Ctrl Pts',(43.7781636762961,13.2964232086491,36.9438686059317));
#4919=CARTESIAN_POINT('Ctrl Pts',(44.6731175573473,13.2964232086491,36.7189934511488));
#4920=CARTESIAN_POINT('Ctrl Pts',(45.4304006703401,13.2964232086491,36.0949860954986));
#4921=CARTESIAN_POINT('Ctrl Pts',(45.6702469679936,13.2964232086491,35.7595308401929));
#4922=CARTESIAN_POINT('Ctrl Pts',(45.7716071718643,13.2964232086491,35.5668898088225));
#4923=CARTESIAN_POINT('Ctrl Pts',(43.0000001490115,12.479691465715,36.5000005438924));
#4924=CARTESIAN_POINT('Ctrl Pts',(43.7202064427348,12.479691465715,36.5000005438924));
#4925=CARTESIAN_POINT('Ctrl Pts',(44.4916141700072,12.479691465715,36.2935332784446));
#4926=CARTESIAN_POINT('Ctrl Pts',(45.1016115208808,12.479691465715,35.7882520817602));
#4927=CARTESIAN_POINT('Ctrl Pts',(45.2949952314666,12.479691465715,35.519474187479));
#4928=CARTESIAN_POINT('Ctrl Pts',(45.3787951836261,12.479691465715,35.3602074477104));
#4929=CARTESIAN_POINT('Ctrl Pts',(43.0000001490115,11.6499999999999,36.5000005438924));
#4930=CARTESIAN_POINT('Ctrl Pts',(43.7210777455836,11.6499999999999,36.5000005438924));
#4931=CARTESIAN_POINT('Ctrl Pts',(44.4901486916888,11.6499999999999,36.2956895839894));
#4932=CARTESIAN_POINT('Ctrl Pts',(45.1023315154201,11.6499999999999,35.7886849948499));
#4933=CARTESIAN_POINT('Ctrl Pts',(45.2947312385808,11.6499999999999,35.5199759214916));
#4934=CARTESIAN_POINT('Ctrl Pts',(45.3787951836261,11.6499999999999,35.3602074477104));
#4935=CARTESIAN_POINT('',(45.3787951835875,11.6499999999999,35.3602074477838));
#4936=CARTESIAN_POINT('Ctrl Pts',(45.3787951836262,11.6499999999999,35.3602074477102));
#4937=CARTESIAN_POINT('Ctrl Pts',(45.3787951836262,11.804405497621,35.3602074477102));
#4938=CARTESIAN_POINT('Ctrl Pts',(45.3787951836263,11.9526318048623,35.3911036949848));
#4939=CARTESIAN_POINT('Ctrl Pts',(45.3787951836263,12.2790686257249,35.5106130061916));
#4940=CARTESIAN_POINT('Ctrl Pts',(45.3787951836261,12.4640931334161,35.6147450226183));
#4941=CARTESIAN_POINT('Ctrl Pts',(45.3787951836261,12.9403418074987,35.9616646085176));
#4942=CARTESIAN_POINT('Ctrl Pts',(45.3787951836261,13.2612444124718,36.2686482713263));
#4943=CARTESIAN_POINT('Ctrl Pts',(45.3787951836261,13.6102851043724,36.7723744214788));
#4944=CARTESIAN_POINT('Ctrl Pts',(45.3787951836261,13.6824919091852,36.8896911321402));
#4945=CARTESIAN_POINT('Ctrl Pts',(45.3787951836261,13.7477542633508,37.0106669994664));
#4946=CARTESIAN_POINT('Ctrl Pts',(45.3787951836261,11.6499999999999,35.3602074477104));
#4947=CARTESIAN_POINT('Ctrl Pts',(45.2947312385808,11.6499999999999,35.5199759214916));
#4948=CARTESIAN_POINT('Ctrl Pts',(45.1023315154201,11.6499999999999,35.7886849948499));
#4949=CARTESIAN_POINT('Ctrl Pts',(44.4901486916888,11.6499999999999,36.2956895839894));
#4950=CARTESIAN_POINT('Ctrl Pts',(43.7210777455836,11.6499999999999,36.5000005438924));
#4951=CARTESIAN_POINT('Ctrl Pts',(43.0000001490115,11.6499999999999,36.5000005438924));
#4952=CARTESIAN_POINT('Origin',(43.0000001490115,11.6499999999999,39.0000005438924));
#4953=CARTESIAN_POINT('Origin',(45.3787951836262,19.1499999999999,35.3602074477102));
#4954=CARTESIAN_POINT('',(45.3787951836262,14.1499999999999,35.3602074477102));
#4955=CARTESIAN_POINT('Ctrl Pts',(45.3787951836262,14.1499999999999,35.3602074477102));
#4956=CARTESIAN_POINT('Ctrl Pts',(45.3787951836262,16.5666666666666,35.3602074477102));
#4957=CARTESIAN_POINT('Ctrl Pts',(45.3787951836262,18.9833333333333,35.3602074477102));
#4958=CARTESIAN_POINT('Ctrl Pts',(45.3787951836262,23.59463244672,35.3602074477102));
#4959=CARTESIAN_POINT('Ctrl Pts',(45.3787951836262,25.78926489344,35.3602074477102));
#4960=CARTESIAN_POINT('Ctrl Pts',(45.3787951836262,27.98389734016,35.3602074477102));
#4961=CARTESIAN_POINT('Ctrl Pts',(45.3787951836262,14.1499999999999,35.3602074477102));
#4962=CARTESIAN_POINT('Ctrl Pts',(45.3787951836262,13.3166666666666,35.3602074477102));
#4963=CARTESIAN_POINT('Ctrl Pts',(45.3787951835875,12.4833333333333,35.3602074477838));
#4964=CARTESIAN_POINT('Ctrl Pts',(45.3787951835875,11.6499999999999,35.3602074477838));
#4965=CARTESIAN_POINT('Ctrl Pts',(39.6122777277107,13.7477542633508,35.8910657226987));
#4966=CARTESIAN_POINT('Ctrl Pts',(39.741387010783,13.7477542633508,36.1364455118145));
#4967=CARTESIAN_POINT('Ctrl Pts',(40.053339984977,13.7477542633508,36.5764292742367));
#4968=CARTESIAN_POINT('Ctrl Pts',(41.0433451881324,13.7477542633508,37.3880033502783));
#4969=CARTESIAN_POINT('Ctrl Pts',(42.1302513819172,13.7477542633508,37.6400641297196));
#4970=CARTESIAN_POINT('Ctrl Pts',(43.0000001490115,13.7477542633508,37.6400641297196));
#4971=CARTESIAN_POINT('Ctrl Pts',(40.2283931261585,13.2964232086491,35.5668898088223));
#4972=CARTESIAN_POINT('Ctrl Pts',(40.3297533300293,13.2964232086491,35.7595308401927));
#4973=CARTESIAN_POINT('Ctrl Pts',(40.5695995001769,13.2964232086491,36.0949871679063));
#4974=CARTESIAN_POINT('Ctrl Pts',(41.3268828308651,13.2964232086491,36.7189961252859));
#4975=CARTESIAN_POINT('Ctrl Pts',(42.2218366217528,13.2964232086491,36.9438686059317));
#4976=CARTESIAN_POINT('Ctrl Pts',(43.0000001490115,13.2964232086491,36.9438686059317));
#4977=CARTESIAN_POINT('Ctrl Pts',(40.6212051143968,12.479691465715,35.3602074477101));
#4978=CARTESIAN_POINT('Ctrl Pts',(40.7050050665563,12.479691465715,35.5194741874789));
#4979=CARTESIAN_POINT('Ctrl Pts',(40.8983884180636,12.479691465715,35.7882529523749));
#4980=CARTESIAN_POINT('Ctrl Pts',(41.5083856195015,12.479691465715,36.2935355007461));
#4981=CARTESIAN_POINT('Ctrl Pts',(42.2797938553197,12.479691465715,36.5000005438924));
#4982=CARTESIAN_POINT('Ctrl Pts',(43.0000001490115,12.479691465715,36.5000005438924));
#4983=CARTESIAN_POINT('Ctrl Pts',(40.6212051143968,11.6499999999999,35.3602074477101));
#4984=CARTESIAN_POINT('Ctrl Pts',(40.7052690594421,11.6499999999999,35.5199759214915));
#4985=CARTESIAN_POINT('Ctrl Pts',(40.8976683659948,11.6499999999999,35.7886848230347));
#4986=CARTESIAN_POINT('Ctrl Pts',(41.5098506629644,11.6499999999999,36.2956897326068));
#4987=CARTESIAN_POINT('Ctrl Pts',(42.2789225524708,11.6499999999999,36.5000005438924));
#4988=CARTESIAN_POINT('Ctrl Pts',(43.0000001490115,11.6499999999999,36.5000005438924));
#4989=CARTESIAN_POINT('Ctrl Pts',(43.0000001490115,-3.85000000000006,36.5000005438924));
#4990=CARTESIAN_POINT('Ctrl Pts',(43.0000001490115,46.6499999999999,36.5000005438924));
#4991=CARTESIAN_POINT('Ctrl Pts',(43.1610408544678,-3.85000000000006,36.5000005438924));
#4992=CARTESIAN_POINT('Ctrl Pts',(43.1610408544678,46.6499999999999,36.5000005438924));
#4993=CARTESIAN_POINT('Ctrl Pts',(43.4692015695518,-3.85000000000006,36.4882751613267));
#4994=CARTESIAN_POINT('Ctrl Pts',(43.4692015695518,46.6499999999999,36.4882751613267));
#4995=CARTESIAN_POINT('Ctrl Pts',(43.8896805198611,-3.85000000000006,36.4355122707663));
#4996=CARTESIAN_POINT('Ctrl Pts',(43.8896805198611,46.6499999999999,36.4355122707663));
#4997=CARTESIAN_POINT('Ctrl Pts',(44.3671965062187,-3.85000000000006,36.2990573465546));
#4998=CARTESIAN_POINT('Ctrl Pts',(44.3671965062187,46.6499999999999,36.2990573465546));
#4999=CARTESIAN_POINT('Ctrl Pts',(44.8300182697496,-3.85000000000006,36.0411090030003));
#5000=CARTESIAN_POINT('Ctrl Pts',(44.8300182697496,46.6499999999999,36.0411090030003));
#5001=CARTESIAN_POINT('Ctrl Pts',(45.1686488485718,-3.85000000000006,35.7220779026361));
#5002=CARTESIAN_POINT('Ctrl Pts',(45.1686488485718,46.6499999999999,35.7220779026361));
#5003=CARTESIAN_POINT('Ctrl Pts',(45.4006127619182,-3.85000000000006,35.3636733627977));
#5004=CARTESIAN_POINT('Ctrl Pts',(45.4006127619182,46.6499999999999,35.3636733627977));
#5005=CARTESIAN_POINT('Ctrl Pts',(45.5541846646337,-3.85000000000006,34.9743221694654));
#5006=CARTESIAN_POINT('Ctrl Pts',(45.5541846646337,46.65,34.9743221694654));
#5007=CARTESIAN_POINT('Ctrl Pts',(45.6708625919504,-3.85000000000006,34.5420759899465));
#5008=CARTESIAN_POINT('Ctrl Pts',(45.6708625919504,46.65,34.5420759899465));
#5009=CARTESIAN_POINT('Ctrl Pts',(45.7957174860357,-3.85000000000006,34.0473228115129));
#5010=CARTESIAN_POINT('Ctrl Pts',(45.7957174860357,46.65,34.0473228115129));
#5011=CARTESIAN_POINT('Ctrl Pts',(45.9684713483038,-3.85000000000006,33.4744623198073));
#5012=CARTESIAN_POINT('Ctrl Pts',(45.9684713483038,46.65,33.4744623198073));
#5013=CARTESIAN_POINT('Ctrl Pts',(46.2148417306345,-3.85000000000006,32.8233737559416));
#5014=CARTESIAN_POINT('Ctrl Pts',(46.2148417306345,46.65,32.8233737559416));
#5015=CARTESIAN_POINT('Ctrl Pts',(46.5358634586047,-3.85000000000006,32.1235136085944));
#5016=CARTESIAN_POINT('Ctrl Pts',(46.5358634586047,46.65,32.1235136085944));
#5017=CARTESIAN_POINT('Ctrl Pts',(46.9015300721156,-3.85000000000006,31.4421407056361));
#5018=CARTESIAN_POINT('Ctrl Pts',(46.9015300721156,46.65,31.4421407056361));
#5019=CARTESIAN_POINT('Ctrl Pts',(47.26626934423,-3.85000000000006,30.8631829806502));
#5020=CARTESIAN_POINT('Ctrl Pts',(47.26626934423,46.6499999999999,30.8631829806502));
#5021=CARTESIAN_POINT('Ctrl Pts',(47.5178820794175,-3.85000000000006,30.5491775107383));
#5022=CARTESIAN_POINT('Ctrl Pts',(47.5178820794175,46.6499999999999,30.5491775107383));
#5023=CARTESIAN_POINT('Ctrl Pts',(47.6659900952527,-3.85000000000006,30.4271232209021));
#5024=CARTESIAN_POINT('Ctrl Pts',(47.6659900952527,46.6499999999999,30.4271232209021));
#5025=CARTESIAN_POINT('Ctrl Pts',(47.744294006517,-3.85000000000006,30.4000000000001));
#5026=CARTESIAN_POINT('Ctrl Pts',(47.744294006517,46.6499999999999,30.4000000000001));
#5027=CARTESIAN_POINT('Ctrl Pts',(47.7783373080022,-3.85000000000006,30.4000000000001));
#5028=CARTESIAN_POINT('Ctrl Pts',(47.7783373080022,46.6499999999999,30.4000000000001));
#5029=CARTESIAN_POINT('Ctrl Pts',(47.0623005452837,30.1499999999999,31.2000000000001));
#5030=CARTESIAN_POINT('Ctrl Pts',(47.1363247776912,30.1499999999999,31.0816361541743));
#5031=CARTESIAN_POINT('Ctrl Pts',(47.2084914076598,30.1499999999998,30.9729372093466));
#5032=CARTESIAN_POINT('Ctrl Pts',(47.3590562388883,30.1499999999998,30.7616247555985));
#5033=CARTESIAN_POINT('Ctrl Pts',(47.4657860878165,30.1499999999998,30.6223987602058));
#5034=CARTESIAN_POINT('Ctrl Pts',(47.6020228602161,30.1499999999998,30.4913456065908));
#5035=CARTESIAN_POINT('Ctrl Pts',(47.6431960995076,30.1499999999998,30.4558876885702));
#5036=CARTESIAN_POINT('Ctrl Pts',(47.7000470435446,30.1499999999998,30.4221597884954));
#5037=CARTESIAN_POINT('Ctrl Pts',(47.7170109959402,30.1499999999998,30.4136833697017));
#5038=CARTESIAN_POINT('Ctrl Pts',(47.748457445947,30.1499999999998,30.4031396581155));
#5039=CARTESIAN_POINT('Ctrl Pts',(47.7633920819829,30.1499999999999,30.4000000000001));
#5040=CARTESIAN_POINT('Ctrl Pts',(47.7783373080022,30.1499999999999,30.4000000000001));
#5041=CARTESIAN_POINT('Ctrl Pts',(46.4159270262554,-3.85000000000006,32.4000000000184));
#5042=CARTESIAN_POINT('Ctrl Pts',(46.5494627622372,-3.85000000000267,32.1140012541984));
#5043=CARTESIAN_POINT('Ctrl Pts',(46.6938115164609,-3.78872549097954,31.83408344253));
#5044=CARTESIAN_POINT('Ctrl Pts',(46.9866259561666,-3.55463973888594,31.3148717381012));
#5045=CARTESIAN_POINT('Ctrl Pts',(47.1343589941262,-3.37927880861875,31.0779174120048));
#5046=CARTESIAN_POINT('Ctrl Pts',(47.3791536253632,-2.97915489720081,30.7327112932619));
#5047=CARTESIAN_POINT('Ctrl Pts',(47.4794926289101,-2.77322160317185,30.6093365387937));
#5048=CARTESIAN_POINT('Ctrl Pts',(47.6507610437301,-2.328640585063,30.444345333294));
#5049=CARTESIAN_POINT('Ctrl Pts',(47.7213521797734,-2.09544471172737,30.4006915137734));
#5050=CARTESIAN_POINT('Ctrl Pts',(47.7774578728418,-1.85380087444718,30.4000027090672));
#5051=CARTESIAN_POINT('Ctrl Pts',(47.7778980745976,-1.85190055006637,30.4000000000001));
#5052=CARTESIAN_POINT('Ctrl Pts',(47.7783373080022,-1.85000000000006,30.4000000000001));
#5053=CARTESIAN_POINT('Origin',(43.0000001490115,30.1499999999999,33.4500002719462));
#5054=CARTESIAN_POINT('Origin',(5.99999999999996,-1.85000000000005,32.4));
#5055=CARTESIAN_POINT('Origin',(24.9500001490116,-3.85000000000006,-14.1));
#5056=CARTESIAN_POINT('',(23.5500001490116,21.1499999999999,-14.1));
#5057=CARTESIAN_POINT('',(23.5500001490116,-3.85000000000006,-14.1));
#5058=CARTESIAN_POINT('Origin',(24.9500001490116,21.1499999999999,-14.1));
#5059=CARTESIAN_POINT('Origin',(24.9500001490116,21.1499999999999,-14.1));
#5060=CARTESIAN_POINT('Origin',(38.0500001490115,-3.85000000000006,34.4999999999998));
#5061=CARTESIAN_POINT('',(36.6500001490115,21.1499999999999,34.4999999999998));
#5062=CARTESIAN_POINT('',(36.6500001490115,-3.85000000000006,34.4999999999998));
#5063=CARTESIAN_POINT('Origin',(38.0500001490115,21.1499999999999,34.4999999999998));
#5064=CARTESIAN_POINT('Origin',(38.0500001490115,21.1499999999999,34.4999999999998));
#5065=CARTESIAN_POINT('Origin',(24.9500001490116,-3.85000000000006,34.4999999999999));
#5066=CARTESIAN_POINT('',(23.5500001490116,21.1499999999999,34.4999999999999));
#5067=CARTESIAN_POINT('',(23.5500001490116,-3.85000000000006,34.4999999999999));
#5068=CARTESIAN_POINT('Origin',(24.9500001490116,21.1499999999999,34.4999999999999));
#5069=CARTESIAN_POINT('Origin',(24.9500001490116,21.1499999999999,34.4999999999999));
#5070=CARTESIAN_POINT('Origin',(38.0500001490117,-3.85000000000006,-14.1));
#5071=CARTESIAN_POINT('',(36.6500001490117,21.1499999999999,-14.1));
#5072=CARTESIAN_POINT('',(36.6500001490117,-3.85000000000006,-14.1));
#5073=CARTESIAN_POINT('Origin',(38.0500001490117,21.1499999999999,-14.1));
#5074=CARTESIAN_POINT('Origin',(38.0500001490117,21.1499999999999,-14.1));
#5075=CARTESIAN_POINT('Origin',(15.0500001490116,-3.85000000000006,-14.1));
#5076=CARTESIAN_POINT('',(13.6500001490116,21.1499999999999,-14.1));
#5077=CARTESIAN_POINT('',(13.6500001490116,-3.85000000000006,-14.1));
#5078=CARTESIAN_POINT('Origin',(15.0500001490116,21.1499999999999,-14.1));
#5079=CARTESIAN_POINT('Origin',(15.0500001490116,21.1499999999999,-14.1));
#5080=CARTESIAN_POINT('Origin',(47.9500001490116,-3.85000000000006,34.4999999999999));
#5081=CARTESIAN_POINT('',(46.5500001490116,21.1499999999999,34.4999999999999));
#5082=CARTESIAN_POINT('',(46.5500001490116,-3.85000000000006,34.4999999999999));
#5083=CARTESIAN_POINT('Origin',(47.9500001490116,21.1499999999999,34.4999999999999));
#5084=CARTESIAN_POINT('Origin',(47.9500001490116,21.1499999999999,34.4999999999999));
#5085=CARTESIAN_POINT('Origin',(15.0500001490115,-3.85000000000006,34.4999999999998));
#5086=CARTESIAN_POINT('',(13.6500001490115,21.1499999999999,34.4999999999998));
#5087=CARTESIAN_POINT('',(13.6500001490115,-3.85000000000006,34.4999999999998));
#5088=CARTESIAN_POINT('Origin',(15.0500001490115,21.1499999999999,34.4999999999998));
#5089=CARTESIAN_POINT('Origin',(15.0500001490115,21.1499999999999,34.4999999999998));
#5090=CARTESIAN_POINT('Origin',(47.9500001490117,-3.85000000000006,-14.1));
#5091=CARTESIAN_POINT('',(46.5500001490117,21.1499999999999,-14.1));
#5092=CARTESIAN_POINT('',(46.5500001490117,-3.85000000000006,-14.1));
#5093=CARTESIAN_POINT('Origin',(47.9500001490117,21.1499999999999,-14.1));
#5094=CARTESIAN_POINT('Origin',(47.9500001490117,21.1499999999999,-14.1));
#5095=CARTESIAN_POINT('Origin',(6.00000000000002,19.9999999999999,9.18709552877319E-15));
#5096=CARTESIAN_POINT('',(4.00000000000002,21.9999999999999,-2.23606797749978));
#5097=CARTESIAN_POINT('',(6.00000000000002,21.9999999999999,-2.23606797749977));
#5098=CARTESIAN_POINT('',(4.00000000000001,21.9999999999999,2.23606797749981));
#5099=CARTESIAN_POINT('Origin',(4.00000000000002,19.9999999999999,5.93969318174461E-15));
#5100=CARTESIAN_POINT('',(6.00000000000001,21.9999999999999,2.23606797749981));
#5101=CARTESIAN_POINT('Origin',(6.00000000000002,23.9999999999999,2.79223692778441E-14));
#5102=CARTESIAN_POINT('Origin',(4.00000000000002,23.9999999999999,2.46749669308155E-14));
#5103=CARTESIAN_POINT('Origin',(4.00000000000002,21.9999999999999,1.64868119156836E-14));
#5104=CARTESIAN_POINT('',(4.00000000000001,18.3499999999999,5.73762645988529E-15));
#5105=CARTESIAN_POINT('Origin',(4.00000000000002,19.9999999999999,5.93969318174461E-15));
#5106=CARTESIAN_POINT('',(4.00000000000002,22.3499999999999,2.44729002089562E-14));
#5107=CARTESIAN_POINT('Origin',(4.00000000000002,23.9999999999999,2.46749669308155E-14));
#5108=CARTESIAN_POINT('Origin',(6.00000000000001,-2.7755575615629E-16,9.74220704108577E-15));
#5109=CARTESIAN_POINT('',(4.00000000000001,-3.,6.12741065431298E-15));
#5110=CARTESIAN_POINT('',(6.00000000000001,-3.,1.010960108083E-14));
#5111=CARTESIAN_POINT('Origin',(4.00000000000001,-2.7755575615629E-16,6.49480469405719E-15));
#5112=CARTESIAN_POINT('Origin',(4.00000000000001,-1.66533453693784E-16,
6.49480469405719E-15));
#5113=CARTESIAN_POINT('',(4.00000000000001,-1.65,6.29273797219788E-15));
#5114=CARTESIAN_POINT('Origin',(4.00000000000001,-9.86076131526265E-31,
6.49480469405719E-15));
#5115=CARTESIAN_POINT('Origin',(64.0000000000001,-9.86076131526265E-31,
5.26430750843095E-14));
#5116=CARTESIAN_POINT('',(65.0000000000001,-2.5,5.36893854671798E-14));
#5117=CARTESIAN_POINT('Origin',(65.0000000000001,-9.86076131526265E-31,
5.3383223767393E-14));
#5118=CARTESIAN_POINT('',(64.0000000000001,-3.75,5.21838325346293E-14));
#5119=CARTESIAN_POINT('Origin',(65.0000000000001,0.,5.36607795235492E-14));
#5120=CARTESIAN_POINT('',(65.0000000000001,-1.6,5.31872802795294E-14));
#5121=CARTESIAN_POINT('Origin',(65.0000000000001,-9.86076131526265E-31,
5.3383223767393E-14));
#5122=CARTESIAN_POINT('Origin',(63.,-9.86076131526265E-31,5.19029264012261E-14));
#5123=CARTESIAN_POINT('',(63.,-1.6,5.17069829133625E-14));
#5124=CARTESIAN_POINT('Origin',(1.27675647831893E-14,-9.86076131526265E-31,
2.16936748935778E-29));
#5125=CARTESIAN_POINT('',(-0.999999999999987,-3.85,-2.095190191186E-15));
#5126=CARTESIAN_POINT('Origin',(-0.999999999999987,-9.86076131526265E-31,
-1.62370117351427E-15));
#5127=CARTESIAN_POINT('',(1.27675647831893E-14,-3.85,4.71489017671754E-16));
#5128=CARTESIAN_POINT('Origin',(-0.999999999999987,-9.86076131526265E-31,
-1.62370117351427E-15));
#5129=CARTESIAN_POINT('',(-0.999999999999987,-1.65,-1.82576789537358E-15));
#5130=CARTESIAN_POINT('Origin',(-0.999999999999987,-9.86076131526265E-31,
-1.62370117351427E-15));
#5131=CARTESIAN_POINT('Origin',(1.34336985979644E-14,23.9999999999999,1.81801622367583E-14));
#5132=CARTESIAN_POINT('',(1.34336985979644E-14,22.3499999999999,1.7978095514899E-14));
#5133=CARTESIAN_POINT('Origin',(1.27675647831893E-14,-9.86076131526265E-31,
2.16936748935778E-29));
#5134=CARTESIAN_POINT('',(1.27675647831893E-14,-1.65,-2.02066721859291E-16));
#5135=CARTESIAN_POINT('Origin',(1.33226762955019E-14,19.9999999999999,-5.55111512312561E-16));
#5136=CARTESIAN_POINT('',(1.33226762955019E-14,18.3499999999999,-7.57178234171874E-16));
#5137=UNCERTAINTY_MEASURE_WITH_UNIT(LENGTH_MEASURE(0.01),#5141,
'DISTANCE_ACCURACY_VALUE',
'Maximum model space distance between geometric entities at asserted c
onnectivities');
#5138=UNCERTAINTY_MEASURE_WITH_UNIT(LENGTH_MEASURE(0.01),#5141,
'DISTANCE_ACCURACY_VALUE',
'Maximum model space distance between geometric entities at asserted c
onnectivities');
#5139=(
GEOMETRIC_REPRESENTATION_CONTEXT(3)
GLOBAL_UNCERTAINTY_ASSIGNED_CONTEXT((#5137))
GLOBAL_UNIT_ASSIGNED_CONTEXT((#5141,#5143,#5144))
REPRESENTATION_CONTEXT('','3D')
);
#5140=(
GEOMETRIC_REPRESENTATION_CONTEXT(3)
GLOBAL_UNCERTAINTY_ASSIGNED_CONTEXT((#5138))
GLOBAL_UNIT_ASSIGNED_CONTEXT((#5141,#5143,#5144))
REPRESENTATION_CONTEXT('','3D')
);
#5141=(
LENGTH_UNIT()
NAMED_UNIT(*)
SI_UNIT(.MILLI.,.METRE.)
);
#5142=(
LENGTH_UNIT()
NAMED_UNIT(*)
SI_UNIT($,.METRE.)
);
#5143=(
NAMED_UNIT(*)
PLANE_ANGLE_UNIT()
SI_UNIT($,.RADIAN.)
);
#5144=(
NAMED_UNIT(*)
SI_UNIT($,.STERADIAN.)
SOLID_ANGLE_UNIT()
);
#5145=SHAPE_DEFINITION_REPRESENTATION(#5146,#5147);
#5146=PRODUCT_DEFINITION_SHAPE('',$,#5149);
#5147=SHAPE_REPRESENTATION('',(#2477),#5139);
#5148=PRODUCT_DEFINITION_CONTEXT('part definition',#5153,'design');
#5149=PRODUCT_DEFINITION('Aufnahme_HL','Aufnahme_HL v3',#5150,#5148);
#5150=PRODUCT_DEFINITION_FORMATION('',$,#5155);
#5151=PRODUCT_RELATED_PRODUCT_CATEGORY('Aufnahme_HL v3',
'Aufnahme_HL v3',(#5155));
#5152=APPLICATION_PROTOCOL_DEFINITION('international standard',
'automotive_design',2009,#5153);
#5153=APPLICATION_CONTEXT(
'Core Data for Automotive Mechanical Design Process');
#5154=PRODUCT_CONTEXT('part definition',#5153,'mechanical');
#5155=PRODUCT('Aufnahme_HL','Aufnahme_HL v3',$,(#5154));
#5156=PRESENTATION_STYLE_ASSIGNMENT((#5157));
#5157=SURFACE_STYLE_USAGE(.BOTH.,#5158);
#5158=SURFACE_SIDE_STYLE('',(#5159));
#5159=SURFACE_STYLE_FILL_AREA(#5160);
#5160=FILL_AREA_STYLE('Steel - Satin',(#5161));
#5161=FILL_AREA_STYLE_COLOUR('Steel - Satin',#5162);
#5162=COLOUR_RGB('Steel - Satin',0.627450980392157,0.627450980392157,0.627450980392157);
ENDSEC;
END-ISO-10303-21;
