ISO-10303-21;
HEADER;
/* Generated by software containing ST-Developer
 * from STEP Tools, Inc. (www.steptools.com) 
 */

FILE_DESCRIPTION(
/* description */ (''),
/* implementation_level */ '2;1');

FILE_NAME(
/* name */ 'AufnahmeFL v2.stp',
/* time_stamp */ '2024-02-14T22:45:05+01:00',
/* author */ (''),
/* organization */ (''),
/* preprocessor_version */ 'ST-DEVELOPER v20',
/* originating_system */ 'Autodesk Translation Framework v12.20.1.177',

/* authorisation */ '');

FILE_SCHEMA (('AUTOMOTIVE_DESIGN { 1 0 10303 214 3 1 1 }'));
ENDSEC;

DATA;
#10=MECHANICAL_DESIGN_GEOMETRIC_PRESENTATION_REPRESENTATION('',(#13),#5178);
#11=SHAPE_REPRESENTATION_RELATIONSHIP('SRR','None',#5185,#12);
#12=ADVANCED_BREP_SHAPE_REPRESENTATION('',(#14),#5177);
#13=STYLED_ITEM('',(#5194),#14);
#14=MANIFOLD_SOLID_BREP('Body1',#2464);
#15=CONICAL_SURFACE('',#2725,3.75,0.896055384571343);
#16=(
BOUNDED_SURFACE()
B_SPLINE_SURFACE(5,1,((#4078,#4079),(#4080,#4081),(#4082,#4083),(#4084,
#4085),(#4086,#4087),(#4088,#4089),(#4090,#4091),(#4092,#4093),(#4094,#4095),
(#4096,#4097),(#4098,#4099),(#4100,#4101),(#4102,#4103),(#4104,#4105),(#4106,
#4107),(#4108,#4109),(#4110,#4111),(#4112,#4113),(#4114,#4115),(#4116,#4117)),
 .UNSPECIFIED.,.F.,.F.,.F.)
B_SPLINE_SURFACE_WITH_KNOTS((6,1,1,1,1,1,1,1,1,1,1,1,1,1,1,6),(2,2),(-1.,
-0.933333333333333,-0.866666666666667,-0.8,-0.733333333333333,-0.666666666666667,
-0.6,-0.533333333333333,-0.466666666666667,-0.4,-0.333333333333333,-0.266666666666667,
-0.2,-0.133333333333333,-0.0666666666666667,0.),(0.,5.05),.UNSPECIFIED.)
GEOMETRIC_REPRESENTATION_ITEM()
RATIONAL_B_SPLINE_SURFACE(((1.,1.),(1.,1.),(1.,1.),(1.,1.),(1.,1.),(1.,
1.),(1.,1.),(1.,1.),(1.,1.),(1.,1.),(1.,1.),(1.,1.),(1.,1.),(1.,1.),(1.,
1.),(1.,1.),(1.,1.),(1.,1.),(1.,1.),(1.,1.)))
REPRESENTATION_ITEM('')
SURFACE()
);
#17=(
BOUNDED_SURFACE()
B_SPLINE_SURFACE(5,1,((#4475,#4476),(#4477,#4478),(#4479,#4480),(#4481,
#4482),(#4483,#4484),(#4485,#4486),(#4487,#4488),(#4489,#4490),(#4491,#4492),
(#4493,#4494),(#4495,#4496),(#4497,#4498),(#4499,#4500),(#4501,#4502),(#4503,
#4504),(#4505,#4506),(#4507,#4508),(#4509,#4510),(#4511,#4512),(#4513,#4514)),
 .UNSPECIFIED.,.F.,.F.,.F.)
B_SPLINE_SURFACE_WITH_KNOTS((6,1,1,1,1,1,1,1,1,1,1,1,1,1,1,6),(2,2),(0.,
0.0666666666666667,0.133333333333333,0.2,0.266666666666667,0.333333333333333,
0.4,0.466666666666667,0.533333333333333,0.6,0.666666666666667,0.733333333333333,
0.8,0.866666666666667,0.933333333333333,1.),(0.,5.05),.UNSPECIFIED.)
GEOMETRIC_REPRESENTATION_ITEM()
RATIONAL_B_SPLINE_SURFACE(((1.,1.),(1.,1.),(1.,1.),(1.,1.),(1.,1.),(1.,
1.),(1.,1.),(1.,1.),(1.,1.),(1.,1.),(1.,1.),(1.,1.),(1.,1.),(1.,1.),(1.,
1.),(1.,1.),(1.,1.),(1.,1.),(1.,1.),(1.,1.)))
REPRESENTATION_ITEM('')
SURFACE()
);
#18=(
BOUNDED_SURFACE()
B_SPLINE_SURFACE(5,1,((#4660,#4661),(#4662,#4663),(#4664,#4665),(#4666,
#4667),(#4668,#4669),(#4670,#4671),(#4672,#4673),(#4674,#4675),(#4676,#4677),
(#4678,#4679),(#4680,#4681),(#4682,#4683),(#4684,#4685),(#4686,#4687),(#4688,
#4689),(#4690,#4691),(#4692,#4693),(#4694,#4695),(#4696,#4697),(#4698,#4699)),
 .UNSPECIFIED.,.F.,.F.,.F.)
B_SPLINE_SURFACE_WITH_KNOTS((6,1,1,1,1,1,1,1,1,1,1,1,1,1,1,6),(2,2),(-1.,
-0.933333333333333,-0.866666666666667,-0.8,-0.733333333333333,-0.666666666666667,
-0.6,-0.533333333333333,-0.466666666666667,-0.4,-0.333333333333333,-0.266666666666667,
-0.2,-0.133333333333333,-0.0666666666666667,0.),(0.,5.05),.UNSPECIFIED.)
GEOMETRIC_REPRESENTATION_ITEM()
RATIONAL_B_SPLINE_SURFACE(((1.,1.),(1.,1.),(1.,1.),(1.,1.),(1.,1.),(1.,
1.),(1.,1.),(1.,1.),(1.,1.),(1.,1.),(1.,1.),(1.,1.),(1.,1.),(1.,1.),(1.,
1.),(1.,1.),(1.,1.),(1.,1.),(1.,1.),(1.,1.)))
REPRESENTATION_ITEM('')
SURFACE()
);
#19=(
BOUNDED_SURFACE()
B_SPLINE_SURFACE(5,1,((#5039,#5040),(#5041,#5042),(#5043,#5044),(#5045,
#5046),(#5047,#5048),(#5049,#5050),(#5051,#5052),(#5053,#5054),(#5055,#5056),
(#5057,#5058),(#5059,#5060),(#5061,#5062),(#5063,#5064),(#5065,#5066),(#5067,
#5068),(#5069,#5070),(#5071,#5072),(#5073,#5074),(#5075,#5076),(#5077,#5078)),
 .UNSPECIFIED.,.F.,.F.,.F.)
B_SPLINE_SURFACE_WITH_KNOTS((6,1,1,1,1,1,1,1,1,1,1,1,1,1,1,6),(2,2),(0.,
0.0666666666666667,0.133333333333333,0.2,0.266666666666667,0.333333333333333,
0.4,0.466666666666667,0.533333333333333,0.6,0.666666666666667,0.733333333333333,
0.8,0.866666666666667,0.933333333333333,1.),(0.,5.05),.UNSPECIFIED.)
GEOMETRIC_REPRESENTATION_ITEM()
RATIONAL_B_SPLINE_SURFACE(((1.,1.),(1.,1.),(1.,1.),(1.,1.),(1.,1.),(1.,
1.),(1.,1.),(1.,1.),(1.,1.),(1.,1.),(1.,1.),(1.,1.),(1.,1.),(1.,1.),(1.,
1.),(1.,1.),(1.,1.),(1.,1.),(1.,1.),(1.,1.)))
REPRESENTATION_ITEM('')
SURFACE()
);
#20=B_SPLINE_SURFACE_WITH_KNOTS('',3,3,((#3988,#3989,#3990,#3991),(#3992,
#3993,#3994,#3995),(#3996,#3997,#3998,#3999),(#4000,#4001,#4002,#4003),
(#4004,#4005,#4006,#4007),(#4008,#4009,#4010,#4011),(#4012,#4013,#4014,
#4015),(#4016,#4017,#4018,#4019),(#4020,#4021,#4022,#4023),(#4024,#4025,
#4026,#4027)),.UNSPECIFIED.,.F.,.F.,.F.,(4,1,1,1,1,1,1,4),(4,4),(0.,0.142857142857143,
0.285714285714286,0.428571428571429,0.571428571428571,0.714285714285714,
0.857142857142857,1.),(-0.525169791357948,0.287290287896482),
 .UNSPECIFIED.);
#21=B_SPLINE_SURFACE_WITH_KNOTS('',3,3,((#4232,#4233,#4234,#4235,#4236,
#4237,#4238,#4239,#4240,#4241),(#4242,#4243,#4244,#4245,#4246,#4247,#4248,
#4249,#4250,#4251),(#4252,#4253,#4254,#4255,#4256,#4257,#4258,#4259,#4260,
#4261),(#4262,#4263,#4264,#4265,#4266,#4267,#4268,#4269,#4270,#4271),(#4272,
#4273,#4274,#4275,#4276,#4277,#4278,#4279,#4280,#4281)),.UNSPECIFIED.,.F.,
 .F.,.F.,(4,1,4),(4,1,1,1,1,1,1,4),(0.,0.571428571428571,1.),(1.53482895163045E-16,
0.0357310532181623,0.0714621064363244,0.107193159654486,0.142924212872649,
0.178655266090811,0.214386319308973,0.250117372527135),.UNSPECIFIED.);
#22=B_SPLINE_SURFACE_WITH_KNOTS('',3,3,((#4291,#4292,#4293,#4294,#4295,
#4296,#4297,#4298,#4299,#4300,#4301,#4302,#4303,#4304,#4305,#4306,#4307,
#4308),(#4309,#4310,#4311,#4312,#4313,#4314,#4315,#4316,#4317,#4318,#4319,
#4320,#4321,#4322,#4323,#4324,#4325,#4326),(#4327,#4328,#4329,#4330,#4331,
#4332,#4333,#4334,#4335,#4336,#4337,#4338,#4339,#4340,#4341,#4342,#4343,
#4344),(#4345,#4346,#4347,#4348,#4349,#4350,#4351,#4352,#4353,#4354,#4355,
#4356,#4357,#4358,#4359,#4360,#4361,#4362),(#4363,#4364,#4365,#4366,#4367,
#4368,#4369,#4370,#4371,#4372,#4373,#4374,#4375,#4376,#4377,#4378,#4379,
#4380)),.UNSPECIFIED.,.F.,.F.,.F.,(4,1,4),(4,1,1,1,1,1,1,1,1,1,1,1,1,1,
1,4),(0.,0.571428571428571,1.),(-0.217104147675512,-0.181385837293225,-0.145667526910939,
-0.109949216528652,-0.074230906146366,-0.0385125957640796,-0.0206534405729364,
-0.00279428538179319,0.00613529221377842,0.01506486980935,0.0217620530060287,
0.0239944474049216,0.0284592362027074,0.0306916306016003,0.0318078278010468,
0.0329240250004932),.UNSPECIFIED.);
#23=B_SPLINE_SURFACE_WITH_KNOTS('',3,3,((#4420,#4421,#4422,#4423,#4424,
#4425),(#4426,#4427,#4428,#4429,#4430,#4431),(#4432,#4433,#4434,#4435,#4436,
#4437),(#4438,#4439,#4440,#4441,#4442,#4443)),.UNSPECIFIED.,.F.,.F.,.F.,
(4,4),(4,1,1,4),(0.366162409553385,1.),(0.463643017310073,0.581440943938516,
0.69923887056696,1.01336667490947),.UNSPECIFIED.);
#24=B_SPLINE_SURFACE_WITH_KNOTS('',3,3,((#4445,#4446,#4447,#4448,#4449,
#4450),(#4451,#4452,#4453,#4454,#4455,#4456),(#4457,#4458,#4459,#4460,#4461,
#4462),(#4463,#4464,#4465,#4466,#4467,#4468)),.UNSPECIFIED.,.F.,.F.,.F.,
(4,4),(4,1,1,4),(0.366162409553411,1.),(0.,0.235595853256898,0.392659755428163,
0.549723657599428),.UNSPECIFIED.);
#25=B_SPLINE_SURFACE_WITH_KNOTS('',3,3,((#4570,#4571,#4572,#4573),(#4574,
#4575,#4576,#4577),(#4578,#4579,#4580,#4581),(#4582,#4583,#4584,#4585),
(#4586,#4587,#4588,#4589),(#4590,#4591,#4592,#4593),(#4594,#4595,#4596,
#4597),(#4598,#4599,#4600,#4601),(#4602,#4603,#4604,#4605),(#4606,#4607,
#4608,#4609)),.UNSPECIFIED.,.F.,.F.,.F.,(4,1,1,1,1,1,1,4),(4,4),(0.,0.142857142857143,
0.285714285714286,0.428571428571429,0.571428571428571,0.714285714285714,
0.857142857142857,1.),(-0.525169791357947,0.287290287896484),
 .UNSPECIFIED.);
#26=B_SPLINE_SURFACE_WITH_KNOTS('',3,3,((#4796,#4797,#4798,#4799,#4800,
#4801,#4802,#4803,#4804,#4805),(#4806,#4807,#4808,#4809,#4810,#4811,#4812,
#4813,#4814,#4815),(#4816,#4817,#4818,#4819,#4820,#4821,#4822,#4823,#4824,
#4825),(#4826,#4827,#4828,#4829,#4830,#4831,#4832,#4833,#4834,#4835),(#4836,
#4837,#4838,#4839,#4840,#4841,#4842,#4843,#4844,#4845)),.UNSPECIFIED.,.F.,
 .F.,.F.,(4,1,4),(4,1,1,1,1,1,1,4),(0.,0.571428571428571,1.),(-6.44799202402599E-15,
0.0357310532181563,0.071462106436319,0.107193159654482,0.142924212872644,
0.178655266090807,0.21438631930897,0.250117372527133),.UNSPECIFIED.);
#27=B_SPLINE_SURFACE_WITH_KNOTS('',3,3,((#4855,#4856,#4857,#4858,#4859,
#4860,#4861,#4862,#4863,#4864,#4865,#4866,#4867,#4868,#4869,#4870,#4871,
#4872),(#4873,#4874,#4875,#4876,#4877,#4878,#4879,#4880,#4881,#4882,#4883,
#4884,#4885,#4886,#4887,#4888,#4889,#4890),(#4891,#4892,#4893,#4894,#4895,
#4896,#4897,#4898,#4899,#4900,#4901,#4902,#4903,#4904,#4905,#4906,#4907,
#4908),(#4909,#4910,#4911,#4912,#4913,#4914,#4915,#4916,#4917,#4918,#4919,
#4920,#4921,#4922,#4923,#4924,#4925,#4926),(#4927,#4928,#4929,#4930,#4931,
#4932,#4933,#4934,#4935,#4936,#4937,#4938,#4939,#4940,#4941,#4942,#4943,
#4944)),.UNSPECIFIED.,.F.,.F.,.F.,(4,1,4),(4,1,1,1,1,1,1,1,1,1,1,1,1,1,
1,4),(0.,0.571428571428571,1.),(-0.217104147675522,-0.181385837293236,-0.14566752691095,
-0.109949216528664,-0.0742309061463774,-0.0385125957640913,-0.0206534405729482,
-0.00279428538180515,0.00613529221376639,0.0150648698093379,0.0217620530060166,
0.0239944474049095,0.0284592362026952,0.0306916306015881,0.0318078278010346,
0.032924025000481),.UNSPECIFIED.);
#28=B_SPLINE_SURFACE_WITH_KNOTS('',3,3,((#4984,#4985,#4986,#4987,#4988,
#4989),(#4990,#4991,#4992,#4993,#4994,#4995),(#4996,#4997,#4998,#4999,#5000,
#5001),(#5002,#5003,#5004,#5005,#5006,#5007)),.UNSPECIFIED.,.F.,.F.,.F.,
(4,4),(4,1,1,4),(0.366162409553403,1.),(0.463643017310031,0.581440943938479,
0.699238870566927,1.01336667490945),.UNSPECIFIED.);
#29=B_SPLINE_SURFACE_WITH_KNOTS('',3,3,((#5009,#5010,#5011,#5012,#5013,
#5014),(#5015,#5016,#5017,#5018,#5019,#5020),(#5021,#5022,#5023,#5024,#5025,
#5026),(#5027,#5028,#5029,#5030,#5031,#5032)),.UNSPECIFIED.,.F.,.F.,.F.,
(4,4),(4,1,1,4),(0.366162409553411,1.),(0.,0.235595853256894,0.392659755428157,
0.54972365759942),.UNSPECIFIED.);
#30=(
BOUNDED_CURVE()
B_SPLINE_CURVE(5,(#3821,#3822,#3823,#3824,#3825,#3826,#3827,#3828,#3829,
#3830,#3831,#3832,#3833,#3834,#3835,#3836),.UNSPECIFIED.,.F.,.F.)
B_SPLINE_CURVE_WITH_KNOTS((6,1,1,1,1,1,1,1,1,1,1,6),(-1.,-0.933333333333333,
-0.866666666666667,-0.8,-0.733333333333333,-0.666666666666667,-0.6,-0.533333333333333,
-0.466666666666667,-0.4,-0.333333333333333,-0.293050394596357),
 .UNSPECIFIED.)
CURVE()
GEOMETRIC_REPRESENTATION_ITEM()
RATIONAL_B_SPLINE_CURVE((1.,1.,1.,1.,1.,1.,1.,1.,1.,1.,1.,1.,1.,1.,1.,1.))
REPRESENTATION_ITEM('')
);
#31=(
BOUNDED_CURVE()
B_SPLINE_CURVE(5,(#3838,#3839,#3840,#3841,#3842,#3843,#3844,#3845,#3846,
#3847,#3848,#3849,#3850,#3851,#3852,#3853),.UNSPECIFIED.,.F.,.F.)
B_SPLINE_CURVE_WITH_KNOTS((6,1,1,1,1,1,1,1,1,1,1,6),(0.293050394596355,
0.333333333333333,0.4,0.466666666666667,0.533333333333333,0.6,0.666666666666667,
0.733333333333333,0.8,0.866666666666667,0.933333333333333,1.),
 .UNSPECIFIED.)
CURVE()
GEOMETRIC_REPRESENTATION_ITEM()
RATIONAL_B_SPLINE_CURVE((1.,1.,1.,1.,1.,1.,1.,1.,1.,1.,1.,1.,1.,1.,1.,1.))
REPRESENTATION_ITEM('')
);
#32=(
BOUNDED_CURVE()
B_SPLINE_CURVE(5,(#4142,#4143,#4144,#4145,#4146,#4147,#4148,#4149,#4150,
#4151,#4152,#4153,#4154,#4155,#4156,#4157),.UNSPECIFIED.,.F.,.F.)
B_SPLINE_CURVE_WITH_KNOTS((6,1,1,1,1,1,1,1,1,1,1,6),(0.293050394596355,
0.333333333333333,0.4,0.466666666666667,0.533333333333333,0.6,0.666666666666667,
0.733333333333333,0.8,0.866666666666667,0.933333333333333,1.),
 .UNSPECIFIED.)
CURVE()
GEOMETRIC_REPRESENTATION_ITEM()
RATIONAL_B_SPLINE_CURVE((1.,1.,1.,1.,1.,1.,1.,1.,1.,1.,1.,1.,1.,1.,1.,1.))
REPRESENTATION_ITEM('')
);
#33=(
BOUNDED_CURVE()
B_SPLINE_CURVE(5,(#4516,#4517,#4518,#4519,#4520,#4521,#4522,#4523,#4524,
#4525,#4526,#4527,#4528,#4529,#4530,#4531),.UNSPECIFIED.,.F.,.F.)
B_SPLINE_CURVE_WITH_KNOTS((6,1,1,1,1,1,1,1,1,1,1,6),(-1.,-0.933333333333333,
-0.866666666666667,-0.8,-0.733333333333333,-0.666666666666667,-0.6,-0.533333333333333,
-0.466666666666667,-0.4,-0.333333333333333,-0.293050394596358),
 .UNSPECIFIED.)
CURVE()
GEOMETRIC_REPRESENTATION_ITEM()
RATIONAL_B_SPLINE_CURVE((1.,1.,1.,1.,1.,1.,1.,1.,1.,1.,1.,1.,1.,1.,1.,1.))
REPRESENTATION_ITEM('')
);
#34=TOROIDAL_SURFACE('',#2501,48.,1.);
#35=TOROIDAL_SURFACE('',#2506,3.,1.);
#36=TOROIDAL_SURFACE('',#2512,33.9499999999999,1.);
#37=TOROIDAL_SURFACE('',#2516,3.,1.);
#38=TOROIDAL_SURFACE('',#2522,2.,1.);
#39=TOROIDAL_SURFACE('',#2528,9.05000000000007,1.);
#40=TOROIDAL_SURFACE('',#2534,2.,1.);
#41=TOROIDAL_SURFACE('',#2540,3.,1.);
#42=TOROIDAL_SURFACE('',#2561,3.,1.);
#43=TOROIDAL_SURFACE('',#2567,33.9499999999999,1.);
#44=TOROIDAL_SURFACE('',#2570,3.,1.);
#45=TOROIDAL_SURFACE('',#2575,2.,1.);
#46=TOROIDAL_SURFACE('',#2580,9.05000000000007,1.);
#47=TOROIDAL_SURFACE('',#2586,2.,1.);
#48=TOROIDAL_SURFACE('',#2592,3.,1.);
#49=TOROIDAL_SURFACE('',#2596,48.,1.);
#50=B_SPLINE_CURVE_WITH_KNOTS('',3,(#3546,#3547,#3548,#3549,#3550,#3551,
#3552,#3553,#3554,#3555,#3556,#3557),.UNSPECIFIED.,.F.,.F.,(4,2,2,2,2,4),
(0.994725484067163,1.08924230606855,1.18634769149111,1.26362510356061,1.33745416887622,
1.33803930261165),.UNSPECIFIED.);
#51=B_SPLINE_CURVE_WITH_KNOTS('',3,(#4030,#4031,#4032,#4033,#4034,#4035,
#4036,#4037,#4038,#4039),.UNSPECIFIED.,.F.,.F.,(4,2,2,2,4),(0.,0.113226140427323,
0.210549410966199,0.297803322322068,0.388511162558754),.UNSPECIFIED.);
#52=B_SPLINE_CURVE_WITH_KNOTS('',3,(#4041,#4042,#4043,#4044,#4045,#4046,
#4047,#4048),.UNSPECIFIED.,.F.,.F.,(4,2,2,4),(0.0643646406590143,0.491262735239402,
0.680159920309337,0.781098445264223),.UNSPECIFIED.);
#53=B_SPLINE_CURVE_WITH_KNOTS('',3,(#4050,#4051,#4052,#4053),
 .UNSPECIFIED.,.F.,.F.,(4,4),(-0.3568192551922,0.118939751730731),
 .UNSPECIFIED.);
#54=B_SPLINE_CURVE_WITH_KNOTS('',3,(#4055,#4056,#4057,#4058,#4059,#4060,
#4061,#4062),.UNSPECIFIED.,.F.,.F.,(4,2,2,4),(0.,0.0927377230073579,0.295551040629409,
0.553707559691731),.UNSPECIFIED.);
#55=B_SPLINE_CURVE_WITH_KNOTS('',3,(#4064,#4065,#4066,#4067,#4068,#4069,
#4070,#4071,#4072,#4073),.UNSPECIFIED.,.F.,.F.,(4,2,2,2,4),(0.285331745057248,
0.34311701506649,0.445061091280144,0.47465763791579,0.497258109321365),
 .UNSPECIFIED.);
#56=B_SPLINE_CURVE_WITH_KNOTS('',3,(#4074,#4075,#4076,#4077),
 .UNSPECIFIED.,.F.,.F.,(4,4),(-0.287290287896482,0.525169791357948),
 .UNSPECIFIED.);
#57=B_SPLINE_CURVE_WITH_KNOTS('',3,(#4118,#4119,#4120,#4121,#4122,#4123,
#4124,#4125,#4126,#4127),.UNSPECIFIED.,.F.,.F.,(4,2,2,2,4),(0.,0.00454679066039635,
0.0130745414113868,0.0355077198408183,0.0848712528622285),.UNSPECIFIED.);
#58=B_SPLINE_CURVE_WITH_KNOTS('',3,(#4129,#4130,#4131,#4132,#4133,#4134,
#4135,#4136,#4137,#4138,#4139,#4140),.UNSPECIFIED.,.F.,.F.,(4,2,2,2,2,4),
(-0.000585193678961,0.,0.0738366221089119,0.151121946129514,0.24823727356324,
0.342763772548778),.UNSPECIFIED.);
#59=B_SPLINE_CURVE_WITH_KNOTS('',3,(#4161,#4162,#4163,#4164,#4165,#4166),
 .UNSPECIFIED.,.F.,.F.,(4,1,1,4),(-1.01336667490947,-0.69923887056696,-0.581440943938516,
-0.463643027917716),.UNSPECIFIED.);
#60=B_SPLINE_CURVE_WITH_KNOTS('',3,(#4168,#4169,#4170,#4171),
 .UNSPECIFIED.,.F.,.F.,(4,4),(-0.75,-0.499999999999999),.UNSPECIFIED.);
#61=B_SPLINE_CURVE_WITH_KNOTS('',3,(#4172,#4173,#4174,#4175,#4176,#4177),
 .UNSPECIFIED.,.F.,.F.,(4,2,4),(1.86661026598399,2.525,3.25),
 .UNSPECIFIED.);
#62=B_SPLINE_CURVE_WITH_KNOTS('',3,(#4180,#4181,#4182,#4183,#4184,#4185,
#4186,#4187,#4188,#4189),.UNSPECIFIED.,.F.,.F.,(4,2,2,2,4),(0.160929440311319,
0.248682906445119,0.352967509704087,0.409532350599848,0.472715604807347),
 .UNSPECIFIED.);
#63=B_SPLINE_CURVE_WITH_KNOTS('',3,(#4191,#4192,#4193,#4194,#4195,#4196,
#4197,#4198),.UNSPECIFIED.,.F.,.F.,(4,2,2,4),(0.,0.166704627561557,0.323733397677731,
0.46850269949309),.UNSPECIFIED.);
#64=B_SPLINE_CURVE_WITH_KNOTS('',3,(#4202,#4203,#4204,#4205,#4206,#4207,
#4208,#4209,#4210,#4211),.UNSPECIFIED.,.F.,.F.,(4,1,1,1,1,1,1,4),(-0.250117372527135,
-0.214386319308973,-0.178655266090811,-0.142924212872649,-0.107193159654486,
-0.0714621064363244,-0.0357310532181623,-1.53482895163045E-16),
 .UNSPECIFIED.);
#65=B_SPLINE_CURVE_WITH_KNOTS('',3,(#4213,#4214,#4215,#4216,#4217,#4218,
#4219,#4220,#4221,#4222,#4223,#4224,#4225,#4226,#4227,#4228,#4229,#4230),
 .UNSPECIFIED.,.F.,.F.,(4,1,1,1,1,1,1,1,1,1,1,1,1,1,1,4),(-0.217104147675512,
-0.181385837293225,-0.145667526910939,-0.109949216528652,-0.074230906146366,
-0.0385125957640796,-0.0206534405729364,-0.00279428538179319,0.00613529221377842,
0.01506486980935,0.0217620530060287,0.0239944474049216,0.0284592362027074,
0.0306916306016003,0.0318078278010468,0.0329240250004932),.UNSPECIFIED.);
#66=B_SPLINE_CURVE_WITH_KNOTS('',3,(#4283,#4284,#4285,#4286,#4287,#4288,
#4289),.UNSPECIFIED.,.F.,.F.,(4,1,1,1,4),(1.53482895163045E-16,0.0357310532181623,
0.0714621064363244,0.107193159654486,0.118930702971706),.UNSPECIFIED.);
#67=B_SPLINE_CURVE_WITH_KNOTS('',3,(#4382,#4383,#4384,#4385,#4386,#4387,
#4388,#4389),.UNSPECIFIED.,.F.,.F.,(4,2,2,4),(0.,0.150905179200182,0.296105784959217,
0.466793024444733),.UNSPECIFIED.);
#68=B_SPLINE_CURVE_WITH_KNOTS('',3,(#4390,#4391,#4392,#4393,#4394,#4395,
#4396),.UNSPECIFIED.,.F.,.F.,(4,1,1,1,4),(0.0982000408859889,0.109949216528652,
0.145667526910939,0.181385837293225,0.217104147675512),.UNSPECIFIED.);
#69=B_SPLINE_CURVE_WITH_KNOTS('',3,(#4399,#4400,#4401,#4402,#4403,#4404,
#4405,#4406,#4407,#4408),.UNSPECIFIED.,.F.,.F.,(4,2,2,2,4),(0.,0.0463216492865957,
0.104745353494677,0.193322430747446,0.218989973313064),.UNSPECIFIED.);
#70=B_SPLINE_CURVE_WITH_KNOTS('',3,(#4410,#4411,#4412,#4413),
 .UNSPECIFIED.,.F.,.F.,(4,4),(-1.8,-1.55),.UNSPECIFIED.);
#71=B_SPLINE_CURVE_WITH_KNOTS('',3,(#4414,#4415,#4416,#4417,#4418,#4419),
 .UNSPECIFIED.,.F.,.F.,(4,2,4),(1.8,2.525,3.18338973401601),
 .UNSPECIFIED.);
#72=B_SPLINE_CURVE_WITH_KNOTS('',3,(#4469,#4470,#4471,#4472,#4473,#4474),
 .UNSPECIFIED.,.F.,.F.,(4,1,1,4),(-0.549723657599428,-0.392659755428163,
-0.235595853256898,0.),.UNSPECIFIED.);
#73=B_SPLINE_CURVE_WITH_KNOTS('',3,(#4532,#4533,#4534,#4535,#4536,#4537,
#4538,#4539,#4540,#4541,#4542,#4543),.UNSPECIFIED.,.F.,.F.,(4,2,2,2,2,4),
(0.994725455836617,1.0892422750771,1.18634765766313,1.26362506747522,1.33745413171788,
1.33803926541554),.UNSPECIFIED.);
#74=B_SPLINE_CURVE_WITH_KNOTS('',3,(#4544,#4545,#4546,#4547,#4548,#4549,
#4550,#4551,#4552,#4553,#4554,#4555),.UNSPECIFIED.,.F.,.F.,(4,2,2,2,2,4),
(0.637439218441639,0.666316101230805,0.70079631528779,0.712418729372157,
0.71683950903621,0.720459866678369),.UNSPECIFIED.);
#75=B_SPLINE_CURVE_WITH_KNOTS('',3,(#4612,#4613,#4614,#4615,#4616,#4617,
#4618,#4619,#4620,#4621),.UNSPECIFIED.,.F.,.F.,(4,2,2,2,4),(0.,0.11322614042683,
0.210549410961225,0.297803322310424,0.38851116254121),.UNSPECIFIED.);
#76=B_SPLINE_CURVE_WITH_KNOTS('',3,(#4623,#4624,#4625,#4626,#4627,#4628,
#4629,#4630),.UNSPECIFIED.,.F.,.F.,(4,2,2,4),(0.0643646406590426,0.491262735239455,
0.68015992030944,0.781098445264475),.UNSPECIFIED.);
#77=B_SPLINE_CURVE_WITH_KNOTS('',3,(#4632,#4633,#4634,#4635),
 .UNSPECIFIED.,.F.,.F.,(4,4),(-0.356819255192201,0.118939751730731),
 .UNSPECIFIED.);
#78=B_SPLINE_CURVE_WITH_KNOTS('',3,(#4637,#4638,#4639,#4640,#4641,#4642,
#4643,#4644),.UNSPECIFIED.,.F.,.F.,(4,2,2,4),(0.,0.0927377230073585,0.29555104062933,
0.553707559691427),.UNSPECIFIED.);
#79=B_SPLINE_CURVE_WITH_KNOTS('',3,(#4646,#4647,#4648,#4649,#4650,#4651,
#4652,#4653,#4654,#4655),.UNSPECIFIED.,.F.,.F.,(4,2,2,2,4),(0.285331745059526,
0.343117015071144,0.445061091289653,0.474657637926723,0.497258109333409),
 .UNSPECIFIED.);
#80=B_SPLINE_CURVE_WITH_KNOTS('',3,(#4656,#4657,#4658,#4659),
 .UNSPECIFIED.,.F.,.F.,(4,4),(-0.287290287896484,0.525169791357947),
 .UNSPECIFIED.);
#81=B_SPLINE_CURVE_WITH_KNOTS('',3,(#4700,#4701,#4702,#4703,#4704,#4705,
#4706,#4707,#4708,#4709),.UNSPECIFIED.,.F.,.F.,(4,2,2,2,4),(0.,0.00454679066039244,
0.0130745414113432,0.0355077198404367,0.0848712528602461),.UNSPECIFIED.);
#82=B_SPLINE_CURVE_WITH_KNOTS('',3,(#4710,#4711,#4712,#4713,#4714,#4715,
#4716,#4717,#4718,#4719,#4720,#4721),.UNSPECIFIED.,.F.,.F.,(4,2,2,2,2,4),
(-0.000585193698164237,0.,0.0738366226865635,0.151121947920785,0.248237276879399,
0.342763777349153),.UNSPECIFIED.);
#83=B_SPLINE_CURVE_WITH_KNOTS('',3,(#4725,#4726,#4727,#4728,#4729,#4730),
 .UNSPECIFIED.,.F.,.F.,(4,1,1,4),(-1.01336667490945,-0.699238870566927,
-0.581440943938479,-0.463643027917684),.UNSPECIFIED.);
#84=B_SPLINE_CURVE_WITH_KNOTS('',3,(#4732,#4733,#4734,#4735),
 .UNSPECIFIED.,.F.,.F.,(4,4),(-0.75,-0.499999999999999),.UNSPECIFIED.);
#85=B_SPLINE_CURVE_WITH_KNOTS('',3,(#4736,#4737,#4738,#4739,#4740,#4741),
 .UNSPECIFIED.,.F.,.F.,(4,2,4),(1.866610265984,2.525,3.25),
 .UNSPECIFIED.);
#86=B_SPLINE_CURVE_WITH_KNOTS('',3,(#4744,#4745,#4746,#4747,#4748,#4749,
#4750,#4751,#4752,#4753),.UNSPECIFIED.,.F.,.F.,(4,2,2,2,4),(0.160929440311325,
0.248682906445067,0.35296750970376,0.409532350600051,0.472715604821425),
 .UNSPECIFIED.);
#87=B_SPLINE_CURVE_WITH_KNOTS('',3,(#4755,#4756,#4757,#4758,#4759,#4760,
#4761,#4762),.UNSPECIFIED.,.F.,.F.,(4,2,2,4),(0.,0.166704627561558,0.323733397677635,
0.468502699492842),.UNSPECIFIED.);
#88=B_SPLINE_CURVE_WITH_KNOTS('',3,(#4766,#4767,#4768,#4769,#4770,#4771,
#4772,#4773,#4774,#4775),.UNSPECIFIED.,.F.,.F.,(4,1,1,1,1,1,1,4),(-0.250117372527133,
-0.21438631930897,-0.178655266090807,-0.142924212872644,-0.107193159654482,
-0.071462106436319,-0.0357310532181563,6.44799202402599E-15),
 .UNSPECIFIED.);
#89=B_SPLINE_CURVE_WITH_KNOTS('',3,(#4777,#4778,#4779,#4780,#4781,#4782,
#4783,#4784,#4785,#4786,#4787,#4788,#4789,#4790,#4791,#4792,#4793,#4794),
 .UNSPECIFIED.,.F.,.F.,(4,1,1,1,1,1,1,1,1,1,1,1,1,1,1,4),(-0.217104147675522,
-0.181385837293236,-0.14566752691095,-0.109949216528664,-0.0742309061463774,
-0.0385125957640913,-0.0206534405729482,-0.00279428538180515,0.00613529221376639,
0.0150648698093379,0.0217620530060166,0.0239944474049095,0.0284592362026952,
0.0306916306015881,0.0318078278010346,0.032924025000481),.UNSPECIFIED.);
#90=B_SPLINE_CURVE_WITH_KNOTS('',3,(#4847,#4848,#4849,#4850,#4851,#4852,
#4853),.UNSPECIFIED.,.F.,.F.,(4,1,1,1,4),(-6.44799202402599E-15,0.0357310532181563,
0.071462106436319,0.107193159654482,0.11893072550111),.UNSPECIFIED.);
#91=B_SPLINE_CURVE_WITH_KNOTS('',3,(#4946,#4947,#4948,#4949,#4950,#4951,
#4952,#4953),.UNSPECIFIED.,.F.,.F.,(4,2,2,4),(0.,0.150905179200132,0.296105784958976,
0.466793024444206),.UNSPECIFIED.);
#92=B_SPLINE_CURVE_WITH_KNOTS('',3,(#4954,#4955,#4956,#4957,#4958,#4959,
#4960),.UNSPECIFIED.,.F.,.F.,(4,1,1,1,4),(0.0982000408121302,0.109949216528664,
0.14566752691095,0.181385837293236,0.217104147675522),.UNSPECIFIED.);
#93=B_SPLINE_CURVE_WITH_KNOTS('',3,(#4963,#4964,#4965,#4966,#4967,#4968,
#4969,#4970,#4971,#4972),.UNSPECIFIED.,.F.,.F.,(4,2,2,2,4),(0.,0.0463216492865514,
0.104745353492068,0.193322430737773,0.218989973301368),.UNSPECIFIED.);
#94=B_SPLINE_CURVE_WITH_KNOTS('',3,(#4974,#4975,#4976,#4977),
 .UNSPECIFIED.,.F.,.F.,(4,4),(-1.8,-1.55),.UNSPECIFIED.);
#95=B_SPLINE_CURVE_WITH_KNOTS('',3,(#4978,#4979,#4980,#4981,#4982,#4983),
 .UNSPECIFIED.,.F.,.F.,(4,2,4),(1.8,2.525,3.18338973401601),
 .UNSPECIFIED.);
#96=B_SPLINE_CURVE_WITH_KNOTS('',3,(#5033,#5034,#5035,#5036,#5037,#5038),
 .UNSPECIFIED.,.F.,.F.,(4,1,1,4),(-0.54972365759942,-0.392659755428157,
-0.235595853256894,0.),.UNSPECIFIED.);
#97=B_SPLINE_CURVE_WITH_KNOTS('',3,(#5079,#5080,#5081,#5082,#5083,#5084,
#5085,#5086,#5087,#5088,#5089,#5090),.UNSPECIFIED.,.F.,.F.,(4,2,2,2,2,4),
(0.637439218388374,0.666316101173011,0.700796315223704,0.71241872930595,
0.716839508969222,0.720459866610697),.UNSPECIFIED.);
#98=CYLINDRICAL_SURFACE('',#2498,2.);
#99=CYLINDRICAL_SURFACE('',#2510,1.);
#100=CYLINDRICAL_SURFACE('',#2520,1.);
#101=CYLINDRICAL_SURFACE('',#2526,1.);
#102=CYLINDRICAL_SURFACE('',#2532,1.);
#103=CYLINDRICAL_SURFACE('',#2538,1.);
#104=CYLINDRICAL_SURFACE('',#2543,3.);
#105=CYLINDRICAL_SURFACE('',#2547,4.);
#106=CYLINDRICAL_SURFACE('',#2549,34.9499999999999);
#107=CYLINDRICAL_SURFACE('',#2553,4.);
#108=CYLINDRICAL_SURFACE('',#2555,49.);
#109=CYLINDRICAL_SURFACE('',#2565,1.);
#110=CYLINDRICAL_SURFACE('',#2573,1.);
#111=CYLINDRICAL_SURFACE('',#2578,1.);
#112=CYLINDRICAL_SURFACE('',#2584,1.);
#113=CYLINDRICAL_SURFACE('',#2590,1.);
#114=CYLINDRICAL_SURFACE('',#2598,10.0500000000001);
#115=CYLINDRICAL_SURFACE('',#2601,3.);
#116=CYLINDRICAL_SURFACE('',#2604,4.);
#117=CYLINDRICAL_SURFACE('',#2618,10.0500000000001);
#118=CYLINDRICAL_SURFACE('',#2628,0.5);
#119=CYLINDRICAL_SURFACE('',#2630,0.5);
#120=CYLINDRICAL_SURFACE('',#2633,0.5);
#121=CYLINDRICAL_SURFACE('',#2635,0.5);
#122=CYLINDRICAL_SURFACE('',#2637,0.5);
#123=CYLINDRICAL_SURFACE('',#2641,0.5);
#124=CYLINDRICAL_SURFACE('',#2643,0.5);
#125=CYLINDRICAL_SURFACE('',#2649,0.5);
#126=CYLINDRICAL_SURFACE('',#2651,0.5);
#127=CYLINDRICAL_SURFACE('',#2654,0.5);
#128=CYLINDRICAL_SURFACE('',#2656,0.5);
#129=CYLINDRICAL_SURFACE('',#2658,0.5);
#130=CYLINDRICAL_SURFACE('',#2662,0.5);
#131=CYLINDRICAL_SURFACE('',#2664,0.5);
#132=CYLINDRICAL_SURFACE('',#2681,2.);
#133=CYLINDRICAL_SURFACE('',#2682,2.);
#134=CYLINDRICAL_SURFACE('',#2689,2.);
#135=CYLINDRICAL_SURFACE('',#2690,1.4);
#136=CYLINDRICAL_SURFACE('',#2693,1.4);
#137=CYLINDRICAL_SURFACE('',#2696,1.4);
#138=CYLINDRICAL_SURFACE('',#2699,1.4);
#139=CYLINDRICAL_SURFACE('',#2702,1.4);
#140=CYLINDRICAL_SURFACE('',#2705,1.4);
#141=CYLINDRICAL_SURFACE('',#2708,1.4);
#142=CYLINDRICAL_SURFACE('',#2711,1.4);
#143=CYLINDRICAL_SURFACE('',#2714,3.);
#144=CYLINDRICAL_SURFACE('',#2716,3.);
#145=CYLINDRICAL_SURFACE('',#2721,3.);
#146=CYLINDRICAL_SURFACE('',#2729,1.6);
#147=CYLINDRICAL_SURFACE('',#2730,3.85);
#148=CYLINDRICAL_SURFACE('',#2734,1.65);
#149=CYLINDRICAL_SURFACE('',#2735,1.65);
#150=CYLINDRICAL_SURFACE('',#2736,1.65);
#151=FACE_BOUND('',#430,.T.);
#152=FACE_BOUND('',#431,.T.);
#153=FACE_BOUND('',#458,.T.);
#154=FACE_BOUND('',#459,.T.);
#155=FACE_BOUND('',#460,.T.);
#156=FACE_BOUND('',#480,.T.);
#157=FACE_BOUND('',#482,.T.);
#158=FACE_BOUND('',#485,.T.);
#159=FACE_BOUND('',#486,.T.);
#160=FACE_BOUND('',#487,.T.);
#161=FACE_BOUND('',#488,.T.);
#162=FACE_BOUND('',#541,.T.);
#163=FACE_BOUND('',#542,.T.);
#164=FACE_BOUND('',#543,.T.);
#165=FACE_BOUND('',#544,.T.);
#166=FACE_BOUND('',#578,.T.);
#167=FACE_BOUND('',#579,.T.);
#168=FACE_BOUND('',#582,.T.);
#169=FACE_BOUND('',#585,.T.);
#170=FACE_BOUND('',#589,.T.);
#171=CIRCLE('',#2481,34.9499999999999);
#172=CIRCLE('',#2482,0.5);
#173=CIRCLE('',#2483,2.);
#174=CIRCLE('',#2484,3.);
#175=CIRCLE('',#2485,10.0500000000001);
#176=CIRCLE('',#2486,3.);
#177=CIRCLE('',#2487,2.);
#178=CIRCLE('',#2488,0.5);
#179=CIRCLE('',#2489,3.);
#180=CIRCLE('',#2490,3.);
#181=CIRCLE('',#2491,3.);
#182=CIRCLE('',#2499,2.);
#183=CIRCLE('',#2502,0.999999999999993);
#184=CIRCLE('',#2503,48.);
#185=CIRCLE('',#2504,0.999999999999999);
#186=CIRCLE('',#2505,49.);
#187=CIRCLE('',#2507,0.999999999999992);
#188=CIRCLE('',#2508,4.);
#189=CIRCLE('',#2509,3.);
#190=CIRCLE('',#2511,0.999999999999996);
#191=CIRCLE('',#2513,0.999999999999997);
#192=CIRCLE('',#2514,34.9499999999999);
#193=CIRCLE('',#2515,33.9499999999999);
#194=CIRCLE('',#2517,0.999999999999996);
#195=CIRCLE('',#2518,4.);
#196=CIRCLE('',#2519,3.);
#197=CIRCLE('',#2521,0.999999999999999);
#198=CIRCLE('',#2523,0.999999999999999);
#199=CIRCLE('',#2524,3.);
#200=CIRCLE('',#2525,2.);
#201=CIRCLE('',#2527,1.);
#202=CIRCLE('',#2529,0.999999999999998);
#203=CIRCLE('',#2530,10.0500000000001);
#204=CIRCLE('',#2531,9.05000000000007);
#205=CIRCLE('',#2533,1.);
#206=CIRCLE('',#2535,0.999999999999996);
#207=CIRCLE('',#2536,3.);
#208=CIRCLE('',#2537,2.);
#209=CIRCLE('',#2539,1.);
#210=CIRCLE('',#2541,3.);
#211=CIRCLE('',#2542,4.);
#212=CIRCLE('',#2544,3.);
#213=CIRCLE('',#2545,3.);
#214=CIRCLE('',#2548,4.);
#215=CIRCLE('',#2550,34.9499999999999);
#216=CIRCLE('',#2551,34.9499999999999);
#217=CIRCLE('',#2554,4.);
#218=CIRCLE('',#2556,49.);
#219=CIRCLE('',#2558,3.85);
#220=CIRCLE('',#2559,1.65);
#221=CIRCLE('',#2560,1.65);
#222=CIRCLE('',#2562,1.);
#223=CIRCLE('',#2563,0.999999999999996);
#224=CIRCLE('',#2564,3.);
#225=CIRCLE('',#2566,0.999999999999988);
#226=CIRCLE('',#2568,0.999999999999996);
#227=CIRCLE('',#2569,33.9499999999999);
#228=CIRCLE('',#2571,0.999999999999979);
#229=CIRCLE('',#2572,3.);
#230=CIRCLE('',#2574,0.999999999999996);
#231=CIRCLE('',#2576,0.999999999999979);
#232=CIRCLE('',#2577,2.);
#233=CIRCLE('',#2579,0.999999999999996);
#234=CIRCLE('',#2581,0.999999999999996);
#235=CIRCLE('',#2582,9.05000000000007);
#236=CIRCLE('',#2583,10.0500000000001);
#237=CIRCLE('',#2585,0.999999999999996);
#238=CIRCLE('',#2587,1.00000000000002);
#239=CIRCLE('',#2588,2.);
#240=CIRCLE('',#2589,3.);
#241=CIRCLE('',#2591,0.999999999999996);
#242=CIRCLE('',#2593,1.00000000000001);
#243=CIRCLE('',#2594,3.);
#244=CIRCLE('',#2595,4.);
#245=CIRCLE('',#2597,48.);
#246=CIRCLE('',#2599,10.0500000000001);
#247=CIRCLE('',#2602,3.);
#248=CIRCLE('',#2606,5.);
#249=CIRCLE('',#2608,0.5);
#250=CIRCLE('',#2609,2.);
#251=CIRCLE('',#2610,0.5);
#252=CIRCLE('',#2611,1.6);
#253=CIRCLE('',#2614,1.4);
#254=CIRCLE('',#2615,1.4);
#255=CIRCLE('',#2616,1.4);
#256=CIRCLE('',#2617,1.4);
#257=CIRCLE('',#2672,4.);
#258=CIRCLE('',#2674,2.5);
#259=CIRCLE('',#2677,1.4);
#260=CIRCLE('',#2678,1.4);
#261=CIRCLE('',#2679,1.4);
#262=CIRCLE('',#2680,1.4);
#263=CIRCLE('',#2685,4.);
#264=CIRCLE('',#2687,2.5);
#265=CIRCLE('',#2691,1.4);
#266=CIRCLE('',#2694,1.4);
#267=CIRCLE('',#2697,1.4);
#268=CIRCLE('',#2700,1.4);
#269=CIRCLE('',#2703,1.4);
#270=CIRCLE('',#2706,1.4);
#271=CIRCLE('',#2709,1.4);
#272=CIRCLE('',#2712,1.4);
#273=CIRCLE('',#2715,3.);
#274=CIRCLE('',#2717,3.);
#275=CIRCLE('',#2719,1.65);
#276=CIRCLE('',#2720,1.65);
#277=CIRCLE('',#2722,3.);
#278=CIRCLE('',#2724,1.65);
#279=CIRCLE('',#2726,2.5);
#280=CIRCLE('',#2728,1.6);
#281=CIRCLE('',#2731,3.85);
#282=CIRCLE('',#2733,1.65);
#283=FACE_OUTER_BOUND('',#428,.T.);
#284=FACE_OUTER_BOUND('',#429,.T.);
#285=FACE_OUTER_BOUND('',#432,.T.);
#286=FACE_OUTER_BOUND('',#433,.T.);
#287=FACE_OUTER_BOUND('',#434,.T.);
#288=FACE_OUTER_BOUND('',#435,.T.);
#289=FACE_OUTER_BOUND('',#436,.T.);
#290=FACE_OUTER_BOUND('',#437,.T.);
#291=FACE_OUTER_BOUND('',#438,.T.);
#292=FACE_OUTER_BOUND('',#439,.T.);
#293=FACE_OUTER_BOUND('',#440,.T.);
#294=FACE_OUTER_BOUND('',#441,.T.);
#295=FACE_OUTER_BOUND('',#442,.T.);
#296=FACE_OUTER_BOUND('',#443,.T.);
#297=FACE_OUTER_BOUND('',#444,.T.);
#298=FACE_OUTER_BOUND('',#445,.T.);
#299=FACE_OUTER_BOUND('',#446,.T.);
#300=FACE_OUTER_BOUND('',#447,.T.);
#301=FACE_OUTER_BOUND('',#448,.T.);
#302=FACE_OUTER_BOUND('',#449,.T.);
#303=FACE_OUTER_BOUND('',#450,.T.);
#304=FACE_OUTER_BOUND('',#451,.T.);
#305=FACE_OUTER_BOUND('',#452,.T.);
#306=FACE_OUTER_BOUND('',#453,.T.);
#307=FACE_OUTER_BOUND('',#454,.T.);
#308=FACE_OUTER_BOUND('',#455,.T.);
#309=FACE_OUTER_BOUND('',#456,.T.);
#310=FACE_OUTER_BOUND('',#457,.T.);
#311=FACE_OUTER_BOUND('',#461,.T.);
#312=FACE_OUTER_BOUND('',#462,.T.);
#313=FACE_OUTER_BOUND('',#463,.T.);
#314=FACE_OUTER_BOUND('',#464,.T.);
#315=FACE_OUTER_BOUND('',#465,.T.);
#316=FACE_OUTER_BOUND('',#466,.T.);
#317=FACE_OUTER_BOUND('',#467,.T.);
#318=FACE_OUTER_BOUND('',#468,.T.);
#319=FACE_OUTER_BOUND('',#469,.T.);
#320=FACE_OUTER_BOUND('',#470,.T.);
#321=FACE_OUTER_BOUND('',#471,.T.);
#322=FACE_OUTER_BOUND('',#472,.T.);
#323=FACE_OUTER_BOUND('',#473,.T.);
#324=FACE_OUTER_BOUND('',#474,.T.);
#325=FACE_OUTER_BOUND('',#475,.T.);
#326=FACE_OUTER_BOUND('',#476,.T.);
#327=FACE_OUTER_BOUND('',#477,.T.);
#328=FACE_OUTER_BOUND('',#478,.T.);
#329=FACE_OUTER_BOUND('',#479,.T.);
#330=FACE_OUTER_BOUND('',#481,.T.);
#331=FACE_OUTER_BOUND('',#483,.T.);
#332=FACE_OUTER_BOUND('',#484,.T.);
#333=FACE_OUTER_BOUND('',#489,.T.);
#334=FACE_OUTER_BOUND('',#490,.T.);
#335=FACE_OUTER_BOUND('',#491,.T.);
#336=FACE_OUTER_BOUND('',#492,.T.);
#337=FACE_OUTER_BOUND('',#493,.T.);
#338=FACE_OUTER_BOUND('',#494,.T.);
#339=FACE_OUTER_BOUND('',#495,.T.);
#340=FACE_OUTER_BOUND('',#496,.T.);
#341=FACE_OUTER_BOUND('',#497,.T.);
#342=FACE_OUTER_BOUND('',#498,.T.);
#343=FACE_OUTER_BOUND('',#499,.T.);
#344=FACE_OUTER_BOUND('',#500,.T.);
#345=FACE_OUTER_BOUND('',#501,.T.);
#346=FACE_OUTER_BOUND('',#502,.T.);
#347=FACE_OUTER_BOUND('',#503,.T.);
#348=FACE_OUTER_BOUND('',#504,.T.);
#349=FACE_OUTER_BOUND('',#505,.T.);
#350=FACE_OUTER_BOUND('',#506,.T.);
#351=FACE_OUTER_BOUND('',#507,.T.);
#352=FACE_OUTER_BOUND('',#508,.T.);
#353=FACE_OUTER_BOUND('',#509,.T.);
#354=FACE_OUTER_BOUND('',#510,.T.);
#355=FACE_OUTER_BOUND('',#511,.T.);
#356=FACE_OUTER_BOUND('',#512,.T.);
#357=FACE_OUTER_BOUND('',#513,.T.);
#358=FACE_OUTER_BOUND('',#514,.T.);
#359=FACE_OUTER_BOUND('',#515,.T.);
#360=FACE_OUTER_BOUND('',#516,.T.);
#361=FACE_OUTER_BOUND('',#517,.T.);
#362=FACE_OUTER_BOUND('',#518,.T.);
#363=FACE_OUTER_BOUND('',#519,.T.);
#364=FACE_OUTER_BOUND('',#520,.T.);
#365=FACE_OUTER_BOUND('',#521,.T.);
#366=FACE_OUTER_BOUND('',#522,.T.);
#367=FACE_OUTER_BOUND('',#523,.T.);
#368=FACE_OUTER_BOUND('',#524,.T.);
#369=FACE_OUTER_BOUND('',#525,.T.);
#370=FACE_OUTER_BOUND('',#526,.T.);
#371=FACE_OUTER_BOUND('',#527,.T.);
#372=FACE_OUTER_BOUND('',#528,.T.);
#373=FACE_OUTER_BOUND('',#529,.T.);
#374=FACE_OUTER_BOUND('',#530,.T.);
#375=FACE_OUTER_BOUND('',#531,.T.);
#376=FACE_OUTER_BOUND('',#532,.T.);
#377=FACE_OUTER_BOUND('',#533,.T.);
#378=FACE_OUTER_BOUND('',#534,.T.);
#379=FACE_OUTER_BOUND('',#535,.T.);
#380=FACE_OUTER_BOUND('',#536,.T.);
#381=FACE_OUTER_BOUND('',#537,.T.);
#382=FACE_OUTER_BOUND('',#538,.T.);
#383=FACE_OUTER_BOUND('',#539,.T.);
#384=FACE_OUTER_BOUND('',#540,.T.);
#385=FACE_OUTER_BOUND('',#545,.T.);
#386=FACE_OUTER_BOUND('',#546,.T.);
#387=FACE_OUTER_BOUND('',#547,.T.);
#388=FACE_OUTER_BOUND('',#548,.T.);
#389=FACE_OUTER_BOUND('',#549,.T.);
#390=FACE_OUTER_BOUND('',#550,.T.);
#391=FACE_OUTER_BOUND('',#551,.T.);
#392=FACE_OUTER_BOUND('',#552,.T.);
#393=FACE_OUTER_BOUND('',#553,.T.);
#394=FACE_OUTER_BOUND('',#554,.T.);
#395=FACE_OUTER_BOUND('',#555,.T.);
#396=FACE_OUTER_BOUND('',#556,.T.);
#397=FACE_OUTER_BOUND('',#557,.T.);
#398=FACE_OUTER_BOUND('',#558,.T.);
#399=FACE_OUTER_BOUND('',#559,.T.);
#400=FACE_OUTER_BOUND('',#560,.T.);
#401=FACE_OUTER_BOUND('',#561,.T.);
#402=FACE_OUTER_BOUND('',#562,.T.);
#403=FACE_OUTER_BOUND('',#563,.T.);
#404=FACE_OUTER_BOUND('',#564,.T.);
#405=FACE_OUTER_BOUND('',#565,.T.);
#406=FACE_OUTER_BOUND('',#566,.T.);
#407=FACE_OUTER_BOUND('',#567,.T.);
#408=FACE_OUTER_BOUND('',#568,.T.);
#409=FACE_OUTER_BOUND('',#569,.T.);
#410=FACE_OUTER_BOUND('',#570,.T.);
#411=FACE_OUTER_BOUND('',#571,.T.);
#412=FACE_OUTER_BOUND('',#572,.T.);
#413=FACE_OUTER_BOUND('',#573,.T.);
#414=FACE_OUTER_BOUND('',#574,.T.);
#415=FACE_OUTER_BOUND('',#575,.T.);
#416=FACE_OUTER_BOUND('',#576,.T.);
#417=FACE_OUTER_BOUND('',#577,.T.);
#418=FACE_OUTER_BOUND('',#580,.T.);
#419=FACE_OUTER_BOUND('',#581,.T.);
#420=FACE_OUTER_BOUND('',#583,.T.);
#421=FACE_OUTER_BOUND('',#584,.T.);
#422=FACE_OUTER_BOUND('',#586,.T.);
#423=FACE_OUTER_BOUND('',#587,.T.);
#424=FACE_OUTER_BOUND('',#588,.T.);
#425=FACE_OUTER_BOUND('',#590,.T.);
#426=FACE_OUTER_BOUND('',#591,.T.);
#427=FACE_OUTER_BOUND('',#592,.T.);
#428=EDGE_LOOP('',(#1544,#1545,#1546,#1547,#1548));
#429=EDGE_LOOP('',(#1549,#1550,#1551,#1552,#1553,#1554,#1555,#1556,#1557,
#1558,#1559,#1560,#1561,#1562,#1563,#1564,#1565,#1566,#1567,#1568,#1569));
#430=EDGE_LOOP('',(#1570,#1571));
#431=EDGE_LOOP('',(#1572));
#432=EDGE_LOOP('',(#1573,#1574,#1575,#1576,#1577,#1578,#1579,#1580,#1581,
#1582,#1583,#1584,#1585,#1586,#1587,#1588));
#433=EDGE_LOOP('',(#1589,#1590,#1591,#1592,#1593,#1594));
#434=EDGE_LOOP('',(#1595,#1596,#1597,#1598,#1599));
#435=EDGE_LOOP('',(#1600,#1601,#1602,#1603,#1604,#1605,#1606));
#436=EDGE_LOOP('',(#1607,#1608,#1609,#1610,#1611,#1612,#1613,#1614,#1615,
#1616,#1617,#1618,#1619,#1620,#1621,#1622));
#437=EDGE_LOOP('',(#1623,#1624,#1625,#1626));
#438=EDGE_LOOP('',(#1627,#1628,#1629,#1630));
#439=EDGE_LOOP('',(#1631,#1632,#1633,#1634));
#440=EDGE_LOOP('',(#1635,#1636,#1637,#1638));
#441=EDGE_LOOP('',(#1639,#1640,#1641,#1642));
#442=EDGE_LOOP('',(#1643,#1644,#1645,#1646));
#443=EDGE_LOOP('',(#1647,#1648,#1649,#1650));
#444=EDGE_LOOP('',(#1651,#1652,#1653,#1654));
#445=EDGE_LOOP('',(#1655,#1656,#1657,#1658));
#446=EDGE_LOOP('',(#1659,#1660,#1661,#1662));
#447=EDGE_LOOP('',(#1663,#1664,#1665,#1666));
#448=EDGE_LOOP('',(#1667,#1668,#1669,#1670));
#449=EDGE_LOOP('',(#1671,#1672,#1673,#1674));
#450=EDGE_LOOP('',(#1675,#1676,#1677,#1678,#1679,#1680,#1681,#1682));
#451=EDGE_LOOP('',(#1683,#1684,#1685,#1686));
#452=EDGE_LOOP('',(#1687,#1688,#1689,#1690));
#453=EDGE_LOOP('',(#1691,#1692,#1693,#1694,#1695,#1696,#1697,#1698));
#454=EDGE_LOOP('',(#1699,#1700,#1701,#1702,#1703,#1704,#1705,#1706));
#455=EDGE_LOOP('',(#1707,#1708,#1709,#1710));
#456=EDGE_LOOP('',(#1711,#1712,#1713,#1714));
#457=EDGE_LOOP('',(#1715,#1716,#1717,#1718,#1719,#1720,#1721,#1722,#1723,
#1724,#1725,#1726,#1727));
#458=EDGE_LOOP('',(#1728));
#459=EDGE_LOOP('',(#1729));
#460=EDGE_LOOP('',(#1730));
#461=EDGE_LOOP('',(#1731,#1732,#1733,#1734));
#462=EDGE_LOOP('',(#1735,#1736,#1737,#1738));
#463=EDGE_LOOP('',(#1739,#1740,#1741,#1742));
#464=EDGE_LOOP('',(#1743,#1744,#1745,#1746));
#465=EDGE_LOOP('',(#1747,#1748,#1749,#1750));
#466=EDGE_LOOP('',(#1751,#1752,#1753,#1754));
#467=EDGE_LOOP('',(#1755,#1756,#1757,#1758));
#468=EDGE_LOOP('',(#1759,#1760,#1761,#1762));
#469=EDGE_LOOP('',(#1763,#1764,#1765,#1766));
#470=EDGE_LOOP('',(#1767,#1768,#1769,#1770));
#471=EDGE_LOOP('',(#1771,#1772,#1773,#1774));
#472=EDGE_LOOP('',(#1775,#1776,#1777,#1778));
#473=EDGE_LOOP('',(#1779,#1780,#1781,#1782));
#474=EDGE_LOOP('',(#1783,#1784,#1785,#1786));
#475=EDGE_LOOP('',(#1787,#1788,#1789,#1790));
#476=EDGE_LOOP('',(#1791,#1792,#1793,#1794,#1795,#1796,#1797,#1798));
#477=EDGE_LOOP('',(#1799,#1800,#1801,#1802));
#478=EDGE_LOOP('',(#1803,#1804,#1805,#1806));
#479=EDGE_LOOP('',(#1807,#1808,#1809,#1810,#1811,#1812,#1813,#1814,#1815,
#1816,#1817,#1818,#1819));
#480=EDGE_LOOP('',(#1820));
#481=EDGE_LOOP('',(#1821,#1822,#1823,#1824,#1825,#1826,#1827,#1828,#1829,
#1830,#1831,#1832,#1833,#1834,#1835,#1836,#1837,#1838,#1839,#1840,#1841));
#482=EDGE_LOOP('',(#1842));
#483=EDGE_LOOP('',(#1843,#1844,#1845,#1846));
#484=EDGE_LOOP('',(#1847,#1848,#1849,#1850,#1851,#1852,#1853));
#485=EDGE_LOOP('',(#1854));
#486=EDGE_LOOP('',(#1855));
#487=EDGE_LOOP('',(#1856));
#488=EDGE_LOOP('',(#1857));
#489=EDGE_LOOP('',(#1858,#1859,#1860,#1861));
#490=EDGE_LOOP('',(#1862,#1863,#1864,#1865));
#491=EDGE_LOOP('',(#1866,#1867,#1868,#1869));
#492=EDGE_LOOP('',(#1870,#1871,#1872,#1873,#1874));
#493=EDGE_LOOP('',(#1875,#1876,#1877,#1878,#1879));
#494=EDGE_LOOP('',(#1880,#1881,#1882,#1883,#1884,#1885));
#495=EDGE_LOOP('',(#1886,#1887,#1888,#1889));
#496=EDGE_LOOP('',(#1890,#1891,#1892,#1893));
#497=EDGE_LOOP('',(#1894,#1895,#1896,#1897));
#498=EDGE_LOOP('',(#1898,#1899,#1900,#1901));
#499=EDGE_LOOP('',(#1902,#1903,#1904,#1905));
#500=EDGE_LOOP('',(#1906,#1907,#1908,#1909));
#501=EDGE_LOOP('',(#1910,#1911,#1912,#1913));
#502=EDGE_LOOP('',(#1914,#1915,#1916,#1917));
#503=EDGE_LOOP('',(#1918,#1919,#1920,#1921));
#504=EDGE_LOOP('',(#1922,#1923,#1924,#1925));
#505=EDGE_LOOP('',(#1926,#1927,#1928,#1929));
#506=EDGE_LOOP('',(#1930,#1931,#1932,#1933));
#507=EDGE_LOOP('',(#1934,#1935,#1936,#1937));
#508=EDGE_LOOP('',(#1938,#1939,#1940,#1941));
#509=EDGE_LOOP('',(#1942,#1943,#1944,#1945));
#510=EDGE_LOOP('',(#1946,#1947,#1948,#1949));
#511=EDGE_LOOP('',(#1950,#1951,#1952,#1953));
#512=EDGE_LOOP('',(#1954,#1955,#1956,#1957));
#513=EDGE_LOOP('',(#1958,#1959,#1960,#1961));
#514=EDGE_LOOP('',(#1962,#1963,#1964,#1965));
#515=EDGE_LOOP('',(#1966,#1967,#1968,#1969));
#516=EDGE_LOOP('',(#1970,#1971,#1972,#1973));
#517=EDGE_LOOP('',(#1974,#1975,#1976,#1977));
#518=EDGE_LOOP('',(#1978,#1979,#1980,#1981));
#519=EDGE_LOOP('',(#1982,#1983,#1984,#1985));
#520=EDGE_LOOP('',(#1986,#1987,#1988,#1989));
#521=EDGE_LOOP('',(#1990,#1991,#1992,#1993));
#522=EDGE_LOOP('',(#1994,#1995,#1996,#1997));
#523=EDGE_LOOP('',(#1998,#1999,#2000,#2001));
#524=EDGE_LOOP('',(#2002,#2003,#2004,#2005));
#525=EDGE_LOOP('',(#2006,#2007,#2008,#2009));
#526=EDGE_LOOP('',(#2010,#2011,#2012,#2013));
#527=EDGE_LOOP('',(#2014,#2015,#2016,#2017));
#528=EDGE_LOOP('',(#2018,#2019,#2020,#2021));
#529=EDGE_LOOP('',(#2022,#2023,#2024,#2025,#2026,#2027));
#530=EDGE_LOOP('',(#2028,#2029,#2030,#2031,#2032,#2033,#2034,#2035,#2036));
#531=EDGE_LOOP('',(#2037,#2038,#2039,#2040,#2041,#2042));
#532=EDGE_LOOP('',(#2043,#2044,#2045,#2046,#2047));
#533=EDGE_LOOP('',(#2048,#2049,#2050,#2051));
#534=EDGE_LOOP('',(#2052,#2053,#2054,#2055));
#535=EDGE_LOOP('',(#2056,#2057,#2058,#2059,#2060,#2061));
#536=EDGE_LOOP('',(#2062,#2063,#2064,#2065));
#537=EDGE_LOOP('',(#2066,#2067,#2068,#2069));
#538=EDGE_LOOP('',(#2070,#2071,#2072,#2073,#2074,#2075,#2076,#2077,#2078));
#539=EDGE_LOOP('',(#2079,#2080,#2081,#2082));
#540=EDGE_LOOP('',(#2083,#2084,#2085,#2086,#2087,#2088,#2089));
#541=EDGE_LOOP('',(#2090));
#542=EDGE_LOOP('',(#2091));
#543=EDGE_LOOP('',(#2092));
#544=EDGE_LOOP('',(#2093));
#545=EDGE_LOOP('',(#2094,#2095,#2096,#2097,#2098,#2099,#2100));
#546=EDGE_LOOP('',(#2101,#2102,#2103,#2104,#2105));
#547=EDGE_LOOP('',(#2106,#2107,#2108,#2109,#2110,#2111));
#548=EDGE_LOOP('',(#2112,#2113,#2114,#2115,#2116,#2117,#2118,#2119,#2120));
#549=EDGE_LOOP('',(#2121,#2122,#2123,#2124,#2125,#2126));
#550=EDGE_LOOP('',(#2127,#2128,#2129,#2130,#2131));
#551=EDGE_LOOP('',(#2132,#2133,#2134,#2135));
#552=EDGE_LOOP('',(#2136,#2137,#2138,#2139));
#553=EDGE_LOOP('',(#2140,#2141,#2142,#2143,#2144,#2145));
#554=EDGE_LOOP('',(#2146,#2147,#2148,#2149));
#555=EDGE_LOOP('',(#2150,#2151,#2152,#2153));
#556=EDGE_LOOP('',(#2154,#2155,#2156,#2157,#2158,#2159,#2160,#2161,#2162));
#557=EDGE_LOOP('',(#2163,#2164,#2165,#2166));
#558=EDGE_LOOP('',(#2167,#2168,#2169,#2170,#2171));
#559=EDGE_LOOP('',(#2172,#2173,#2174,#2175));
#560=EDGE_LOOP('',(#2176));
#561=EDGE_LOOP('',(#2177,#2178,#2179,#2180));
#562=EDGE_LOOP('',(#2181));
#563=EDGE_LOOP('',(#2182,#2183,#2184,#2185));
#564=EDGE_LOOP('',(#2186));
#565=EDGE_LOOP('',(#2187,#2188,#2189,#2190));
#566=EDGE_LOOP('',(#2191));
#567=EDGE_LOOP('',(#2192,#2193,#2194,#2195));
#568=EDGE_LOOP('',(#2196));
#569=EDGE_LOOP('',(#2197,#2198,#2199,#2200));
#570=EDGE_LOOP('',(#2201));
#571=EDGE_LOOP('',(#2202,#2203,#2204,#2205));
#572=EDGE_LOOP('',(#2206));
#573=EDGE_LOOP('',(#2207,#2208,#2209,#2210));
#574=EDGE_LOOP('',(#2211));
#575=EDGE_LOOP('',(#2212,#2213,#2214,#2215));
#576=EDGE_LOOP('',(#2216,#2217,#2218,#2219));
#577=EDGE_LOOP('',(#2220,#2221));
#578=EDGE_LOOP('',(#2222));
#579=EDGE_LOOP('',(#2223));
#580=EDGE_LOOP('',(#2224,#2225,#2226,#2227));
#581=EDGE_LOOP('',(#2228));
#582=EDGE_LOOP('',(#2229));
#583=EDGE_LOOP('',(#2230,#2231,#2232,#2233));
#584=EDGE_LOOP('',(#2234));
#585=EDGE_LOOP('',(#2235));
#586=EDGE_LOOP('',(#2236,#2237,#2238,#2239));
#587=EDGE_LOOP('',(#2240,#2241,#2242,#2243));
#588=EDGE_LOOP('',(#2244));
#589=EDGE_LOOP('',(#2245));
#590=EDGE_LOOP('',(#2246,#2247,#2248,#2249));
#591=EDGE_LOOP('',(#2250,#2251,#2252,#2253));
#592=EDGE_LOOP('',(#2254,#2255,#2256,#2257));
#593=ELLIPSE('',#2479,0.707106781186546,0.5);
#594=ELLIPSE('',#2494,0.707106781186543,0.5);
#595=ELLIPSE('',#2495,0.707106781186544,0.5);
#596=ELLIPSE('',#2497,0.707106781186543,0.5);
#597=ELLIPSE('',#2622,0.707106781186549,0.5);
#598=ELLIPSE('',#2624,0.707106781186548,0.5);
#599=ELLIPSE('',#2626,0.707106781186548,0.5);
#600=ELLIPSE('',#2627,0.707106781186549,0.5);
#601=ELLIPSE('',#2629,0.707106781186548,0.5);
#602=ELLIPSE('',#2634,0.707106781186549,0.5);
#603=ELLIPSE('',#2636,0.707106781186547,0.5);
#604=ELLIPSE('',#2642,0.707106781186548,0.5);
#605=ELLIPSE('',#2650,0.707106781186547,0.5);
#606=ELLIPSE('',#2655,0.707106781186549,0.5);
#607=ELLIPSE('',#2657,0.707106781186547,0.5);
#608=ELLIPSE('',#2663,0.707106781186547,0.5);
#609=LINE('',#3438,#786);
#610=LINE('',#3440,#787);
#611=LINE('',#3444,#788);
#612=LINE('',#3445,#789);
#613=LINE('',#3448,#790);
#614=LINE('',#3450,#791);
#615=LINE('',#3454,#792);
#616=LINE('',#3456,#793);
#617=LINE('',#3458,#794);
#618=LINE('',#3462,#795);
#619=LINE('',#3466,#796);
#620=LINE('',#3470,#797);
#621=LINE('',#3474,#798);
#622=LINE('',#3478,#799);
#623=LINE('',#3482,#800);
#624=LINE('',#3485,#801);
#625=LINE('',#3494,#802);
#626=LINE('',#3496,#803);
#627=LINE('',#3498,#804);
#628=LINE('',#3500,#805);
#629=LINE('',#3502,#806);
#630=LINE('',#3504,#807);
#631=LINE('',#3506,#808);
#632=LINE('',#3508,#809);
#633=LINE('',#3510,#810);
#634=LINE('',#3512,#811);
#635=LINE('',#3514,#812);
#636=LINE('',#3516,#813);
#637=LINE('',#3518,#814);
#638=LINE('',#3519,#815);
#639=LINE('',#3525,#816);
#640=LINE('',#3528,#817);
#641=LINE('',#3529,#818);
#642=LINE('',#3532,#819);
#643=LINE('',#3534,#820);
#644=LINE('',#3537,#821);
#645=LINE('',#3541,#822);
#646=LINE('',#3544,#823);
#647=LINE('',#3545,#824);
#648=LINE('',#3561,#825);
#649=LINE('',#3563,#826);
#650=LINE('',#3564,#827);
#651=LINE('',#3566,#828);
#652=LINE('',#3568,#829);
#653=LINE('',#3570,#830);
#654=LINE('',#3572,#831);
#655=LINE('',#3574,#832);
#656=LINE('',#3576,#833);
#657=LINE('',#3578,#834);
#658=LINE('',#3580,#835);
#659=LINE('',#3582,#836);
#660=LINE('',#3584,#837);
#661=LINE('',#3586,#838);
#662=LINE('',#3587,#839);
#663=LINE('',#3607,#840);
#664=LINE('',#3608,#841);
#665=LINE('',#3625,#842);
#666=LINE('',#3626,#843);
#667=LINE('',#3637,#844);
#668=LINE('',#3638,#845);
#669=LINE('',#3649,#846);
#670=LINE('',#3650,#847);
#671=LINE('',#3661,#848);
#672=LINE('',#3662,#849);
#673=LINE('',#3667,#850);
#674=LINE('',#3669,#851);
#675=LINE('',#3673,#852);
#676=LINE('',#3676,#853);
#677=LINE('',#3679,#854);
#678=LINE('',#3680,#855);
#679=LINE('',#3684,#856);
#680=LINE('',#3689,#857);
#681=LINE('',#3691,#858);
#682=LINE('',#3693,#859);
#683=LINE('',#3695,#860);
#684=LINE('',#3696,#861);
#685=LINE('',#3700,#862);
#686=LINE('',#3704,#863);
#687=LINE('',#3721,#864);
#688=LINE('',#3733,#865);
#689=LINE('',#3742,#866);
#690=LINE('',#3743,#867);
#691=LINE('',#3754,#868);
#692=LINE('',#3755,#869);
#693=LINE('',#3766,#870);
#694=LINE('',#3767,#871);
#695=LINE('',#3777,#872);
#696=LINE('',#3780,#873);
#697=LINE('',#3783,#874);
#698=LINE('',#3784,#875);
#699=LINE('',#3786,#876);
#700=LINE('',#3789,#877);
#701=LINE('',#3790,#878);
#702=LINE('',#3792,#879);
#703=LINE('',#3799,#880);
#704=LINE('',#3802,#881);
#705=LINE('',#3803,#882);
#706=LINE('',#3804,#883);
#707=LINE('',#3806,#884);
#708=LINE('',#3810,#885);
#709=LINE('',#3814,#886);
#710=LINE('',#3815,#887);
#711=LINE('',#3854,#888);
#712=LINE('',#3864,#889);
#713=LINE('',#3865,#890);
#714=LINE('',#3870,#891);
#715=LINE('',#3873,#892);
#716=LINE('',#3876,#893);
#717=LINE('',#3879,#894);
#718=LINE('',#3882,#895);
#719=LINE('',#3886,#896);
#720=LINE('',#3889,#897);
#721=LINE('',#3892,#898);
#722=LINE('',#3895,#899);
#723=LINE('',#3897,#900);
#724=LINE('',#3898,#901);
#725=LINE('',#3900,#902);
#726=LINE('',#3904,#903);
#727=LINE('',#3907,#904);
#728=LINE('',#3910,#905);
#729=LINE('',#3912,#906);
#730=LINE('',#3915,#907);
#731=LINE('',#3916,#908);
#732=LINE('',#3918,#909);
#733=LINE('',#3920,#910);
#734=LINE('',#3924,#911);
#735=LINE('',#3927,#912);
#736=LINE('',#3929,#913);
#737=LINE('',#3930,#914);
#738=LINE('',#3933,#915);
#739=LINE('',#3934,#916);
#740=LINE('',#3940,#917);
#741=LINE('',#3943,#918);
#742=LINE('',#3945,#919);
#743=LINE('',#3946,#920);
#744=LINE('',#3948,#921);
#745=LINE('',#3950,#922);
#746=LINE('',#3953,#923);
#747=LINE('',#3956,#924);
#748=LINE('',#3959,#925);
#749=LINE('',#3961,#926);
#750=LINE('',#3964,#927);
#751=LINE('',#3965,#928);
#752=LINE('',#3967,#929);
#753=LINE('',#3969,#930);
#754=LINE('',#3970,#931);
#755=LINE('',#3974,#932);
#756=LINE('',#3977,#933);
#757=LINE('',#3979,#934);
#758=LINE('',#3980,#935);
#759=LINE('',#3983,#936);
#760=LINE('',#3984,#937);
#761=LINE('',#4159,#938);
#762=LINE('',#4199,#939);
#763=LINE('',#4231,#940);
#764=LINE('',#4558,#941);
#765=LINE('',#4559,#942);
#766=LINE('',#4723,#943);
#767=LINE('',#4763,#944);
#768=LINE('',#4795,#945);
#769=LINE('',#5095,#946);
#770=LINE('',#5100,#947);
#771=LINE('',#5105,#948);
#772=LINE('',#5110,#949);
#773=LINE('',#5115,#950);
#774=LINE('',#5120,#951);
#775=LINE('',#5125,#952);
#776=LINE('',#5130,#953);
#777=LINE('',#5135,#954);
#778=LINE('',#5138,#955);
#779=LINE('',#5148,#956);
#780=LINE('',#5156,#957);
#781=LINE('',#5161,#958);
#782=LINE('',#5165,#959);
#783=LINE('',#5170,#960);
#784=LINE('',#5172,#961);
#785=LINE('',#5174,#962);
#786=VECTOR('',#2741,10.);
#787=VECTOR('',#2742,10.);
#788=VECTOR('',#2745,10.);
#789=VECTOR('',#2746,10.);
#790=VECTOR('',#2749,10.);
#791=VECTOR('',#2750,10.);
#792=VECTOR('',#2753,10.);
#793=VECTOR('',#2754,10.);
#794=VECTOR('',#2755,10.);
#795=VECTOR('',#2758,10.);
#796=VECTOR('',#2761,10.);
#797=VECTOR('',#2764,10.);
#798=VECTOR('',#2767,10.);
#799=VECTOR('',#2770,10.);
#800=VECTOR('',#2773,10.);
#801=VECTOR('',#2776,10.);
#802=VECTOR('',#2785,10.);
#803=VECTOR('',#2786,2.);
#804=VECTOR('',#2787,10.);
#805=VECTOR('',#2788,10.);
#806=VECTOR('',#2789,10.);
#807=VECTOR('',#2790,2.);
#808=VECTOR('',#2791,10.);
#809=VECTOR('',#2792,10.);
#810=VECTOR('',#2793,10.);
#811=VECTOR('',#2794,2.);
#812=VECTOR('',#2795,10.);
#813=VECTOR('',#2796,10.);
#814=VECTOR('',#2797,10.);
#815=VECTOR('',#2798,10.);
#816=VECTOR('',#2803,10.);
#817=VECTOR('',#2806,10.);
#818=VECTOR('',#2807,10.);
#819=VECTOR('',#2810,10.);
#820=VECTOR('',#2811,10.);
#821=VECTOR('',#2814,10.);
#822=VECTOR('',#2817,2.);
#823=VECTOR('',#2820,10.);
#824=VECTOR('',#2821,10.);
#825=VECTOR('',#2824,2.);
#826=VECTOR('',#2825,10.);
#827=VECTOR('',#2826,10.);
#828=VECTOR('',#2827,10.);
#829=VECTOR('',#2828,10.);
#830=VECTOR('',#2829,10.);
#831=VECTOR('',#2830,10.);
#832=VECTOR('',#2831,2.);
#833=VECTOR('',#2832,10.);
#834=VECTOR('',#2833,10.);
#835=VECTOR('',#2834,10.);
#836=VECTOR('',#2835,2.);
#837=VECTOR('',#2836,10.);
#838=VECTOR('',#2837,10.);
#839=VECTOR('',#2838,10.);
#840=VECTOR('',#2861,10.);
#841=VECTOR('',#2862,10.);
#842=VECTOR('',#2883,10.);
#843=VECTOR('',#2884,10.);
#844=VECTOR('',#2897,10.);
#845=VECTOR('',#2898,10.);
#846=VECTOR('',#2911,10.);
#847=VECTOR('',#2912,10.);
#848=VECTOR('',#2925,10.);
#849=VECTOR('',#2926,10.);
#850=VECTOR('',#2935,10.);
#851=VECTOR('',#2936,10.);
#852=VECTOR('',#2939,10.);
#853=VECTOR('',#2942,10.);
#854=VECTOR('',#2945,10.);
#855=VECTOR('',#2946,10.);
#856=VECTOR('',#2951,10.);
#857=VECTOR('',#2956,10.);
#858=VECTOR('',#2959,10.);
#859=VECTOR('',#2962,10.);
#860=VECTOR('',#2963,10.);
#861=VECTOR('',#2964,10.);
#862=VECTOR('',#2969,10.);
#863=VECTOR('',#2974,10.);
#864=VECTOR('',#2995,10.);
#865=VECTOR('',#3012,10.);
#866=VECTOR('',#3023,10.);
#867=VECTOR('',#3024,10.);
#868=VECTOR('',#3037,10.);
#869=VECTOR('',#3038,10.);
#870=VECTOR('',#3051,10.);
#871=VECTOR('',#3052,10.);
#872=VECTOR('',#3067,10.);
#873=VECTOR('',#3070,10.);
#874=VECTOR('',#3073,10.);
#875=VECTOR('',#3074,10.);
#876=VECTOR('',#3077,10.);
#877=VECTOR('',#3080,10.);
#878=VECTOR('',#3081,10.);
#879=VECTOR('',#3084,10.);
#880=VECTOR('',#3093,10.);
#881=VECTOR('',#3096,10.);
#882=VECTOR('',#3097,10.);
#883=VECTOR('',#3098,10.);
#884=VECTOR('',#3099,10.);
#885=VECTOR('',#3102,10.);
#886=VECTOR('',#3105,10.);
#887=VECTOR('',#3106,10.);
#888=VECTOR('',#3113,2.);
#889=VECTOR('',#3124,10.);
#890=VECTOR('',#3125,10.);
#891=VECTOR('',#3132,10.);
#892=VECTOR('',#3135,10.);
#893=VECTOR('',#3138,10.);
#894=VECTOR('',#3141,10.);
#895=VECTOR('',#3144,10.);
#896=VECTOR('',#3147,10.);
#897=VECTOR('',#3150,10.);
#898=VECTOR('',#3153,10.);
#899=VECTOR('',#3156,10.);
#900=VECTOR('',#3159,10.);
#901=VECTOR('',#3160,10.);
#902=VECTOR('',#3163,10.);
#903=VECTOR('',#3168,10.);
#904=VECTOR('',#3171,10.);
#905=VECTOR('',#3174,10.);
#906=VECTOR('',#3175,10.);
#907=VECTOR('',#3180,10.);
#908=VECTOR('',#3181,10.);
#909=VECTOR('',#3184,10.);
#910=VECTOR('',#3187,10.);
#911=VECTOR('',#3192,10.);
#912=VECTOR('',#3195,10.);
#913=VECTOR('',#3198,10.);
#914=VECTOR('',#3199,10.);
#915=VECTOR('',#3204,10.);
#916=VECTOR('',#3205,10.);
#917=VECTOR('',#3214,10.);
#918=VECTOR('',#3217,10.);
#919=VECTOR('',#3220,10.);
#920=VECTOR('',#3221,10.);
#921=VECTOR('',#3224,10.);
#922=VECTOR('',#3227,10.);
#923=VECTOR('',#3230,10.);
#924=VECTOR('',#3233,10.);
#925=VECTOR('',#3236,10.);
#926=VECTOR('',#3237,10.);
#927=VECTOR('',#3242,10.);
#928=VECTOR('',#3243,10.);
#929=VECTOR('',#3246,10.);
#930=VECTOR('',#3249,10.);
#931=VECTOR('',#3250,10.);
#932=VECTOR('',#3255,10.);
#933=VECTOR('',#3258,10.);
#934=VECTOR('',#3261,10.);
#935=VECTOR('',#3262,10.);
#936=VECTOR('',#3267,10.);
#937=VECTOR('',#3268,10.);
#938=VECTOR('',#3275,10.);
#939=VECTOR('',#3278,10.);
#940=VECTOR('',#3281,10.);
#941=VECTOR('',#3292,2.);
#942=VECTOR('',#3293,2.);
#943=VECTOR('',#3306,10.);
#944=VECTOR('',#3309,10.);
#945=VECTOR('',#3312,10.);
#946=VECTOR('',#3325,1.4);
#947=VECTOR('',#3332,1.4);
#948=VECTOR('',#3339,1.4);
#949=VECTOR('',#3346,1.4);
#950=VECTOR('',#3353,1.4);
#951=VECTOR('',#3360,1.4);
#952=VECTOR('',#3367,1.4);
#953=VECTOR('',#3374,1.4);
#954=VECTOR('',#3381,10.);
#955=VECTOR('',#3384,10.);
#956=VECTOR('',#3397,3.);
#957=VECTOR('',#3408,3.75);
#958=VECTOR('',#3415,1.6);
#959=VECTOR('',#3420,3.85);
#960=VECTOR('',#3427,1.65);
#961=VECTOR('',#3430,1.65);
#962=VECTOR('',#3433,1.65);
#963=VERTEX_POINT('',#3436);
#964=VERTEX_POINT('',#3437);
#965=VERTEX_POINT('',#3439);
#966=VERTEX_POINT('',#3441);
#967=VERTEX_POINT('',#3443);
#968=VERTEX_POINT('',#3447);
#969=VERTEX_POINT('',#3449);
#970=VERTEX_POINT('',#3451);
#971=VERTEX_POINT('',#3453);
#972=VERTEX_POINT('',#3455);
#973=VERTEX_POINT('',#3457);
#974=VERTEX_POINT('',#3459);
#975=VERTEX_POINT('',#3461);
#976=VERTEX_POINT('',#3463);
#977=VERTEX_POINT('',#3465);
#978=VERTEX_POINT('',#3467);
#979=VERTEX_POINT('',#3469);
#980=VERTEX_POINT('',#3471);
#981=VERTEX_POINT('',#3473);
#982=VERTEX_POINT('',#3475);
#983=VERTEX_POINT('',#3477);
#984=VERTEX_POINT('',#3479);
#985=VERTEX_POINT('',#3481);
#986=VERTEX_POINT('',#3483);
#987=VERTEX_POINT('',#3486);
#988=VERTEX_POINT('',#3487);
#989=VERTEX_POINT('',#3490);
#990=VERTEX_POINT('',#3493);
#991=VERTEX_POINT('',#3495);
#992=VERTEX_POINT('',#3497);
#993=VERTEX_POINT('',#3499);
#994=VERTEX_POINT('',#3501);
#995=VERTEX_POINT('',#3503);
#996=VERTEX_POINT('',#3505);
#997=VERTEX_POINT('',#3507);
#998=VERTEX_POINT('',#3509);
#999=VERTEX_POINT('',#3511);
#1000=VERTEX_POINT('',#3513);
#1001=VERTEX_POINT('',#3515);
#1002=VERTEX_POINT('',#3517);
#1003=VERTEX_POINT('',#3521);
#1004=VERTEX_POINT('',#3522);
#1005=VERTEX_POINT('',#3524);
#1006=VERTEX_POINT('',#3526);
#1007=VERTEX_POINT('',#3531);
#1008=VERTEX_POINT('',#3533);
#1009=VERTEX_POINT('',#3535);
#1010=VERTEX_POINT('',#3539);
#1011=VERTEX_POINT('',#3540);
#1012=VERTEX_POINT('',#3542);
#1013=VERTEX_POINT('',#3559);
#1014=VERTEX_POINT('',#3560);
#1015=VERTEX_POINT('',#3562);
#1016=VERTEX_POINT('',#3565);
#1017=VERTEX_POINT('',#3567);
#1018=VERTEX_POINT('',#3569);
#1019=VERTEX_POINT('',#3571);
#1020=VERTEX_POINT('',#3573);
#1021=VERTEX_POINT('',#3575);
#1022=VERTEX_POINT('',#3577);
#1023=VERTEX_POINT('',#3579);
#1024=VERTEX_POINT('',#3581);
#1025=VERTEX_POINT('',#3583);
#1026=VERTEX_POINT('',#3585);
#1027=VERTEX_POINT('',#3589);
#1028=VERTEX_POINT('',#3590);
#1029=VERTEX_POINT('',#3592);
#1030=VERTEX_POINT('',#3594);
#1031=VERTEX_POINT('',#3598);
#1032=VERTEX_POINT('',#3599);
#1033=VERTEX_POINT('',#3604);
#1034=VERTEX_POINT('',#3605);
#1035=VERTEX_POINT('',#3610);
#1036=VERTEX_POINT('',#3611);
#1037=VERTEX_POINT('',#3616);
#1038=VERTEX_POINT('',#3617);
#1039=VERTEX_POINT('',#3622);
#1040=VERTEX_POINT('',#3623);
#1041=VERTEX_POINT('',#3628);
#1042=VERTEX_POINT('',#3629);
#1043=VERTEX_POINT('',#3634);
#1044=VERTEX_POINT('',#3635);
#1045=VERTEX_POINT('',#3640);
#1046=VERTEX_POINT('',#3641);
#1047=VERTEX_POINT('',#3646);
#1048=VERTEX_POINT('',#3647);
#1049=VERTEX_POINT('',#3652);
#1050=VERTEX_POINT('',#3653);
#1051=VERTEX_POINT('',#3658);
#1052=VERTEX_POINT('',#3659);
#1053=VERTEX_POINT('',#3668);
#1054=VERTEX_POINT('',#3670);
#1055=VERTEX_POINT('',#3672);
#1056=VERTEX_POINT('',#3674);
#1057=VERTEX_POINT('',#3678);
#1058=VERTEX_POINT('',#3682);
#1059=VERTEX_POINT('',#3686);
#1060=VERTEX_POINT('',#3688);
#1061=VERTEX_POINT('',#3694);
#1062=VERTEX_POINT('',#3698);
#1063=VERTEX_POINT('',#3702);
#1064=VERTEX_POINT('',#3706);
#1065=VERTEX_POINT('',#3708);
#1066=VERTEX_POINT('',#3710);
#1067=VERTEX_POINT('',#3713);
#1068=VERTEX_POINT('',#3715);
#1069=VERTEX_POINT('',#3719);
#1070=VERTEX_POINT('',#3723);
#1071=VERTEX_POINT('',#3727);
#1072=VERTEX_POINT('',#3731);
#1073=VERTEX_POINT('',#3735);
#1074=VERTEX_POINT('',#3739);
#1075=VERTEX_POINT('',#3740);
#1076=VERTEX_POINT('',#3745);
#1077=VERTEX_POINT('',#3746);
#1078=VERTEX_POINT('',#3751);
#1079=VERTEX_POINT('',#3752);
#1080=VERTEX_POINT('',#3757);
#1081=VERTEX_POINT('',#3758);
#1082=VERTEX_POINT('',#3763);
#1083=VERTEX_POINT('',#3764);
#1084=VERTEX_POINT('',#3769);
#1085=VERTEX_POINT('',#3776);
#1086=VERTEX_POINT('',#3778);
#1087=VERTEX_POINT('',#3782);
#1088=VERTEX_POINT('',#3787);
#1089=VERTEX_POINT('',#3795);
#1090=VERTEX_POINT('',#3798);
#1091=VERTEX_POINT('',#3800);
#1092=VERTEX_POINT('',#3805);
#1093=VERTEX_POINT('',#3807);
#1094=VERTEX_POINT('',#3809);
#1095=VERTEX_POINT('',#3811);
#1096=VERTEX_POINT('',#3813);
#1097=VERTEX_POINT('',#3816);
#1098=VERTEX_POINT('',#3820);
#1099=VERTEX_POINT('',#3837);
#1100=VERTEX_POINT('',#3855);
#1101=VERTEX_POINT('',#3857);
#1102=VERTEX_POINT('',#3859);
#1103=VERTEX_POINT('',#3861);
#1104=VERTEX_POINT('',#3869);
#1105=VERTEX_POINT('',#3871);
#1106=VERTEX_POINT('',#3875);
#1107=VERTEX_POINT('',#3877);
#1108=VERTEX_POINT('',#3881);
#1109=VERTEX_POINT('',#3883);
#1110=VERTEX_POINT('',#3885);
#1111=VERTEX_POINT('',#3887);
#1112=VERTEX_POINT('',#3891);
#1113=VERTEX_POINT('',#3893);
#1114=VERTEX_POINT('',#3903);
#1115=VERTEX_POINT('',#3905);
#1116=VERTEX_POINT('',#3909);
#1117=VERTEX_POINT('',#3911);
#1118=VERTEX_POINT('',#3923);
#1119=VERTEX_POINT('',#3925);
#1120=VERTEX_POINT('',#3939);
#1121=VERTEX_POINT('',#3941);
#1122=VERTEX_POINT('',#3952);
#1123=VERTEX_POINT('',#3954);
#1124=VERTEX_POINT('',#3958);
#1125=VERTEX_POINT('',#3960);
#1126=VERTEX_POINT('',#3973);
#1127=VERTEX_POINT('',#3975);
#1128=VERTEX_POINT('',#4028);
#1129=VERTEX_POINT('',#4029);
#1130=VERTEX_POINT('',#4040);
#1131=VERTEX_POINT('',#4049);
#1132=VERTEX_POINT('',#4054);
#1133=VERTEX_POINT('',#4063);
#1134=VERTEX_POINT('',#4128);
#1135=VERTEX_POINT('',#4141);
#1136=VERTEX_POINT('',#4158);
#1137=VERTEX_POINT('',#4160);
#1138=VERTEX_POINT('',#4167);
#1139=VERTEX_POINT('',#4179);
#1140=VERTEX_POINT('',#4190);
#1141=VERTEX_POINT('',#4201);
#1142=VERTEX_POINT('',#4212);
#1143=VERTEX_POINT('',#4282);
#1144=VERTEX_POINT('',#4381);
#1145=VERTEX_POINT('',#4398);
#1146=VERTEX_POINT('',#4409);
#1147=VERTEX_POINT('',#4515);
#1148=VERTEX_POINT('',#4560);
#1149=VERTEX_POINT('',#4562);
#1150=VERTEX_POINT('',#4564);
#1151=VERTEX_POINT('',#4566);
#1152=VERTEX_POINT('',#4610);
#1153=VERTEX_POINT('',#4611);
#1154=VERTEX_POINT('',#4622);
#1155=VERTEX_POINT('',#4631);
#1156=VERTEX_POINT('',#4636);
#1157=VERTEX_POINT('',#4645);
#1158=VERTEX_POINT('',#4722);
#1159=VERTEX_POINT('',#4724);
#1160=VERTEX_POINT('',#4731);
#1161=VERTEX_POINT('',#4743);
#1162=VERTEX_POINT('',#4754);
#1163=VERTEX_POINT('',#4765);
#1164=VERTEX_POINT('',#4776);
#1165=VERTEX_POINT('',#4846);
#1166=VERTEX_POINT('',#4945);
#1167=VERTEX_POINT('',#4962);
#1168=VERTEX_POINT('',#4973);
#1169=VERTEX_POINT('',#5094);
#1170=VERTEX_POINT('',#5099);
#1171=VERTEX_POINT('',#5104);
#1172=VERTEX_POINT('',#5109);
#1173=VERTEX_POINT('',#5114);
#1174=VERTEX_POINT('',#5119);
#1175=VERTEX_POINT('',#5124);
#1176=VERTEX_POINT('',#5129);
#1177=VERTEX_POINT('',#5134);
#1178=VERTEX_POINT('',#5136);
#1179=VERTEX_POINT('',#5142);
#1180=VERTEX_POINT('',#5144);
#1181=VERTEX_POINT('',#5147);
#1182=VERTEX_POINT('',#5151);
#1183=VERTEX_POINT('',#5154);
#1184=VERTEX_POINT('',#5158);
#1185=VERTEX_POINT('',#5163);
#1186=VERTEX_POINT('',#5167);
#1187=EDGE_CURVE('',#963,#964,#609,.T.);
#1188=EDGE_CURVE('',#963,#965,#610,.T.);
#1189=EDGE_CURVE('',#965,#966,#593,.T.);
#1190=EDGE_CURVE('',#967,#966,#611,.F.);
#1191=EDGE_CURVE('',#967,#964,#612,.T.);
#1192=EDGE_CURVE('',#968,#964,#613,.T.);
#1193=EDGE_CURVE('',#969,#968,#614,.T.);
#1194=EDGE_CURVE('',#970,#969,#171,.T.);
#1195=EDGE_CURVE('',#971,#970,#615,.T.);
#1196=EDGE_CURVE('',#972,#971,#616,.T.);
#1197=EDGE_CURVE('',#973,#972,#617,.T.);
#1198=EDGE_CURVE('',#973,#974,#172,.F.);
#1199=EDGE_CURVE('',#975,#974,#618,.T.);
#1200=EDGE_CURVE('',#976,#975,#173,.T.);
#1201=EDGE_CURVE('',#977,#976,#619,.T.);
#1202=EDGE_CURVE('',#977,#978,#174,.T.);
#1203=EDGE_CURVE('',#979,#978,#620,.T.);
#1204=EDGE_CURVE('',#980,#979,#175,.T.);
#1205=EDGE_CURVE('',#981,#980,#621,.T.);
#1206=EDGE_CURVE('',#981,#982,#176,.T.);
#1207=EDGE_CURVE('',#983,#982,#622,.T.);
#1208=EDGE_CURVE('',#984,#983,#177,.T.);
#1209=EDGE_CURVE('',#985,#984,#623,.T.);
#1210=EDGE_CURVE('',#985,#986,#178,.F.);
#1211=EDGE_CURVE('',#963,#986,#624,.T.);
#1212=EDGE_CURVE('',#987,#988,#179,.T.);
#1213=EDGE_CURVE('',#988,#987,#180,.T.);
#1214=EDGE_CURVE('',#989,#989,#181,.T.);
#1215=EDGE_CURVE('',#990,#967,#625,.T.);
#1216=EDGE_CURVE('',#990,#991,#626,.T.);
#1217=EDGE_CURVE('',#991,#992,#627,.T.);
#1218=EDGE_CURVE('',#993,#992,#628,.T.);
#1219=EDGE_CURVE('',#994,#993,#629,.T.);
#1220=EDGE_CURVE('',#994,#995,#630,.T.);
#1221=EDGE_CURVE('',#995,#996,#631,.T.);
#1222=EDGE_CURVE('',#997,#996,#632,.T.);
#1223=EDGE_CURVE('',#998,#997,#633,.T.);
#1224=EDGE_CURVE('',#998,#999,#634,.T.);
#1225=EDGE_CURVE('',#999,#1000,#635,.T.);
#1226=EDGE_CURVE('',#1001,#1000,#636,.T.);
#1227=EDGE_CURVE('',#1001,#1002,#637,.T.);
#1228=EDGE_CURVE('',#968,#1002,#638,.T.);
#1229=EDGE_CURVE('',#1003,#1004,#594,.F.);
#1230=EDGE_CURVE('',#1003,#1005,#639,.T.);
#1231=EDGE_CURVE('',#1005,#1006,#595,.T.);
#1232=EDGE_CURVE('',#997,#1006,#640,.F.);
#1233=EDGE_CURVE('',#996,#1004,#641,.T.);
#1234=EDGE_CURVE('',#1001,#1007,#642,.T.);
#1235=EDGE_CURVE('',#1000,#1008,#643,.T.);
#1236=EDGE_CURVE('',#1009,#1008,#596,.F.);
#1237=EDGE_CURVE('',#1009,#1007,#644,.T.);
#1238=EDGE_CURVE('',#1010,#1011,#645,.T.);
#1239=EDGE_CURVE('',#1011,#1012,#182,.T.);
#1240=EDGE_CURVE('',#999,#1012,#646,.T.);
#1241=EDGE_CURVE('',#995,#998,#647,.T.);
#1242=EDGE_CURVE('',#1010,#994,#50,.T.);
#1243=EDGE_CURVE('',#1013,#1014,#648,.T.);
#1244=EDGE_CURVE('',#1015,#1013,#649,.T.);
#1245=EDGE_CURVE('',#1015,#971,#650,.T.);
#1246=EDGE_CURVE('',#1016,#970,#651,.T.);
#1247=EDGE_CURVE('',#1016,#1017,#652,.T.);
#1248=EDGE_CURVE('',#1017,#1018,#653,.T.);
#1249=EDGE_CURVE('',#1019,#1018,#654,.T.);
#1250=EDGE_CURVE('',#1020,#1019,#655,.T.);
#1251=EDGE_CURVE('',#1020,#1021,#656,.T.);
#1252=EDGE_CURVE('',#1022,#1021,#657,.T.);
#1253=EDGE_CURVE('',#1023,#1022,#658,.T.);
#1254=EDGE_CURVE('',#1024,#1023,#659,.T.);
#1255=EDGE_CURVE('',#1025,#1024,#660,.T.);
#1256=EDGE_CURVE('',#1025,#1026,#661,.T.);
#1257=EDGE_CURVE('',#1014,#1026,#662,.T.);
#1258=EDGE_CURVE('',#1027,#1028,#183,.T.);
#1259=EDGE_CURVE('',#1029,#1027,#184,.T.);
#1260=EDGE_CURVE('',#1030,#1029,#185,.T.);
#1261=EDGE_CURVE('',#1028,#1030,#186,.T.);
#1262=EDGE_CURVE('',#1031,#1032,#187,.T.);
#1263=EDGE_CURVE('',#1030,#1031,#188,.T.);
#1264=EDGE_CURVE('',#1032,#1029,#189,.T.);
#1265=EDGE_CURVE('',#1033,#1034,#190,.T.);
#1266=EDGE_CURVE('',#1031,#1033,#663,.T.);
#1267=EDGE_CURVE('',#1034,#1032,#664,.T.);
#1268=EDGE_CURVE('',#1035,#1036,#191,.T.);
#1269=EDGE_CURVE('',#1033,#1035,#192,.T.);
#1270=EDGE_CURVE('',#1036,#1034,#193,.T.);
#1271=EDGE_CURVE('',#1037,#1038,#194,.T.);
#1272=EDGE_CURVE('',#1035,#1037,#195,.T.);
#1273=EDGE_CURVE('',#1038,#1036,#196,.T.);
#1274=EDGE_CURVE('',#1039,#1040,#197,.T.);
#1275=EDGE_CURVE('',#1037,#1039,#665,.T.);
#1276=EDGE_CURVE('',#1040,#1038,#666,.T.);
#1277=EDGE_CURVE('',#1041,#1042,#198,.T.);
#1278=EDGE_CURVE('',#1039,#1041,#199,.T.);
#1279=EDGE_CURVE('',#1042,#1040,#200,.T.);
#1280=EDGE_CURVE('',#1043,#1044,#201,.T.);
#1281=EDGE_CURVE('',#1041,#1043,#667,.T.);
#1282=EDGE_CURVE('',#1044,#1042,#668,.T.);
#1283=EDGE_CURVE('',#1045,#1046,#202,.T.);
#1284=EDGE_CURVE('',#1043,#1045,#203,.T.);
#1285=EDGE_CURVE('',#1046,#1044,#204,.T.);
#1286=EDGE_CURVE('',#1047,#1048,#205,.T.);
#1287=EDGE_CURVE('',#1045,#1047,#669,.T.);
#1288=EDGE_CURVE('',#1048,#1046,#670,.T.);
#1289=EDGE_CURVE('',#1049,#1050,#206,.T.);
#1290=EDGE_CURVE('',#1047,#1049,#207,.T.);
#1291=EDGE_CURVE('',#1050,#1048,#208,.T.);
#1292=EDGE_CURVE('',#1051,#1052,#209,.T.);
#1293=EDGE_CURVE('',#1049,#1051,#671,.T.);
#1294=EDGE_CURVE('',#1052,#1050,#672,.T.);
#1295=EDGE_CURVE('',#1027,#1052,#210,.T.);
#1296=EDGE_CURVE('',#1051,#1028,#211,.T.);
#1297=EDGE_CURVE('',#978,#1041,#673,.T.);
#1298=EDGE_CURVE('',#1053,#977,#674,.T.);
#1299=EDGE_CURVE('',#1054,#1053,#212,.T.);
#1300=EDGE_CURVE('',#1055,#1054,#675,.T.);
#1301=EDGE_CURVE('',#1055,#1056,#213,.T.);
#1302=EDGE_CURVE('',#1039,#1056,#676,.T.);
#1303=EDGE_CURVE('',#1056,#1057,#677,.T.);
#1304=EDGE_CURVE('',#1057,#1037,#678,.T.);
#1305=EDGE_CURVE('',#1057,#1058,#214,.T.);
#1306=EDGE_CURVE('',#1035,#1058,#679,.T.);
#1307=EDGE_CURVE('',#1058,#1059,#215,.T.);
#1308=EDGE_CURVE('',#1060,#1059,#680,.T.);
#1309=EDGE_CURVE('',#1060,#1016,#216,.T.);
#1310=EDGE_CURVE('',#1033,#969,#681,.T.);
#1311=EDGE_CURVE('',#1002,#1060,#682,.T.);
#1312=EDGE_CURVE('',#1059,#1061,#683,.T.);
#1313=EDGE_CURVE('',#1061,#1031,#684,.T.);
#1314=EDGE_CURVE('',#1061,#1062,#217,.T.);
#1315=EDGE_CURVE('',#1030,#1062,#685,.T.);
#1316=EDGE_CURVE('',#1062,#1063,#218,.T.);
#1317=EDGE_CURVE('',#1063,#1028,#686,.T.);
#1318=EDGE_CURVE('',#1064,#1064,#219,.T.);
#1319=EDGE_CURVE('',#1065,#1065,#220,.T.);
#1320=EDGE_CURVE('',#1066,#1066,#221,.T.);
#1321=EDGE_CURVE('',#1062,#1067,#222,.T.);
#1322=EDGE_CURVE('',#1068,#1061,#223,.T.);
#1323=EDGE_CURVE('',#1067,#1068,#224,.T.);
#1324=EDGE_CURVE('',#1069,#1059,#225,.T.);
#1325=EDGE_CURVE('',#1068,#1069,#687,.T.);
#1326=EDGE_CURVE('',#1070,#1058,#226,.T.);
#1327=EDGE_CURVE('',#1069,#1070,#227,.T.);
#1328=EDGE_CURVE('',#1071,#1057,#228,.T.);
#1329=EDGE_CURVE('',#1070,#1071,#229,.T.);
#1330=EDGE_CURVE('',#1072,#1056,#230,.T.);
#1331=EDGE_CURVE('',#1071,#1072,#688,.T.);
#1332=EDGE_CURVE('',#1073,#1055,#231,.T.);
#1333=EDGE_CURVE('',#1072,#1073,#232,.T.);
#1334=EDGE_CURVE('',#1074,#1075,#233,.T.);
#1335=EDGE_CURVE('',#1073,#1074,#689,.T.);
#1336=EDGE_CURVE('',#1075,#1055,#690,.T.);
#1337=EDGE_CURVE('',#1076,#1077,#234,.T.);
#1338=EDGE_CURVE('',#1074,#1076,#235,.T.);
#1339=EDGE_CURVE('',#1077,#1075,#236,.T.);
#1340=EDGE_CURVE('',#1078,#1079,#237,.T.);
#1341=EDGE_CURVE('',#1076,#1078,#691,.T.);
#1342=EDGE_CURVE('',#1079,#1077,#692,.T.);
#1343=EDGE_CURVE('',#1080,#1081,#238,.T.);
#1344=EDGE_CURVE('',#1078,#1080,#239,.T.);
#1345=EDGE_CURVE('',#1081,#1079,#240,.T.);
#1346=EDGE_CURVE('',#1082,#1083,#241,.T.);
#1347=EDGE_CURVE('',#1080,#1082,#693,.T.);
#1348=EDGE_CURVE('',#1083,#1081,#694,.T.);
#1349=EDGE_CURVE('',#1084,#1063,#242,.T.);
#1350=EDGE_CURVE('',#1082,#1084,#243,.T.);
#1351=EDGE_CURVE('',#1063,#1083,#244,.T.);
#1352=EDGE_CURVE('',#1084,#1067,#245,.T.);
#1353=EDGE_CURVE('',#1075,#1085,#695,.T.);
#1354=EDGE_CURVE('',#1085,#1086,#246,.T.);
#1355=EDGE_CURVE('',#1077,#1086,#696,.T.);
#1356=EDGE_CURVE('',#1086,#1087,#697,.T.);
#1357=EDGE_CURVE('',#1087,#1079,#698,.T.);
#1358=EDGE_CURVE('',#1081,#1049,#699,.T.);
#1359=EDGE_CURVE('',#1088,#1087,#247,.T.);
#1360=EDGE_CURVE('',#982,#1088,#700,.T.);
#1361=EDGE_CURVE('',#1047,#981,#701,.T.);
#1362=EDGE_CURVE('',#1051,#1083,#702,.T.);
#1363=EDGE_CURVE('',#1089,#1089,#248,.T.);
#1364=EDGE_CURVE('',#1090,#1007,#703,.T.);
#1365=EDGE_CURVE('',#1090,#1091,#249,.F.);
#1366=EDGE_CURVE('',#1012,#1091,#704,.T.);
#1367=EDGE_CURVE('',#1088,#1011,#705,.T.);
#1368=EDGE_CURVE('',#1054,#1085,#706,.T.);
#1369=EDGE_CURVE('',#1092,#1053,#707,.T.);
#1370=EDGE_CURVE('',#1093,#1092,#250,.T.);
#1371=EDGE_CURVE('',#1094,#1093,#708,.T.);
#1372=EDGE_CURVE('',#1094,#1095,#251,.F.);
#1373=EDGE_CURVE('',#1096,#1095,#709,.T.);
#1374=EDGE_CURVE('',#1017,#1096,#710,.T.);
#1375=EDGE_CURVE('',#1097,#1097,#252,.T.);
#1376=EDGE_CURVE('',#1098,#1010,#30,.T.);
#1377=EDGE_CURVE('',#1099,#1098,#31,.T.);
#1378=EDGE_CURVE('',#983,#1099,#711,.T.);
#1379=EDGE_CURVE('',#1100,#1100,#253,.T.);
#1380=EDGE_CURVE('',#1101,#1101,#254,.T.);
#1381=EDGE_CURVE('',#1102,#1102,#255,.T.);
#1382=EDGE_CURVE('',#1103,#1103,#256,.T.);
#1383=EDGE_CURVE('',#980,#1045,#712,.T.);
#1384=EDGE_CURVE('',#979,#1043,#713,.T.);
#1385=EDGE_CURVE('',#1015,#1104,#714,.F.);
#1386=EDGE_CURVE('',#1105,#1104,#597,.T.);
#1387=EDGE_CURVE('',#1105,#972,#715,.T.);
#1388=EDGE_CURVE('',#1096,#1106,#716,.T.);
#1389=EDGE_CURVE('',#1106,#1107,#598,.F.);
#1390=EDGE_CURVE('',#1018,#1107,#717,.T.);
#1391=EDGE_CURVE('',#1025,#1108,#718,.F.);
#1392=EDGE_CURVE('',#1109,#1108,#599,.T.);
#1393=EDGE_CURVE('',#1109,#1110,#719,.T.);
#1394=EDGE_CURVE('',#1110,#1111,#600,.F.);
#1395=EDGE_CURVE('',#1026,#1111,#720,.T.);
#1396=EDGE_CURVE('',#1112,#1008,#721,.T.);
#1397=EDGE_CURVE('',#1113,#1112,#601,.T.);
#1398=EDGE_CURVE('',#1009,#1113,#722,.T.);
#1399=EDGE_CURVE('',#1113,#1090,#723,.T.);
#1400=EDGE_CURVE('',#1091,#1112,#724,.T.);
#1401=EDGE_CURVE('',#999,#1112,#725,.T.);
#1402=EDGE_CURVE('',#1114,#1004,#726,.T.);
#1403=EDGE_CURVE('',#1115,#1114,#602,.T.);
#1404=EDGE_CURVE('',#1003,#1115,#727,.T.);
#1405=EDGE_CURVE('',#1115,#1116,#728,.T.);
#1406=EDGE_CURVE('',#1117,#1114,#729,.T.);
#1407=EDGE_CURVE('',#1116,#1117,#603,.T.);
#1408=EDGE_CURVE('',#1116,#1005,#730,.T.);
#1409=EDGE_CURVE('',#1006,#1117,#731,.T.);
#1410=EDGE_CURVE('',#995,#1114,#732,.T.);
#1411=EDGE_CURVE('',#998,#1117,#733,.T.);
#1412=EDGE_CURVE('',#1118,#985,#734,.T.);
#1413=EDGE_CURVE('',#1119,#1118,#604,.T.);
#1414=EDGE_CURVE('',#986,#1119,#735,.T.);
#1415=EDGE_CURVE('',#1119,#965,#736,.T.);
#1416=EDGE_CURVE('',#966,#1118,#737,.T.);
#1417=EDGE_CURVE('',#984,#990,#738,.T.);
#1418=EDGE_CURVE('',#990,#1118,#739,.T.);
#1419=EDGE_CURVE('',#1120,#1104,#740,.T.);
#1420=EDGE_CURVE('',#1121,#1120,#605,.T.);
#1421=EDGE_CURVE('',#1105,#1121,#741,.T.);
#1422=EDGE_CURVE('',#1121,#973,#742,.T.);
#1423=EDGE_CURVE('',#974,#1120,#743,.T.);
#1424=EDGE_CURVE('',#1013,#1120,#744,.T.);
#1425=EDGE_CURVE('',#975,#1013,#745,.T.);
#1426=EDGE_CURVE('',#1122,#1108,#746,.T.);
#1427=EDGE_CURVE('',#1123,#1122,#606,.T.);
#1428=EDGE_CURVE('',#1109,#1123,#747,.T.);
#1429=EDGE_CURVE('',#1123,#1124,#748,.T.);
#1430=EDGE_CURVE('',#1125,#1122,#749,.T.);
#1431=EDGE_CURVE('',#1124,#1125,#607,.T.);
#1432=EDGE_CURVE('',#1124,#1110,#750,.T.);
#1433=EDGE_CURVE('',#1111,#1125,#751,.T.);
#1434=EDGE_CURVE('',#1024,#1122,#752,.T.);
#1435=EDGE_CURVE('',#1014,#1024,#753,.T.);
#1436=EDGE_CURVE('',#1014,#1125,#754,.T.);
#1437=EDGE_CURVE('',#1126,#1094,#755,.T.);
#1438=EDGE_CURVE('',#1127,#1126,#608,.T.);
#1439=EDGE_CURVE('',#1095,#1127,#756,.T.);
#1440=EDGE_CURVE('',#1127,#1106,#757,.T.);
#1441=EDGE_CURVE('',#1107,#1126,#758,.T.);
#1442=EDGE_CURVE('',#1019,#1093,#759,.T.);
#1443=EDGE_CURVE('',#1019,#1126,#760,.T.);
#1444=EDGE_CURVE('',#1128,#1129,#51,.T.);
#1445=EDGE_CURVE('',#1129,#1130,#52,.T.);
#1446=EDGE_CURVE('',#1131,#1130,#53,.T.);
#1447=EDGE_CURVE('',#1131,#1132,#54,.T.);
#1448=EDGE_CURVE('',#1132,#1133,#55,.T.);
#1449=EDGE_CURVE('',#1128,#1133,#56,.T.);
#1450=EDGE_CURVE('',#1128,#1021,#57,.F.);
#1451=EDGE_CURVE('',#1020,#1134,#58,.T.);
#1452=EDGE_CURVE('',#1134,#1135,#32,.T.);
#1453=EDGE_CURVE('',#1135,#1136,#761,.T.);
#1454=EDGE_CURVE('',#1136,#1137,#59,.T.);
#1455=EDGE_CURVE('',#1137,#1138,#60,.T.);
#1456=EDGE_CURVE('',#1129,#1138,#61,.T.);
#1457=EDGE_CURVE('',#1137,#1139,#62,.F.);
#1458=EDGE_CURVE('',#1140,#1139,#63,.T.);
#1459=EDGE_CURVE('',#1130,#1140,#762,.T.);
#1460=EDGE_CURVE('',#1140,#1141,#64,.T.);
#1461=EDGE_CURVE('',#1141,#1142,#65,.T.);
#1462=EDGE_CURVE('',#1131,#1142,#763,.T.);
#1463=EDGE_CURVE('',#1143,#1139,#66,.T.);
#1464=EDGE_CURVE('',#1141,#1143,#257,.T.);
#1465=EDGE_CURVE('',#1144,#1142,#67,.T.);
#1466=EDGE_CURVE('',#1144,#1143,#68,.T.);
#1467=EDGE_CURVE('',#1144,#1145,#69,.F.);
#1468=EDGE_CURVE('',#1146,#1145,#70,.T.);
#1469=EDGE_CURVE('',#1146,#1132,#71,.T.);
#1470=EDGE_CURVE('',#1143,#1136,#258,.T.);
#1471=EDGE_CURVE('',#1145,#1136,#72,.T.);
#1472=EDGE_CURVE('',#1135,#1147,#33,.T.);
#1473=EDGE_CURVE('',#1147,#1023,#73,.T.);
#1474=EDGE_CURVE('',#1022,#1133,#74,.F.);
#1475=EDGE_CURVE('',#976,#1147,#764,.T.);
#1476=EDGE_CURVE('',#1134,#1092,#765,.T.);
#1477=EDGE_CURVE('',#1148,#1148,#259,.T.);
#1478=EDGE_CURVE('',#1149,#1149,#260,.T.);
#1479=EDGE_CURVE('',#1150,#1150,#261,.T.);
#1480=EDGE_CURVE('',#1151,#1151,#262,.T.);
#1481=EDGE_CURVE('',#1152,#1153,#75,.T.);
#1482=EDGE_CURVE('',#1153,#1154,#76,.T.);
#1483=EDGE_CURVE('',#1155,#1154,#77,.T.);
#1484=EDGE_CURVE('',#1155,#1156,#78,.T.);
#1485=EDGE_CURVE('',#1156,#1157,#79,.T.);
#1486=EDGE_CURVE('',#1152,#1157,#80,.T.);
#1487=EDGE_CURVE('',#1152,#992,#81,.F.);
#1488=EDGE_CURVE('',#991,#1099,#82,.T.);
#1489=EDGE_CURVE('',#1098,#1158,#766,.T.);
#1490=EDGE_CURVE('',#1158,#1159,#83,.T.);
#1491=EDGE_CURVE('',#1159,#1160,#84,.T.);
#1492=EDGE_CURVE('',#1153,#1160,#85,.T.);
#1493=EDGE_CURVE('',#1159,#1161,#86,.F.);
#1494=EDGE_CURVE('',#1162,#1161,#87,.T.);
#1495=EDGE_CURVE('',#1154,#1162,#767,.T.);
#1496=EDGE_CURVE('',#1162,#1163,#88,.T.);
#1497=EDGE_CURVE('',#1163,#1164,#89,.T.);
#1498=EDGE_CURVE('',#1155,#1164,#768,.T.);
#1499=EDGE_CURVE('',#1165,#1161,#90,.T.);
#1500=EDGE_CURVE('',#1163,#1165,#263,.T.);
#1501=EDGE_CURVE('',#1166,#1164,#91,.T.);
#1502=EDGE_CURVE('',#1166,#1165,#92,.T.);
#1503=EDGE_CURVE('',#1166,#1167,#93,.F.);
#1504=EDGE_CURVE('',#1168,#1167,#94,.T.);
#1505=EDGE_CURVE('',#1168,#1156,#95,.T.);
#1506=EDGE_CURVE('',#1165,#1158,#264,.T.);
#1507=EDGE_CURVE('',#1167,#1158,#96,.T.);
#1508=EDGE_CURVE('',#993,#1157,#97,.F.);
#1509=EDGE_CURVE('',#1151,#1169,#769,.T.);
#1510=EDGE_CURVE('',#1169,#1169,#265,.T.);
#1511=EDGE_CURVE('',#1101,#1170,#770,.T.);
#1512=EDGE_CURVE('',#1170,#1170,#266,.T.);
#1513=EDGE_CURVE('',#1102,#1171,#771,.T.);
#1514=EDGE_CURVE('',#1171,#1171,#267,.T.);
#1515=EDGE_CURVE('',#1150,#1172,#772,.T.);
#1516=EDGE_CURVE('',#1172,#1172,#268,.T.);
#1517=EDGE_CURVE('',#1148,#1173,#773,.T.);
#1518=EDGE_CURVE('',#1173,#1173,#269,.T.);
#1519=EDGE_CURVE('',#1100,#1174,#774,.T.);
#1520=EDGE_CURVE('',#1174,#1174,#270,.T.);
#1521=EDGE_CURVE('',#1103,#1175,#775,.T.);
#1522=EDGE_CURVE('',#1175,#1175,#271,.T.);
#1523=EDGE_CURVE('',#1149,#1176,#776,.T.);
#1524=EDGE_CURVE('',#1176,#1176,#272,.T.);
#1525=EDGE_CURVE('',#988,#1177,#777,.T.);
#1526=EDGE_CURVE('',#1178,#1177,#273,.T.);
#1527=EDGE_CURVE('',#987,#1178,#778,.T.);
#1528=EDGE_CURVE('',#1177,#1178,#274,.T.);
#1529=EDGE_CURVE('',#1179,#1179,#275,.T.);
#1530=EDGE_CURVE('',#1180,#1180,#276,.T.);
#1531=EDGE_CURVE('',#989,#1181,#779,.T.);
#1532=EDGE_CURVE('',#1181,#1181,#277,.T.);
#1533=EDGE_CURVE('',#1182,#1182,#278,.T.);
#1534=EDGE_CURVE('',#1183,#1183,#279,.T.);
#1535=EDGE_CURVE('',#1183,#1089,#780,.T.);
#1536=EDGE_CURVE('',#1184,#1184,#280,.T.);
#1537=EDGE_CURVE('',#1184,#1097,#781,.T.);
#1538=EDGE_CURVE('',#1185,#1185,#281,.T.);
#1539=EDGE_CURVE('',#1185,#1064,#782,.T.);
#1540=EDGE_CURVE('',#1186,#1186,#282,.T.);
#1541=EDGE_CURVE('',#1180,#1066,#783,.T.);
#1542=EDGE_CURVE('',#1182,#1186,#784,.T.);
#1543=EDGE_CURVE('',#1179,#1065,#785,.T.);
#1544=ORIENTED_EDGE('',*,*,#1187,.F.);
#1545=ORIENTED_EDGE('',*,*,#1188,.T.);
#1546=ORIENTED_EDGE('',*,*,#1189,.T.);
#1547=ORIENTED_EDGE('',*,*,#1190,.F.);
#1548=ORIENTED_EDGE('',*,*,#1191,.T.);
#1549=ORIENTED_EDGE('',*,*,#1187,.T.);
#1550=ORIENTED_EDGE('',*,*,#1192,.F.);
#1551=ORIENTED_EDGE('',*,*,#1193,.F.);
#1552=ORIENTED_EDGE('',*,*,#1194,.F.);
#1553=ORIENTED_EDGE('',*,*,#1195,.F.);
#1554=ORIENTED_EDGE('',*,*,#1196,.F.);
#1555=ORIENTED_EDGE('',*,*,#1197,.F.);
#1556=ORIENTED_EDGE('',*,*,#1198,.T.);
#1557=ORIENTED_EDGE('',*,*,#1199,.F.);
#1558=ORIENTED_EDGE('',*,*,#1200,.F.);
#1559=ORIENTED_EDGE('',*,*,#1201,.F.);
#1560=ORIENTED_EDGE('',*,*,#1202,.T.);
#1561=ORIENTED_EDGE('',*,*,#1203,.F.);
#1562=ORIENTED_EDGE('',*,*,#1204,.F.);
#1563=ORIENTED_EDGE('',*,*,#1205,.F.);
#1564=ORIENTED_EDGE('',*,*,#1206,.T.);
#1565=ORIENTED_EDGE('',*,*,#1207,.F.);
#1566=ORIENTED_EDGE('',*,*,#1208,.F.);
#1567=ORIENTED_EDGE('',*,*,#1209,.F.);
#1568=ORIENTED_EDGE('',*,*,#1210,.T.);
#1569=ORIENTED_EDGE('',*,*,#1211,.F.);
#1570=ORIENTED_EDGE('',*,*,#1212,.F.);
#1571=ORIENTED_EDGE('',*,*,#1213,.F.);
#1572=ORIENTED_EDGE('',*,*,#1214,.F.);
#1573=ORIENTED_EDGE('',*,*,#1191,.F.);
#1574=ORIENTED_EDGE('',*,*,#1215,.F.);
#1575=ORIENTED_EDGE('',*,*,#1216,.T.);
#1576=ORIENTED_EDGE('',*,*,#1217,.T.);
#1577=ORIENTED_EDGE('',*,*,#1218,.F.);
#1578=ORIENTED_EDGE('',*,*,#1219,.F.);
#1579=ORIENTED_EDGE('',*,*,#1220,.T.);
#1580=ORIENTED_EDGE('',*,*,#1221,.T.);
#1581=ORIENTED_EDGE('',*,*,#1222,.F.);
#1582=ORIENTED_EDGE('',*,*,#1223,.F.);
#1583=ORIENTED_EDGE('',*,*,#1224,.T.);
#1584=ORIENTED_EDGE('',*,*,#1225,.T.);
#1585=ORIENTED_EDGE('',*,*,#1226,.F.);
#1586=ORIENTED_EDGE('',*,*,#1227,.T.);
#1587=ORIENTED_EDGE('',*,*,#1228,.F.);
#1588=ORIENTED_EDGE('',*,*,#1192,.T.);
#1589=ORIENTED_EDGE('',*,*,#1229,.F.);
#1590=ORIENTED_EDGE('',*,*,#1230,.T.);
#1591=ORIENTED_EDGE('',*,*,#1231,.T.);
#1592=ORIENTED_EDGE('',*,*,#1232,.F.);
#1593=ORIENTED_EDGE('',*,*,#1222,.T.);
#1594=ORIENTED_EDGE('',*,*,#1233,.T.);
#1595=ORIENTED_EDGE('',*,*,#1234,.F.);
#1596=ORIENTED_EDGE('',*,*,#1226,.T.);
#1597=ORIENTED_EDGE('',*,*,#1235,.T.);
#1598=ORIENTED_EDGE('',*,*,#1236,.F.);
#1599=ORIENTED_EDGE('',*,*,#1237,.T.);
#1600=ORIENTED_EDGE('',*,*,#1238,.T.);
#1601=ORIENTED_EDGE('',*,*,#1239,.T.);
#1602=ORIENTED_EDGE('',*,*,#1240,.F.);
#1603=ORIENTED_EDGE('',*,*,#1224,.F.);
#1604=ORIENTED_EDGE('',*,*,#1241,.F.);
#1605=ORIENTED_EDGE('',*,*,#1220,.F.);
#1606=ORIENTED_EDGE('',*,*,#1242,.F.);
#1607=ORIENTED_EDGE('',*,*,#1243,.F.);
#1608=ORIENTED_EDGE('',*,*,#1244,.F.);
#1609=ORIENTED_EDGE('',*,*,#1245,.T.);
#1610=ORIENTED_EDGE('',*,*,#1195,.T.);
#1611=ORIENTED_EDGE('',*,*,#1246,.F.);
#1612=ORIENTED_EDGE('',*,*,#1247,.T.);
#1613=ORIENTED_EDGE('',*,*,#1248,.T.);
#1614=ORIENTED_EDGE('',*,*,#1249,.F.);
#1615=ORIENTED_EDGE('',*,*,#1250,.F.);
#1616=ORIENTED_EDGE('',*,*,#1251,.T.);
#1617=ORIENTED_EDGE('',*,*,#1252,.F.);
#1618=ORIENTED_EDGE('',*,*,#1253,.F.);
#1619=ORIENTED_EDGE('',*,*,#1254,.F.);
#1620=ORIENTED_EDGE('',*,*,#1255,.F.);
#1621=ORIENTED_EDGE('',*,*,#1256,.T.);
#1622=ORIENTED_EDGE('',*,*,#1257,.F.);
#1623=ORIENTED_EDGE('',*,*,#1258,.F.);
#1624=ORIENTED_EDGE('',*,*,#1259,.F.);
#1625=ORIENTED_EDGE('',*,*,#1260,.F.);
#1626=ORIENTED_EDGE('',*,*,#1261,.F.);
#1627=ORIENTED_EDGE('',*,*,#1262,.F.);
#1628=ORIENTED_EDGE('',*,*,#1263,.F.);
#1629=ORIENTED_EDGE('',*,*,#1260,.T.);
#1630=ORIENTED_EDGE('',*,*,#1264,.F.);
#1631=ORIENTED_EDGE('',*,*,#1265,.F.);
#1632=ORIENTED_EDGE('',*,*,#1266,.F.);
#1633=ORIENTED_EDGE('',*,*,#1262,.T.);
#1634=ORIENTED_EDGE('',*,*,#1267,.F.);
#1635=ORIENTED_EDGE('',*,*,#1268,.F.);
#1636=ORIENTED_EDGE('',*,*,#1269,.F.);
#1637=ORIENTED_EDGE('',*,*,#1265,.T.);
#1638=ORIENTED_EDGE('',*,*,#1270,.F.);
#1639=ORIENTED_EDGE('',*,*,#1271,.F.);
#1640=ORIENTED_EDGE('',*,*,#1272,.F.);
#1641=ORIENTED_EDGE('',*,*,#1268,.T.);
#1642=ORIENTED_EDGE('',*,*,#1273,.F.);
#1643=ORIENTED_EDGE('',*,*,#1274,.F.);
#1644=ORIENTED_EDGE('',*,*,#1275,.F.);
#1645=ORIENTED_EDGE('',*,*,#1271,.T.);
#1646=ORIENTED_EDGE('',*,*,#1276,.F.);
#1647=ORIENTED_EDGE('',*,*,#1277,.F.);
#1648=ORIENTED_EDGE('',*,*,#1278,.F.);
#1649=ORIENTED_EDGE('',*,*,#1274,.T.);
#1650=ORIENTED_EDGE('',*,*,#1279,.F.);
#1651=ORIENTED_EDGE('',*,*,#1280,.F.);
#1652=ORIENTED_EDGE('',*,*,#1281,.F.);
#1653=ORIENTED_EDGE('',*,*,#1277,.T.);
#1654=ORIENTED_EDGE('',*,*,#1282,.F.);
#1655=ORIENTED_EDGE('',*,*,#1283,.F.);
#1656=ORIENTED_EDGE('',*,*,#1284,.F.);
#1657=ORIENTED_EDGE('',*,*,#1280,.T.);
#1658=ORIENTED_EDGE('',*,*,#1285,.F.);
#1659=ORIENTED_EDGE('',*,*,#1286,.F.);
#1660=ORIENTED_EDGE('',*,*,#1287,.F.);
#1661=ORIENTED_EDGE('',*,*,#1283,.T.);
#1662=ORIENTED_EDGE('',*,*,#1288,.F.);
#1663=ORIENTED_EDGE('',*,*,#1289,.F.);
#1664=ORIENTED_EDGE('',*,*,#1290,.F.);
#1665=ORIENTED_EDGE('',*,*,#1286,.T.);
#1666=ORIENTED_EDGE('',*,*,#1291,.F.);
#1667=ORIENTED_EDGE('',*,*,#1292,.F.);
#1668=ORIENTED_EDGE('',*,*,#1293,.F.);
#1669=ORIENTED_EDGE('',*,*,#1289,.T.);
#1670=ORIENTED_EDGE('',*,*,#1294,.F.);
#1671=ORIENTED_EDGE('',*,*,#1292,.T.);
#1672=ORIENTED_EDGE('',*,*,#1295,.F.);
#1673=ORIENTED_EDGE('',*,*,#1258,.T.);
#1674=ORIENTED_EDGE('',*,*,#1296,.F.);
#1675=ORIENTED_EDGE('',*,*,#1278,.T.);
#1676=ORIENTED_EDGE('',*,*,#1297,.F.);
#1677=ORIENTED_EDGE('',*,*,#1202,.F.);
#1678=ORIENTED_EDGE('',*,*,#1298,.F.);
#1679=ORIENTED_EDGE('',*,*,#1299,.F.);
#1680=ORIENTED_EDGE('',*,*,#1300,.F.);
#1681=ORIENTED_EDGE('',*,*,#1301,.T.);
#1682=ORIENTED_EDGE('',*,*,#1302,.F.);
#1683=ORIENTED_EDGE('',*,*,#1275,.T.);
#1684=ORIENTED_EDGE('',*,*,#1302,.T.);
#1685=ORIENTED_EDGE('',*,*,#1303,.T.);
#1686=ORIENTED_EDGE('',*,*,#1304,.T.);
#1687=ORIENTED_EDGE('',*,*,#1272,.T.);
#1688=ORIENTED_EDGE('',*,*,#1304,.F.);
#1689=ORIENTED_EDGE('',*,*,#1305,.T.);
#1690=ORIENTED_EDGE('',*,*,#1306,.F.);
#1691=ORIENTED_EDGE('',*,*,#1269,.T.);
#1692=ORIENTED_EDGE('',*,*,#1306,.T.);
#1693=ORIENTED_EDGE('',*,*,#1307,.T.);
#1694=ORIENTED_EDGE('',*,*,#1308,.F.);
#1695=ORIENTED_EDGE('',*,*,#1309,.T.);
#1696=ORIENTED_EDGE('',*,*,#1246,.T.);
#1697=ORIENTED_EDGE('',*,*,#1194,.T.);
#1698=ORIENTED_EDGE('',*,*,#1310,.F.);
#1699=ORIENTED_EDGE('',*,*,#1266,.T.);
#1700=ORIENTED_EDGE('',*,*,#1310,.T.);
#1701=ORIENTED_EDGE('',*,*,#1193,.T.);
#1702=ORIENTED_EDGE('',*,*,#1228,.T.);
#1703=ORIENTED_EDGE('',*,*,#1311,.T.);
#1704=ORIENTED_EDGE('',*,*,#1308,.T.);
#1705=ORIENTED_EDGE('',*,*,#1312,.T.);
#1706=ORIENTED_EDGE('',*,*,#1313,.T.);
#1707=ORIENTED_EDGE('',*,*,#1263,.T.);
#1708=ORIENTED_EDGE('',*,*,#1313,.F.);
#1709=ORIENTED_EDGE('',*,*,#1314,.T.);
#1710=ORIENTED_EDGE('',*,*,#1315,.F.);
#1711=ORIENTED_EDGE('',*,*,#1261,.T.);
#1712=ORIENTED_EDGE('',*,*,#1315,.T.);
#1713=ORIENTED_EDGE('',*,*,#1316,.T.);
#1714=ORIENTED_EDGE('',*,*,#1317,.T.);
#1715=ORIENTED_EDGE('',*,*,#1259,.T.);
#1716=ORIENTED_EDGE('',*,*,#1295,.T.);
#1717=ORIENTED_EDGE('',*,*,#1294,.T.);
#1718=ORIENTED_EDGE('',*,*,#1291,.T.);
#1719=ORIENTED_EDGE('',*,*,#1288,.T.);
#1720=ORIENTED_EDGE('',*,*,#1285,.T.);
#1721=ORIENTED_EDGE('',*,*,#1282,.T.);
#1722=ORIENTED_EDGE('',*,*,#1279,.T.);
#1723=ORIENTED_EDGE('',*,*,#1276,.T.);
#1724=ORIENTED_EDGE('',*,*,#1273,.T.);
#1725=ORIENTED_EDGE('',*,*,#1270,.T.);
#1726=ORIENTED_EDGE('',*,*,#1267,.T.);
#1727=ORIENTED_EDGE('',*,*,#1264,.T.);
#1728=ORIENTED_EDGE('',*,*,#1318,.F.);
#1729=ORIENTED_EDGE('',*,*,#1319,.T.);
#1730=ORIENTED_EDGE('',*,*,#1320,.T.);
#1731=ORIENTED_EDGE('',*,*,#1321,.F.);
#1732=ORIENTED_EDGE('',*,*,#1314,.F.);
#1733=ORIENTED_EDGE('',*,*,#1322,.F.);
#1734=ORIENTED_EDGE('',*,*,#1323,.F.);
#1735=ORIENTED_EDGE('',*,*,#1324,.F.);
#1736=ORIENTED_EDGE('',*,*,#1325,.F.);
#1737=ORIENTED_EDGE('',*,*,#1322,.T.);
#1738=ORIENTED_EDGE('',*,*,#1312,.F.);
#1739=ORIENTED_EDGE('',*,*,#1326,.F.);
#1740=ORIENTED_EDGE('',*,*,#1327,.F.);
#1741=ORIENTED_EDGE('',*,*,#1324,.T.);
#1742=ORIENTED_EDGE('',*,*,#1307,.F.);
#1743=ORIENTED_EDGE('',*,*,#1328,.F.);
#1744=ORIENTED_EDGE('',*,*,#1329,.F.);
#1745=ORIENTED_EDGE('',*,*,#1326,.T.);
#1746=ORIENTED_EDGE('',*,*,#1305,.F.);
#1747=ORIENTED_EDGE('',*,*,#1330,.F.);
#1748=ORIENTED_EDGE('',*,*,#1331,.F.);
#1749=ORIENTED_EDGE('',*,*,#1328,.T.);
#1750=ORIENTED_EDGE('',*,*,#1303,.F.);
#1751=ORIENTED_EDGE('',*,*,#1332,.F.);
#1752=ORIENTED_EDGE('',*,*,#1333,.F.);
#1753=ORIENTED_EDGE('',*,*,#1330,.T.);
#1754=ORIENTED_EDGE('',*,*,#1301,.F.);
#1755=ORIENTED_EDGE('',*,*,#1334,.F.);
#1756=ORIENTED_EDGE('',*,*,#1335,.F.);
#1757=ORIENTED_EDGE('',*,*,#1332,.T.);
#1758=ORIENTED_EDGE('',*,*,#1336,.F.);
#1759=ORIENTED_EDGE('',*,*,#1337,.F.);
#1760=ORIENTED_EDGE('',*,*,#1338,.F.);
#1761=ORIENTED_EDGE('',*,*,#1334,.T.);
#1762=ORIENTED_EDGE('',*,*,#1339,.F.);
#1763=ORIENTED_EDGE('',*,*,#1340,.F.);
#1764=ORIENTED_EDGE('',*,*,#1341,.F.);
#1765=ORIENTED_EDGE('',*,*,#1337,.T.);
#1766=ORIENTED_EDGE('',*,*,#1342,.F.);
#1767=ORIENTED_EDGE('',*,*,#1343,.F.);
#1768=ORIENTED_EDGE('',*,*,#1344,.F.);
#1769=ORIENTED_EDGE('',*,*,#1340,.T.);
#1770=ORIENTED_EDGE('',*,*,#1345,.F.);
#1771=ORIENTED_EDGE('',*,*,#1346,.F.);
#1772=ORIENTED_EDGE('',*,*,#1347,.F.);
#1773=ORIENTED_EDGE('',*,*,#1343,.T.);
#1774=ORIENTED_EDGE('',*,*,#1348,.F.);
#1775=ORIENTED_EDGE('',*,*,#1349,.F.);
#1776=ORIENTED_EDGE('',*,*,#1350,.F.);
#1777=ORIENTED_EDGE('',*,*,#1346,.T.);
#1778=ORIENTED_EDGE('',*,*,#1351,.F.);
#1779=ORIENTED_EDGE('',*,*,#1349,.T.);
#1780=ORIENTED_EDGE('',*,*,#1316,.F.);
#1781=ORIENTED_EDGE('',*,*,#1321,.T.);
#1782=ORIENTED_EDGE('',*,*,#1352,.F.);
#1783=ORIENTED_EDGE('',*,*,#1339,.T.);
#1784=ORIENTED_EDGE('',*,*,#1353,.T.);
#1785=ORIENTED_EDGE('',*,*,#1354,.T.);
#1786=ORIENTED_EDGE('',*,*,#1355,.F.);
#1787=ORIENTED_EDGE('',*,*,#1342,.T.);
#1788=ORIENTED_EDGE('',*,*,#1355,.T.);
#1789=ORIENTED_EDGE('',*,*,#1356,.T.);
#1790=ORIENTED_EDGE('',*,*,#1357,.T.);
#1791=ORIENTED_EDGE('',*,*,#1290,.T.);
#1792=ORIENTED_EDGE('',*,*,#1358,.F.);
#1793=ORIENTED_EDGE('',*,*,#1345,.T.);
#1794=ORIENTED_EDGE('',*,*,#1357,.F.);
#1795=ORIENTED_EDGE('',*,*,#1359,.F.);
#1796=ORIENTED_EDGE('',*,*,#1360,.F.);
#1797=ORIENTED_EDGE('',*,*,#1206,.F.);
#1798=ORIENTED_EDGE('',*,*,#1361,.F.);
#1799=ORIENTED_EDGE('',*,*,#1293,.T.);
#1800=ORIENTED_EDGE('',*,*,#1362,.T.);
#1801=ORIENTED_EDGE('',*,*,#1348,.T.);
#1802=ORIENTED_EDGE('',*,*,#1358,.T.);
#1803=ORIENTED_EDGE('',*,*,#1296,.T.);
#1804=ORIENTED_EDGE('',*,*,#1317,.F.);
#1805=ORIENTED_EDGE('',*,*,#1351,.T.);
#1806=ORIENTED_EDGE('',*,*,#1362,.F.);
#1807=ORIENTED_EDGE('',*,*,#1323,.T.);
#1808=ORIENTED_EDGE('',*,*,#1325,.T.);
#1809=ORIENTED_EDGE('',*,*,#1327,.T.);
#1810=ORIENTED_EDGE('',*,*,#1329,.T.);
#1811=ORIENTED_EDGE('',*,*,#1331,.T.);
#1812=ORIENTED_EDGE('',*,*,#1333,.T.);
#1813=ORIENTED_EDGE('',*,*,#1335,.T.);
#1814=ORIENTED_EDGE('',*,*,#1338,.T.);
#1815=ORIENTED_EDGE('',*,*,#1341,.T.);
#1816=ORIENTED_EDGE('',*,*,#1344,.T.);
#1817=ORIENTED_EDGE('',*,*,#1347,.T.);
#1818=ORIENTED_EDGE('',*,*,#1350,.T.);
#1819=ORIENTED_EDGE('',*,*,#1352,.T.);
#1820=ORIENTED_EDGE('',*,*,#1363,.F.);
#1821=ORIENTED_EDGE('',*,*,#1234,.T.);
#1822=ORIENTED_EDGE('',*,*,#1364,.F.);
#1823=ORIENTED_EDGE('',*,*,#1365,.T.);
#1824=ORIENTED_EDGE('',*,*,#1366,.F.);
#1825=ORIENTED_EDGE('',*,*,#1239,.F.);
#1826=ORIENTED_EDGE('',*,*,#1367,.F.);
#1827=ORIENTED_EDGE('',*,*,#1359,.T.);
#1828=ORIENTED_EDGE('',*,*,#1356,.F.);
#1829=ORIENTED_EDGE('',*,*,#1354,.F.);
#1830=ORIENTED_EDGE('',*,*,#1368,.F.);
#1831=ORIENTED_EDGE('',*,*,#1299,.T.);
#1832=ORIENTED_EDGE('',*,*,#1369,.F.);
#1833=ORIENTED_EDGE('',*,*,#1370,.F.);
#1834=ORIENTED_EDGE('',*,*,#1371,.F.);
#1835=ORIENTED_EDGE('',*,*,#1372,.T.);
#1836=ORIENTED_EDGE('',*,*,#1373,.F.);
#1837=ORIENTED_EDGE('',*,*,#1374,.F.);
#1838=ORIENTED_EDGE('',*,*,#1247,.F.);
#1839=ORIENTED_EDGE('',*,*,#1309,.F.);
#1840=ORIENTED_EDGE('',*,*,#1311,.F.);
#1841=ORIENTED_EDGE('',*,*,#1227,.F.);
#1842=ORIENTED_EDGE('',*,*,#1375,.F.);
#1843=ORIENTED_EDGE('',*,*,#1336,.T.);
#1844=ORIENTED_EDGE('',*,*,#1300,.T.);
#1845=ORIENTED_EDGE('',*,*,#1368,.T.);
#1846=ORIENTED_EDGE('',*,*,#1353,.F.);
#1847=ORIENTED_EDGE('',*,*,#1360,.T.);
#1848=ORIENTED_EDGE('',*,*,#1367,.T.);
#1849=ORIENTED_EDGE('',*,*,#1238,.F.);
#1850=ORIENTED_EDGE('',*,*,#1376,.F.);
#1851=ORIENTED_EDGE('',*,*,#1377,.F.);
#1852=ORIENTED_EDGE('',*,*,#1378,.F.);
#1853=ORIENTED_EDGE('',*,*,#1207,.T.);
#1854=ORIENTED_EDGE('',*,*,#1379,.F.);
#1855=ORIENTED_EDGE('',*,*,#1380,.F.);
#1856=ORIENTED_EDGE('',*,*,#1381,.F.);
#1857=ORIENTED_EDGE('',*,*,#1382,.F.);
#1858=ORIENTED_EDGE('',*,*,#1284,.T.);
#1859=ORIENTED_EDGE('',*,*,#1383,.F.);
#1860=ORIENTED_EDGE('',*,*,#1204,.T.);
#1861=ORIENTED_EDGE('',*,*,#1384,.T.);
#1862=ORIENTED_EDGE('',*,*,#1281,.T.);
#1863=ORIENTED_EDGE('',*,*,#1384,.F.);
#1864=ORIENTED_EDGE('',*,*,#1203,.T.);
#1865=ORIENTED_EDGE('',*,*,#1297,.T.);
#1866=ORIENTED_EDGE('',*,*,#1287,.T.);
#1867=ORIENTED_EDGE('',*,*,#1361,.T.);
#1868=ORIENTED_EDGE('',*,*,#1205,.T.);
#1869=ORIENTED_EDGE('',*,*,#1383,.T.);
#1870=ORIENTED_EDGE('',*,*,#1196,.T.);
#1871=ORIENTED_EDGE('',*,*,#1245,.F.);
#1872=ORIENTED_EDGE('',*,*,#1385,.T.);
#1873=ORIENTED_EDGE('',*,*,#1386,.F.);
#1874=ORIENTED_EDGE('',*,*,#1387,.T.);
#1875=ORIENTED_EDGE('',*,*,#1374,.T.);
#1876=ORIENTED_EDGE('',*,*,#1388,.T.);
#1877=ORIENTED_EDGE('',*,*,#1389,.T.);
#1878=ORIENTED_EDGE('',*,*,#1390,.F.);
#1879=ORIENTED_EDGE('',*,*,#1248,.F.);
#1880=ORIENTED_EDGE('',*,*,#1391,.T.);
#1881=ORIENTED_EDGE('',*,*,#1392,.F.);
#1882=ORIENTED_EDGE('',*,*,#1393,.T.);
#1883=ORIENTED_EDGE('',*,*,#1394,.T.);
#1884=ORIENTED_EDGE('',*,*,#1395,.F.);
#1885=ORIENTED_EDGE('',*,*,#1256,.F.);
#1886=ORIENTED_EDGE('',*,*,#1396,.F.);
#1887=ORIENTED_EDGE('',*,*,#1397,.F.);
#1888=ORIENTED_EDGE('',*,*,#1398,.F.);
#1889=ORIENTED_EDGE('',*,*,#1236,.T.);
#1890=ORIENTED_EDGE('',*,*,#1399,.F.);
#1891=ORIENTED_EDGE('',*,*,#1397,.T.);
#1892=ORIENTED_EDGE('',*,*,#1400,.F.);
#1893=ORIENTED_EDGE('',*,*,#1365,.F.);
#1894=ORIENTED_EDGE('',*,*,#1396,.T.);
#1895=ORIENTED_EDGE('',*,*,#1235,.F.);
#1896=ORIENTED_EDGE('',*,*,#1225,.F.);
#1897=ORIENTED_EDGE('',*,*,#1401,.T.);
#1898=ORIENTED_EDGE('',*,*,#1400,.T.);
#1899=ORIENTED_EDGE('',*,*,#1401,.F.);
#1900=ORIENTED_EDGE('',*,*,#1240,.T.);
#1901=ORIENTED_EDGE('',*,*,#1366,.T.);
#1902=ORIENTED_EDGE('',*,*,#1402,.F.);
#1903=ORIENTED_EDGE('',*,*,#1403,.F.);
#1904=ORIENTED_EDGE('',*,*,#1404,.F.);
#1905=ORIENTED_EDGE('',*,*,#1229,.T.);
#1906=ORIENTED_EDGE('',*,*,#1405,.F.);
#1907=ORIENTED_EDGE('',*,*,#1403,.T.);
#1908=ORIENTED_EDGE('',*,*,#1406,.F.);
#1909=ORIENTED_EDGE('',*,*,#1407,.F.);
#1910=ORIENTED_EDGE('',*,*,#1408,.F.);
#1911=ORIENTED_EDGE('',*,*,#1407,.T.);
#1912=ORIENTED_EDGE('',*,*,#1409,.F.);
#1913=ORIENTED_EDGE('',*,*,#1231,.F.);
#1914=ORIENTED_EDGE('',*,*,#1402,.T.);
#1915=ORIENTED_EDGE('',*,*,#1233,.F.);
#1916=ORIENTED_EDGE('',*,*,#1221,.F.);
#1917=ORIENTED_EDGE('',*,*,#1410,.T.);
#1918=ORIENTED_EDGE('',*,*,#1406,.T.);
#1919=ORIENTED_EDGE('',*,*,#1410,.F.);
#1920=ORIENTED_EDGE('',*,*,#1241,.T.);
#1921=ORIENTED_EDGE('',*,*,#1411,.T.);
#1922=ORIENTED_EDGE('',*,*,#1409,.T.);
#1923=ORIENTED_EDGE('',*,*,#1411,.F.);
#1924=ORIENTED_EDGE('',*,*,#1223,.T.);
#1925=ORIENTED_EDGE('',*,*,#1232,.T.);
#1926=ORIENTED_EDGE('',*,*,#1412,.F.);
#1927=ORIENTED_EDGE('',*,*,#1413,.F.);
#1928=ORIENTED_EDGE('',*,*,#1414,.F.);
#1929=ORIENTED_EDGE('',*,*,#1210,.F.);
#1930=ORIENTED_EDGE('',*,*,#1415,.F.);
#1931=ORIENTED_EDGE('',*,*,#1413,.T.);
#1932=ORIENTED_EDGE('',*,*,#1416,.F.);
#1933=ORIENTED_EDGE('',*,*,#1189,.F.);
#1934=ORIENTED_EDGE('',*,*,#1415,.T.);
#1935=ORIENTED_EDGE('',*,*,#1188,.F.);
#1936=ORIENTED_EDGE('',*,*,#1211,.T.);
#1937=ORIENTED_EDGE('',*,*,#1414,.T.);
#1938=ORIENTED_EDGE('',*,*,#1412,.T.);
#1939=ORIENTED_EDGE('',*,*,#1209,.T.);
#1940=ORIENTED_EDGE('',*,*,#1417,.T.);
#1941=ORIENTED_EDGE('',*,*,#1418,.T.);
#1942=ORIENTED_EDGE('',*,*,#1416,.T.);
#1943=ORIENTED_EDGE('',*,*,#1418,.F.);
#1944=ORIENTED_EDGE('',*,*,#1215,.T.);
#1945=ORIENTED_EDGE('',*,*,#1190,.T.);
#1946=ORIENTED_EDGE('',*,*,#1404,.T.);
#1947=ORIENTED_EDGE('',*,*,#1405,.T.);
#1948=ORIENTED_EDGE('',*,*,#1408,.T.);
#1949=ORIENTED_EDGE('',*,*,#1230,.F.);
#1950=ORIENTED_EDGE('',*,*,#1398,.T.);
#1951=ORIENTED_EDGE('',*,*,#1399,.T.);
#1952=ORIENTED_EDGE('',*,*,#1364,.T.);
#1953=ORIENTED_EDGE('',*,*,#1237,.F.);
#1954=ORIENTED_EDGE('',*,*,#1419,.F.);
#1955=ORIENTED_EDGE('',*,*,#1420,.F.);
#1956=ORIENTED_EDGE('',*,*,#1421,.F.);
#1957=ORIENTED_EDGE('',*,*,#1386,.T.);
#1958=ORIENTED_EDGE('',*,*,#1422,.F.);
#1959=ORIENTED_EDGE('',*,*,#1420,.T.);
#1960=ORIENTED_EDGE('',*,*,#1423,.F.);
#1961=ORIENTED_EDGE('',*,*,#1198,.F.);
#1962=ORIENTED_EDGE('',*,*,#1419,.T.);
#1963=ORIENTED_EDGE('',*,*,#1385,.F.);
#1964=ORIENTED_EDGE('',*,*,#1244,.T.);
#1965=ORIENTED_EDGE('',*,*,#1424,.T.);
#1966=ORIENTED_EDGE('',*,*,#1423,.T.);
#1967=ORIENTED_EDGE('',*,*,#1424,.F.);
#1968=ORIENTED_EDGE('',*,*,#1425,.F.);
#1969=ORIENTED_EDGE('',*,*,#1199,.T.);
#1970=ORIENTED_EDGE('',*,*,#1426,.F.);
#1971=ORIENTED_EDGE('',*,*,#1427,.F.);
#1972=ORIENTED_EDGE('',*,*,#1428,.F.);
#1973=ORIENTED_EDGE('',*,*,#1392,.T.);
#1974=ORIENTED_EDGE('',*,*,#1429,.F.);
#1975=ORIENTED_EDGE('',*,*,#1427,.T.);
#1976=ORIENTED_EDGE('',*,*,#1430,.F.);
#1977=ORIENTED_EDGE('',*,*,#1431,.F.);
#1978=ORIENTED_EDGE('',*,*,#1432,.F.);
#1979=ORIENTED_EDGE('',*,*,#1431,.T.);
#1980=ORIENTED_EDGE('',*,*,#1433,.F.);
#1981=ORIENTED_EDGE('',*,*,#1394,.F.);
#1982=ORIENTED_EDGE('',*,*,#1426,.T.);
#1983=ORIENTED_EDGE('',*,*,#1391,.F.);
#1984=ORIENTED_EDGE('',*,*,#1255,.T.);
#1985=ORIENTED_EDGE('',*,*,#1434,.T.);
#1986=ORIENTED_EDGE('',*,*,#1430,.T.);
#1987=ORIENTED_EDGE('',*,*,#1434,.F.);
#1988=ORIENTED_EDGE('',*,*,#1435,.F.);
#1989=ORIENTED_EDGE('',*,*,#1436,.T.);
#1990=ORIENTED_EDGE('',*,*,#1433,.T.);
#1991=ORIENTED_EDGE('',*,*,#1436,.F.);
#1992=ORIENTED_EDGE('',*,*,#1257,.T.);
#1993=ORIENTED_EDGE('',*,*,#1395,.T.);
#1994=ORIENTED_EDGE('',*,*,#1437,.F.);
#1995=ORIENTED_EDGE('',*,*,#1438,.F.);
#1996=ORIENTED_EDGE('',*,*,#1439,.F.);
#1997=ORIENTED_EDGE('',*,*,#1372,.F.);
#1998=ORIENTED_EDGE('',*,*,#1440,.F.);
#1999=ORIENTED_EDGE('',*,*,#1438,.T.);
#2000=ORIENTED_EDGE('',*,*,#1441,.F.);
#2001=ORIENTED_EDGE('',*,*,#1389,.F.);
#2002=ORIENTED_EDGE('',*,*,#1440,.T.);
#2003=ORIENTED_EDGE('',*,*,#1388,.F.);
#2004=ORIENTED_EDGE('',*,*,#1373,.T.);
#2005=ORIENTED_EDGE('',*,*,#1439,.T.);
#2006=ORIENTED_EDGE('',*,*,#1437,.T.);
#2007=ORIENTED_EDGE('',*,*,#1371,.T.);
#2008=ORIENTED_EDGE('',*,*,#1442,.F.);
#2009=ORIENTED_EDGE('',*,*,#1443,.T.);
#2010=ORIENTED_EDGE('',*,*,#1441,.T.);
#2011=ORIENTED_EDGE('',*,*,#1443,.F.);
#2012=ORIENTED_EDGE('',*,*,#1249,.T.);
#2013=ORIENTED_EDGE('',*,*,#1390,.T.);
#2014=ORIENTED_EDGE('',*,*,#1428,.T.);
#2015=ORIENTED_EDGE('',*,*,#1429,.T.);
#2016=ORIENTED_EDGE('',*,*,#1432,.T.);
#2017=ORIENTED_EDGE('',*,*,#1393,.F.);
#2018=ORIENTED_EDGE('',*,*,#1421,.T.);
#2019=ORIENTED_EDGE('',*,*,#1422,.T.);
#2020=ORIENTED_EDGE('',*,*,#1197,.T.);
#2021=ORIENTED_EDGE('',*,*,#1387,.F.);
#2022=ORIENTED_EDGE('',*,*,#1444,.T.);
#2023=ORIENTED_EDGE('',*,*,#1445,.T.);
#2024=ORIENTED_EDGE('',*,*,#1446,.F.);
#2025=ORIENTED_EDGE('',*,*,#1447,.T.);
#2026=ORIENTED_EDGE('',*,*,#1448,.T.);
#2027=ORIENTED_EDGE('',*,*,#1449,.F.);
#2028=ORIENTED_EDGE('',*,*,#1444,.F.);
#2029=ORIENTED_EDGE('',*,*,#1450,.T.);
#2030=ORIENTED_EDGE('',*,*,#1251,.F.);
#2031=ORIENTED_EDGE('',*,*,#1451,.T.);
#2032=ORIENTED_EDGE('',*,*,#1452,.T.);
#2033=ORIENTED_EDGE('',*,*,#1453,.T.);
#2034=ORIENTED_EDGE('',*,*,#1454,.T.);
#2035=ORIENTED_EDGE('',*,*,#1455,.T.);
#2036=ORIENTED_EDGE('',*,*,#1456,.F.);
#2037=ORIENTED_EDGE('',*,*,#1445,.F.);
#2038=ORIENTED_EDGE('',*,*,#1456,.T.);
#2039=ORIENTED_EDGE('',*,*,#1455,.F.);
#2040=ORIENTED_EDGE('',*,*,#1457,.T.);
#2041=ORIENTED_EDGE('',*,*,#1458,.F.);
#2042=ORIENTED_EDGE('',*,*,#1459,.F.);
#2043=ORIENTED_EDGE('',*,*,#1446,.T.);
#2044=ORIENTED_EDGE('',*,*,#1459,.T.);
#2045=ORIENTED_EDGE('',*,*,#1460,.T.);
#2046=ORIENTED_EDGE('',*,*,#1461,.T.);
#2047=ORIENTED_EDGE('',*,*,#1462,.F.);
#2048=ORIENTED_EDGE('',*,*,#1458,.T.);
#2049=ORIENTED_EDGE('',*,*,#1463,.F.);
#2050=ORIENTED_EDGE('',*,*,#1464,.F.);
#2051=ORIENTED_EDGE('',*,*,#1460,.F.);
#2052=ORIENTED_EDGE('',*,*,#1465,.T.);
#2053=ORIENTED_EDGE('',*,*,#1461,.F.);
#2054=ORIENTED_EDGE('',*,*,#1464,.T.);
#2055=ORIENTED_EDGE('',*,*,#1466,.F.);
#2056=ORIENTED_EDGE('',*,*,#1447,.F.);
#2057=ORIENTED_EDGE('',*,*,#1462,.T.);
#2058=ORIENTED_EDGE('',*,*,#1465,.F.);
#2059=ORIENTED_EDGE('',*,*,#1467,.T.);
#2060=ORIENTED_EDGE('',*,*,#1468,.F.);
#2061=ORIENTED_EDGE('',*,*,#1469,.T.);
#2062=ORIENTED_EDGE('',*,*,#1463,.T.);
#2063=ORIENTED_EDGE('',*,*,#1457,.F.);
#2064=ORIENTED_EDGE('',*,*,#1454,.F.);
#2065=ORIENTED_EDGE('',*,*,#1470,.F.);
#2066=ORIENTED_EDGE('',*,*,#1466,.T.);
#2067=ORIENTED_EDGE('',*,*,#1470,.T.);
#2068=ORIENTED_EDGE('',*,*,#1471,.F.);
#2069=ORIENTED_EDGE('',*,*,#1467,.F.);
#2070=ORIENTED_EDGE('',*,*,#1448,.F.);
#2071=ORIENTED_EDGE('',*,*,#1469,.F.);
#2072=ORIENTED_EDGE('',*,*,#1468,.T.);
#2073=ORIENTED_EDGE('',*,*,#1471,.T.);
#2074=ORIENTED_EDGE('',*,*,#1453,.F.);
#2075=ORIENTED_EDGE('',*,*,#1472,.T.);
#2076=ORIENTED_EDGE('',*,*,#1473,.T.);
#2077=ORIENTED_EDGE('',*,*,#1253,.T.);
#2078=ORIENTED_EDGE('',*,*,#1474,.T.);
#2079=ORIENTED_EDGE('',*,*,#1449,.T.);
#2080=ORIENTED_EDGE('',*,*,#1474,.F.);
#2081=ORIENTED_EDGE('',*,*,#1252,.T.);
#2082=ORIENTED_EDGE('',*,*,#1450,.F.);
#2083=ORIENTED_EDGE('',*,*,#1298,.T.);
#2084=ORIENTED_EDGE('',*,*,#1201,.T.);
#2085=ORIENTED_EDGE('',*,*,#1475,.T.);
#2086=ORIENTED_EDGE('',*,*,#1472,.F.);
#2087=ORIENTED_EDGE('',*,*,#1452,.F.);
#2088=ORIENTED_EDGE('',*,*,#1476,.T.);
#2089=ORIENTED_EDGE('',*,*,#1369,.T.);
#2090=ORIENTED_EDGE('',*,*,#1477,.F.);
#2091=ORIENTED_EDGE('',*,*,#1478,.F.);
#2092=ORIENTED_EDGE('',*,*,#1479,.F.);
#2093=ORIENTED_EDGE('',*,*,#1480,.F.);
#2094=ORIENTED_EDGE('',*,*,#1475,.F.);
#2095=ORIENTED_EDGE('',*,*,#1200,.T.);
#2096=ORIENTED_EDGE('',*,*,#1425,.T.);
#2097=ORIENTED_EDGE('',*,*,#1243,.T.);
#2098=ORIENTED_EDGE('',*,*,#1435,.T.);
#2099=ORIENTED_EDGE('',*,*,#1254,.T.);
#2100=ORIENTED_EDGE('',*,*,#1473,.F.);
#2101=ORIENTED_EDGE('',*,*,#1451,.F.);
#2102=ORIENTED_EDGE('',*,*,#1250,.T.);
#2103=ORIENTED_EDGE('',*,*,#1442,.T.);
#2104=ORIENTED_EDGE('',*,*,#1370,.T.);
#2105=ORIENTED_EDGE('',*,*,#1476,.F.);
#2106=ORIENTED_EDGE('',*,*,#1481,.T.);
#2107=ORIENTED_EDGE('',*,*,#1482,.T.);
#2108=ORIENTED_EDGE('',*,*,#1483,.F.);
#2109=ORIENTED_EDGE('',*,*,#1484,.T.);
#2110=ORIENTED_EDGE('',*,*,#1485,.T.);
#2111=ORIENTED_EDGE('',*,*,#1486,.F.);
#2112=ORIENTED_EDGE('',*,*,#1481,.F.);
#2113=ORIENTED_EDGE('',*,*,#1487,.T.);
#2114=ORIENTED_EDGE('',*,*,#1217,.F.);
#2115=ORIENTED_EDGE('',*,*,#1488,.T.);
#2116=ORIENTED_EDGE('',*,*,#1377,.T.);
#2117=ORIENTED_EDGE('',*,*,#1489,.T.);
#2118=ORIENTED_EDGE('',*,*,#1490,.T.);
#2119=ORIENTED_EDGE('',*,*,#1491,.T.);
#2120=ORIENTED_EDGE('',*,*,#1492,.F.);
#2121=ORIENTED_EDGE('',*,*,#1482,.F.);
#2122=ORIENTED_EDGE('',*,*,#1492,.T.);
#2123=ORIENTED_EDGE('',*,*,#1491,.F.);
#2124=ORIENTED_EDGE('',*,*,#1493,.T.);
#2125=ORIENTED_EDGE('',*,*,#1494,.F.);
#2126=ORIENTED_EDGE('',*,*,#1495,.F.);
#2127=ORIENTED_EDGE('',*,*,#1483,.T.);
#2128=ORIENTED_EDGE('',*,*,#1495,.T.);
#2129=ORIENTED_EDGE('',*,*,#1496,.T.);
#2130=ORIENTED_EDGE('',*,*,#1497,.T.);
#2131=ORIENTED_EDGE('',*,*,#1498,.F.);
#2132=ORIENTED_EDGE('',*,*,#1494,.T.);
#2133=ORIENTED_EDGE('',*,*,#1499,.F.);
#2134=ORIENTED_EDGE('',*,*,#1500,.F.);
#2135=ORIENTED_EDGE('',*,*,#1496,.F.);
#2136=ORIENTED_EDGE('',*,*,#1501,.T.);
#2137=ORIENTED_EDGE('',*,*,#1497,.F.);
#2138=ORIENTED_EDGE('',*,*,#1500,.T.);
#2139=ORIENTED_EDGE('',*,*,#1502,.F.);
#2140=ORIENTED_EDGE('',*,*,#1484,.F.);
#2141=ORIENTED_EDGE('',*,*,#1498,.T.);
#2142=ORIENTED_EDGE('',*,*,#1501,.F.);
#2143=ORIENTED_EDGE('',*,*,#1503,.T.);
#2144=ORIENTED_EDGE('',*,*,#1504,.F.);
#2145=ORIENTED_EDGE('',*,*,#1505,.T.);
#2146=ORIENTED_EDGE('',*,*,#1499,.T.);
#2147=ORIENTED_EDGE('',*,*,#1493,.F.);
#2148=ORIENTED_EDGE('',*,*,#1490,.F.);
#2149=ORIENTED_EDGE('',*,*,#1506,.F.);
#2150=ORIENTED_EDGE('',*,*,#1502,.T.);
#2151=ORIENTED_EDGE('',*,*,#1506,.T.);
#2152=ORIENTED_EDGE('',*,*,#1507,.F.);
#2153=ORIENTED_EDGE('',*,*,#1503,.F.);
#2154=ORIENTED_EDGE('',*,*,#1485,.F.);
#2155=ORIENTED_EDGE('',*,*,#1505,.F.);
#2156=ORIENTED_EDGE('',*,*,#1504,.T.);
#2157=ORIENTED_EDGE('',*,*,#1507,.T.);
#2158=ORIENTED_EDGE('',*,*,#1489,.F.);
#2159=ORIENTED_EDGE('',*,*,#1376,.T.);
#2160=ORIENTED_EDGE('',*,*,#1242,.T.);
#2161=ORIENTED_EDGE('',*,*,#1219,.T.);
#2162=ORIENTED_EDGE('',*,*,#1508,.T.);
#2163=ORIENTED_EDGE('',*,*,#1486,.T.);
#2164=ORIENTED_EDGE('',*,*,#1508,.F.);
#2165=ORIENTED_EDGE('',*,*,#1218,.T.);
#2166=ORIENTED_EDGE('',*,*,#1487,.F.);
#2167=ORIENTED_EDGE('',*,*,#1488,.F.);
#2168=ORIENTED_EDGE('',*,*,#1216,.F.);
#2169=ORIENTED_EDGE('',*,*,#1417,.F.);
#2170=ORIENTED_EDGE('',*,*,#1208,.T.);
#2171=ORIENTED_EDGE('',*,*,#1378,.T.);
#2172=ORIENTED_EDGE('',*,*,#1480,.T.);
#2173=ORIENTED_EDGE('',*,*,#1509,.T.);
#2174=ORIENTED_EDGE('',*,*,#1510,.F.);
#2175=ORIENTED_EDGE('',*,*,#1509,.F.);
#2176=ORIENTED_EDGE('',*,*,#1510,.T.);
#2177=ORIENTED_EDGE('',*,*,#1380,.T.);
#2178=ORIENTED_EDGE('',*,*,#1511,.T.);
#2179=ORIENTED_EDGE('',*,*,#1512,.F.);
#2180=ORIENTED_EDGE('',*,*,#1511,.F.);
#2181=ORIENTED_EDGE('',*,*,#1512,.T.);
#2182=ORIENTED_EDGE('',*,*,#1381,.T.);
#2183=ORIENTED_EDGE('',*,*,#1513,.T.);
#2184=ORIENTED_EDGE('',*,*,#1514,.F.);
#2185=ORIENTED_EDGE('',*,*,#1513,.F.);
#2186=ORIENTED_EDGE('',*,*,#1514,.T.);
#2187=ORIENTED_EDGE('',*,*,#1479,.T.);
#2188=ORIENTED_EDGE('',*,*,#1515,.T.);
#2189=ORIENTED_EDGE('',*,*,#1516,.F.);
#2190=ORIENTED_EDGE('',*,*,#1515,.F.);
#2191=ORIENTED_EDGE('',*,*,#1516,.T.);
#2192=ORIENTED_EDGE('',*,*,#1477,.T.);
#2193=ORIENTED_EDGE('',*,*,#1517,.T.);
#2194=ORIENTED_EDGE('',*,*,#1518,.F.);
#2195=ORIENTED_EDGE('',*,*,#1517,.F.);
#2196=ORIENTED_EDGE('',*,*,#1518,.T.);
#2197=ORIENTED_EDGE('',*,*,#1379,.T.);
#2198=ORIENTED_EDGE('',*,*,#1519,.T.);
#2199=ORIENTED_EDGE('',*,*,#1520,.F.);
#2200=ORIENTED_EDGE('',*,*,#1519,.F.);
#2201=ORIENTED_EDGE('',*,*,#1520,.T.);
#2202=ORIENTED_EDGE('',*,*,#1382,.T.);
#2203=ORIENTED_EDGE('',*,*,#1521,.T.);
#2204=ORIENTED_EDGE('',*,*,#1522,.F.);
#2205=ORIENTED_EDGE('',*,*,#1521,.F.);
#2206=ORIENTED_EDGE('',*,*,#1522,.T.);
#2207=ORIENTED_EDGE('',*,*,#1478,.T.);
#2208=ORIENTED_EDGE('',*,*,#1523,.T.);
#2209=ORIENTED_EDGE('',*,*,#1524,.F.);
#2210=ORIENTED_EDGE('',*,*,#1523,.F.);
#2211=ORIENTED_EDGE('',*,*,#1524,.T.);
#2212=ORIENTED_EDGE('',*,*,#1212,.T.);
#2213=ORIENTED_EDGE('',*,*,#1525,.T.);
#2214=ORIENTED_EDGE('',*,*,#1526,.F.);
#2215=ORIENTED_EDGE('',*,*,#1527,.F.);
#2216=ORIENTED_EDGE('',*,*,#1213,.T.);
#2217=ORIENTED_EDGE('',*,*,#1527,.T.);
#2218=ORIENTED_EDGE('',*,*,#1528,.F.);
#2219=ORIENTED_EDGE('',*,*,#1525,.F.);
#2220=ORIENTED_EDGE('',*,*,#1528,.T.);
#2221=ORIENTED_EDGE('',*,*,#1526,.T.);
#2222=ORIENTED_EDGE('',*,*,#1529,.T.);
#2223=ORIENTED_EDGE('',*,*,#1530,.T.);
#2224=ORIENTED_EDGE('',*,*,#1214,.T.);
#2225=ORIENTED_EDGE('',*,*,#1531,.T.);
#2226=ORIENTED_EDGE('',*,*,#1532,.F.);
#2227=ORIENTED_EDGE('',*,*,#1531,.F.);
#2228=ORIENTED_EDGE('',*,*,#1532,.T.);
#2229=ORIENTED_EDGE('',*,*,#1533,.T.);
#2230=ORIENTED_EDGE('',*,*,#1534,.F.);
#2231=ORIENTED_EDGE('',*,*,#1535,.T.);
#2232=ORIENTED_EDGE('',*,*,#1363,.T.);
#2233=ORIENTED_EDGE('',*,*,#1535,.F.);
#2234=ORIENTED_EDGE('',*,*,#1534,.T.);
#2235=ORIENTED_EDGE('',*,*,#1536,.F.);
#2236=ORIENTED_EDGE('',*,*,#1536,.T.);
#2237=ORIENTED_EDGE('',*,*,#1537,.T.);
#2238=ORIENTED_EDGE('',*,*,#1375,.T.);
#2239=ORIENTED_EDGE('',*,*,#1537,.F.);
#2240=ORIENTED_EDGE('',*,*,#1538,.T.);
#2241=ORIENTED_EDGE('',*,*,#1539,.T.);
#2242=ORIENTED_EDGE('',*,*,#1318,.T.);
#2243=ORIENTED_EDGE('',*,*,#1539,.F.);
#2244=ORIENTED_EDGE('',*,*,#1538,.F.);
#2245=ORIENTED_EDGE('',*,*,#1540,.F.);
#2246=ORIENTED_EDGE('',*,*,#1530,.F.);
#2247=ORIENTED_EDGE('',*,*,#1541,.T.);
#2248=ORIENTED_EDGE('',*,*,#1320,.F.);
#2249=ORIENTED_EDGE('',*,*,#1541,.F.);
#2250=ORIENTED_EDGE('',*,*,#1533,.F.);
#2251=ORIENTED_EDGE('',*,*,#1542,.T.);
#2252=ORIENTED_EDGE('',*,*,#1540,.T.);
#2253=ORIENTED_EDGE('',*,*,#1542,.F.);
#2254=ORIENTED_EDGE('',*,*,#1529,.F.);
#2255=ORIENTED_EDGE('',*,*,#1543,.T.);
#2256=ORIENTED_EDGE('',*,*,#1319,.F.);
#2257=ORIENTED_EDGE('',*,*,#1543,.F.);
#2258=PLANE('',#2478);
#2259=PLANE('',#2480);
#2260=PLANE('',#2492);
#2261=PLANE('',#2493);
#2262=PLANE('',#2496);
#2263=PLANE('',#2500);
#2264=PLANE('',#2546);
#2265=PLANE('',#2552);
#2266=PLANE('',#2557);
#2267=PLANE('',#2600);
#2268=PLANE('',#2603);
#2269=PLANE('',#2605);
#2270=PLANE('',#2607);
#2271=PLANE('',#2612);
#2272=PLANE('',#2613);
#2273=PLANE('',#2619);
#2274=PLANE('',#2620);
#2275=PLANE('',#2621);
#2276=PLANE('',#2623);
#2277=PLANE('',#2625);
#2278=PLANE('',#2631);
#2279=PLANE('',#2632);
#2280=PLANE('',#2638);
#2281=PLANE('',#2639);
#2282=PLANE('',#2640);
#2283=PLANE('',#2644);
#2284=PLANE('',#2645);
#2285=PLANE('',#2646);
#2286=PLANE('',#2647);
#2287=PLANE('',#2648);
#2288=PLANE('',#2652);
#2289=PLANE('',#2653);
#2290=PLANE('',#2659);
#2291=PLANE('',#2660);
#2292=PLANE('',#2661);
#2293=PLANE('',#2665);
#2294=PLANE('',#2666);
#2295=PLANE('',#2667);
#2296=PLANE('',#2668);
#2297=PLANE('',#2669);
#2298=PLANE('',#2670);
#2299=PLANE('',#2671);
#2300=PLANE('',#2673);
#2301=PLANE('',#2675);
#2302=PLANE('',#2676);
#2303=PLANE('',#2683);
#2304=PLANE('',#2684);
#2305=PLANE('',#2686);
#2306=PLANE('',#2688);
#2307=PLANE('',#2692);
#2308=PLANE('',#2695);
#2309=PLANE('',#2698);
#2310=PLANE('',#2701);
#2311=PLANE('',#2704);
#2312=PLANE('',#2707);
#2313=PLANE('',#2710);
#2314=PLANE('',#2713);
#2315=PLANE('',#2718);
#2316=PLANE('',#2723);
#2317=PLANE('',#2727);
#2318=PLANE('',#2732);
#2319=ADVANCED_FACE('',(#283),#2258,.T.);
#2320=ADVANCED_FACE('',(#284,#151,#152),#2259,.F.);
#2321=ADVANCED_FACE('',(#285),#2260,.F.);
#2322=ADVANCED_FACE('',(#286),#2261,.T.);
#2323=ADVANCED_FACE('',(#287),#2262,.T.);
#2324=ADVANCED_FACE('',(#288),#98,.T.);
#2325=ADVANCED_FACE('',(#289),#2263,.F.);
#2326=ADVANCED_FACE('',(#290),#34,.T.);
#2327=ADVANCED_FACE('',(#291),#35,.T.);
#2328=ADVANCED_FACE('',(#292),#99,.T.);
#2329=ADVANCED_FACE('',(#293),#36,.T.);
#2330=ADVANCED_FACE('',(#294),#37,.T.);
#2331=ADVANCED_FACE('',(#295),#100,.T.);
#2332=ADVANCED_FACE('',(#296),#38,.T.);
#2333=ADVANCED_FACE('',(#297),#101,.T.);
#2334=ADVANCED_FACE('',(#298),#39,.T.);
#2335=ADVANCED_FACE('',(#299),#102,.T.);
#2336=ADVANCED_FACE('',(#300),#40,.T.);
#2337=ADVANCED_FACE('',(#301),#103,.T.);
#2338=ADVANCED_FACE('',(#302),#41,.T.);
#2339=ADVANCED_FACE('',(#303),#104,.T.);
#2340=ADVANCED_FACE('',(#304),#2264,.F.);
#2341=ADVANCED_FACE('',(#305),#105,.T.);
#2342=ADVANCED_FACE('',(#306),#106,.T.);
#2343=ADVANCED_FACE('',(#307),#2265,.F.);
#2344=ADVANCED_FACE('',(#308),#107,.T.);
#2345=ADVANCED_FACE('',(#309),#108,.T.);
#2346=ADVANCED_FACE('',(#310,#153,#154,#155),#2266,.T.);
#2347=ADVANCED_FACE('',(#311),#42,.T.);
#2348=ADVANCED_FACE('',(#312),#109,.T.);
#2349=ADVANCED_FACE('',(#313),#43,.T.);
#2350=ADVANCED_FACE('',(#314),#44,.T.);
#2351=ADVANCED_FACE('',(#315),#110,.T.);
#2352=ADVANCED_FACE('',(#316),#45,.T.);
#2353=ADVANCED_FACE('',(#317),#111,.T.);
#2354=ADVANCED_FACE('',(#318),#46,.T.);
#2355=ADVANCED_FACE('',(#319),#112,.T.);
#2356=ADVANCED_FACE('',(#320),#47,.T.);
#2357=ADVANCED_FACE('',(#321),#113,.T.);
#2358=ADVANCED_FACE('',(#322),#48,.T.);
#2359=ADVANCED_FACE('',(#323),#49,.T.);
#2360=ADVANCED_FACE('',(#324),#114,.T.);
#2361=ADVANCED_FACE('',(#325),#2267,.T.);
#2362=ADVANCED_FACE('',(#326),#115,.T.);
#2363=ADVANCED_FACE('',(#327),#2268,.F.);
#2364=ADVANCED_FACE('',(#328),#116,.T.);
#2365=ADVANCED_FACE('',(#329,#156),#2269,.F.);
#2366=ADVANCED_FACE('',(#330,#157),#2270,.T.);
#2367=ADVANCED_FACE('',(#331),#2271,.T.);
#2368=ADVANCED_FACE('',(#332,#158,#159,#160,#161),#2272,.F.);
#2369=ADVANCED_FACE('',(#333),#117,.T.);
#2370=ADVANCED_FACE('',(#334),#2273,.T.);
#2371=ADVANCED_FACE('',(#335),#2274,.T.);
#2372=ADVANCED_FACE('',(#336),#2275,.F.);
#2373=ADVANCED_FACE('',(#337),#2276,.F.);
#2374=ADVANCED_FACE('',(#338),#2277,.F.);
#2375=ADVANCED_FACE('',(#339),#118,.T.);
#2376=ADVANCED_FACE('',(#340),#119,.T.);
#2377=ADVANCED_FACE('',(#341),#2278,.F.);
#2378=ADVANCED_FACE('',(#342),#2279,.F.);
#2379=ADVANCED_FACE('',(#343),#120,.T.);
#2380=ADVANCED_FACE('',(#344),#121,.T.);
#2381=ADVANCED_FACE('',(#345),#122,.T.);
#2382=ADVANCED_FACE('',(#346),#2280,.F.);
#2383=ADVANCED_FACE('',(#347),#2281,.F.);
#2384=ADVANCED_FACE('',(#348),#2282,.F.);
#2385=ADVANCED_FACE('',(#349),#123,.T.);
#2386=ADVANCED_FACE('',(#350),#124,.T.);
#2387=ADVANCED_FACE('',(#351),#2283,.F.);
#2388=ADVANCED_FACE('',(#352),#2284,.F.);
#2389=ADVANCED_FACE('',(#353),#2285,.F.);
#2390=ADVANCED_FACE('',(#354),#2286,.F.);
#2391=ADVANCED_FACE('',(#355),#2287,.F.);
#2392=ADVANCED_FACE('',(#356),#125,.T.);
#2393=ADVANCED_FACE('',(#357),#126,.T.);
#2394=ADVANCED_FACE('',(#358),#2288,.F.);
#2395=ADVANCED_FACE('',(#359),#2289,.F.);
#2396=ADVANCED_FACE('',(#360),#127,.T.);
#2397=ADVANCED_FACE('',(#361),#128,.T.);
#2398=ADVANCED_FACE('',(#362),#129,.T.);
#2399=ADVANCED_FACE('',(#363),#2290,.F.);
#2400=ADVANCED_FACE('',(#364),#2291,.F.);
#2401=ADVANCED_FACE('',(#365),#2292,.F.);
#2402=ADVANCED_FACE('',(#366),#130,.T.);
#2403=ADVANCED_FACE('',(#367),#131,.T.);
#2404=ADVANCED_FACE('',(#368),#2293,.F.);
#2405=ADVANCED_FACE('',(#369),#2294,.F.);
#2406=ADVANCED_FACE('',(#370),#2295,.F.);
#2407=ADVANCED_FACE('',(#371),#2296,.F.);
#2408=ADVANCED_FACE('',(#372),#2297,.F.);
#2409=ADVANCED_FACE('',(#373),#20,.F.);
#2410=ADVANCED_FACE('',(#374),#16,.F.);
#2411=ADVANCED_FACE('',(#375),#2298,.F.);
#2412=ADVANCED_FACE('',(#376),#2299,.F.);
#2413=ADVANCED_FACE('',(#377),#21,.F.);
#2414=ADVANCED_FACE('',(#378),#22,.F.);
#2415=ADVANCED_FACE('',(#379),#2300,.F.);
#2416=ADVANCED_FACE('',(#380),#23,.T.);
#2417=ADVANCED_FACE('',(#381),#24,.T.);
#2418=ADVANCED_FACE('',(#382),#17,.F.);
#2419=ADVANCED_FACE('',(#383),#2301,.T.);
#2420=ADVANCED_FACE('',(#384,#162,#163,#164,#165),#2302,.F.);
#2421=ADVANCED_FACE('',(#385),#132,.T.);
#2422=ADVANCED_FACE('',(#386),#133,.T.);
#2423=ADVANCED_FACE('',(#387),#25,.F.);
#2424=ADVANCED_FACE('',(#388),#18,.F.);
#2425=ADVANCED_FACE('',(#389),#2303,.F.);
#2426=ADVANCED_FACE('',(#390),#2304,.F.);
#2427=ADVANCED_FACE('',(#391),#26,.F.);
#2428=ADVANCED_FACE('',(#392),#27,.F.);
#2429=ADVANCED_FACE('',(#393),#2305,.F.);
#2430=ADVANCED_FACE('',(#394),#28,.T.);
#2431=ADVANCED_FACE('',(#395),#29,.T.);
#2432=ADVANCED_FACE('',(#396),#19,.F.);
#2433=ADVANCED_FACE('',(#397),#2306,.T.);
#2434=ADVANCED_FACE('',(#398),#134,.T.);
#2435=ADVANCED_FACE('',(#399),#135,.F.);
#2436=ADVANCED_FACE('',(#400),#2307,.F.);
#2437=ADVANCED_FACE('',(#401),#136,.F.);
#2438=ADVANCED_FACE('',(#402),#2308,.F.);
#2439=ADVANCED_FACE('',(#403),#137,.F.);
#2440=ADVANCED_FACE('',(#404),#2309,.F.);
#2441=ADVANCED_FACE('',(#405),#138,.F.);
#2442=ADVANCED_FACE('',(#406),#2310,.F.);
#2443=ADVANCED_FACE('',(#407),#139,.F.);
#2444=ADVANCED_FACE('',(#408),#2311,.F.);
#2445=ADVANCED_FACE('',(#409),#140,.F.);
#2446=ADVANCED_FACE('',(#410),#2312,.F.);
#2447=ADVANCED_FACE('',(#411),#141,.F.);
#2448=ADVANCED_FACE('',(#412),#2313,.F.);
#2449=ADVANCED_FACE('',(#413),#142,.F.);
#2450=ADVANCED_FACE('',(#414),#2314,.F.);
#2451=ADVANCED_FACE('',(#415),#143,.F.);
#2452=ADVANCED_FACE('',(#416),#144,.F.);
#2453=ADVANCED_FACE('',(#417,#166,#167),#2315,.F.);
#2454=ADVANCED_FACE('',(#418),#145,.F.);
#2455=ADVANCED_FACE('',(#419,#168),#2316,.F.);
#2456=ADVANCED_FACE('',(#420),#15,.T.);
#2457=ADVANCED_FACE('',(#421,#169),#2317,.F.);
#2458=ADVANCED_FACE('',(#422),#146,.F.);
#2459=ADVANCED_FACE('',(#423),#147,.T.);
#2460=ADVANCED_FACE('',(#424,#170),#2318,.T.);
#2461=ADVANCED_FACE('',(#425),#148,.F.);
#2462=ADVANCED_FACE('',(#426),#149,.F.);
#2463=ADVANCED_FACE('',(#427),#150,.F.);
#2464=CLOSED_SHELL('',(#2319,#2320,#2321,#2322,#2323,#2324,#2325,#2326,
#2327,#2328,#2329,#2330,#2331,#2332,#2333,#2334,#2335,#2336,#2337,#2338,
#2339,#2340,#2341,#2342,#2343,#2344,#2345,#2346,#2347,#2348,#2349,#2350,
#2351,#2352,#2353,#2354,#2355,#2356,#2357,#2358,#2359,#2360,#2361,#2362,
#2363,#2364,#2365,#2366,#2367,#2368,#2369,#2370,#2371,#2372,#2373,#2374,
#2375,#2376,#2377,#2378,#2379,#2380,#2381,#2382,#2383,#2384,#2385,#2386,
#2387,#2388,#2389,#2390,#2391,#2392,#2393,#2394,#2395,#2396,#2397,#2398,
#2399,#2400,#2401,#2402,#2403,#2404,#2405,#2406,#2407,#2408,#2409,#2410,
#2411,#2412,#2413,#2414,#2415,#2416,#2417,#2418,#2419,#2420,#2421,#2422,
#2423,#2424,#2425,#2426,#2427,#2428,#2429,#2430,#2431,#2432,#2433,#2434,
#2435,#2436,#2437,#2438,#2439,#2440,#2441,#2442,#2443,#2444,#2445,#2446,
#2447,#2448,#2449,#2450,#2451,#2452,#2453,#2454,#2455,#2456,#2457,#2458,
#2459,#2460,#2461,#2462,#2463));
#2465=DERIVED_UNIT_ELEMENT(#2467,1.);
#2466=DERIVED_UNIT_ELEMENT(#5180,-3.);
#2467=(
MASS_UNIT()
NAMED_UNIT(*)
SI_UNIT(.KILO.,.GRAM.)
);
#2468=DERIVED_UNIT((#2465,#2466));
#2469=MEASURE_REPRESENTATION_ITEM('density measure',
POSITIVE_RATIO_MEASURE(7850.),#2468);
#2470=PROPERTY_DEFINITION_REPRESENTATION(#2475,#2472);
#2471=PROPERTY_DEFINITION_REPRESENTATION(#2476,#2473);
#2472=REPRESENTATION('material name',(#2474),#5177);
#2473=REPRESENTATION('density',(#2469),#5177);
#2474=DESCRIPTIVE_REPRESENTATION_ITEM('Steel','Steel');
#2475=PROPERTY_DEFINITION('material property','material name',#5187);
#2476=PROPERTY_DEFINITION('material property','density of part',#5187);
#2477=AXIS2_PLACEMENT_3D('',#3434,#2737,#2738);
#2478=AXIS2_PLACEMENT_3D('',#3435,#2739,#2740);
#2479=AXIS2_PLACEMENT_3D('',#3442,#2743,#2744);
#2480=AXIS2_PLACEMENT_3D('',#3446,#2747,#2748);
#2481=AXIS2_PLACEMENT_3D('',#3452,#2751,#2752);
#2482=AXIS2_PLACEMENT_3D('',#3460,#2756,#2757);
#2483=AXIS2_PLACEMENT_3D('',#3464,#2759,#2760);
#2484=AXIS2_PLACEMENT_3D('',#3468,#2762,#2763);
#2485=AXIS2_PLACEMENT_3D('',#3472,#2765,#2766);
#2486=AXIS2_PLACEMENT_3D('',#3476,#2768,#2769);
#2487=AXIS2_PLACEMENT_3D('',#3480,#2771,#2772);
#2488=AXIS2_PLACEMENT_3D('',#3484,#2774,#2775);
#2489=AXIS2_PLACEMENT_3D('',#3488,#2777,#2778);
#2490=AXIS2_PLACEMENT_3D('',#3489,#2779,#2780);
#2491=AXIS2_PLACEMENT_3D('',#3491,#2781,#2782);
#2492=AXIS2_PLACEMENT_3D('',#3492,#2783,#2784);
#2493=AXIS2_PLACEMENT_3D('',#3520,#2799,#2800);
#2494=AXIS2_PLACEMENT_3D('',#3523,#2801,#2802);
#2495=AXIS2_PLACEMENT_3D('',#3527,#2804,#2805);
#2496=AXIS2_PLACEMENT_3D('',#3530,#2808,#2809);
#2497=AXIS2_PLACEMENT_3D('',#3536,#2812,#2813);
#2498=AXIS2_PLACEMENT_3D('',#3538,#2815,#2816);
#2499=AXIS2_PLACEMENT_3D('',#3543,#2818,#2819);
#2500=AXIS2_PLACEMENT_3D('',#3558,#2822,#2823);
#2501=AXIS2_PLACEMENT_3D('',#3588,#2839,#2840);
#2502=AXIS2_PLACEMENT_3D('',#3591,#2841,#2842);
#2503=AXIS2_PLACEMENT_3D('',#3593,#2843,#2844);
#2504=AXIS2_PLACEMENT_3D('',#3595,#2845,#2846);
#2505=AXIS2_PLACEMENT_3D('',#3596,#2847,#2848);
#2506=AXIS2_PLACEMENT_3D('',#3597,#2849,#2850);
#2507=AXIS2_PLACEMENT_3D('',#3600,#2851,#2852);
#2508=AXIS2_PLACEMENT_3D('',#3601,#2853,#2854);
#2509=AXIS2_PLACEMENT_3D('',#3602,#2855,#2856);
#2510=AXIS2_PLACEMENT_3D('',#3603,#2857,#2858);
#2511=AXIS2_PLACEMENT_3D('',#3606,#2859,#2860);
#2512=AXIS2_PLACEMENT_3D('',#3609,#2863,#2864);
#2513=AXIS2_PLACEMENT_3D('',#3612,#2865,#2866);
#2514=AXIS2_PLACEMENT_3D('',#3613,#2867,#2868);
#2515=AXIS2_PLACEMENT_3D('',#3614,#2869,#2870);
#2516=AXIS2_PLACEMENT_3D('',#3615,#2871,#2872);
#2517=AXIS2_PLACEMENT_3D('',#3618,#2873,#2874);
#2518=AXIS2_PLACEMENT_3D('',#3619,#2875,#2876);
#2519=AXIS2_PLACEMENT_3D('',#3620,#2877,#2878);
#2520=AXIS2_PLACEMENT_3D('',#3621,#2879,#2880);
#2521=AXIS2_PLACEMENT_3D('',#3624,#2881,#2882);
#2522=AXIS2_PLACEMENT_3D('',#3627,#2885,#2886);
#2523=AXIS2_PLACEMENT_3D('',#3630,#2887,#2888);
#2524=AXIS2_PLACEMENT_3D('',#3631,#2889,#2890);
#2525=AXIS2_PLACEMENT_3D('',#3632,#2891,#2892);
#2526=AXIS2_PLACEMENT_3D('',#3633,#2893,#2894);
#2527=AXIS2_PLACEMENT_3D('',#3636,#2895,#2896);
#2528=AXIS2_PLACEMENT_3D('',#3639,#2899,#2900);
#2529=AXIS2_PLACEMENT_3D('',#3642,#2901,#2902);
#2530=AXIS2_PLACEMENT_3D('',#3643,#2903,#2904);
#2531=AXIS2_PLACEMENT_3D('',#3644,#2905,#2906);
#2532=AXIS2_PLACEMENT_3D('',#3645,#2907,#2908);
#2533=AXIS2_PLACEMENT_3D('',#3648,#2909,#2910);
#2534=AXIS2_PLACEMENT_3D('',#3651,#2913,#2914);
#2535=AXIS2_PLACEMENT_3D('',#3654,#2915,#2916);
#2536=AXIS2_PLACEMENT_3D('',#3655,#2917,#2918);
#2537=AXIS2_PLACEMENT_3D('',#3656,#2919,#2920);
#2538=AXIS2_PLACEMENT_3D('',#3657,#2921,#2922);
#2539=AXIS2_PLACEMENT_3D('',#3660,#2923,#2924);
#2540=AXIS2_PLACEMENT_3D('',#3663,#2927,#2928);
#2541=AXIS2_PLACEMENT_3D('',#3664,#2929,#2930);
#2542=AXIS2_PLACEMENT_3D('',#3665,#2931,#2932);
#2543=AXIS2_PLACEMENT_3D('',#3666,#2933,#2934);
#2544=AXIS2_PLACEMENT_3D('',#3671,#2937,#2938);
#2545=AXIS2_PLACEMENT_3D('',#3675,#2940,#2941);
#2546=AXIS2_PLACEMENT_3D('',#3677,#2943,#2944);
#2547=AXIS2_PLACEMENT_3D('',#3681,#2947,#2948);
#2548=AXIS2_PLACEMENT_3D('',#3683,#2949,#2950);
#2549=AXIS2_PLACEMENT_3D('',#3685,#2952,#2953);
#2550=AXIS2_PLACEMENT_3D('',#3687,#2954,#2955);
#2551=AXIS2_PLACEMENT_3D('',#3690,#2957,#2958);
#2552=AXIS2_PLACEMENT_3D('',#3692,#2960,#2961);
#2553=AXIS2_PLACEMENT_3D('',#3697,#2965,#2966);
#2554=AXIS2_PLACEMENT_3D('',#3699,#2967,#2968);
#2555=AXIS2_PLACEMENT_3D('',#3701,#2970,#2971);
#2556=AXIS2_PLACEMENT_3D('',#3703,#2972,#2973);
#2557=AXIS2_PLACEMENT_3D('',#3705,#2975,#2976);
#2558=AXIS2_PLACEMENT_3D('',#3707,#2977,#2978);
#2559=AXIS2_PLACEMENT_3D('',#3709,#2979,#2980);
#2560=AXIS2_PLACEMENT_3D('',#3711,#2981,#2982);
#2561=AXIS2_PLACEMENT_3D('',#3712,#2983,#2984);
#2562=AXIS2_PLACEMENT_3D('',#3714,#2985,#2986);
#2563=AXIS2_PLACEMENT_3D('',#3716,#2987,#2988);
#2564=AXIS2_PLACEMENT_3D('',#3717,#2989,#2990);
#2565=AXIS2_PLACEMENT_3D('',#3718,#2991,#2992);
#2566=AXIS2_PLACEMENT_3D('',#3720,#2993,#2994);
#2567=AXIS2_PLACEMENT_3D('',#3722,#2996,#2997);
#2568=AXIS2_PLACEMENT_3D('',#3724,#2998,#2999);
#2569=AXIS2_PLACEMENT_3D('',#3725,#3000,#3001);
#2570=AXIS2_PLACEMENT_3D('',#3726,#3002,#3003);
#2571=AXIS2_PLACEMENT_3D('',#3728,#3004,#3005);
#2572=AXIS2_PLACEMENT_3D('',#3729,#3006,#3007);
#2573=AXIS2_PLACEMENT_3D('',#3730,#3008,#3009);
#2574=AXIS2_PLACEMENT_3D('',#3732,#3010,#3011);
#2575=AXIS2_PLACEMENT_3D('',#3734,#3013,#3014);
#2576=AXIS2_PLACEMENT_3D('',#3736,#3015,#3016);
#2577=AXIS2_PLACEMENT_3D('',#3737,#3017,#3018);
#2578=AXIS2_PLACEMENT_3D('',#3738,#3019,#3020);
#2579=AXIS2_PLACEMENT_3D('',#3741,#3021,#3022);
#2580=AXIS2_PLACEMENT_3D('',#3744,#3025,#3026);
#2581=AXIS2_PLACEMENT_3D('',#3747,#3027,#3028);
#2582=AXIS2_PLACEMENT_3D('',#3748,#3029,#3030);
#2583=AXIS2_PLACEMENT_3D('',#3749,#3031,#3032);
#2584=AXIS2_PLACEMENT_3D('',#3750,#3033,#3034);
#2585=AXIS2_PLACEMENT_3D('',#3753,#3035,#3036);
#2586=AXIS2_PLACEMENT_3D('',#3756,#3039,#3040);
#2587=AXIS2_PLACEMENT_3D('',#3759,#3041,#3042);
#2588=AXIS2_PLACEMENT_3D('',#3760,#3043,#3044);
#2589=AXIS2_PLACEMENT_3D('',#3761,#3045,#3046);
#2590=AXIS2_PLACEMENT_3D('',#3762,#3047,#3048);
#2591=AXIS2_PLACEMENT_3D('',#3765,#3049,#3050);
#2592=AXIS2_PLACEMENT_3D('',#3768,#3053,#3054);
#2593=AXIS2_PLACEMENT_3D('',#3770,#3055,#3056);
#2594=AXIS2_PLACEMENT_3D('',#3771,#3057,#3058);
#2595=AXIS2_PLACEMENT_3D('',#3772,#3059,#3060);
#2596=AXIS2_PLACEMENT_3D('',#3773,#3061,#3062);
#2597=AXIS2_PLACEMENT_3D('',#3774,#3063,#3064);
#2598=AXIS2_PLACEMENT_3D('',#3775,#3065,#3066);
#2599=AXIS2_PLACEMENT_3D('',#3779,#3068,#3069);
#2600=AXIS2_PLACEMENT_3D('',#3781,#3071,#3072);
#2601=AXIS2_PLACEMENT_3D('',#3785,#3075,#3076);
#2602=AXIS2_PLACEMENT_3D('',#3788,#3078,#3079);
#2603=AXIS2_PLACEMENT_3D('',#3791,#3082,#3083);
#2604=AXIS2_PLACEMENT_3D('',#3793,#3085,#3086);
#2605=AXIS2_PLACEMENT_3D('',#3794,#3087,#3088);
#2606=AXIS2_PLACEMENT_3D('',#3796,#3089,#3090);
#2607=AXIS2_PLACEMENT_3D('',#3797,#3091,#3092);
#2608=AXIS2_PLACEMENT_3D('',#3801,#3094,#3095);
#2609=AXIS2_PLACEMENT_3D('',#3808,#3100,#3101);
#2610=AXIS2_PLACEMENT_3D('',#3812,#3103,#3104);
#2611=AXIS2_PLACEMENT_3D('',#3817,#3107,#3108);
#2612=AXIS2_PLACEMENT_3D('',#3818,#3109,#3110);
#2613=AXIS2_PLACEMENT_3D('',#3819,#3111,#3112);
#2614=AXIS2_PLACEMENT_3D('',#3856,#3114,#3115);
#2615=AXIS2_PLACEMENT_3D('',#3858,#3116,#3117);
#2616=AXIS2_PLACEMENT_3D('',#3860,#3118,#3119);
#2617=AXIS2_PLACEMENT_3D('',#3862,#3120,#3121);
#2618=AXIS2_PLACEMENT_3D('',#3863,#3122,#3123);
#2619=AXIS2_PLACEMENT_3D('',#3866,#3126,#3127);
#2620=AXIS2_PLACEMENT_3D('',#3867,#3128,#3129);
#2621=AXIS2_PLACEMENT_3D('',#3868,#3130,#3131);
#2622=AXIS2_PLACEMENT_3D('',#3872,#3133,#3134);
#2623=AXIS2_PLACEMENT_3D('',#3874,#3136,#3137);
#2624=AXIS2_PLACEMENT_3D('',#3878,#3139,#3140);
#2625=AXIS2_PLACEMENT_3D('',#3880,#3142,#3143);
#2626=AXIS2_PLACEMENT_3D('',#3884,#3145,#3146);
#2627=AXIS2_PLACEMENT_3D('',#3888,#3148,#3149);
#2628=AXIS2_PLACEMENT_3D('',#3890,#3151,#3152);
#2629=AXIS2_PLACEMENT_3D('',#3894,#3154,#3155);
#2630=AXIS2_PLACEMENT_3D('',#3896,#3157,#3158);
#2631=AXIS2_PLACEMENT_3D('',#3899,#3161,#3162);
#2632=AXIS2_PLACEMENT_3D('',#3901,#3164,#3165);
#2633=AXIS2_PLACEMENT_3D('',#3902,#3166,#3167);
#2634=AXIS2_PLACEMENT_3D('',#3906,#3169,#3170);
#2635=AXIS2_PLACEMENT_3D('',#3908,#3172,#3173);
#2636=AXIS2_PLACEMENT_3D('',#3913,#3176,#3177);
#2637=AXIS2_PLACEMENT_3D('',#3914,#3178,#3179);
#2638=AXIS2_PLACEMENT_3D('',#3917,#3182,#3183);
#2639=AXIS2_PLACEMENT_3D('',#3919,#3185,#3186);
#2640=AXIS2_PLACEMENT_3D('',#3921,#3188,#3189);
#2641=AXIS2_PLACEMENT_3D('',#3922,#3190,#3191);
#2642=AXIS2_PLACEMENT_3D('',#3926,#3193,#3194);
#2643=AXIS2_PLACEMENT_3D('',#3928,#3196,#3197);
#2644=AXIS2_PLACEMENT_3D('',#3931,#3200,#3201);
#2645=AXIS2_PLACEMENT_3D('',#3932,#3202,#3203);
#2646=AXIS2_PLACEMENT_3D('',#3935,#3206,#3207);
#2647=AXIS2_PLACEMENT_3D('',#3936,#3208,#3209);
#2648=AXIS2_PLACEMENT_3D('',#3937,#3210,#3211);
#2649=AXIS2_PLACEMENT_3D('',#3938,#3212,#3213);
#2650=AXIS2_PLACEMENT_3D('',#3942,#3215,#3216);
#2651=AXIS2_PLACEMENT_3D('',#3944,#3218,#3219);
#2652=AXIS2_PLACEMENT_3D('',#3947,#3222,#3223);
#2653=AXIS2_PLACEMENT_3D('',#3949,#3225,#3226);
#2654=AXIS2_PLACEMENT_3D('',#3951,#3228,#3229);
#2655=AXIS2_PLACEMENT_3D('',#3955,#3231,#3232);
#2656=AXIS2_PLACEMENT_3D('',#3957,#3234,#3235);
#2657=AXIS2_PLACEMENT_3D('',#3962,#3238,#3239);
#2658=AXIS2_PLACEMENT_3D('',#3963,#3240,#3241);
#2659=AXIS2_PLACEMENT_3D('',#3966,#3244,#3245);
#2660=AXIS2_PLACEMENT_3D('',#3968,#3247,#3248);
#2661=AXIS2_PLACEMENT_3D('',#3971,#3251,#3252);
#2662=AXIS2_PLACEMENT_3D('',#3972,#3253,#3254);
#2663=AXIS2_PLACEMENT_3D('',#3976,#3256,#3257);
#2664=AXIS2_PLACEMENT_3D('',#3978,#3259,#3260);
#2665=AXIS2_PLACEMENT_3D('',#3981,#3263,#3264);
#2666=AXIS2_PLACEMENT_3D('',#3982,#3265,#3266);
#2667=AXIS2_PLACEMENT_3D('',#3985,#3269,#3270);
#2668=AXIS2_PLACEMENT_3D('',#3986,#3271,#3272);
#2669=AXIS2_PLACEMENT_3D('',#3987,#3273,#3274);
#2670=AXIS2_PLACEMENT_3D('',#4178,#3276,#3277);
#2671=AXIS2_PLACEMENT_3D('',#4200,#3279,#3280);
#2672=AXIS2_PLACEMENT_3D('',#4290,#3282,#3283);
#2673=AXIS2_PLACEMENT_3D('',#4397,#3284,#3285);
#2674=AXIS2_PLACEMENT_3D('',#4444,#3286,#3287);
#2675=AXIS2_PLACEMENT_3D('',#4556,#3288,#3289);
#2676=AXIS2_PLACEMENT_3D('',#4557,#3290,#3291);
#2677=AXIS2_PLACEMENT_3D('',#4561,#3294,#3295);
#2678=AXIS2_PLACEMENT_3D('',#4563,#3296,#3297);
#2679=AXIS2_PLACEMENT_3D('',#4565,#3298,#3299);
#2680=AXIS2_PLACEMENT_3D('',#4567,#3300,#3301);
#2681=AXIS2_PLACEMENT_3D('',#4568,#3302,#3303);
#2682=AXIS2_PLACEMENT_3D('',#4569,#3304,#3305);
#2683=AXIS2_PLACEMENT_3D('',#4742,#3307,#3308);
#2684=AXIS2_PLACEMENT_3D('',#4764,#3310,#3311);
#2685=AXIS2_PLACEMENT_3D('',#4854,#3313,#3314);
#2686=AXIS2_PLACEMENT_3D('',#4961,#3315,#3316);
#2687=AXIS2_PLACEMENT_3D('',#5008,#3317,#3318);
#2688=AXIS2_PLACEMENT_3D('',#5091,#3319,#3320);
#2689=AXIS2_PLACEMENT_3D('',#5092,#3321,#3322);
#2690=AXIS2_PLACEMENT_3D('',#5093,#3323,#3324);
#2691=AXIS2_PLACEMENT_3D('',#5096,#3326,#3327);
#2692=AXIS2_PLACEMENT_3D('',#5097,#3328,#3329);
#2693=AXIS2_PLACEMENT_3D('',#5098,#3330,#3331);
#2694=AXIS2_PLACEMENT_3D('',#5101,#3333,#3334);
#2695=AXIS2_PLACEMENT_3D('',#5102,#3335,#3336);
#2696=AXIS2_PLACEMENT_3D('',#5103,#3337,#3338);
#2697=AXIS2_PLACEMENT_3D('',#5106,#3340,#3341);
#2698=AXIS2_PLACEMENT_3D('',#5107,#3342,#3343);
#2699=AXIS2_PLACEMENT_3D('',#5108,#3344,#3345);
#2700=AXIS2_PLACEMENT_3D('',#5111,#3347,#3348);
#2701=AXIS2_PLACEMENT_3D('',#5112,#3349,#3350);
#2702=AXIS2_PLACEMENT_3D('',#5113,#3351,#3352);
#2703=AXIS2_PLACEMENT_3D('',#5116,#3354,#3355);
#2704=AXIS2_PLACEMENT_3D('',#5117,#3356,#3357);
#2705=AXIS2_PLACEMENT_3D('',#5118,#3358,#3359);
#2706=AXIS2_PLACEMENT_3D('',#5121,#3361,#3362);
#2707=AXIS2_PLACEMENT_3D('',#5122,#3363,#3364);
#2708=AXIS2_PLACEMENT_3D('',#5123,#3365,#3366);
#2709=AXIS2_PLACEMENT_3D('',#5126,#3368,#3369);
#2710=AXIS2_PLACEMENT_3D('',#5127,#3370,#3371);
#2711=AXIS2_PLACEMENT_3D('',#5128,#3372,#3373);
#2712=AXIS2_PLACEMENT_3D('',#5131,#3375,#3376);
#2713=AXIS2_PLACEMENT_3D('',#5132,#3377,#3378);
#2714=AXIS2_PLACEMENT_3D('',#5133,#3379,#3380);
#2715=AXIS2_PLACEMENT_3D('',#5137,#3382,#3383);
#2716=AXIS2_PLACEMENT_3D('',#5139,#3385,#3386);
#2717=AXIS2_PLACEMENT_3D('',#5140,#3387,#3388);
#2718=AXIS2_PLACEMENT_3D('',#5141,#3389,#3390);
#2719=AXIS2_PLACEMENT_3D('',#5143,#3391,#3392);
#2720=AXIS2_PLACEMENT_3D('',#5145,#3393,#3394);
#2721=AXIS2_PLACEMENT_3D('',#5146,#3395,#3396);
#2722=AXIS2_PLACEMENT_3D('',#5149,#3398,#3399);
#2723=AXIS2_PLACEMENT_3D('',#5150,#3400,#3401);
#2724=AXIS2_PLACEMENT_3D('',#5152,#3402,#3403);
#2725=AXIS2_PLACEMENT_3D('',#5153,#3404,#3405);
#2726=AXIS2_PLACEMENT_3D('',#5155,#3406,#3407);
#2727=AXIS2_PLACEMENT_3D('',#5157,#3409,#3410);
#2728=AXIS2_PLACEMENT_3D('',#5159,#3411,#3412);
#2729=AXIS2_PLACEMENT_3D('',#5160,#3413,#3414);
#2730=AXIS2_PLACEMENT_3D('',#5162,#3416,#3417);
#2731=AXIS2_PLACEMENT_3D('',#5164,#3418,#3419);
#2732=AXIS2_PLACEMENT_3D('',#5166,#3421,#3422);
#2733=AXIS2_PLACEMENT_3D('',#5168,#3423,#3424);
#2734=AXIS2_PLACEMENT_3D('',#5169,#3425,#3426);
#2735=AXIS2_PLACEMENT_3D('',#5171,#3428,#3429);
#2736=AXIS2_PLACEMENT_3D('',#5173,#3431,#3432);
#2737=DIRECTION('axis',(0.,0.,1.));
#2738=DIRECTION('refdir',(1.,0.,0.));
#2739=DIRECTION('center_axis',(4.47657358740182E-15,-0.70710678118655,-0.707106781186545));
#2740=DIRECTION('ref_axis',(-1.,0.,-6.33083108026486E-15));
#2741=DIRECTION('',(-4.78158715222239E-15,-0.707106781186545,0.70710678118655));
#2742=DIRECTION('',(1.,-2.44929359829471E-16,6.43152668126537E-15));
#2743=DIRECTION('center_axis',(4.47657358740182E-15,-0.70710678118655,-0.707106781186545));
#2744=DIRECTION('ref_axis',(4.7593427653852E-15,0.707106781186545,-0.70710678118655));
#2745=DIRECTION('',(-3.56648759191988E-15,-0.707106781186545,0.70710678118655));
#2746=DIRECTION('',(-1.,2.44929359829471E-16,-6.57576044009433E-15));
#2747=DIRECTION('center_axis',(-1.,2.1717378421384E-16,-6.54501161612799E-15));
#2748=DIRECTION('ref_axis',(-2.17173784213846E-16,-1.,8.50581418571651E-16));
#2749=DIRECTION('',(2.17173784213846E-16,1.,-8.50581418571651E-16));
#2750=DIRECTION('',(-6.54501161612799E-15,8.50581418571652E-16,1.));
#2751=DIRECTION('center_axis',(-1.,2.1717378421384E-16,-6.54501161612799E-15));
#2752=DIRECTION('ref_axis',(3.00551729473052E-15,-0.824045511369128,-0.566523605150212));
#2753=DIRECTION('',(-2.17173784213846E-16,-1.,8.50581418571651E-16));
#2754=DIRECTION('',(4.47445704119527E-15,-0.707106781186549,-0.707106781186546));
#2755=DIRECTION('',(-2.17173784213846E-16,-1.,8.50581418571651E-16));
#2756=DIRECTION('center_axis',(1.,-2.1717378421384E-16,6.54501161612799E-15));
#2757=DIRECTION('ref_axis',(-3.30670077504922E-15,0.707106781186547,0.707106781186548));
#2758=DIRECTION('',(-6.54501161612799E-15,8.50581418571652E-16,1.));
#2759=DIRECTION('center_axis',(1.,-2.1717378421384E-16,6.54501161612799E-15));
#2760=DIRECTION('ref_axis',(-6.55399136118011E-15,8.50581418571652E-16,
1.));
#2761=DIRECTION('',(-6.54501161612799E-15,8.50581418571652E-16,1.));
#2762=DIRECTION('center_axis',(1.,-2.1717378421384E-16,6.54501161612799E-15));
#2763=DIRECTION('ref_axis',(4.14596866548407E-15,0.581552603222892,-0.813508801233691));
#2764=DIRECTION('',(6.12258997334274E-15,-0.323593139369354,-0.946196322204375));
#2765=DIRECTION('center_axis',(-1.,2.1717378421384E-16,-6.54501161612799E-15));
#2766=DIRECTION('ref_axis',(-6.37792430772802E-16,0.987852855267157,0.155392201672174));
#2767=DIRECTION('',(6.49925552522321E-15,0.155392201672174,-0.987852855267157));
#2768=DIRECTION('center_axis',(1.,-2.1717378421384E-16,6.54501161612799E-15));
#2769=DIRECTION('ref_axis',(-3.58133993673814E-15,0.649849135695289,0.760063221604681));
#2770=DIRECTION('',(-6.54501161612799E-15,8.50581418571652E-16,1.));
#2771=DIRECTION('center_axis',(1.,-2.1717378421384E-16,6.54501161612799E-15));
#2772=DIRECTION('ref_axis',(2.12275741458148E-16,1.,-8.50581418571651E-16));
#2773=DIRECTION('',(-6.54501161612799E-15,8.50581418571652E-16,1.));
#2774=DIRECTION('center_axis',(1.,-2.1717378421384E-16,6.54501161612799E-15));
#2775=DIRECTION('ref_axis',(3.65308319754342E-15,0.707106781186548,-0.707106781186547));
#2776=DIRECTION('',(2.17173784213846E-16,1.,-8.50581418571651E-16));
#2777=DIRECTION('center_axis',(1.,-2.1717378421384E-16,6.54501161612799E-15));
#2778=DIRECTION('ref_axis',(-2.44929359829476E-16,-1.,8.50581418571651E-16));
#2779=DIRECTION('center_axis',(1.,-2.1717378421384E-16,6.54501161612799E-15));
#2780=DIRECTION('ref_axis',(-2.44929359829476E-16,-1.,8.50581418571651E-16));
#2781=DIRECTION('center_axis',(1.,-2.1717378421384E-16,6.54501161612799E-15));
#2782=DIRECTION('ref_axis',(-2.44929359829476E-16,-1.,8.50581418571651E-16));
#2783=DIRECTION('center_axis',(-6.57576044009433E-15,8.50581418571652E-16,
1.));
#2784=DIRECTION('ref_axis',(-2.17173784213846E-16,-1.,8.50581418571651E-16));
#2785=DIRECTION('',(-2.44929359829476E-16,-1.,8.50581418571651E-16));
#2786=DIRECTION('',(1.,-2.12275741458143E-16,6.57576044009433E-15));
#2787=DIRECTION('',(-2.44929359829476E-16,-1.,8.50581418571651E-16));
#2788=DIRECTION('',(-1.,2.12275741458143E-16,-6.57576044009433E-15));
#2789=DIRECTION('',(-2.44929359829476E-16,-1.,8.50581418571651E-16));
#2790=DIRECTION('',(1.,-2.12275741458143E-16,6.57576044009433E-15));
#2791=DIRECTION('',(-2.44929359829476E-16,-1.,8.50581418571651E-16));
#2792=DIRECTION('',(-1.,2.44929359829471E-16,-6.57576044009433E-15));
#2793=DIRECTION('',(-2.44929359829476E-16,-1.,8.50581418571651E-16));
#2794=DIRECTION('',(1.,-2.12275741458143E-16,6.57576044009433E-15));
#2795=DIRECTION('',(-2.44929359829476E-16,-1.,8.50581418571651E-16));
#2796=DIRECTION('',(-1.,2.44929359829471E-16,-6.57576044009433E-15));
#2797=DIRECTION('',(-2.17173784213846E-16,-1.,8.50581418571651E-16));
#2798=DIRECTION('',(1.,-2.12275741458143E-16,6.57576044009433E-15));
#2799=DIRECTION('center_axis',(4.47657358740181E-15,-0.707106781186552,
-0.707106781186543));
#2800=DIRECTION('ref_axis',(-1.,0.,-6.33083108026486E-15));
#2801=DIRECTION('center_axis',(4.47657358740181E-15,-0.707106781186552,
-0.707106781186543));
#2802=DIRECTION('ref_axis',(4.75934276538522E-15,0.707106781186543,-0.707106781186552));
#2803=DIRECTION('',(1.,-2.44929359829471E-16,6.43152668126537E-15));
#2804=DIRECTION('center_axis',(4.47657358740181E-15,-0.707106781186552,
-0.707106781186543));
#2805=DIRECTION('ref_axis',(4.85747354405296E-15,0.707106781186543,-0.707106781186552));
#2806=DIRECTION('',(-5.13658005060368E-15,-0.707106781186543,0.707106781186552));
#2807=DIRECTION('',(5.13658005060368E-15,0.707106781186543,-0.707106781186552));
#2808=DIRECTION('center_axis',(4.47657358740181E-15,-0.707106781186552,
-0.707106781186543));
#2809=DIRECTION('ref_axis',(-1.,0.,-6.33083108026486E-15));
#2810=DIRECTION('',(3.97886788552736E-15,0.707106781186543,-0.707106781186552));
#2811=DIRECTION('',(4.74405693593273E-15,0.707106781186543,-0.707106781186552));
#2812=DIRECTION('center_axis',(4.47657358740181E-15,-0.707106781186552,
-0.707106781186543));
#2813=DIRECTION('ref_axis',(4.66121198671748E-15,0.707106781186543,-0.707106781186552));
#2814=DIRECTION('',(1.,-2.44929359829471E-16,6.43152668126537E-15));
#2815=DIRECTION('center_axis',(-1.,2.12275741458143E-16,-6.57576044009433E-15));
#2816=DIRECTION('ref_axis',(2.12275741458148E-16,1.,-8.50581418571651E-16));
#2817=DIRECTION('',(1.,-2.12275741458143E-16,6.57576044009433E-15));
#2818=DIRECTION('center_axis',(-1.,2.1717378421384E-16,-6.54501161612799E-15));
#2819=DIRECTION('ref_axis',(2.17173784213846E-16,1.,-8.50581418571651E-16));
#2820=DIRECTION('',(1.,-2.12275741458143E-16,6.57576044009433E-15));
#2821=DIRECTION('',(1.,-2.12275741458143E-16,6.57576044009433E-15));
#2822=DIRECTION('center_axis',(6.55399136118011E-15,-8.50581418571652E-16,
-1.));
#2823=DIRECTION('ref_axis',(2.17173784213846E-16,1.,-8.50581418571651E-16));
#2824=DIRECTION('',(1.,-2.17718011186697E-16,6.55399136118011E-15));
#2825=DIRECTION('',(2.44929359829476E-16,1.,-8.50581418571651E-16));
#2826=DIRECTION('',(-1.,2.44929359829471E-16,-6.55399136118011E-15));
#2827=DIRECTION('',(-1.,2.44929359829471E-16,-5.66145912569714E-15));
#2828=DIRECTION('',(2.17173784213846E-16,1.,-8.50581418571651E-16));
#2829=DIRECTION('',(-1.,2.44929359829471E-16,-6.55399136118011E-15));
#2830=DIRECTION('',(-2.44929359829476E-16,-1.,8.50581418571651E-16));
#2831=DIRECTION('',(1.,-2.17718011186697E-16,6.55399136118011E-15));
#2832=DIRECTION('',(-2.44929359829476E-16,-1.,8.50581418571651E-16));
#2833=DIRECTION('',(1.,-2.77582978200799E-16,6.55399136118011E-15));
#2834=DIRECTION('',(-2.44929359829476E-16,-1.,8.50581418571651E-16));
#2835=DIRECTION('',(1.,-2.17718011186697E-16,6.55399136118011E-15));
#2836=DIRECTION('',(2.44929359829476E-16,1.,-8.50581418571651E-16));
#2837=DIRECTION('',(-1.,2.44929359829471E-16,-6.55399136118011E-15));
#2838=DIRECTION('',(-2.44929359829476E-16,-1.,8.50581418571651E-16));
#2839=DIRECTION('center_axis',(-1.,2.1717378421384E-16,-6.54501161612799E-15));
#2840=DIRECTION('ref_axis',(-6.56164465166215E-15,5.80034886334776E-16,
1.));
#2841=DIRECTION('center_axis',(-5.36437737188746E-15,0.804444444444447,
0.594027891434792));
#2842=DIRECTION('ref_axis',(-1.,2.44929359829468E-16,-9.36220254111436E-15));
#2843=DIRECTION('center_axis',(-1.,2.1717378421384E-16,-6.54501161612799E-15));
#2844=DIRECTION('ref_axis',(-5.15696735449831E-15,-0.642104286394136,0.76661730047937));
#2845=DIRECTION('center_axis',(6.26131542044827E-15,-0.725921296281535,
-0.687777777777776));
#2846=DIRECTION('ref_axis',(-1.01247234183167E-14,-0.687777777777776,0.725921296281535));
#2847=DIRECTION('center_axis',(1.,-2.1717378421384E-16,6.54501161612799E-15));
#2848=DIRECTION('ref_axis',(-5.15920740969701E-15,-0.642104286394136,0.76661730047937));
#2849=DIRECTION('center_axis',(1.,-2.1717378421384E-16,6.54501161612799E-15));
#2850=DIRECTION('ref_axis',(6.66133814775094E-15,0.,-1.));
#2851=DIRECTION('center_axis',(4.9213104426137E-15,-8.50581418571652E-16,
-1.));
#2852=DIRECTION('ref_axis',(-3.83707237907622E-16,-1.,8.5058141857165E-16));
#2853=DIRECTION('center_axis',(1.,-2.1717378421384E-16,6.54501161612799E-15));
#2854=DIRECTION('ref_axis',(-2.75926046168215E-15,-0.918634251968044,0.395108986370992));
#2855=DIRECTION('center_axis',(-1.,2.1717378421384E-16,-6.54501161612799E-15));
#2856=DIRECTION('ref_axis',(-2.78549618224305E-15,-0.918634251968044,0.395108986370992));
#2857=DIRECTION('center_axis',(6.54501161612799E-15,-8.50581418571652E-16,
-1.));
#2858=DIRECTION('ref_axis',(-0.707106781186549,-0.707106781186546,-3.66348632661493E-15));
#2859=DIRECTION('center_axis',(6.58664497955144E-15,-1.03561858934249E-15,
-1.));
#2860=DIRECTION('ref_axis',(1.71404274404958E-16,-1.,1.03561858934249E-15));
#2861=DIRECTION('',(6.54501161612799E-15,-8.50581418571652E-16,-1.));
#2862=DIRECTION('',(-6.54501161612799E-15,8.50581418571652E-16,1.));
#2863=DIRECTION('center_axis',(-1.,2.1717378421384E-16,-6.54501161612799E-15));
#2864=DIRECTION('ref_axis',(-6.55651022267905E-15,8.13210570254766E-16,
1.));
#2865=DIRECTION('center_axis',(6.26607073543125E-15,0.510500807754442,-0.85987727338386));
#2866=DIRECTION('ref_axis',(-5.75001612656186E-17,-0.85987727338386,-0.510500807754442));
#2867=DIRECTION('center_axis',(1.,-2.1717378421384E-16,6.54501161612799E-15));
#2868=DIRECTION('ref_axis',(1.52307020076109E-15,-0.964333260181319,-0.264691071455138));
#2869=DIRECTION('center_axis',(-1.,2.1717378421384E-16,-6.54501161612799E-15));
#2870=DIRECTION('ref_axis',(1.52297823400239E-15,-0.964333260181319,-0.264691071455138));
#2871=DIRECTION('center_axis',(1.,-2.1717378421384E-16,6.54501161612799E-15));
#2872=DIRECTION('ref_axis',(6.66133814775094E-15,0.,-1.));
#2873=DIRECTION('center_axis',(2.44929359829476E-16,1.,-8.50581418571651E-16));
#2874=DIRECTION('ref_axis',(8.94586890687991E-15,-8.50581418571653E-16,
-1.));
#2875=DIRECTION('center_axis',(1.,-2.1717378421384E-16,6.54501161612799E-15));
#2876=DIRECTION('ref_axis',(5.5781732948208E-15,-0.494721736052488,-0.869051439143399));
#2877=DIRECTION('center_axis',(-1.,2.1717378421384E-16,-6.54501161612799E-15));
#2878=DIRECTION('ref_axis',(5.58051117265494E-15,-0.494721736052488,-0.869051439143399));
#2879=DIRECTION('center_axis',(2.17173784213846E-16,1.,-8.50581418571651E-16));
#2880=DIRECTION('ref_axis',(-0.707106781186543,-4.2826067777619E-16,-0.707106781186552));
#2881=DIRECTION('center_axis',(2.44929359829478E-16,1.,-1.12813717472794E-15));
#2882=DIRECTION('ref_axis',(7.00297861378587E-15,-1.12813717472794E-15,
-1.));
#2883=DIRECTION('',(2.17173784213846E-16,1.,-8.50581418571651E-16));
#2884=DIRECTION('',(-2.17173784213846E-16,-1.,8.50581418571651E-16));
#2885=DIRECTION('center_axis',(1.,-2.1717378421384E-16,6.54501161612799E-15));
#2886=DIRECTION('ref_axis',(6.51330841113425E-15,0.,-1.));
#2887=DIRECTION('center_axis',(-6.67824626621001E-15,0.323593139369355,
0.946196322204375));
#2888=DIRECTION('ref_axis',(7.14030530781918E-16,0.946196322204375,-0.323593139369355));
#2889=DIRECTION('center_axis',(1.,-2.1717378421384E-16,6.54501161612799E-15));
#2890=DIRECTION('ref_axis',(5.4874881535728E-15,0.581552603222892,-0.813508801233691));
#2891=DIRECTION('center_axis',(-1.,2.1717378421384E-16,-6.54501161612799E-15));
#2892=DIRECTION('ref_axis',(5.45072253345819E-15,0.581552603222892,-0.813508801233691));
#2893=DIRECTION('center_axis',(6.12258997334274E-15,-0.323593139369354,
-0.946196322204375));
#2894=DIRECTION('ref_axis',(-0.707106781186545,0.669061835764486,-0.228814903193519));
#2895=DIRECTION('center_axis',(-6.15300179484654E-15,0.323593139369354,
0.946196322204375));
#2896=DIRECTION('ref_axis',(4.36474774625629E-16,0.946196322204375,-0.323593139369354));
#2897=DIRECTION('',(-6.12258997334274E-15,0.323593139369354,0.946196322204375));
#2898=DIRECTION('',(6.12258997334274E-15,-0.323593139369354,-0.946196322204375));
#2899=DIRECTION('center_axis',(-1.,2.1717378421384E-16,-6.54501161612799E-15));
#2900=DIRECTION('ref_axis',(-6.53982119978197E-15,0.,1.));
#2901=DIRECTION('center_axis',(-6.54469616215904E-15,-0.155392201672175,
0.987852855267157));
#2902=DIRECTION('ref_axis',(1.9752227080629E-15,0.987852855267157,0.155392201672175));
#2903=DIRECTION('center_axis',(1.,-2.1717378421384E-16,6.54501161612799E-15));
#2904=DIRECTION('ref_axis',(7.80866744293495E-16,0.996239576835183,-0.0866412462240433));
#2905=DIRECTION('center_axis',(-1.,2.1717378421384E-16,-6.54501161612799E-15));
#2906=DIRECTION('ref_axis',(7.83425081857061E-16,0.996239576835183,-0.0866412462240433));
#2907=DIRECTION('center_axis',(6.49925552522321E-15,0.155392201672174,-0.987852855267157));
#2908=DIRECTION('ref_axis',(-0.707106781186549,0.698517452773899,0.109878879545897));
#2909=DIRECTION('center_axis',(-4.89959068487008E-15,-0.155392201672172,
0.987852855267157));
#2910=DIRECTION('ref_axis',(-2.32689151235957E-15,0.987852855267157,0.155392201672172));
#2911=DIRECTION('',(-6.49925552522321E-15,-0.155392201672174,0.987852855267157));
#2912=DIRECTION('',(6.49925552522321E-15,0.155392201672174,-0.987852855267157));
#2913=DIRECTION('center_axis',(1.,-2.1717378421384E-16,6.54501161612799E-15));
#2914=DIRECTION('ref_axis',(6.51330841113425E-15,0.,-1.));
#2915=DIRECTION('center_axis',(-2.44929359829478E-16,-1.,1.12813717472794E-15));
#2916=DIRECTION('ref_axis',(-6.03153346723886E-15,1.12813717472794E-15,
1.));
#2917=DIRECTION('center_axis',(1.,-2.1717378421384E-16,6.54501161612799E-15));
#2918=DIRECTION('ref_axis',(-4.83034083944145E-15,0.649849135695288,0.760063221604681));
#2919=DIRECTION('center_axis',(-1.,2.1717378421384E-16,-6.54501161612799E-15));
#2920=DIRECTION('ref_axis',(-4.83349241842727E-15,0.649849135695288,0.760063221604681));
#2921=DIRECTION('center_axis',(-2.17173784213846E-16,-1.,8.50581418571651E-16));
#2922=DIRECTION('ref_axis',(-0.70710678118655,7.74643100270389E-16,0.707106781186545));
#2923=DIRECTION('center_axis',(-2.44929359829476E-16,-1.,8.50581418571651E-16));
#2924=DIRECTION('ref_axis',(-2.83964227144154E-15,8.50581418571651E-16,
1.));
#2925=DIRECTION('',(-2.17173784213846E-16,-1.,8.50581418571651E-16));
#2926=DIRECTION('',(2.17173784213846E-16,1.,-8.50581418571651E-16));
#2927=DIRECTION('center_axis',(1.,-2.1717378421384E-16,6.54501161612799E-15));
#2928=DIRECTION('ref_axis',(6.66133814775094E-15,0.,-1.));
#2929=DIRECTION('center_axis',(-1.,2.1717378421384E-16,-6.54501161612799E-15));
#2930=DIRECTION('ref_axis',(-6.28471311131186E-15,-0.312694383988216,0.949853789918338));
#2931=DIRECTION('center_axis',(1.,-2.1717378421384E-16,6.54501161612799E-15));
#2932=DIRECTION('ref_axis',(-6.27767006943341E-15,-0.312694383988215,0.949853789918338));
#2933=DIRECTION('center_axis',(1.,5.7239986496074E-17,6.54501161612799E-15));
#2934=DIRECTION('ref_axis',(4.14596866548407E-15,0.581552603222892,-0.813508801233691));
#2935=DIRECTION('',(-1.,-5.7239986496074E-17,-6.54501161612799E-15));
#2936=DIRECTION('',(-1.,-5.7239986496074E-17,-6.54501161612799E-15));
#2937=DIRECTION('center_axis',(-1.,-1.17381796263977E-17,-5.63870710622991E-15));
#2938=DIRECTION('ref_axis',(4.14596866548407E-15,0.581552603222892,-0.813508801233691));
#2939=DIRECTION('',(-1.,-5.7239986496074E-17,-6.54501161612799E-15));
#2940=DIRECTION('center_axis',(-1.,2.44929359829471E-16,-5.66145912569714E-15));
#2941=DIRECTION('ref_axis',(4.74733947048936E-15,0.581552603222892,-0.813508801233692));
#2942=DIRECTION('',(1.,5.7239986496074E-17,6.54501161612799E-15));
#2943=DIRECTION('center_axis',(-6.54501161612799E-15,8.50581418571652E-16,
1.));
#2944=DIRECTION('ref_axis',(-2.17173784213846E-16,-1.,8.50581418571651E-16));
#2945=DIRECTION('',(-2.44929359829476E-16,-1.,8.50581418571651E-16));
#2946=DIRECTION('',(-1.,7.69485914607772E-16,-6.545011616128E-15));
#2947=DIRECTION('center_axis',(-1.,7.69485914607772E-16,-6.545011616128E-15));
#2948=DIRECTION('ref_axis',(4.15570004451984E-15,-0.494721736052482,-0.869051439143402));
#2949=DIRECTION('center_axis',(-1.,2.44929359829471E-16,-5.66145912569714E-15));
#2950=DIRECTION('ref_axis',(4.81489496539102E-15,-0.494721736052482,-0.869051439143402));
#2951=DIRECTION('',(1.,-2.44929359829471E-16,5.66145912569714E-15));
#2952=DIRECTION('center_axis',(1.,-2.44929359829471E-16,5.66145912569714E-15));
#2953=DIRECTION('ref_axis',(3.00551729473052E-15,-0.824045511369128,-0.566523605150212));
#2954=DIRECTION('center_axis',(-1.,2.44929359829471E-16,-5.66145912569714E-15));
#2955=DIRECTION('ref_axis',(1.26100038808133E-15,-0.964333260181319,-0.264691071455138));
#2956=DIRECTION('',(1.,-2.44929359829471E-16,5.66145912569714E-15));
#2957=DIRECTION('center_axis',(1.,1.17381796263977E-17,5.63870710622991E-15));
#2958=DIRECTION('ref_axis',(3.00551729473052E-15,-0.824045511369128,-0.566523605150212));
#2959=DIRECTION('',(1.,-2.44929359829471E-16,5.66145912569714E-15));
#2960=DIRECTION('center_axis',(2.44929359829476E-16,1.,-8.5058141857165E-16));
#2961=DIRECTION('ref_axis',(-6.54501161612799E-15,8.50581418571652E-16,
1.));
#2962=DIRECTION('',(6.54501161612799E-15,-8.50581418571652E-16,-1.));
#2963=DIRECTION('',(-5.66145912569714E-15,8.50581418571652E-16,1.));
#2964=DIRECTION('',(-1.,2.44929359829471E-16,-5.62621395031222E-15));
#2965=DIRECTION('center_axis',(-1.,2.44929359829471E-16,-5.62621395031222E-15));
#2966=DIRECTION('ref_axis',(-2.16945447985004E-15,-0.918634251968044,0.395108986370992));
#2967=DIRECTION('center_axis',(-1.,2.44929359829471E-16,-5.66145912569714E-15));
#2968=DIRECTION('ref_axis',(-2.44701023600632E-15,-0.918634251968044,0.395108986370992));
#2969=DIRECTION('',(1.,-2.44929359829471E-16,5.62621395031222E-15));
#2970=DIRECTION('center_axis',(1.,-2.44929359829471E-16,5.62621395031222E-15));
#2971=DIRECTION('ref_axis',(-4.11808003346336E-15,-0.713265306122447,0.700894145418588));
#2972=DIRECTION('center_axis',(-1.,2.44929359829471E-16,-5.66145912569714E-15));
#2973=DIRECTION('ref_axis',(-4.49647223683403E-15,-0.642104286394136,0.76661730047937));
#2974=DIRECTION('',(-1.,2.44929359829471E-16,-5.62621395031222E-15));
#2975=DIRECTION('center_axis',(-1.,2.1717378421384E-16,-6.54501161612799E-15));
#2976=DIRECTION('ref_axis',(-2.17173784213846E-16,-1.,8.50581418571651E-16));
#2977=DIRECTION('center_axis',(-1.,2.1717378421384E-16,-6.54501161612799E-15));
#2978=DIRECTION('ref_axis',(-2.44929359829476E-16,-1.,8.5058141857165E-16));
#2979=DIRECTION('center_axis',(1.,-2.1717378421384E-16,6.54501161612799E-15));
#2980=DIRECTION('ref_axis',(-2.17173784213846E-16,-1.,8.50581418571651E-16));
#2981=DIRECTION('center_axis',(1.,-2.1717378421384E-16,6.54501161612799E-15));
#2982=DIRECTION('ref_axis',(-2.17173784213846E-16,-1.,8.50581418571651E-16));
#2983=DIRECTION('center_axis',(-1.,2.44929359829471E-16,-5.66145912569714E-15));
#2984=DIRECTION('ref_axis',(-3.5527136788005E-15,0.,1.));
#2985=DIRECTION('center_axis',(-3.2069685215906E-15,0.725921296281535,0.687777777777776));
#2986=DIRECTION('ref_axis',(-3.74094102672204E-15,-0.687777777777776,0.725921296281535));
#2987=DIRECTION('center_axis',(4.9213104426137E-15,-8.50581418571652E-16,
-1.));
#2988=DIRECTION('ref_axis',(1.,-2.44929359829472E-16,4.9213104426137E-15));
#2989=DIRECTION('center_axis',(1.,-2.44929359829471E-16,5.66145912569714E-15));
#2990=DIRECTION('ref_axis',(-2.46189387578696E-15,-0.918634251968044,0.395108986370992));
#2991=DIRECTION('center_axis',(5.66145912569714E-15,-8.50581418571652E-16,
-1.));
#2992=DIRECTION('ref_axis',(0.707106781186538,-0.707106781186557,4.86639010466146E-15));
#2993=DIRECTION('center_axis',(5.47642195492629E-15,-6.65544247800803E-16,
-1.));
#2994=DIRECTION('ref_axis',(1.,-2.44929359829472E-16,5.47642195492629E-15));
#2995=DIRECTION('',(5.66145912569714E-15,-8.50581418571652E-16,-1.));
#2996=DIRECTION('center_axis',(1.,-2.44929359829471E-16,5.66145912569714E-15));
#2997=DIRECTION('ref_axis',(5.69247399178336E-15,-8.13210570254766E-16,
-1.));
#2998=DIRECTION('center_axis',(6.26607073543125E-15,0.510500807754441,-0.859877273383861));
#2999=DIRECTION('ref_axis',(1.,-2.4492935982947E-16,7.14175649186402E-15));
#3000=DIRECTION('center_axis',(1.,-2.44929359829471E-16,5.66145912569714E-15));
#3001=DIRECTION('ref_axis',(1.26234415390176E-15,-0.964333260181319,-0.264691071455138));
#3002=DIRECTION('center_axis',(-1.,2.44929359829471E-16,-5.66145912569714E-15));
#3003=DIRECTION('ref_axis',(-3.5527136788005E-15,0.,1.));
#3004=DIRECTION('center_axis',(2.44929359829476E-16,1.,-8.50581418571651E-16));
#3005=DIRECTION('ref_axis',(1.,-2.44929359829472E-16,4.9213104426137E-15));
#3006=DIRECTION('center_axis',(1.,-2.44929359829471E-16,5.66145912569714E-15));
#3007=DIRECTION('ref_axis',(4.79892732273359E-15,-0.494721736052482,-0.869051439143402));
#3008=DIRECTION('center_axis',(2.44929359829476E-16,1.,-8.5058141857165E-16));
#3009=DIRECTION('ref_axis',(0.707106781186549,-7.74643100270389E-16,-0.707106781186546));
#3010=DIRECTION('center_axis',(2.44929359829475E-16,1.,-5.73025662415362E-16));
#3011=DIRECTION('ref_axis',(1.,-2.44929359829472E-16,4.9213104426137E-15));
#3012=DIRECTION('',(2.44929359829476E-16,1.,-8.50581418571651E-16));
#3013=DIRECTION('center_axis',(-1.,2.44929359829471E-16,-5.66145912569714E-15));
#3014=DIRECTION('ref_axis',(-4.736951571734E-15,0.,1.));
#3015=DIRECTION('center_axis',(-4.57726838075613E-15,0.323593139369355,
0.946196322204375));
#3016=DIRECTION('ref_axis',(1.,-2.44929359829472E-16,4.9213104426137E-15));
#3017=DIRECTION('center_axis',(1.,-2.44929359829471E-16,5.66145912569714E-15));
#3018=DIRECTION('ref_axis',(4.74808613339397E-15,0.581552603222892,-0.813508801233691));
#3019=DIRECTION('center_axis',(-5.27759434257409E-15,0.323593139369354,
0.946196322204375));
#3020=DIRECTION('ref_axis',(0.707106781186547,0.669061835764487,-0.22881490319351));
#3021=DIRECTION('center_axis',(-5.1025128521196E-15,0.323593139369354,0.946196322204375));
#3022=DIRECTION('ref_axis',(1.,-2.44929359829472E-16,5.47642195492628E-15));
#3023=DIRECTION('',(-5.27759434257409E-15,0.323593139369354,0.946196322204375));
#3024=DIRECTION('',(5.27759434257409E-15,-0.323593139369354,-0.946196322204375));
#3025=DIRECTION('center_axis',(1.,-2.44929359829471E-16,5.66145912569714E-15));
#3026=DIRECTION('ref_axis',(5.65606157818981E-15,0.,-1.));
#3027=DIRECTION('center_axis',(-5.44795917729973E-15,-0.155392201672175,
0.987852855267157));
#3028=DIRECTION('ref_axis',(1.,-2.44929359829472E-16,5.47642195492628E-15));
#3029=DIRECTION('center_axis',(1.,-2.44929359829471E-16,5.66145912569714E-15));
#3030=DIRECTION('ref_axis',(7.34524195887907E-16,0.996239576835183,-0.0866412462240432));
#3031=DIRECTION('center_axis',(-1.,2.44929359829471E-16,-5.66145912569714E-15));
#3032=DIRECTION('ref_axis',(7.39440512031362E-16,0.996239576835183,-0.0866412462240432));
#3033=DIRECTION('center_axis',(-5.63074867477628E-15,-0.155392201672174,
0.987852855267157));
#3034=DIRECTION('ref_axis',(0.707106781186547,0.6985174527739,0.109878879545904));
#3035=DIRECTION('center_axis',(-4.89959068487008E-15,-0.155392201672173,
0.987852855267157));
#3036=DIRECTION('ref_axis',(1.,-2.44929359829472E-16,4.9213104426137E-15));
#3037=DIRECTION('',(-5.63074867477628E-15,-0.155392201672174,0.987852855267157));
#3038=DIRECTION('',(5.63074867477628E-15,0.155392201672174,-0.987852855267157));
#3039=DIRECTION('center_axis',(-1.,2.44929359829471E-16,-5.66145912569714E-15));
#3040=DIRECTION('ref_axis',(-4.736951571734E-15,0.,1.));
#3041=DIRECTION('center_axis',(-2.44929359829476E-16,-1.,8.50581418571651E-16));
#3042=DIRECTION('ref_axis',(1.,-2.44929359829472E-16,4.9213104426137E-15));
#3043=DIRECTION('center_axis',(1.,-2.44929359829471E-16,5.66145912569714E-15));
#3044=DIRECTION('ref_axis',(-4.14389972926901E-15,0.649849135695288,0.760063221604681));
#3045=DIRECTION('center_axis',(-1.,2.44929359829471E-16,-5.66145912569714E-15));
#3046=DIRECTION('ref_axis',(-4.13645144905073E-15,0.649849135695288,0.760063221604681));
#3047=DIRECTION('center_axis',(-2.44929359829476E-16,-1.,8.5058141857165E-16));
#3048=DIRECTION('ref_axis',(0.707106781186544,4.28260677776188E-16,0.707106781186551));
#3049=DIRECTION('center_axis',(-2.44929359829476E-16,-1.,8.50581418571651E-16));
#3050=DIRECTION('ref_axis',(1.,-2.44929359829472E-16,4.9213104426137E-15));
#3051=DIRECTION('',(-2.44929359829476E-16,-1.,8.50581418571651E-16));
#3052=DIRECTION('',(2.44929359829476E-16,1.,-8.50581418571651E-16));
#3053=DIRECTION('center_axis',(-1.,2.44929359829471E-16,-5.66145912569714E-15));
#3054=DIRECTION('ref_axis',(-3.5527136788005E-15,0.,1.));
#3055=DIRECTION('center_axis',(2.72636360252568E-15,-0.804444444444448,
-0.59402789143479));
#3056=DIRECTION('ref_axis',(1.,-2.44929359829472E-16,4.9213104426137E-15));
#3057=DIRECTION('center_axis',(1.,-2.44929359829471E-16,5.66145912569714E-15));
#3058=DIRECTION('ref_axis',(-5.45414644230368E-15,-0.312694383988226,0.949853789918335));
#3059=DIRECTION('center_axis',(-1.,2.44929359829471E-16,-5.66145912569714E-15));
#3060=DIRECTION('ref_axis',(-5.44500280096453E-15,-0.312694383988226,0.949853789918335));
#3061=DIRECTION('center_axis',(1.,-2.44929359829471E-16,5.66145912569714E-15));
#3062=DIRECTION('ref_axis',(5.51033142018037E-15,-5.80034886334776E-16,
-1.));
#3063=DIRECTION('center_axis',(1.,-2.44929359829471E-16,5.66145912569714E-15));
#3064=DIRECTION('ref_axis',(-4.49744270352651E-15,-0.642104286394136,0.76661730047937));
#3065=DIRECTION('center_axis',(1.,-2.44929359829471E-16,5.62621395031222E-15));
#3066=DIRECTION('ref_axis',(-6.32315605371416E-16,0.987852855267157,0.155392201672174));
#3067=DIRECTION('',(-1.,2.44929359829471E-16,-5.66145912569714E-15));
#3068=DIRECTION('center_axis',(1.,1.17381796263977E-17,5.63870710622991E-15));
#3069=DIRECTION('ref_axis',(-6.37792430772802E-16,0.987852855267157,0.155392201672174));
#3070=DIRECTION('',(-1.,2.44929359829471E-16,-5.62621395031222E-15));
#3071=DIRECTION('center_axis',(-6.32315605371417E-16,0.987852855267157,
0.155392201672174));
#3072=DIRECTION('ref_axis',(5.63074867477628E-15,0.155392201672174,-0.987852855267157));
#3073=DIRECTION('',(-5.56838889332866E-15,-0.155392201672174,0.987852855267157));
#3074=DIRECTION('',(1.,-3.89458974155237E-16,6.54501161612799E-15));
#3075=DIRECTION('center_axis',(-1.,3.89458974155237E-16,-6.54501161612799E-15));
#3076=DIRECTION('ref_axis',(-3.58133993673814E-15,0.649849135695289,0.760063221604681));
#3077=DIRECTION('',(-1.,3.89458974155237E-16,-6.54501161612799E-15));
#3078=DIRECTION('center_axis',(-1.,-1.17381796263977E-17,-5.63870710622991E-15));
#3079=DIRECTION('ref_axis',(-3.58133993673814E-15,0.649849135695289,0.760063221604681));
#3080=DIRECTION('',(1.,-3.89458974155237E-16,6.54501161612799E-15));
#3081=DIRECTION('',(1.,-3.89458974155237E-16,6.54501161612799E-15));
#3082=DIRECTION('center_axis',(6.54501161612799E-15,-8.50581418571652E-16,
-1.));
#3083=DIRECTION('ref_axis',(2.17173784213846E-16,1.,-8.50581418571651E-16));
#3084=DIRECTION('',(1.,9.99324804817215E-16,6.54501161612799E-15));
#3085=DIRECTION('center_axis',(1.,9.99324804817215E-16,6.54501161612799E-15));
#3086=DIRECTION('ref_axis',(-4.75111341057381E-15,-0.312694383988227,0.949853789918335));
#3087=DIRECTION('center_axis',(-1.,2.44929359829471E-16,-5.66145912569714E-15));
#3088=DIRECTION('ref_axis',(5.66145912569714E-15,-8.50581418571652E-16,
-1.));
#3089=DIRECTION('center_axis',(1.,-2.44929359829471E-16,5.66145912569714E-15));
#3090=DIRECTION('ref_axis',(-2.44929359829476E-16,-1.,8.50581418571651E-16));
#3091=DIRECTION('center_axis',(-1.,-1.17381796263977E-17,-5.63870710622991E-15));
#3092=DIRECTION('ref_axis',(1.17381796263929E-17,-1.,8.50581418571653E-16));
#3093=DIRECTION('',(1.17381796263929E-17,-1.,8.50581418571653E-16));
#3094=DIRECTION('center_axis',(-1.,-1.17381796263977E-17,-5.63870710622991E-15));
#3095=DIRECTION('ref_axis',(3.65308319754342E-15,0.707106781186548,-0.707106781186547));
#3096=DIRECTION('',(5.63870710622991E-15,-8.50581418571652E-16,-1.));
#3097=DIRECTION('',(6.54501161612799E-15,-8.50581418571652E-16,-1.));
#3098=DIRECTION('',(-5.3391223202982E-15,0.323593139369354,0.946196322204375));
#3099=DIRECTION('',(6.54501161612799E-15,-8.50581418571652E-16,-1.));
#3100=DIRECTION('center_axis',(-1.,2.1717378421384E-16,-6.54501161612799E-15));
#3101=DIRECTION('ref_axis',(-6.545011616128E-15,8.50581418571652E-16,1.));
#3102=DIRECTION('',(5.63870710622991E-15,-8.50581418571652E-16,-1.));
#3103=DIRECTION('center_axis',(-1.,-1.17381796263977E-17,-5.63870710622991E-15));
#3104=DIRECTION('ref_axis',(-3.30670077504922E-15,0.707106781186548,0.707106781186547));
#3105=DIRECTION('',(-1.17381796263929E-17,1.,-8.50581418571652E-16));
#3106=DIRECTION('',(-3.99546817835255E-15,0.707106781186549,0.707106781186546));
#3107=DIRECTION('center_axis',(-1.,-1.17381796263977E-17,-5.63870710622991E-15));
#3108=DIRECTION('ref_axis',(-2.44929359829476E-16,-1.,8.50581418571651E-16));
#3109=DIRECTION('center_axis',(2.06376059136613E-15,0.946196322204375,-0.323593139369354));
#3110=DIRECTION('ref_axis',(5.27759434257409E-15,-0.323593139369354,-0.946196322204375));
#3111=DIRECTION('center_axis',(-2.12275741458148E-16,-1.,8.50581418571651E-16));
#3112=DIRECTION('ref_axis',(6.54501161612799E-15,-8.50581418571652E-16,
-1.));
#3113=DIRECTION('',(1.,-2.12275741458143E-16,6.57576044009433E-15));
#3114=DIRECTION('center_axis',(2.12275741458148E-16,1.,-8.50581418571651E-16));
#3115=DIRECTION('ref_axis',(1.,-2.44929359829472E-16,4.9213104426137E-15));
#3116=DIRECTION('center_axis',(2.12275741458148E-16,1.,-8.50581418571651E-16));
#3117=DIRECTION('ref_axis',(1.,-2.44929359829472E-16,4.9213104426137E-15));
#3118=DIRECTION('center_axis',(2.12275741458148E-16,1.,-8.50581418571651E-16));
#3119=DIRECTION('ref_axis',(1.,-2.44929359829472E-16,4.9213104426137E-15));
#3120=DIRECTION('center_axis',(2.12275741458148E-16,1.,-8.50581418571651E-16));
#3121=DIRECTION('ref_axis',(1.,-2.44929359829472E-16,4.9213104426137E-15));
#3122=DIRECTION('center_axis',(1.,-2.44929359829471E-16,5.62621395031222E-15));
#3123=DIRECTION('ref_axis',(-6.32315605371416E-16,0.987852855267157,0.155392201672174));
#3124=DIRECTION('',(-1.,2.44929359829471E-16,-5.62621395031222E-15));
#3125=DIRECTION('',(-1.,2.44929359829471E-16,-5.66145912569714E-15));
#3126=DIRECTION('center_axis',(2.06376059136613E-15,0.946196322204375,-0.323593139369354));
#3127=DIRECTION('ref_axis',(5.27759434257409E-15,-0.323593139369354,-0.946196322204375));
#3128=DIRECTION('center_axis',(-6.32315605371417E-16,0.987852855267157,
0.155392201672174));
#3129=DIRECTION('ref_axis',(5.63074867477628E-15,0.155392201672174,-0.987852855267157));
#3130=DIRECTION('center_axis',(4.80756294657562E-15,0.707106781186546,-0.707106781186549));
#3131=DIRECTION('ref_axis',(1.,-2.44929359829471E-16,6.55399136118011E-15));
#3132=DIRECTION('',(4.48427011906204E-15,-0.707106781186549,-0.707106781186546));
#3133=DIRECTION('center_axis',(4.80756294657562E-15,0.707106781186546,-0.707106781186549));
#3134=DIRECTION('ref_axis',(-4.48427011906204E-15,0.70710678118655,0.707106781186546));
#3135=DIRECTION('',(-1.,2.44929359829471E-16,-6.55399136118011E-15));
#3136=DIRECTION('center_axis',(4.80756294657561E-15,0.707106781186546,-0.707106781186549));
#3137=DIRECTION('ref_axis',(1.,-2.44929359829471E-16,6.55399136118011E-15));
#3138=DIRECTION('',(-1.,2.44929359829471E-16,-6.55399136118011E-15));
#3139=DIRECTION('center_axis',(4.80756294657561E-15,0.707106781186546,-0.707106781186549));
#3140=DIRECTION('ref_axis',(-4.38613934039431E-15,0.707106781186549,0.707106781186546));
#3141=DIRECTION('',(-3.30670077504921E-15,0.707106781186549,0.707106781186546));
#3142=DIRECTION('center_axis',(4.80756294657562E-15,0.707106781186546,-0.707106781186549));
#3143=DIRECTION('ref_axis',(1.,-2.44929359829471E-16,6.55399136118011E-15));
#3144=DIRECTION('',(4.87679323373298E-15,-0.707106781186549,-0.707106781186546));
#3145=DIRECTION('center_axis',(4.80756294657562E-15,0.707106781186546,-0.707106781186549));
#3146=DIRECTION('ref_axis',(-4.48427011906204E-15,0.707106781186549,0.707106781186546));
#3147=DIRECTION('',(-1.,2.44929359829471E-16,-6.55399136118011E-15));
#3148=DIRECTION('center_axis',(4.80756294657562E-15,0.707106781186546,-0.707106781186549));
#3149=DIRECTION('ref_axis',(-4.53333550839591E-15,0.707106781186549,0.707106781186546));
#3150=DIRECTION('',(-4.87679323373298E-15,0.707106781186549,0.707106781186546));
#3151=DIRECTION('center_axis',(2.44929359829476E-16,1.,-8.50581418571651E-16));
#3152=DIRECTION('ref_axis',(-0.707106781186538,-4.28260677776195E-16,-0.707106781186557));
#3153=DIRECTION('',(-2.44929359829476E-16,-1.,8.50581418571651E-16));
#3154=DIRECTION('center_axis',(0.707106781186549,0.707106781186547,2.87844009727304E-15));
#3155=DIRECTION('ref_axis',(-0.707106781186546,0.707106781186548,-4.0813438753196E-15));
#3156=DIRECTION('',(2.44929359829476E-16,1.,-8.50581418571651E-16));
#3157=DIRECTION('center_axis',(1.,-2.44929359829471E-16,6.4641802996367E-15));
#3158=DIRECTION('ref_axis',(3.65308319754342E-15,0.707106781186548,-0.707106781186547));
#3159=DIRECTION('',(1.,-2.44929359829471E-16,6.4641802996367E-15));
#3160=DIRECTION('',(-1.,2.44929359829471E-16,-6.4641802996367E-15));
#3161=DIRECTION('center_axis',(1.,-2.44929359829471E-16,6.4641802996367E-15));
#3162=DIRECTION('ref_axis',(-2.44929359829476E-16,-1.,8.50581418571651E-16));
#3163=DIRECTION('',(6.4641802996367E-15,-8.50581418571652E-16,-1.));
#3164=DIRECTION('center_axis',(-2.44929359829476E-16,-1.,8.50581418571651E-16));
#3165=DIRECTION('ref_axis',(-1.,2.44929359829471E-16,-6.43152668126537E-15));
#3166=DIRECTION('center_axis',(2.44929359829476E-16,1.,-8.50581418571651E-16));
#3167=DIRECTION('ref_axis',(-0.70710678118655,-4.28260677776182E-16,-0.707106781186545));
#3168=DIRECTION('',(-2.44929359829476E-16,-1.,8.50581418571651E-16));
#3169=DIRECTION('center_axis',(0.70710678118655,0.707106781186545,4.44853255595682E-15));
#3170=DIRECTION('ref_axis',(-0.707106781186545,0.70710678118655,-5.65143633400337E-15));
#3171=DIRECTION('',(2.44929359829476E-16,1.,-8.50581418571651E-16));
#3172=DIRECTION('center_axis',(1.,-5.65186001548268E-16,7.01929181194928E-15));
#3173=DIRECTION('ref_axis',(3.65308319754342E-15,0.707106781186548,-0.707106781186547));
#3174=DIRECTION('',(1.,-5.65186001548268E-16,7.01929181194928E-15));
#3175=DIRECTION('',(-1.,5.65186001548268E-16,-7.01929181194928E-15));
#3176=DIRECTION('center_axis',(0.707106781186548,-0.707106781186547,2.51125141663583E-15));
#3177=DIRECTION('ref_axis',(0.707106781186547,0.707106781186548,7.41552626207727E-15));
#3178=DIRECTION('center_axis',(-2.44929359829476E-16,-1.,8.50581418571651E-16));
#3179=DIRECTION('ref_axis',(0.707106781186551,-7.74643100270388E-16,-0.707106781186544));
#3180=DIRECTION('',(-2.44929359829476E-16,-1.,8.50581418571651E-16));
#3181=DIRECTION('',(2.44929359829476E-16,1.,-8.50581418571651E-16));
#3182=DIRECTION('center_axis',(1.,-2.4492935982947E-16,7.01929181194928E-15));
#3183=DIRECTION('ref_axis',(-2.44929359829476E-16,-1.,8.50581418571651E-16));
#3184=DIRECTION('',(7.01929181194928E-15,-8.50581418571652E-16,-1.));
#3185=DIRECTION('center_axis',(-5.65186001548274E-16,-1.,8.50581418571649E-16));
#3186=DIRECTION('ref_axis',(-1.,5.65186001548269E-16,-6.43152668126537E-15));
#3187=DIRECTION('',(7.01929181194928E-15,-8.50581418571652E-16,-1.));
#3188=DIRECTION('center_axis',(-1.,2.4492935982947E-16,-7.01929181194928E-15));
#3189=DIRECTION('ref_axis',(2.44929359829476E-16,1.,-8.50581418571651E-16));
#3190=DIRECTION('center_axis',(1.,-2.44929359829472E-16,4.79884576269897E-15));
#3191=DIRECTION('ref_axis',(3.65308319754342E-15,0.707106781186548,-0.707106781186547));
#3192=DIRECTION('',(-1.,2.44929359829472E-16,-4.79884576269897E-15));
#3193=DIRECTION('center_axis',(0.707106781186547,-0.707106781186548,4.08134387531961E-15));
#3194=DIRECTION('ref_axis',(0.707106781186548,0.707106781186547,2.70524888602593E-15));
#3195=DIRECTION('',(1.,-2.44929359829472E-16,4.79884576269897E-15));
#3196=DIRECTION('center_axis',(-2.44929359829476E-16,-1.,8.50581418571651E-16));
#3197=DIRECTION('ref_axis',(0.707106781186553,-7.74643100270387E-16,-0.707106781186542));
#3198=DIRECTION('',(-2.44929359829476E-16,-1.,8.50581418571651E-16));
#3199=DIRECTION('',(2.44929359829476E-16,1.,-8.50581418571651E-16));
#3200=DIRECTION('center_axis',(-4.79884576269897E-15,8.50581418571652E-16,
1.));
#3201=DIRECTION('ref_axis',(-1.,2.44929359829472E-16,-4.79884576269897E-15));
#3202=DIRECTION('center_axis',(-2.44929359829476E-16,-1.,8.50581418571651E-16));
#3203=DIRECTION('ref_axis',(-1.,2.44929359829471E-16,-6.43152668126537E-15));
#3204=DIRECTION('',(1.,-2.12275741458143E-16,6.57576044009433E-15));
#3205=DIRECTION('',(4.79884576269897E-15,-8.50581418571652E-16,-1.));
#3206=DIRECTION('center_axis',(-1.,2.44929359829472E-16,-4.79884576269897E-15));
#3207=DIRECTION('ref_axis',(2.44929359829476E-16,1.,-8.50581418571651E-16));
#3208=DIRECTION('center_axis',(-7.01929181194928E-15,8.50581418571652E-16,
1.));
#3209=DIRECTION('ref_axis',(-1.,2.4492935982947E-16,-7.01929181194928E-15));
#3210=DIRECTION('center_axis',(-6.4641802996367E-15,8.50581418571652E-16,
1.));
#3211=DIRECTION('ref_axis',(-1.,2.44929359829471E-16,-6.4641802996367E-15));
#3212=DIRECTION('center_axis',(2.44929359829476E-16,1.,-8.50581418571651E-16));
#3213=DIRECTION('ref_axis',(0.707106781186544,4.28260677776189E-16,0.707106781186551));
#3214=DIRECTION('',(-2.44929359829476E-16,-1.,8.50581418571651E-16));
#3215=DIRECTION('center_axis',(-0.707106781186546,0.707106781186549,-5.65143633400337E-15));
#3216=DIRECTION('ref_axis',(0.707106781186549,0.707106781186546,4.44853255595681E-15));
#3217=DIRECTION('',(2.44929359829476E-16,1.,-8.50581418571651E-16));
#3218=DIRECTION('center_axis',(-1.,2.44929359829471E-16,-6.58664497955144E-15));
#3219=DIRECTION('ref_axis',(-3.30670077504922E-15,0.707106781186547,0.707106781186548));
#3220=DIRECTION('',(-1.,2.44929359829471E-16,-6.58664497955144E-15));
#3221=DIRECTION('',(1.,-2.44929359829471E-16,6.58664497955144E-15));
#3222=DIRECTION('center_axis',(-1.,2.44929359829471E-16,-6.58664497955144E-15));
#3223=DIRECTION('ref_axis',(-2.44929359829476E-16,-1.,8.50581418571651E-16));
#3224=DIRECTION('',(-6.58664497955144E-15,8.50581418571652E-16,1.));
#3225=DIRECTION('center_axis',(-2.44929359829476E-16,-1.,8.50581418571651E-16));
#3226=DIRECTION('ref_axis',(1.,-2.44929359829471E-16,6.55399136118011E-15));
#3227=DIRECTION('',(1.,-2.17718011186697E-16,6.55399136118011E-15));
#3228=DIRECTION('center_axis',(2.44929359829476E-16,1.,-8.50581418571651E-16));
#3229=DIRECTION('ref_axis',(0.707106781186541,4.28260677776192E-16,0.707106781186554));
#3230=DIRECTION('',(-2.44929359829476E-16,-1.,8.50581418571651E-16));
#3231=DIRECTION('center_axis',(-0.707106781186549,0.707106781186546,-5.65143633400338E-15));
#3232=DIRECTION('ref_axis',(0.707106781186546,0.707106781186549,4.44853255595678E-15));
#3233=DIRECTION('',(2.44929359829476E-16,1.,-8.50581418571651E-16));
#3234=DIRECTION('center_axis',(-1.,-7.5327281889328E-17,-7.14175649186402E-15));
#3235=DIRECTION('ref_axis',(-3.30670077504922E-15,0.707106781186548,0.707106781186547));
#3236=DIRECTION('',(-1.,-7.5327281889328E-17,-7.14175649186402E-15));
#3237=DIRECTION('',(1.,7.5327281889328E-17,7.14175649186402E-15));
#3238=DIRECTION('center_axis',(-0.707106781186549,-0.707106781186547,-1.30834763858926E-15));
#3239=DIRECTION('ref_axis',(-0.707106781186547,0.707106781186549,-8.79162125137094E-15));
#3240=DIRECTION('center_axis',(-2.44929359829476E-16,-1.,8.50581418571651E-16));
#3241=DIRECTION('ref_axis',(-0.707106781186551,7.74643100270388E-16,0.707106781186544));
#3242=DIRECTION('',(-2.44929359829476E-16,-1.,8.50581418571651E-16));
#3243=DIRECTION('',(2.44929359829476E-16,1.,-8.50581418571651E-16));
#3244=DIRECTION('center_axis',(-1.,2.4492935982947E-16,-7.14175649186402E-15));
#3245=DIRECTION('ref_axis',(-2.44929359829476E-16,-1.,8.50581418571651E-16));
#3246=DIRECTION('',(-7.14175649186402E-15,8.50581418571653E-16,1.));
#3247=DIRECTION('center_axis',(7.53272818893219E-17,-1.,8.50581418571653E-16));
#3248=DIRECTION('ref_axis',(1.,7.53272818893275E-17,6.55399136118011E-15));
#3249=DIRECTION('',(1.,-2.17718011186697E-16,6.55399136118011E-15));
#3250=DIRECTION('',(-7.14175649186402E-15,8.50581418571653E-16,1.));
#3251=DIRECTION('center_axis',(1.,-2.4492935982947E-16,7.14175649186402E-15));
#3252=DIRECTION('ref_axis',(2.44929359829476E-16,1.,-8.50581418571651E-16));
#3253=DIRECTION('center_axis',(-1.,2.44929359829472E-16,-4.9213104426137E-15));
#3254=DIRECTION('ref_axis',(-3.30670077504922E-15,0.707106781186548,0.707106781186547));
#3255=DIRECTION('',(1.,-2.44929359829472E-16,4.9213104426137E-15));
#3256=DIRECTION('center_axis',(-0.707106781186549,-0.707106781186546,-2.87844009727304E-15));
#3257=DIRECTION('ref_axis',(-0.707106781186546,0.707106781186549,-4.0813438753196E-15));
#3258=DIRECTION('',(-1.,2.44929359829472E-16,-4.9213104426137E-15));
#3259=DIRECTION('center_axis',(-2.44929359829476E-16,-1.,8.50581418571651E-16));
#3260=DIRECTION('ref_axis',(-0.707106781186543,7.74643100270393E-16,0.707106781186552));
#3261=DIRECTION('',(-2.44929359829476E-16,-1.,8.50581418571651E-16));
#3262=DIRECTION('',(2.44929359829476E-16,1.,-8.50581418571651E-16));
#3263=DIRECTION('center_axis',(4.9213104426137E-15,-8.50581418571652E-16,
-1.));
#3264=DIRECTION('ref_axis',(1.,-2.44929359829472E-16,4.9213104426137E-15));
#3265=DIRECTION('center_axis',(-2.44929359829476E-16,-1.,8.50581418571651E-16));
#3266=DIRECTION('ref_axis',(1.,-2.44929359829471E-16,6.55399136118011E-15));
#3267=DIRECTION('',(1.,-2.17718011186697E-16,6.55399136118011E-15));
#3268=DIRECTION('',(-4.9213104426137E-15,8.50581418571652E-16,1.));
#3269=DIRECTION('center_axis',(1.,-2.44929359829472E-16,4.9213104426137E-15));
#3270=DIRECTION('ref_axis',(2.44929359829476E-16,1.,-8.50581418571651E-16));
#3271=DIRECTION('center_axis',(7.14175649186402E-15,-8.50581418571653E-16,
-1.));
#3272=DIRECTION('ref_axis',(1.,-2.4492935982947E-16,7.14175649186402E-15));
#3273=DIRECTION('center_axis',(6.58664497955144E-15,-8.50581418571652E-16,
-1.));
#3274=DIRECTION('ref_axis',(1.,-2.44929359829471E-16,6.58664497955144E-15));
#3275=DIRECTION('',(-2.44929359829476E-16,-1.,8.50581418571651E-16));
#3276=DIRECTION('center_axis',(1.,-2.44929359829472E-16,4.67638108278423E-15));
#3277=DIRECTION('ref_axis',(4.67638108278423E-15,-8.50581418571652E-16,
-1.));
#3278=DIRECTION('',(2.44929359829476E-16,1.,-8.50581418571651E-16));
#3279=DIRECTION('center_axis',(4.67638108278423E-15,-8.50581418571652E-16,
-1.));
#3280=DIRECTION('ref_axis',(-1.,2.12275741458144E-16,-4.67638108278423E-15));
#3281=DIRECTION('',(2.44929359829476E-16,1.,-8.50581418571651E-16));
#3282=DIRECTION('center_axis',(1.,-5.71865613645963E-15,4.92131044261371E-15));
#3283=DIRECTION('ref_axis',(4.9213104426137E-15,-8.50581418571652E-16,-1.));
#3284=DIRECTION('center_axis',(-1.,2.44929359829472E-16,-4.67638108278423E-15));
#3285=DIRECTION('ref_axis',(-4.67638108278423E-15,8.50581418571652E-16,
1.));
#3286=DIRECTION('center_axis',(-1.,2.44929359829475E-16,-1.3685967638132E-15));
#3287=DIRECTION('ref_axis',(-2.44929359829476E-16,-1.,8.50581418571651E-16));
#3288=DIRECTION('center_axis',(2.12275741458148E-16,1.,-8.50581418571651E-16));
#3289=DIRECTION('ref_axis',(1.,-2.12275741458144E-16,4.67638108278423E-15));
#3290=DIRECTION('center_axis',(-2.17718011186703E-16,-1.,8.50581418571651E-16));
#3291=DIRECTION('ref_axis',(6.54501161612799E-15,-8.50581418571652E-16,
-1.));
#3292=DIRECTION('',(1.,-2.17718011186697E-16,6.55399136118011E-15));
#3293=DIRECTION('',(1.,-2.17718011186697E-16,6.55399136118011E-15));
#3294=DIRECTION('center_axis',(2.17718011186703E-16,1.,-8.50581418571651E-16));
#3295=DIRECTION('ref_axis',(1.,-2.44929359829472E-16,4.9213104426137E-15));
#3296=DIRECTION('center_axis',(2.17718011186703E-16,1.,-8.50581418571651E-16));
#3297=DIRECTION('ref_axis',(1.,-2.44929359829472E-16,4.9213104426137E-15));
#3298=DIRECTION('center_axis',(2.17718011186703E-16,1.,-8.50581418571651E-16));
#3299=DIRECTION('ref_axis',(1.,-2.44929359829472E-16,4.9213104426137E-15));
#3300=DIRECTION('center_axis',(2.17718011186703E-16,1.,-8.50581418571651E-16));
#3301=DIRECTION('ref_axis',(1.,-2.44929359829472E-16,4.9213104426137E-15));
#3302=DIRECTION('center_axis',(-1.,2.17718011186697E-16,-6.55399136118011E-15));
#3303=DIRECTION('ref_axis',(-6.55399136118011E-15,8.50581418571652E-16,
1.));
#3304=DIRECTION('center_axis',(-1.,2.17718011186697E-16,-6.55399136118011E-15));
#3305=DIRECTION('ref_axis',(-6.55399136118011E-15,8.50581418571652E-16,
1.));
#3306=DIRECTION('',(-2.44929359829476E-16,-1.,8.50581418571651E-16));
#3307=DIRECTION('center_axis',(-1.,2.44929359829472E-16,-4.79884576269897E-15));
#3308=DIRECTION('ref_axis',(-4.79884576269897E-15,8.50581418571652E-16,
1.));
#3309=DIRECTION('',(2.44929359829476E-16,1.,-8.50581418571651E-16));
#3310=DIRECTION('center_axis',(-4.79884576269897E-15,8.50581418571652E-16,
1.));
#3311=DIRECTION('ref_axis',(1.,-2.775829782008E-16,4.79884576269897E-15));
#3312=DIRECTION('',(2.44929359829476E-16,1.,-8.50581418571651E-16));
#3313=DIRECTION('center_axis',(-1.,7.77130367769596E-15,-4.92131044261371E-15));
#3314=DIRECTION('ref_axis',(-4.9213104426137E-15,8.50581418571652E-16,1.));
#3315=DIRECTION('center_axis',(1.,-2.44929359829472E-16,4.79884576269897E-15));
#3316=DIRECTION('ref_axis',(4.79884576269897E-15,-8.50581418571652E-16,
-1.));
#3317=DIRECTION('center_axis',(1.,-2.44929359829472E-16,4.9213104426137E-15));
#3318=DIRECTION('ref_axis',(-2.44929359829476E-16,-1.,8.50581418571651E-16));
#3319=DIRECTION('center_axis',(2.77582978200804E-16,1.,-8.5058141857165E-16));
#3320=DIRECTION('ref_axis',(-1.,2.775829782008E-16,-4.79884576269897E-15));
#3321=DIRECTION('center_axis',(-1.,2.12275741458143E-16,-6.57576044009433E-15));
#3322=DIRECTION('ref_axis',(2.12275741458148E-16,1.,-8.50581418571651E-16));
#3323=DIRECTION('center_axis',(2.44929359829476E-16,1.,-8.50581418571651E-16));
#3324=DIRECTION('ref_axis',(1.,-2.44929359829472E-16,4.9213104426137E-15));
#3325=DIRECTION('',(-2.44929359829476E-16,-1.,8.50581418571651E-16));
#3326=DIRECTION('center_axis',(2.12275741458148E-16,1.,-8.50581418571651E-16));
#3327=DIRECTION('ref_axis',(1.,-2.12275741458144E-16,4.9213104426137E-15));
#3328=DIRECTION('center_axis',(-2.12275741458148E-16,-1.,8.50581418571651E-16));
#3329=DIRECTION('ref_axis',(1.,-2.12275741458144E-16,4.9213104426137E-15));
#3330=DIRECTION('center_axis',(2.44929359829476E-16,1.,-8.50581418571651E-16));
#3331=DIRECTION('ref_axis',(1.,-2.44929359829472E-16,4.9213104426137E-15));
#3332=DIRECTION('',(-2.44929359829476E-16,-1.,8.50581418571651E-16));
#3333=DIRECTION('center_axis',(2.12275741458148E-16,1.,-8.50581418571651E-16));
#3334=DIRECTION('ref_axis',(1.,-2.12275741458144E-16,4.9213104426137E-15));
#3335=DIRECTION('center_axis',(-2.12275741458148E-16,-1.,8.50581418571651E-16));
#3336=DIRECTION('ref_axis',(1.,-2.12275741458144E-16,4.9213104426137E-15));
#3337=DIRECTION('center_axis',(2.44929359829476E-16,1.,-8.50581418571651E-16));
#3338=DIRECTION('ref_axis',(1.,-2.44929359829472E-16,4.9213104426137E-15));
#3339=DIRECTION('',(-2.44929359829476E-16,-1.,8.50581418571651E-16));
#3340=DIRECTION('center_axis',(2.12275741458148E-16,1.,-8.50581418571651E-16));
#3341=DIRECTION('ref_axis',(1.,-2.12275741458144E-16,4.9213104426137E-15));
#3342=DIRECTION('center_axis',(-2.12275741458148E-16,-1.,8.50581418571651E-16));
#3343=DIRECTION('ref_axis',(1.,-2.12275741458144E-16,4.9213104426137E-15));
#3344=DIRECTION('center_axis',(2.44929359829476E-16,1.,-8.50581418571651E-16));
#3345=DIRECTION('ref_axis',(1.,-2.44929359829472E-16,4.9213104426137E-15));
#3346=DIRECTION('',(-2.44929359829476E-16,-1.,8.50581418571651E-16));
#3347=DIRECTION('center_axis',(2.12275741458148E-16,1.,-8.50581418571651E-16));
#3348=DIRECTION('ref_axis',(1.,-2.12275741458144E-16,4.9213104426137E-15));
#3349=DIRECTION('center_axis',(-2.12275741458148E-16,-1.,8.50581418571651E-16));
#3350=DIRECTION('ref_axis',(1.,-2.12275741458144E-16,4.9213104426137E-15));
#3351=DIRECTION('center_axis',(2.44929359829476E-16,1.,-8.50581418571651E-16));
#3352=DIRECTION('ref_axis',(1.,-2.44929359829472E-16,4.9213104426137E-15));
#3353=DIRECTION('',(-2.44929359829476E-16,-1.,8.50581418571651E-16));
#3354=DIRECTION('center_axis',(2.12275741458148E-16,1.,-8.50581418571651E-16));
#3355=DIRECTION('ref_axis',(1.,-2.12275741458144E-16,4.9213104426137E-15));
#3356=DIRECTION('center_axis',(-2.12275741458148E-16,-1.,8.50581418571651E-16));
#3357=DIRECTION('ref_axis',(1.,-2.12275741458144E-16,4.9213104426137E-15));
#3358=DIRECTION('center_axis',(2.44929359829476E-16,1.,-8.50581418571651E-16));
#3359=DIRECTION('ref_axis',(1.,-2.44929359829472E-16,4.9213104426137E-15));
#3360=DIRECTION('',(-2.44929359829476E-16,-1.,8.50581418571651E-16));
#3361=DIRECTION('center_axis',(2.12275741458148E-16,1.,-8.50581418571651E-16));
#3362=DIRECTION('ref_axis',(1.,-2.12275741458144E-16,4.9213104426137E-15));
#3363=DIRECTION('center_axis',(-2.12275741458148E-16,-1.,8.50581418571651E-16));
#3364=DIRECTION('ref_axis',(1.,-2.12275741458144E-16,4.9213104426137E-15));
#3365=DIRECTION('center_axis',(2.44929359829476E-16,1.,-8.50581418571651E-16));
#3366=DIRECTION('ref_axis',(1.,-2.44929359829472E-16,4.9213104426137E-15));
#3367=DIRECTION('',(-2.44929359829476E-16,-1.,8.50581418571651E-16));
#3368=DIRECTION('center_axis',(2.12275741458148E-16,1.,-8.50581418571651E-16));
#3369=DIRECTION('ref_axis',(1.,-2.12275741458144E-16,4.9213104426137E-15));
#3370=DIRECTION('center_axis',(-2.12275741458148E-16,-1.,8.50581418571651E-16));
#3371=DIRECTION('ref_axis',(1.,-2.12275741458144E-16,4.9213104426137E-15));
#3372=DIRECTION('center_axis',(2.44929359829476E-16,1.,-8.50581418571651E-16));
#3373=DIRECTION('ref_axis',(1.,-2.44929359829472E-16,4.9213104426137E-15));
#3374=DIRECTION('',(-2.44929359829476E-16,-1.,8.50581418571651E-16));
#3375=DIRECTION('center_axis',(2.12275741458148E-16,1.,-8.50581418571651E-16));
#3376=DIRECTION('ref_axis',(1.,-2.12275741458144E-16,4.9213104426137E-15));
#3377=DIRECTION('center_axis',(-2.12275741458148E-16,-1.,8.50581418571651E-16));
#3378=DIRECTION('ref_axis',(1.,-2.12275741458144E-16,4.9213104426137E-15));
#3379=DIRECTION('center_axis',(1.,-2.44929359829471E-16,6.54501161612799E-15));
#3380=DIRECTION('ref_axis',(2.449293598295E-16,1.,-4.52575977728689E-15));
#3381=DIRECTION('',(-1.,2.44929359829471E-16,-6.54501161612799E-15));
#3382=DIRECTION('center_axis',(1.,-2.1717378421384E-16,6.54501161612799E-15));
#3383=DIRECTION('ref_axis',(-2.17173784213846E-16,-1.,8.50581418571651E-16));
#3384=DIRECTION('',(-1.,2.44929359829471E-16,-6.54501161612799E-15));
#3385=DIRECTION('center_axis',(1.,-2.44929359829471E-16,6.54501161612799E-15));
#3386=DIRECTION('ref_axis',(-2.44929359829476E-16,-1.,8.50581418571651E-16));
#3387=DIRECTION('center_axis',(1.,-2.1717378421384E-16,6.54501161612799E-15));
#3388=DIRECTION('ref_axis',(-2.17173784213846E-16,-1.,8.50581418571651E-16));
#3389=DIRECTION('center_axis',(-1.,2.1717378421384E-16,-6.54501161612799E-15));
#3390=DIRECTION('ref_axis',(-2.17173784213846E-16,-1.,8.50581418571651E-16));
#3391=DIRECTION('center_axis',(-1.,2.1717378421384E-16,-6.54501161612799E-15));
#3392=DIRECTION('ref_axis',(-2.44929359829476E-16,-1.,8.50581418571651E-16));
#3393=DIRECTION('center_axis',(-1.,2.1717378421384E-16,-6.54501161612799E-15));
#3394=DIRECTION('ref_axis',(-2.44929359829476E-16,-1.,8.50581418571651E-16));
#3395=DIRECTION('center_axis',(1.,-2.44929359829471E-16,6.54501161612799E-15));
#3396=DIRECTION('ref_axis',(-2.44929359829476E-16,-1.,8.50581418571651E-16));
#3397=DIRECTION('',(-1.,2.44929359829471E-16,-6.54501161612799E-15));
#3398=DIRECTION('center_axis',(1.,-2.1717378421384E-16,6.54501161612799E-15));
#3399=DIRECTION('ref_axis',(-2.17173784213846E-16,-1.,8.50581418571651E-16));
#3400=DIRECTION('center_axis',(-1.,2.1717378421384E-16,-6.54501161612799E-15));
#3401=DIRECTION('ref_axis',(-2.17173784213846E-16,-1.,8.50581418571651E-16));
#3402=DIRECTION('center_axis',(-1.,2.1717378421384E-16,-6.54501161612799E-15));
#3403=DIRECTION('ref_axis',(-2.44929359829476E-16,-1.,8.5058141857165E-16));
#3404=DIRECTION('center_axis',(-1.,2.44929359829471E-16,-5.66145912569714E-15));
#3405=DIRECTION('ref_axis',(-2.44929359829476E-16,-1.,8.50581418571651E-16));
#3406=DIRECTION('center_axis',(1.,-2.44929359829471E-16,5.66145912569714E-15));
#3407=DIRECTION('ref_axis',(-2.44929359829476E-16,-1.,8.50581418571651E-16));
#3408=DIRECTION('',(-0.624695047554424,0.78086880944303,-4.29650682621306E-15));
#3409=DIRECTION('center_axis',(-1.,2.44929359829471E-16,-5.66145912569714E-15));
#3410=DIRECTION('ref_axis',(-2.44929359829476E-16,-1.,8.50581418571651E-16));
#3411=DIRECTION('center_axis',(1.,-2.44929359829471E-16,5.66145912569714E-15));
#3412=DIRECTION('ref_axis',(-2.44929359829476E-16,-1.,8.50581418571651E-16));
#3413=DIRECTION('center_axis',(-1.,2.44929359829471E-16,-5.66145912569714E-15));
#3414=DIRECTION('ref_axis',(-2.44929359829476E-16,-1.,8.50581418571651E-16));
#3415=DIRECTION('',(-1.,2.44929359829471E-16,-5.66145912569714E-15));
#3416=DIRECTION('center_axis',(1.,-2.44929359829471E-16,6.54501161612799E-15));
#3417=DIRECTION('ref_axis',(-2.44929359829476E-16,-1.,8.5058141857165E-16));
#3418=DIRECTION('center_axis',(1.,-2.1717378421384E-16,6.54501161612799E-15));
#3419=DIRECTION('ref_axis',(-2.17173784213846E-16,-1.,8.5058141857165E-16));
#3420=DIRECTION('',(1.,-2.44929359829471E-16,6.54501161612799E-15));
#3421=DIRECTION('center_axis',(-1.,2.1717378421384E-16,-6.54501161612799E-15));
#3422=DIRECTION('ref_axis',(-2.17173784213846E-16,-1.,8.50581418571651E-16));
#3423=DIRECTION('center_axis',(-1.,2.1717378421384E-16,-6.54501161612799E-15));
#3424=DIRECTION('ref_axis',(-2.17173784213846E-16,-1.,8.50581418571651E-16));
#3425=DIRECTION('center_axis',(-1.,2.44929359829471E-16,-6.54501161612799E-15));
#3426=DIRECTION('ref_axis',(-2.44929359829476E-16,-1.,8.50581418571651E-16));
#3427=DIRECTION('',(-1.,2.44929359829471E-16,-6.54501161612799E-15));
#3428=DIRECTION('center_axis',(-1.,2.44929359829471E-16,-6.54501161612799E-15));
#3429=DIRECTION('ref_axis',(-2.44929359829476E-16,-1.,8.5058141857165E-16));
#3430=DIRECTION('',(-1.,2.44929359829471E-16,-6.54501161612799E-15));
#3431=DIRECTION('center_axis',(-1.,2.44929359829471E-16,-6.54501161612799E-15));
#3432=DIRECTION('ref_axis',(-2.44929359829476E-16,-1.,8.50581418571651E-16));
#3433=DIRECTION('',(-1.,2.44929359829471E-16,-6.54501161612799E-15));
#3434=CARTESIAN_POINT('',(0.,0.,0.));
#3435=CARTESIAN_POINT('Origin',(20.5004005432127,121.477393288916,29.3999999999999));
#3436=CARTESIAN_POINT('',(20.5004005432127,122.477393288916,28.3999999999999));
#3437=CARTESIAN_POINT('',(20.5004005432127,120.477393288916,30.3999999999999));
#3438=CARTESIAN_POINT('',(20.5004005432128,129.202393288916,21.6749999999998));
#3439=CARTESIAN_POINT('',(23.8004003942011,122.477393288916,28.3999999999999));
#3440=CARTESIAN_POINT('',(24.3004003942011,122.477393288916,28.3999999999999));
#3441=CARTESIAN_POINT('',(24.3004003942011,121.977393288916,28.8999999999999));
#3442=CARTESIAN_POINT('Origin',(23.8004003942011,121.977393288916,28.8999999999999));
#3443=CARTESIAN_POINT('',(24.3004003942011,120.477393288916,30.3999999999999));
#3444=CARTESIAN_POINT('',(24.3004003942011,121.477393288916,29.3999999999999));
#3445=CARTESIAN_POINT('',(20.5004005432127,120.477393288916,30.3999999999999));
#3446=CARTESIAN_POINT('Origin',(20.5004005432129,133.177393288916,10.1999999999999));
#3447=CARTESIAN_POINT('',(20.5004005432127,110.677393288916,30.3999999999999));
#3448=CARTESIAN_POINT('',(20.5004005432127,140.327393288916,30.3999999999998));
#3449=CARTESIAN_POINT('',(20.5004005432129,110.677393288916,-1.73865722922246E-13));
#3450=CARTESIAN_POINT('',(20.5004005432131,110.677393288916,-19.8000000000001));
#3451=CARTESIAN_POINT('',(20.500400543213,112.138551863748,-10.0000000000001));
#3452=CARTESIAN_POINT('Origin',(20.5004005432129,145.627393288916,-2.05813989550576E-13));
#3453=CARTESIAN_POINT('',(20.500400543213,120.477393288916,-10.0000000000001));
#3454=CARTESIAN_POINT('',(20.500400543213,121.927393288916,-10.0000000000001));
#3455=CARTESIAN_POINT('',(20.500400543213,122.477393288916,-8.0000000000001));
#3456=CARTESIAN_POINT('',(20.5004005432129,129.202393288916,-1.27500000000013));
#3457=CARTESIAN_POINT('',(20.500400543213,146.977393288916,-8.00000000000012));
#3458=CARTESIAN_POINT('',(20.500400543213,134.077393288916,-8.00000000000011));
#3459=CARTESIAN_POINT('',(20.500400543213,147.477393288916,-8.50000000000012));
#3460=CARTESIAN_POINT('Origin',(20.500400543213,146.977393288916,-8.50000000000012));
#3461=CARTESIAN_POINT('',(20.500400543213,147.477393288916,-10.0000000000001));
#3462=CARTESIAN_POINT('',(20.5004005432129,147.477393288916,0.0999999999998665));
#3463=CARTESIAN_POINT('',(20.500400543213,149.477393288916,-12.0000000000001));
#3464=CARTESIAN_POINT('Origin',(20.500400543213,147.477393288916,-12.0000000000001));
#3465=CARTESIAN_POINT('',(20.5004005432131,149.477393288916,-18.8977737735547));
#3466=CARTESIAN_POINT('',(20.5004005432129,149.477393288916,-0.900000000000137));
#3467=CARTESIAN_POINT('',(20.500400543213,150.171373854215,-17.7707794181082));
#3468=CARTESIAN_POINT('Origin',(20.500400543213,147.332784887602,-16.8000000000001));
#3469=CARTESIAN_POINT('',(20.500400543213,155.13666632707,-3.25211105066224));
#3470=CARTESIAN_POINT('',(20.5004005432129,156.046362346668,-0.592131825683998));
#3471=CARTESIAN_POINT('',(20.5004005432129,155.555314484351,1.56169162680516));
#3472=CARTESIAN_POINT('Origin',(20.5004005432129,145.627393288916,-2.05813989550576E-13));
#3473=CARTESIAN_POINT('',(20.5004005432127,149.875971269326,37.6661766050164));
#3474=CARTESIAN_POINT('',(20.5004005432128,151.583166839362,26.8132637804888));
#3475=CARTESIAN_POINT('',(20.5004005432127,149.477393288916,38.7559159991998));
#3476=CARTESIAN_POINT('Origin',(20.5004005432127,146.912412703524,37.1999999999999));
#3477=CARTESIAN_POINT('',(20.5004005432127,149.477393288916,32.3999999999998));
#3478=CARTESIAN_POINT('',(20.5004005432128,149.477393288916,25.1999999999999));
#3479=CARTESIAN_POINT('',(20.5004005432127,147.477393288916,30.3999999999998));
#3480=CARTESIAN_POINT('Origin',(20.5004005432127,147.477393288916,32.3999999999998));
#3481=CARTESIAN_POINT('',(20.5004005432127,147.477393288916,28.8999999999998));
#3482=CARTESIAN_POINT('',(20.5004005432128,147.477393288916,20.2999999999998));
#3483=CARTESIAN_POINT('',(20.5004005432127,146.977393288916,28.3999999999998));
#3484=CARTESIAN_POINT('Origin',(20.5004005432128,146.977393288916,28.8999999999998));
#3485=CARTESIAN_POINT('',(20.5004005432127,134.077393288916,28.3999999999999));
#3486=CARTESIAN_POINT('',(20.5004005432129,123.627393288916,-2.23606797749996));
#3487=CARTESIAN_POINT('',(20.5004005432129,123.627393288916,2.23606797749962));
#3488=CARTESIAN_POINT('Origin',(20.5004005432129,125.627393288916,-1.8405615774887E-13));
#3489=CARTESIAN_POINT('Origin',(20.5004005432129,121.627393288916,-1.61918558325513E-13));
#3490=CARTESIAN_POINT('',(20.5004005432129,148.627393288916,-2.0343181290345E-13));
#3491=CARTESIAN_POINT('Origin',(20.5004005432129,145.627393288916,-2.0051267460799E-13));
#3492=CARTESIAN_POINT('Origin',(20.5004005432127,147.477393288916,30.3999999999998));
#3493=CARTESIAN_POINT('',(24.3004003942011,147.477393288916,30.3999999999999));
#3494=CARTESIAN_POINT('',(24.3004003942011,134.977393288916,30.3999999999999));
#3495=CARTESIAN_POINT('',(29.7220632352106,147.477393288916,30.3999999999999));
#3496=CARTESIAN_POINT('',(20.5004005432127,147.477393288916,30.3999999999998));
#3497=CARTESIAN_POINT('',(29.7220632352106,115.477393288916,30.4));
#3498=CARTESIAN_POINT('',(29.7220632352106,149.477393288916,30.3999999999999));
#3499=CARTESIAN_POINT('',(39.2787375531919,115.477393288916,30.4));
#3500=CARTESIAN_POINT('',(39.0004006177185,115.477393288916,30.4));
#3501=CARTESIAN_POINT('',(39.2787375531919,147.477393288916,30.4));
#3502=CARTESIAN_POINT('',(39.2787375531919,149.477393288916,30.4));
#3503=CARTESIAN_POINT('',(44.7004003942012,147.477393288916,30.4));
#3504=CARTESIAN_POINT('',(20.5004005432127,147.477393288916,30.3999999999998));
#3505=CARTESIAN_POINT('',(44.7004003942012,120.477393288916,30.4));
#3506=CARTESIAN_POINT('',(44.7004003942012,147.477393288916,30.4));
#3507=CARTESIAN_POINT('',(47.3004003942011,120.477393288916,30.4));
#3508=CARTESIAN_POINT('',(32.6004004687069,120.477393288916,30.3999999999999));
#3509=CARTESIAN_POINT('',(47.3004003942011,147.477393288916,30.4));
#3510=CARTESIAN_POINT('',(47.3004003942011,134.977393288916,30.4));
#3511=CARTESIAN_POINT('',(67.7004003942011,147.477393288916,30.4000000000001));
#3512=CARTESIAN_POINT('',(20.5004005432127,147.477393288916,30.3999999999998));
#3513=CARTESIAN_POINT('',(67.7004003942011,120.477393288916,30.4000000000002));
#3514=CARTESIAN_POINT('',(67.7004003942011,147.477393288916,30.4000000000001));
#3515=CARTESIAN_POINT('',(71.5004005432127,120.477393288916,30.4000000000002));
#3516=CARTESIAN_POINT('',(44.1004004687069,120.477393288916,30.4));
#3517=CARTESIAN_POINT('',(71.5004005432127,110.677393288916,30.4000000000002));
#3518=CARTESIAN_POINT('',(71.5004005432127,147.477393288916,30.4000000000002));
#3519=CARTESIAN_POINT('',(20.5004005432127,110.677393288916,30.3999999999999));
#3520=CARTESIAN_POINT('Origin',(32.6004004687069,121.477393288916,29.3999999999999));
#3521=CARTESIAN_POINT('',(45.2004003942012,122.477393288916,28.4));
#3522=CARTESIAN_POINT('',(44.7004003942012,121.977393288916,28.9));
#3523=CARTESIAN_POINT('Origin',(45.2004003942012,121.977393288916,28.9));
#3524=CARTESIAN_POINT('',(46.8004003942011,122.477393288916,28.4));
#3525=CARTESIAN_POINT('',(44.7004003942012,122.477393288916,28.4));
#3526=CARTESIAN_POINT('',(47.3004003942011,121.977393288916,28.9));
#3527=CARTESIAN_POINT('Origin',(46.8004003942012,121.977393288916,28.9));
#3528=CARTESIAN_POINT('',(47.3004003942011,121.477393288916,29.4));
#3529=CARTESIAN_POINT('',(44.7004003942012,127.727393288916,23.15));
#3530=CARTESIAN_POINT('Origin',(44.1004004687069,121.477393288916,29.4));
#3531=CARTESIAN_POINT('',(71.5004005432128,122.477393288916,28.4000000000002));
#3532=CARTESIAN_POINT('',(71.5004005432128,129.202393288916,21.6750000000001));
#3533=CARTESIAN_POINT('',(67.7004003942011,121.977393288916,28.9000000000002));
#3534=CARTESIAN_POINT('',(67.7004003942012,127.727393288916,23.1500000000002));
#3535=CARTESIAN_POINT('',(68.2004003942011,122.477393288916,28.4000000000002));
#3536=CARTESIAN_POINT('Origin',(68.2004003942011,121.977393288916,28.9000000000002));
#3537=CARTESIAN_POINT('',(67.7004003942011,122.477393288916,28.4000000000002));
#3538=CARTESIAN_POINT('Origin',(20.5004005432127,147.477393288916,32.3999999999998));
#3539=CARTESIAN_POINT('',(37.9163272714537,149.477393288916,32.3999999999999));
#3540=CARTESIAN_POINT('',(71.5004005432127,149.477393288916,32.4000000000002));
#3541=CARTESIAN_POINT('',(20.5004005432127,149.477393288916,32.3999999999998));
#3542=CARTESIAN_POINT('',(71.5004005432127,147.477393288916,30.4000000000002));
#3543=CARTESIAN_POINT('Origin',(71.5004005432127,147.477393288916,32.4000000000002));
#3544=CARTESIAN_POINT('',(20.5004005432127,147.477393288916,30.3999999999998));
#3545=CARTESIAN_POINT('',(20.5004005432127,147.477393288916,30.3999999999998));
#3546=CARTESIAN_POINT('Ctrl Pts',(37.9163272714552,149.477393288916,32.3999999999968));
#3547=CARTESIAN_POINT('Ctrl Pts',(38.0498630074378,149.477393288915,32.1140012541765));
#3548=CARTESIAN_POINT('Ctrl Pts',(38.1942117616621,149.416118779889,31.8340834425083));
#3549=CARTESIAN_POINT('Ctrl Pts',(38.4870262013679,149.182033027789,31.3148717380818));
#3550=CARTESIAN_POINT('Ctrl Pts',(38.6347592393272,149.006672097519,31.0779174119874));
#3551=CARTESIAN_POINT('Ctrl Pts',(38.8795538705616,148.6065481861,30.7327112932508));
#3552=CARTESIAN_POINT('Ctrl Pts',(38.9798928741067,148.400614892072,30.6093365387859));
#3553=CARTESIAN_POINT('Ctrl Pts',(39.151161286822,147.956033879422,30.4443453353158));
#3554=CARTESIAN_POINT('Ctrl Pts',(39.2217524235067,147.7228380066,30.4006915137902));
#3555=CARTESIAN_POINT('Ctrl Pts',(39.2778581180811,147.48119416316,30.4000027090665));
#3556=CARTESIAN_POINT('Ctrl Pts',(39.2782983197405,147.479293839185,30.4));
#3557=CARTESIAN_POINT('Ctrl Pts',(39.2787375531919,147.477393288916,30.4));
#3558=CARTESIAN_POINT('Origin',(20.500400543213,110.677393288916,-10.0000000000001));
#3559=CARTESIAN_POINT('',(24.3004006922246,147.477393288916,-10.0000000000001));
#3560=CARTESIAN_POINT('',(44.7004006922246,147.477393288916,-9.99999999999996));
#3561=CARTESIAN_POINT('',(20.500400543213,147.477393288916,-10.0000000000001));
#3562=CARTESIAN_POINT('',(24.3004006922246,120.477393288916,-10.0000000000001));
#3563=CARTESIAN_POINT('',(24.3004006922246,129.077393288916,-10.0000000000001));
#3564=CARTESIAN_POINT('',(22.4004006177188,120.477393288916,-10.0000000000001));
#3565=CARTESIAN_POINT('',(71.500400543213,112.138551863748,-9.99999999999976));
#3566=CARTESIAN_POINT('',(77.500400543213,112.138551863748,-9.99999999999972));
#3567=CARTESIAN_POINT('',(71.500400543213,120.477393288916,-9.99999999999977));
#3568=CARTESIAN_POINT('',(71.500400543213,147.477393288916,-9.99999999999979));
#3569=CARTESIAN_POINT('',(67.7004006922246,120.477393288916,-9.99999999999979));
#3570=CARTESIAN_POINT('',(46.000400543213,120.477393288916,-9.99999999999993));
#3571=CARTESIAN_POINT('',(67.7004006922246,147.477393288916,-9.99999999999981));
#3572=CARTESIAN_POINT('',(67.7004006922246,116.577393288916,-9.99999999999979));
#3573=CARTESIAN_POINT('',(62.2787378512151,147.477393288916,-9.99999999999985));
#3574=CARTESIAN_POINT('',(20.500400543213,147.477393288916,-10.0000000000001));
#3575=CARTESIAN_POINT('',(62.2787378512151,115.477393288916,-9.99999999999988));
#3576=CARTESIAN_POINT('',(62.2787378512151,149.477393288916,-9.9999999999999));
#3577=CARTESIAN_POINT('',(52.7220635332338,115.477393288916,-9.9999999999999));
#3578=CARTESIAN_POINT('',(27.5004004687072,115.477393288916,-10.));
#3579=CARTESIAN_POINT('',(52.7220635332338,147.477393288916,-9.99999999999991));
#3580=CARTESIAN_POINT('',(52.7220635332338,149.477393288916,-9.99999999999993));
#3581=CARTESIAN_POINT('',(47.3004006922246,147.477393288916,-9.99999999999995));
#3582=CARTESIAN_POINT('',(20.500400543213,147.477393288916,-10.0000000000001));
#3583=CARTESIAN_POINT('',(47.3004006922246,120.477393288916,-9.99999999999992));
#3584=CARTESIAN_POINT('',(47.3004006922246,129.077393288916,-9.99999999999993));
#3585=CARTESIAN_POINT('',(44.7004006922246,120.477393288916,-9.99999999999994));
#3586=CARTESIAN_POINT('',(33.9004006177188,120.477393288916,-10.));
#3587=CARTESIAN_POINT('',(44.7004006922246,116.577393288916,-9.99999999999994));
#3588=CARTESIAN_POINT('Origin',(15.5004005432129,145.627393288916,-2.31936084305196E-13));
#3589=CARTESIAN_POINT('',(14.5004005432127,117.114054500046,38.6133333333332));
#3590=CARTESIAN_POINT('',(15.5004005432127,116.520026608611,39.4177777777777));
#3591=CARTESIAN_POINT('Origin',(15.5004005432127,117.114054500046,38.6133333333332));
#3592=CARTESIAN_POINT('',(14.5004005432127,112.614059955582,34.8442222215135));
#3593=CARTESIAN_POINT('Origin',(14.5004005432129,145.627393288916,-2.38481095921324E-13));
#3594=CARTESIAN_POINT('',(15.5004005432127,111.926282177805,35.570143517795));
#3595=CARTESIAN_POINT('Origin',(15.5004005432127,112.614059955582,34.8442222215135));
#3596=CARTESIAN_POINT('Origin',(15.5004005432129,145.627393288916,-2.31936084305196E-13));
#3597=CARTESIAN_POINT('Origin',(15.5004005432127,114.677393288916,32.6664583326689));
#3598=CARTESIAN_POINT('',(15.5004005432127,110.677393288916,32.6664583326689));
#3599=CARTESIAN_POINT('',(14.5004005432127,111.677393288916,32.6664583326689));
#3600=CARTESIAN_POINT('Origin',(15.5004005432127,111.677393288916,32.6664583326689));
#3601=CARTESIAN_POINT('Origin',(15.5004005432127,114.677393288916,32.6664583326689));
#3602=CARTESIAN_POINT('Origin',(14.5004005432127,114.677393288916,32.6664583326688));
#3603=CARTESIAN_POINT('Origin',(15.500400543213,111.677393288916,-4.80000000000015));
#3604=CARTESIAN_POINT('',(15.5004005432129,110.677393288916,-2.04393464599982E-13));
#3605=CARTESIAN_POINT('',(14.5004005432129,111.677393288916,-2.12015728168876E-13));
#3606=CARTESIAN_POINT('Origin',(15.5004005432129,111.677393288916,-2.05429083189325E-13));
#3607=CARTESIAN_POINT('',(15.500400543213,110.677393288916,-4.80000000000015));
#3608=CARTESIAN_POINT('',(14.500400543213,111.677393288916,-4.80000000000015));
#3609=CARTESIAN_POINT('Origin',(15.5004005432129,145.627393288916,-2.34121285179061E-13));
#3610=CARTESIAN_POINT('',(15.500400543213,115.57468258415,-17.8420032310179));
#3611=CARTESIAN_POINT('',(14.500400543213,116.434559857534,-17.3315024232634));
#3612=CARTESIAN_POINT('Origin',(15.500400543213,116.434559857534,-17.3315024232634));
#3613=CARTESIAN_POINT('Origin',(15.5004005432129,145.627393288916,-2.34121285179061E-13));
#3614=CARTESIAN_POINT('Origin',(14.5004005432129,145.627393288916,-2.40666296795189E-13));
#3615=CARTESIAN_POINT('Origin',(15.500400543213,119.014191677685,-15.8000000000002));
#3616=CARTESIAN_POINT('',(15.500400543213,119.014191677685,-19.8000000000001));
#3617=CARTESIAN_POINT('',(14.5004005432131,119.014191677685,-18.8000000000002));
#3618=CARTESIAN_POINT('Origin',(15.500400543213,119.014191677685,-18.8000000000002));
#3619=CARTESIAN_POINT('Origin',(15.500400543213,119.014191677685,-15.8000000000002));
#3620=CARTESIAN_POINT('Origin',(14.500400543213,119.014191677685,-15.8000000000002));
#3621=CARTESIAN_POINT('Origin',(15.500400543213,144.427393288916,-18.8000000000002));
#3622=CARTESIAN_POINT('',(15.5004005432131,147.332784887602,-19.8000000000002));
#3623=CARTESIAN_POINT('',(14.5004005432131,147.332784887602,-18.8000000000002));
#3624=CARTESIAN_POINT('Origin',(15.500400543213,147.332784887602,-18.8000000000002));
#3625=CARTESIAN_POINT('',(15.5004005432131,144.427393288916,-19.8000000000002));
#3626=CARTESIAN_POINT('',(14.5004005432131,144.427393288916,-18.8000000000002));
#3627=CARTESIAN_POINT('Origin',(15.500400543213,147.332784887602,-16.8000000000002));
#3628=CARTESIAN_POINT('',(15.500400543213,150.171373854215,-17.7707794181082));
#3629=CARTESIAN_POINT('',(14.5004005432131,149.22517753201,-17.4471862787389));
#3630=CARTESIAN_POINT('Origin',(15.500400543213,149.22517753201,-17.4471862787389));
#3631=CARTESIAN_POINT('Origin',(15.500400543213,147.332784887602,-16.8000000000002));
#3632=CARTESIAN_POINT('Origin',(14.500400543213,147.332784887602,-16.8000000000002));
#3633=CARTESIAN_POINT('Origin',(15.5004005432129,155.100166024464,-0.268538686314675));
#3634=CARTESIAN_POINT('',(15.500400543213,155.13666632707,-3.25211105066227));
#3635=CARTESIAN_POINT('',(14.500400543213,154.190470004865,-2.92851791129292));
#3636=CARTESIAN_POINT('Origin',(15.500400543213,154.190470004865,-2.92851791129291));
#3637=CARTESIAN_POINT('',(15.5004005432129,156.046362346668,-0.59213182568403));
#3638=CARTESIAN_POINT('',(14.5004005432129,155.100166024464,-0.268538686314682));
#3639=CARTESIAN_POINT('Origin',(15.5004005432129,145.627393288916,-2.31936084305196E-13));
#3640=CARTESIAN_POINT('',(15.5004005432129,155.555314484351,1.56169162680513));
#3641=CARTESIAN_POINT('',(14.5004005432129,154.567461629083,1.40629942513295));
#3642=CARTESIAN_POINT('Origin',(15.5004005432129,154.567461629083,1.40629942513296));
#3643=CARTESIAN_POINT('Origin',(15.5004005432129,145.627393288916,-2.31936084305196E-13));
#3644=CARTESIAN_POINT('Origin',(14.5004005432129,145.627393288916,-2.38481095921324E-13));
#3645=CARTESIAN_POINT('Origin',(15.5004005432128,150.595313984095,26.6578715788166));
#3646=CARTESIAN_POINT('',(15.5004005432127,149.875971269326,37.6661766050163));
#3647=CARTESIAN_POINT('',(14.5004005432127,148.888118414059,37.5107844033442));
#3648=CARTESIAN_POINT('Origin',(15.5004005432127,148.888118414059,37.5107844033442));
#3649=CARTESIAN_POINT('',(15.5004005432128,151.583166839362,26.8132637804888));
#3650=CARTESIAN_POINT('',(14.5004005432128,150.595313984095,26.6578715788166));
#3651=CARTESIAN_POINT('Origin',(15.5004005432127,146.912412703524,37.1999999999998));
#3652=CARTESIAN_POINT('',(15.5004005432127,146.912412703524,40.1999999999998));
#3653=CARTESIAN_POINT('',(14.5004005432127,146.912412703524,39.1999999999998));
#3654=CARTESIAN_POINT('Origin',(15.5004005432127,146.912412703524,39.1999999999998));
#3655=CARTESIAN_POINT('Origin',(15.5004005432127,146.912412703524,37.1999999999998));
#3656=CARTESIAN_POINT('Origin',(14.5004005432127,146.912412703524,37.1999999999998));
#3657=CARTESIAN_POINT('Origin',(15.5004005432127,121.927393288916,39.1999999999998));
#3658=CARTESIAN_POINT('',(15.5004005432127,118.89613817435,40.1999999999998));
#3659=CARTESIAN_POINT('',(14.5004005432127,118.89613817435,39.1999999999998));
#3660=CARTESIAN_POINT('Origin',(15.5004005432127,118.89613817435,39.1999999999998));
#3661=CARTESIAN_POINT('',(15.5004005432127,121.927393288916,40.1999999999998));
#3662=CARTESIAN_POINT('',(14.5004005432127,121.927393288916,39.1999999999998));
#3663=CARTESIAN_POINT('Origin',(15.5004005432127,118.89613817435,36.1999999999998));
#3664=CARTESIAN_POINT('Origin',(14.5004005432127,118.89613817435,36.1999999999998));
#3665=CARTESIAN_POINT('Origin',(15.5004005432127,118.89613817435,36.1999999999998));
#3666=CARTESIAN_POINT('Origin',(46.0004005432131,147.332784887602,-16.8));
#3667=CARTESIAN_POINT('',(46.0004005432131,150.171373854215,-17.770779418108));
#3668=CARTESIAN_POINT('',(71.5004005432131,149.477393288916,-18.8977737735544));
#3669=CARTESIAN_POINT('',(46.0004005432131,149.477393288916,-18.8977737735545));
#3670=CARTESIAN_POINT('',(71.500400543213,150.171373854215,-17.7707794181079));
#3671=CARTESIAN_POINT('Origin',(71.500400543213,147.332784887602,-16.7999999999998));
#3672=CARTESIAN_POINT('',(76.5004005432131,150.171373854215,-17.7707794181078));
#3673=CARTESIAN_POINT('',(46.0004005432131,150.171373854215,-17.770779418108));
#3674=CARTESIAN_POINT('',(76.5004005432131,147.332784887602,-19.7999999999998));
#3675=CARTESIAN_POINT('Origin',(76.5004005432131,147.332784887602,-16.7999999999998));
#3676=CARTESIAN_POINT('',(46.0004005432131,147.332784887602,-19.8));
#3677=CARTESIAN_POINT('Origin',(14.5004005432131,155.677393288916,-19.8000000000002));
#3678=CARTESIAN_POINT('',(76.5004005432131,119.014191677685,-19.7999999999998));
#3679=CARTESIAN_POINT('',(76.5004005432131,144.427393288916,-19.7999999999998));
#3680=CARTESIAN_POINT('',(77.5004005432131,119.014191677685,-19.7999999999997));
#3681=CARTESIAN_POINT('Origin',(77.5004005432131,119.014191677685,-15.7999999999998));
#3682=CARTESIAN_POINT('',(76.5004005432131,115.57468258415,-17.8420032310175));
#3683=CARTESIAN_POINT('Origin',(76.5004005432131,119.014191677685,-15.7999999999998));
#3684=CARTESIAN_POINT('',(77.5004005432131,115.57468258415,-17.8420032310175));
#3685=CARTESIAN_POINT('Origin',(77.500400543213,145.627393288916,1.16889180614162E-13));
#3686=CARTESIAN_POINT('',(76.500400543213,110.677393288916,1.40955542067544E-13));
#3687=CARTESIAN_POINT('Origin',(76.500400543213,145.627393288916,1.11227721488465E-13));
#3688=CARTESIAN_POINT('',(71.5004005432129,110.677393288916,1.14868692488308E-13));
#3689=CARTESIAN_POINT('',(77.500400543213,110.677393288916,1.46617001193241E-13));
#3690=CARTESIAN_POINT('Origin',(71.5004005432129,145.627393288916,8.29204258599785E-14));
#3691=CARTESIAN_POINT('',(77.500400543213,110.677393288916,1.46617001193241E-13));
#3692=CARTESIAN_POINT('Origin',(14.5004005432131,110.677393288916,-19.8000000000002));
#3693=CARTESIAN_POINT('',(71.5004005432127,110.677393288916,40.2000000000002));
#3694=CARTESIAN_POINT('',(76.5004005432128,110.677393288916,32.6664583326692));
#3695=CARTESIAN_POINT('',(76.500400543213,110.677393288916,-4.79999999999978));
#3696=CARTESIAN_POINT('',(77.5004005432128,110.677393288916,32.6664583326692));
#3697=CARTESIAN_POINT('Origin',(77.5004005432128,114.677393288916,32.6664583326692));
#3698=CARTESIAN_POINT('',(76.5004005432128,111.926282177805,35.5701435177953));
#3699=CARTESIAN_POINT('Origin',(76.5004005432128,114.677393288916,32.6664583326692));
#3700=CARTESIAN_POINT('',(77.5004005432128,111.926282177805,35.5701435177954));
#3701=CARTESIAN_POINT('Origin',(77.500400543213,145.627393288916,1.16889180614162E-13));
#3702=CARTESIAN_POINT('',(76.5004005432127,116.520026608611,39.417777777778));
#3703=CARTESIAN_POINT('Origin',(76.500400543213,145.627393288916,1.11262966663849E-13));
#3704=CARTESIAN_POINT('',(77.5004005432127,116.520026608611,39.417777777778));
#3705=CARTESIAN_POINT('Origin',(14.5004005432129,133.177393288916,10.1999999999998));
#3706=CARTESIAN_POINT('',(14.5004005432129,149.477393288916,-2.43528971783931E-13));
#3707=CARTESIAN_POINT('Origin',(14.5004005432129,145.627393288916,-2.39782744304758E-13));
#3708=CARTESIAN_POINT('',(14.5004005432129,127.277393288916,-2.24931753508141E-13));
#3709=CARTESIAN_POINT('Origin',(14.5004005432129,125.627393288916,-2.23326227445638E-13));
#3710=CARTESIAN_POINT('',(14.5004005432129,123.277393288916,-2.02794154084783E-13));
#3711=CARTESIAN_POINT('Origin',(14.5004005432129,121.627393288916,-2.01188628022281E-13));
#3712=CARTESIAN_POINT('Origin',(76.5004005432128,114.677393288916,32.6664583326692));
#3713=CARTESIAN_POINT('',(77.5004005432128,112.614059955582,34.8442222215138));
#3714=CARTESIAN_POINT('Origin',(76.5004005432128,112.614059955582,34.8442222215138));
#3715=CARTESIAN_POINT('',(77.5004005432128,111.677393288916,32.6664583326692));
#3716=CARTESIAN_POINT('Origin',(76.5004005432128,111.677393288916,32.6664583326692));
#3717=CARTESIAN_POINT('Origin',(77.5004005432128,114.677393288916,32.6664583326692));
#3718=CARTESIAN_POINT('Origin',(76.500400543213,111.677393288916,-4.79999999999978));
#3719=CARTESIAN_POINT('',(77.500400543213,111.677393288916,1.45766419774669E-13));
#3720=CARTESIAN_POINT('Origin',(76.500400543213,111.677393288916,1.40289997819743E-13));
#3721=CARTESIAN_POINT('',(77.500400543213,111.677393288916,-4.79999999999977));
#3722=CARTESIAN_POINT('Origin',(76.500400543213,145.627393288916,1.11227721488465E-13));
#3723=CARTESIAN_POINT('',(77.5004005432131,116.434559857533,-17.3315024232631));
#3724=CARTESIAN_POINT('Origin',(76.5004005432131,116.434559857533,-17.3315024232631));
#3725=CARTESIAN_POINT('Origin',(77.500400543213,145.627393288916,1.16889180614162E-13));
#3726=CARTESIAN_POINT('Origin',(76.5004005432131,119.014191677685,-15.7999999999998));
#3727=CARTESIAN_POINT('',(77.5004005432131,119.014191677685,-18.7999999999998));
#3728=CARTESIAN_POINT('Origin',(76.5004005432131,119.014191677685,-18.7999999999998));
#3729=CARTESIAN_POINT('Origin',(77.5004005432131,119.014191677685,-15.7999999999998));
#3730=CARTESIAN_POINT('Origin',(76.5004005432131,144.427393288916,-18.7999999999998));
#3731=CARTESIAN_POINT('',(77.5004005432131,147.332784887602,-18.7999999999998));
#3732=CARTESIAN_POINT('Origin',(76.5004005432131,147.332784887602,-18.7999999999998));
#3733=CARTESIAN_POINT('',(77.5004005432131,144.427393288916,-18.7999999999998));
#3734=CARTESIAN_POINT('Origin',(76.5004005432131,147.332784887602,-16.7999999999998));
#3735=CARTESIAN_POINT('',(77.5004005432131,149.22517753201,-17.4471862787385));
#3736=CARTESIAN_POINT('Origin',(76.5004005432131,149.22517753201,-17.4471862787385));
#3737=CARTESIAN_POINT('Origin',(77.5004005432131,147.332784887602,-16.7999999999998));
#3738=CARTESIAN_POINT('Origin',(76.500400543213,155.100166024464,-0.268538686314282));
#3739=CARTESIAN_POINT('',(77.500400543213,154.190470004865,-2.92851791129256));
#3740=CARTESIAN_POINT('',(76.500400543213,155.13666632707,-3.25211105066192));
#3741=CARTESIAN_POINT('Origin',(76.500400543213,154.190470004865,-2.92851791129257));
#3742=CARTESIAN_POINT('',(77.500400543213,155.100166024464,-0.268538686314277));
#3743=CARTESIAN_POINT('',(76.500400543213,156.046362346668,-0.592131825683637));
#3744=CARTESIAN_POINT('Origin',(76.500400543213,145.627393288916,1.11262966663849E-13));
#3745=CARTESIAN_POINT('',(77.500400543213,154.567461629083,1.40629942513331));
#3746=CARTESIAN_POINT('',(76.500400543213,155.555314484351,1.56169162680547));
#3747=CARTESIAN_POINT('Origin',(76.500400543213,154.567461629083,1.4062994251333));
#3748=CARTESIAN_POINT('Origin',(77.500400543213,145.627393288916,1.16924425789547E-13));
#3749=CARTESIAN_POINT('Origin',(76.500400543213,145.627393288916,1.11262966663849E-13));
#3750=CARTESIAN_POINT('Origin',(76.5004005432128,150.595313984095,26.657871578817));
#3751=CARTESIAN_POINT('',(77.5004005432128,148.888118414059,37.5107844033446));
#3752=CARTESIAN_POINT('',(76.5004005432128,149.875971269326,37.6661766050167));
#3753=CARTESIAN_POINT('Origin',(76.5004005432128,148.888118414059,37.5107844033446));
#3754=CARTESIAN_POINT('',(77.5004005432128,150.595313984095,26.657871578817));
#3755=CARTESIAN_POINT('',(76.5004005432128,151.583166839362,26.8132637804892));
#3756=CARTESIAN_POINT('Origin',(76.5004005432127,146.912412703524,37.2000000000002));
#3757=CARTESIAN_POINT('',(77.5004005432128,146.912412703524,39.2000000000002));
#3758=CARTESIAN_POINT('',(76.5004005432127,146.912412703524,40.2000000000002));
#3759=CARTESIAN_POINT('Origin',(76.5004005432127,146.912412703524,39.2000000000002));
#3760=CARTESIAN_POINT('Origin',(77.5004005432128,146.912412703524,37.2000000000002));
#3761=CARTESIAN_POINT('Origin',(76.5004005432127,146.912412703524,37.2000000000002));
#3762=CARTESIAN_POINT('Origin',(76.5004005432127,121.927393288916,39.2000000000002));
#3763=CARTESIAN_POINT('',(77.5004005432127,118.89613817435,39.2000000000002));
#3764=CARTESIAN_POINT('',(76.5004005432127,118.89613817435,40.2000000000002));
#3765=CARTESIAN_POINT('Origin',(76.5004005432127,118.89613817435,39.2000000000002));
#3766=CARTESIAN_POINT('',(77.5004005432127,121.927393288916,39.2000000000002));
#3767=CARTESIAN_POINT('',(76.5004005432127,121.927393288916,40.2000000000002));
#3768=CARTESIAN_POINT('Origin',(76.5004005432128,118.89613817435,36.2000000000002));
#3769=CARTESIAN_POINT('',(77.5004005432127,117.114054500046,38.6133333333336));
#3770=CARTESIAN_POINT('Origin',(76.5004005432127,117.114054500046,38.6133333333336));
#3771=CARTESIAN_POINT('Origin',(77.5004005432128,118.89613817435,36.2000000000002));
#3772=CARTESIAN_POINT('Origin',(76.5004005432128,118.89613817435,36.2000000000002));
#3773=CARTESIAN_POINT('Origin',(76.500400543213,145.627393288916,1.11262966663849E-13));
#3774=CARTESIAN_POINT('Origin',(77.500400543213,145.627393288916,1.16924425789547E-13));
#3775=CARTESIAN_POINT('Origin',(77.500400543213,145.627393288916,1.16889180614162E-13));
#3776=CARTESIAN_POINT('',(71.5004005432129,155.13666632707,-3.25211105066195));
#3777=CARTESIAN_POINT('',(77.500400543213,155.13666632707,-3.25211105066191));
#3778=CARTESIAN_POINT('',(71.5004005432129,155.555314484351,1.56169162680545));
#3779=CARTESIAN_POINT('Origin',(71.5004005432129,145.627393288916,8.29204258599785E-14));
#3780=CARTESIAN_POINT('',(77.500400543213,155.555314484351,1.56169162680548));
#3781=CARTESIAN_POINT('Origin',(77.5004005432127,149.477393288916,40.2000000000002));
#3782=CARTESIAN_POINT('',(71.5004005432127,149.875971269326,37.6661766050167));
#3783=CARTESIAN_POINT('',(71.5004005432127,151.583166839362,26.8132637804892));
#3784=CARTESIAN_POINT('',(46.0004005432127,149.875971269326,37.6661766050165));
#3785=CARTESIAN_POINT('Origin',(46.0004005432127,146.912412703524,37.2));
#3786=CARTESIAN_POINT('',(46.0004005432127,146.912412703524,40.2));
#3787=CARTESIAN_POINT('',(71.5004005432127,149.477393288916,38.7559159992002));
#3788=CARTESIAN_POINT('Origin',(71.5004005432127,146.912412703524,37.2000000000002));
#3789=CARTESIAN_POINT('',(46.0004005432127,149.477393288916,38.7559159992));
#3790=CARTESIAN_POINT('',(46.0004005432127,149.875971269326,37.6661766050165));
#3791=CARTESIAN_POINT('Origin',(14.5004005432127,110.677393288916,40.1999999999998));
#3792=CARTESIAN_POINT('',(77.5004005432127,118.89613817435,40.2000000000003));
#3793=CARTESIAN_POINT('Origin',(77.5004005432128,118.89613817435,36.2000000000002));
#3794=CARTESIAN_POINT('Origin',(77.5004005432129,133.177393288916,10.2000000000002));
#3795=CARTESIAN_POINT('',(77.500400543213,150.627393288916,1.17297509488699E-13));
#3796=CARTESIAN_POINT('Origin',(77.500400543213,145.627393288916,1.22162739981131E-13));
#3797=CARTESIAN_POINT('Origin',(71.5004005432128,133.177393288916,10.2000000000002));
#3798=CARTESIAN_POINT('',(71.5004005432127,146.977393288916,28.4000000000002));
#3799=CARTESIAN_POINT('',(71.5004005432127,134.077393288916,28.4000000000002));
#3800=CARTESIAN_POINT('',(71.5004005432127,147.477393288916,28.9000000000002));
#3801=CARTESIAN_POINT('Origin',(71.5004005432127,146.977393288916,28.9000000000002));
#3802=CARTESIAN_POINT('',(71.5004005432128,147.477393288916,20.3000000000002));
#3803=CARTESIAN_POINT('',(71.5004005432127,149.477393288916,32.4000000000002));
#3804=CARTESIAN_POINT('',(71.5004005432129,156.046362346668,-0.592131825683666));
#3805=CARTESIAN_POINT('',(71.500400543213,149.477393288916,-11.9999999999998));
#3806=CARTESIAN_POINT('',(71.500400543213,149.477393288916,-11.9999999999998));
#3807=CARTESIAN_POINT('',(71.500400543213,147.477393288916,-9.99999999999979));
#3808=CARTESIAN_POINT('Origin',(71.500400543213,147.477393288916,-11.9999999999998));
#3809=CARTESIAN_POINT('',(71.500400543213,147.477393288916,-8.4999999999998));
#3810=CARTESIAN_POINT('',(71.5004005432129,147.477393288916,0.100000000000199));
#3811=CARTESIAN_POINT('',(71.5004005432129,146.977393288916,-7.99999999999979));
#3812=CARTESIAN_POINT('Origin',(71.5004005432129,146.977393288916,-8.49999999999979));
#3813=CARTESIAN_POINT('',(71.500400543213,122.477393288916,-7.99999999999977));
#3814=CARTESIAN_POINT('',(71.5004005432129,134.077393288916,-7.99999999999978));
#3815=CARTESIAN_POINT('',(71.5004005432129,129.202393288916,-1.27499999999979));
#3816=CARTESIAN_POINT('',(71.500400543213,147.227393288916,8.66371114693701E-14));
#3817=CARTESIAN_POINT('Origin',(71.5004005432129,145.627393288916,8.8193985226948E-14));
#3818=CARTESIAN_POINT('Origin',(77.500400543213,155.13666632707,-3.25211105066191));
#3819=CARTESIAN_POINT('Origin',(20.5004005432127,149.477393288916,40.1999999999999));
#3820=CARTESIAN_POINT('',(34.5004003942013,149.477393288916,36.5000005438922));
#3821=CARTESIAN_POINT('Ctrl Pts',(34.5004003942012,149.477393288916,36.5000005438922));
#3822=CARTESIAN_POINT('Ctrl Pts',(34.6614410996576,149.477393288916,36.5000005438922));
#3823=CARTESIAN_POINT('Ctrl Pts',(34.9696018147415,149.477393288916,36.4882751613265));
#3824=CARTESIAN_POINT('Ctrl Pts',(35.3900807650508,149.477393288916,36.4355122707661));
#3825=CARTESIAN_POINT('Ctrl Pts',(35.8675967514084,149.477393288916,36.2990573465544));
#3826=CARTESIAN_POINT('Ctrl Pts',(36.3304185149393,149.477393288916,36.0411090030002));
#3827=CARTESIAN_POINT('Ctrl Pts',(36.6690490937615,149.477393288916,35.7220779026359));
#3828=CARTESIAN_POINT('Ctrl Pts',(36.901013007108,149.477393288916,35.3636733627975));
#3829=CARTESIAN_POINT('Ctrl Pts',(37.0545849098234,149.477393288916,34.9743221694652));
#3830=CARTESIAN_POINT('Ctrl Pts',(37.1712628371401,149.477393288916,34.5420759899464));
#3831=CARTESIAN_POINT('Ctrl Pts',(37.2961177312254,149.477393288916,34.0473228115128));
#3832=CARTESIAN_POINT('Ctrl Pts',(37.4551979207909,149.477393288916,33.5198049058716));
#3833=CARTESIAN_POINT('Ctrl Pts',(37.6275433856152,149.477393288916,33.0560477150984));
#3834=CARTESIAN_POINT('Ctrl Pts',(37.7773397874829,149.477393288916,32.703103907238));
#3835=CARTESIAN_POINT('Ctrl Pts',(37.8775625270068,149.477393288916,32.4830239801524));
#3836=CARTESIAN_POINT('Ctrl Pts',(37.9163272714537,149.477393288916,32.3999999999999));
#3837=CARTESIAN_POINT('',(31.0844735169488,149.477393288916,32.3999999999999));
#3838=CARTESIAN_POINT('Ctrl Pts',(31.0844735169488,149.477393288916,32.3999999999999));
#3839=CARTESIAN_POINT('Ctrl Pts',(31.1232382613957,149.477393288916,32.4830239801524));
#3840=CARTESIAN_POINT('Ctrl Pts',(31.2234610009196,149.477393288916,32.7031039072379));
#3841=CARTESIAN_POINT('Ctrl Pts',(31.3732574027872,149.477393288916,33.0560477150984));
#3842=CARTESIAN_POINT('Ctrl Pts',(31.5456028676116,149.477393288916,33.5198049058716));
#3843=CARTESIAN_POINT('Ctrl Pts',(31.7046830571771,149.477393288916,34.0473228115127));
#3844=CARTESIAN_POINT('Ctrl Pts',(31.8295379512624,149.477393288916,34.5420759899464));
#3845=CARTESIAN_POINT('Ctrl Pts',(31.946215878579,149.477393288916,34.9743221694652));
#3846=CARTESIAN_POINT('Ctrl Pts',(32.0997877812945,149.477393288916,35.3636733627975));
#3847=CARTESIAN_POINT('Ctrl Pts',(32.331751694641,149.477393288916,35.7220779026359));
#3848=CARTESIAN_POINT('Ctrl Pts',(32.6703822734632,149.477393288916,36.0411090030002));
#3849=CARTESIAN_POINT('Ctrl Pts',(33.1332040369941,149.477393288916,36.2990573465544));
#3850=CARTESIAN_POINT('Ctrl Pts',(33.6107200233517,149.477393288916,36.4355122707661));
#3851=CARTESIAN_POINT('Ctrl Pts',(34.031198973661,149.477393288916,36.4882751613265));
#3852=CARTESIAN_POINT('Ctrl Pts',(34.3393596887449,149.477393288916,36.5000005438922));
#3853=CARTESIAN_POINT('Ctrl Pts',(34.5004003942013,149.477393288916,36.5000005438922));
#3854=CARTESIAN_POINT('',(20.5004005432127,149.477393288916,32.3999999999998));
#3855=CARTESIAN_POINT('',(61.0504006922243,149.477393288916,34.4999999999999));
#3856=CARTESIAN_POINT('Origin',(62.4504006922243,149.477393288916,34.4999999999999));
#3857=CARTESIAN_POINT('',(51.1504006922243,149.477393288916,34.4999999999998));
#3858=CARTESIAN_POINT('Origin',(52.5504006922243,149.477393288916,34.4999999999998));
#3859=CARTESIAN_POINT('',(38.0504006922243,149.477393288916,34.4999999999998));
#3860=CARTESIAN_POINT('Origin',(39.4504006922243,149.477393288916,34.4999999999998));
#3861=CARTESIAN_POINT('',(28.1504006922243,149.477393288916,34.4999999999996));
#3862=CARTESIAN_POINT('Origin',(29.5504006922243,149.477393288916,34.4999999999997));
#3863=CARTESIAN_POINT('Origin',(77.500400543213,145.627393288916,1.16889180614162E-13));
#3864=CARTESIAN_POINT('',(77.500400543213,155.555314484351,1.56169162680548));
#3865=CARTESIAN_POINT('',(77.500400543213,155.13666632707,-3.25211105066191));
#3866=CARTESIAN_POINT('Origin',(77.500400543213,155.13666632707,-3.25211105066191));
#3867=CARTESIAN_POINT('Origin',(77.5004005432127,149.477393288916,40.2000000000002));
#3868=CARTESIAN_POINT('Origin',(22.4004006177188,121.477393288916,-9.00000000000009));
#3869=CARTESIAN_POINT('',(24.3004006922246,121.977393288916,-8.50000000000007));
#3870=CARTESIAN_POINT('',(24.3004006922246,127.727393288916,-2.75000000000008));
#3871=CARTESIAN_POINT('',(23.8004006922246,122.477393288916,-8.00000000000008));
#3872=CARTESIAN_POINT('Origin',(23.8004006922246,121.977393288916,-8.50000000000008));
#3873=CARTESIAN_POINT('',(24.3004006922246,122.477393288916,-8.00000000000008));
#3874=CARTESIAN_POINT('Origin',(46.000400543213,121.477393288916,-8.99999999999993));
#3875=CARTESIAN_POINT('',(68.2004006922246,122.477393288916,-7.99999999999979));
#3876=CARTESIAN_POINT('',(67.7004006922246,122.477393288916,-7.99999999999979));
#3877=CARTESIAN_POINT('',(67.7004006922246,121.977393288916,-8.49999999999979));
#3878=CARTESIAN_POINT('Origin',(68.2004006922246,121.977393288916,-8.49999999999979));
#3879=CARTESIAN_POINT('',(67.7004006922246,121.477393288916,-8.9999999999998));
#3880=CARTESIAN_POINT('Origin',(33.9004006177188,121.477393288916,-9.00000000000001));
#3881=CARTESIAN_POINT('',(47.3004006922246,121.977393288916,-8.49999999999993));
#3882=CARTESIAN_POINT('',(47.3004006922245,127.727393288916,-2.74999999999993));
#3883=CARTESIAN_POINT('',(46.8004006922246,122.477393288916,-7.99999999999993));
#3884=CARTESIAN_POINT('Origin',(46.8004006922246,121.977393288916,-8.49999999999993));
#3885=CARTESIAN_POINT('',(45.2004006922246,122.477393288916,-7.99999999999994));
#3886=CARTESIAN_POINT('',(47.3004006922246,122.477393288916,-7.99999999999993));
#3887=CARTESIAN_POINT('',(44.7004006922246,121.977393288916,-8.49999999999994));
#3888=CARTESIAN_POINT('Origin',(45.2004006922246,121.977393288916,-8.49999999999994));
#3889=CARTESIAN_POINT('',(44.7004006922246,121.477393288916,-8.99999999999994));
#3890=CARTESIAN_POINT('Origin',(68.2004003942011,141.227393288916,28.9000000000001));
#3891=CARTESIAN_POINT('',(67.7004003942011,147.477393288916,28.9000000000001));
#3892=CARTESIAN_POINT('',(67.7004003942011,141.227393288916,28.9000000000001));
#3893=CARTESIAN_POINT('',(68.2004003942011,146.977393288916,28.4000000000001));
#3894=CARTESIAN_POINT('Origin',(68.2004003942011,146.977393288916,28.9000000000001));
#3895=CARTESIAN_POINT('',(68.2004003942011,141.227393288916,28.4000000000001));
#3896=CARTESIAN_POINT('Origin',(70.5504005059598,146.977393288916,28.9000000000002));
#3897=CARTESIAN_POINT('',(70.5504005059598,146.977393288916,28.4000000000002));
#3898=CARTESIAN_POINT('',(70.5504005059598,147.477393288916,28.9000000000002));
#3899=CARTESIAN_POINT('Origin',(67.7004003942011,147.477393288916,30.4000000000001));
#3900=CARTESIAN_POINT('',(67.7004003942011,147.477393288916,30.4000000000001));
#3901=CARTESIAN_POINT('Origin',(71.5004005432127,147.477393288916,30.4000000000002));
#3902=CARTESIAN_POINT('Origin',(45.2004003942012,141.227393288916,28.9));
#3903=CARTESIAN_POINT('',(44.7004003942012,147.477393288916,28.9));
#3904=CARTESIAN_POINT('',(44.7004003942012,141.227393288916,28.9));
#3905=CARTESIAN_POINT('',(45.2004003942012,146.977393288916,28.4));
#3906=CARTESIAN_POINT('Origin',(45.2004003942012,146.977393288916,28.9));
#3907=CARTESIAN_POINT('',(45.2004003942012,141.227393288916,28.4));
#3908=CARTESIAN_POINT('Origin',(46.6504003942012,146.977393288916,28.9));
#3909=CARTESIAN_POINT('',(46.8004003942012,146.977393288916,28.4));
#3910=CARTESIAN_POINT('',(46.6504003942012,146.977393288916,28.4));
#3911=CARTESIAN_POINT('',(47.3004003942011,147.477393288916,28.9));
#3912=CARTESIAN_POINT('',(46.6504003942012,147.477393288916,28.9));
#3913=CARTESIAN_POINT('Origin',(46.8004003942012,146.977393288916,28.9));
#3914=CARTESIAN_POINT('Origin',(46.8004003942012,128.727393288916,28.9));
#3915=CARTESIAN_POINT('',(46.8004003942012,128.727393288916,28.4));
#3916=CARTESIAN_POINT('',(47.3004003942011,128.727393288916,28.9));
#3917=CARTESIAN_POINT('Origin',(44.7004003942012,147.477393288916,30.4));
#3918=CARTESIAN_POINT('',(44.7004003942012,147.477393288916,30.4));
#3919=CARTESIAN_POINT('Origin',(47.3004003942011,147.477393288916,30.4));
#3920=CARTESIAN_POINT('',(47.3004003942011,147.477393288916,30.4));
#3921=CARTESIAN_POINT('Origin',(47.3004003942011,122.477393288916,30.4));
#3922=CARTESIAN_POINT('Origin',(23.350400431454,146.977393288916,28.8999999999999));
#3923=CARTESIAN_POINT('',(24.3004003942011,147.477393288916,28.8999999999999));
#3924=CARTESIAN_POINT('',(23.350400431454,147.477393288916,28.8999999999999));
#3925=CARTESIAN_POINT('',(23.8004003942011,146.977393288916,28.3999999999999));
#3926=CARTESIAN_POINT('Origin',(23.8004003942011,146.977393288916,28.8999999999999));
#3927=CARTESIAN_POINT('',(23.350400431454,146.977393288916,28.3999999999999));
#3928=CARTESIAN_POINT('Origin',(23.8004003942011,128.727393288916,28.8999999999999));
#3929=CARTESIAN_POINT('',(23.8004003942011,128.727393288916,28.3999999999999));
#3930=CARTESIAN_POINT('',(24.3004003942011,128.727393288916,28.8999999999999));
#3931=CARTESIAN_POINT('Origin',(22.4004004687069,134.977393288916,28.3999999999999));
#3932=CARTESIAN_POINT('Origin',(24.3004003942011,147.477393288916,30.3999999999999));
#3933=CARTESIAN_POINT('',(20.5004005432127,147.477393288916,30.3999999999998));
#3934=CARTESIAN_POINT('',(24.3004003942011,147.477393288916,30.3999999999999));
#3935=CARTESIAN_POINT('Origin',(24.3004003942011,122.477393288916,30.3999999999999));
#3936=CARTESIAN_POINT('Origin',(46.0004003942012,134.977393288916,28.4));
#3937=CARTESIAN_POINT('Origin',(69.600400468707,134.977393288916,28.4000000000002));
#3938=CARTESIAN_POINT('Origin',(23.8004006922246,141.227393288916,-8.5000000000001));
#3939=CARTESIAN_POINT('',(24.3004006922246,147.477393288916,-8.5000000000001));
#3940=CARTESIAN_POINT('',(24.3004006922246,141.227393288916,-8.50000000000009));
#3941=CARTESIAN_POINT('',(23.8004006922246,146.977393288916,-8.0000000000001));
#3942=CARTESIAN_POINT('Origin',(23.8004006922246,146.977393288916,-8.5000000000001));
#3943=CARTESIAN_POINT('',(23.8004006922246,141.227393288916,-8.00000000000009));
#3944=CARTESIAN_POINT('Origin',(21.4504005804659,146.977393288916,-8.50000000000012));
#3945=CARTESIAN_POINT('',(21.4504005804659,146.977393288916,-8.00000000000012));
#3946=CARTESIAN_POINT('',(21.4504005804659,147.477393288916,-8.50000000000011));
#3947=CARTESIAN_POINT('Origin',(24.3004006922246,147.477393288916,-10.0000000000001));
#3948=CARTESIAN_POINT('',(24.3004006922246,147.477393288916,-10.0000000000001));
#3949=CARTESIAN_POINT('Origin',(20.500400543213,147.477393288916,-10.0000000000001));
#3950=CARTESIAN_POINT('',(20.500400543213,147.477393288916,-10.0000000000001));
#3951=CARTESIAN_POINT('Origin',(46.8004006922246,141.227393288916,-8.49999999999994));
#3952=CARTESIAN_POINT('',(47.3004006922246,147.477393288916,-8.49999999999995));
#3953=CARTESIAN_POINT('',(47.3004006922246,141.227393288916,-8.49999999999994));
#3954=CARTESIAN_POINT('',(46.8004006922246,146.977393288916,-7.99999999999995));
#3955=CARTESIAN_POINT('Origin',(46.8004006922246,146.977393288916,-8.49999999999995));
#3956=CARTESIAN_POINT('',(46.8004006922246,141.227393288916,-7.99999999999994));
#3957=CARTESIAN_POINT('Origin',(45.3504006922246,146.977393288916,-8.49999999999996));
#3958=CARTESIAN_POINT('',(45.2004006922246,146.977393288916,-7.99999999999996));
#3959=CARTESIAN_POINT('',(45.3504006922246,146.977393288916,-7.99999999999996));
#3960=CARTESIAN_POINT('',(44.7004006922246,147.477393288916,-8.49999999999996));
#3961=CARTESIAN_POINT('',(45.3504006922246,147.477393288916,-8.49999999999996));
#3962=CARTESIAN_POINT('Origin',(45.2004006922246,146.977393288916,-8.49999999999996));
#3963=CARTESIAN_POINT('Origin',(45.2004006922246,128.727393288916,-8.49999999999994));
#3964=CARTESIAN_POINT('',(45.2004006922246,128.727393288916,-7.99999999999995));
#3965=CARTESIAN_POINT('',(44.7004006922246,128.727393288916,-8.49999999999995));
#3966=CARTESIAN_POINT('Origin',(47.3004006922246,147.477393288916,-9.99999999999995));
#3967=CARTESIAN_POINT('',(47.3004006922246,147.477393288916,-9.99999999999995));
#3968=CARTESIAN_POINT('Origin',(44.7004006922246,147.477393288916,-9.99999999999996));
#3969=CARTESIAN_POINT('',(20.500400543213,147.477393288916,-10.0000000000001));
#3970=CARTESIAN_POINT('',(44.7004006922246,147.477393288916,-9.99999999999996));
#3971=CARTESIAN_POINT('Origin',(44.7004006922246,122.477393288916,-9.99999999999994));
#3972=CARTESIAN_POINT('Origin',(68.6504006549717,146.977393288916,-8.49999999999981));
#3973=CARTESIAN_POINT('',(67.7004006922246,147.477393288916,-8.49999999999981));
#3974=CARTESIAN_POINT('',(68.6504006549717,147.477393288916,-8.49999999999981));
#3975=CARTESIAN_POINT('',(68.2004006922246,146.977393288916,-7.99999999999981));
#3976=CARTESIAN_POINT('Origin',(68.2004006922246,146.977393288916,-8.49999999999981));
#3977=CARTESIAN_POINT('',(68.6504006549717,146.977393288916,-7.99999999999981));
#3978=CARTESIAN_POINT('Origin',(68.2004006922246,128.727393288916,-8.4999999999998));
#3979=CARTESIAN_POINT('',(68.2004006922246,128.727393288916,-7.99999999999979));
#3980=CARTESIAN_POINT('',(67.7004006922246,128.727393288916,-8.4999999999998));
#3981=CARTESIAN_POINT('Origin',(69.6004006177188,134.977393288916,-7.99999999999979));
#3982=CARTESIAN_POINT('Origin',(67.7004006922246,147.477393288916,-9.99999999999981));
#3983=CARTESIAN_POINT('',(20.500400543213,147.477393288916,-10.0000000000001));
#3984=CARTESIAN_POINT('',(67.7004006922246,147.477393288916,-9.99999999999981));
#3985=CARTESIAN_POINT('Origin',(67.7004006922246,122.477393288916,-9.99999999999979));
#3986=CARTESIAN_POINT('Origin',(46.0004006922246,134.977393288916,-7.99999999999994));
#3987=CARTESIAN_POINT('Origin',(22.4004006177188,134.977393288916,-8.0000000000001));
#3988=CARTESIAN_POINT('Ctrl Pts',(53.4381002959523,115.477393288916,-10.7999999999999));
#3989=CARTESIAN_POINT('Ctrl Pts',(56.1463005601338,115.477393288916,-10.7999999999999));
#3990=CARTESIAN_POINT('Ctrl Pts',(58.8545008243152,115.477393288916,-10.7999999999999));
#3991=CARTESIAN_POINT('Ctrl Pts',(61.5627010884966,115.477393288916,-10.7999999999999));
#3992=CARTESIAN_POINT('Ctrl Pts',(53.4381002959523,115.477393288916,-11.0634057612733));
#3993=CARTESIAN_POINT('Ctrl Pts',(56.1463005601338,115.477393288916,-11.0634057612733));
#3994=CARTESIAN_POINT('Ctrl Pts',(58.8545008243152,115.477393288916,-11.0634057612733));
#3995=CARTESIAN_POINT('Ctrl Pts',(61.5627010884966,115.477393288916,-11.0634057612733));
#3996=CARTESIAN_POINT('Ctrl Pts',(53.4381002959523,115.585788094559,-11.7244295651028));
#3997=CARTESIAN_POINT('Ctrl Pts',(56.1463005601338,115.585788094559,-11.7244295651027));
#3998=CARTESIAN_POINT('Ctrl Pts',(58.8545008243152,115.585788094559,-11.7244295651027));
#3999=CARTESIAN_POINT('Ctrl Pts',(61.5627010884966,115.585788094559,-11.7244295651027));
#4000=CARTESIAN_POINT('Ctrl Pts',(53.4381002959523,116.263811052944,-13.1739756646584));
#4001=CARTESIAN_POINT('Ctrl Pts',(56.1463005601338,116.263811052944,-13.1739756646584));
#4002=CARTESIAN_POINT('Ctrl Pts',(58.8545008243152,116.263811052944,-13.1739756646584));
#4003=CARTESIAN_POINT('Ctrl Pts',(61.5627010884966,116.263811052944,-13.1739756646584));
#4004=CARTESIAN_POINT('Ctrl Pts',(53.4381002959524,117.56454500755,-14.9615931943094));
#4005=CARTESIAN_POINT('Ctrl Pts',(56.1463005601338,117.56454500755,-14.9615931943094));
#4006=CARTESIAN_POINT('Ctrl Pts',(58.8545008243153,117.56454500755,-14.9615931943094));
#4007=CARTESIAN_POINT('Ctrl Pts',(61.5627010884967,117.56454500755,-14.9615931943094));
#4008=CARTESIAN_POINT('Ctrl Pts',(53.4381002959524,119.315901837675,-16.7141983346104));
#4009=CARTESIAN_POINT('Ctrl Pts',(56.1463005601338,119.315901837675,-16.7141983346104));
#4010=CARTESIAN_POINT('Ctrl Pts',(58.8545008243152,119.315901837675,-16.7141983346104));
#4011=CARTESIAN_POINT('Ctrl Pts',(61.5627010884967,119.315901837675,-16.7141983346104));
#4012=CARTESIAN_POINT('Ctrl Pts',(53.4381002959524,121.101871826639,-18.0119673176554));
#4013=CARTESIAN_POINT('Ctrl Pts',(56.1463005601338,121.101871826639,-18.0119673176554));
#4014=CARTESIAN_POINT('Ctrl Pts',(58.8545008243153,121.101871826639,-18.0119673176554));
#4015=CARTESIAN_POINT('Ctrl Pts',(61.5627010884967,121.101871826639,-18.0119673176554));
#4016=CARTESIAN_POINT('Ctrl Pts',(53.4381002959524,122.553624786459,-18.6922967591172));
#4017=CARTESIAN_POINT('Ctrl Pts',(56.1463005601338,122.553624786459,-18.6922967591171));
#4018=CARTESIAN_POINT('Ctrl Pts',(58.8545008243152,122.553624786459,-18.6922967591171));
#4019=CARTESIAN_POINT('Ctrl Pts',(61.5627010884967,122.553624786459,-18.6922967591171));
#4020=CARTESIAN_POINT('Ctrl Pts',(53.4381002959524,123.213987527642,-18.7999999999999));
#4021=CARTESIAN_POINT('Ctrl Pts',(56.1463005601338,123.213987527642,-18.7999999999999));
#4022=CARTESIAN_POINT('Ctrl Pts',(58.8545008243152,123.213987527642,-18.7999999999999));
#4023=CARTESIAN_POINT('Ctrl Pts',(61.5627010884967,123.213987527642,-18.7999999999999));
#4024=CARTESIAN_POINT('Ctrl Pts',(53.4381002959524,123.477393288916,-18.7999999999999));
#4025=CARTESIAN_POINT('Ctrl Pts',(56.1463005601338,123.477393288916,-18.7999999999999));
#4026=CARTESIAN_POINT('Ctrl Pts',(58.8545008243152,123.477393288916,-18.7999999999999));
#4027=CARTESIAN_POINT('Ctrl Pts',(61.5627010884967,123.477393288916,-18.7999999999999));
#4028=CARTESIAN_POINT('',(61.5627010884966,115.477393288916,-10.7999999999999));
#4029=CARTESIAN_POINT('',(59.8791957268391,117.643495948756,-14.96020744771));
#4030=CARTESIAN_POINT('Ctrl Pts',(61.5627010884966,115.477393288916,-10.7999999999999));
#4031=CARTESIAN_POINT('Ctrl Pts',(61.3625776097043,115.477393288916,-11.1199950046018));
#4032=CARTESIAN_POINT('Ctrl Pts',(61.1623528666944,115.557981614552,-11.4868239634883));
#4033=CARTESIAN_POINT('Ctrl Pts',(60.8186539515031,115.815463431571,-12.2010526956071));
#4034=CARTESIAN_POINT('Ctrl Pts',(60.6361775006526,116.002619953688,-12.6145582463473));
#4035=CARTESIAN_POINT('Ctrl Pts',(60.3196077794703,116.555075619288,-13.5489786767078));
#4036=CARTESIAN_POINT('Ctrl Pts',(60.2291058811307,116.820285949561,-13.9223118316745));
#4037=CARTESIAN_POINT('Ctrl Pts',(60.0695074539736,117.262192941027,-14.5082528764962));
#4038=CARTESIAN_POINT('Ctrl Pts',(59.9910818919834,117.460065821895,-14.7475612076044));
#4039=CARTESIAN_POINT('Ctrl Pts',(59.8791957268391,117.643495948756,-14.96020744771));
#4040=CARTESIAN_POINT('',(59.8791957268392,123.477393288916,-18.7999999999999));
#4041=CARTESIAN_POINT('Ctrl Pts',(59.8791957268391,117.643495948756,-14.96020744771));
#4042=CARTESIAN_POINT('Ctrl Pts',(59.8791957268391,118.586465362749,-16.0533697534451));
#4043=CARTESIAN_POINT('Ctrl Pts',(59.8791957268392,119.715239634918,-17.0539176642938));
#4044=CARTESIAN_POINT('Ctrl Pts',(59.8791957268392,121.304041428124,-18.0794025493154));
#4045=CARTESIAN_POINT('Ctrl Pts',(59.8791957268392,121.849193494039,-18.3779461606175));
#4046=CARTESIAN_POINT('Ctrl Pts',(59.8791957268392,122.678893661442,-18.6802239458559));
#4047=CARTESIAN_POINT('Ctrl Pts',(59.8791957268392,123.08652197254,-18.7999999999999));
#4048=CARTESIAN_POINT('Ctrl Pts',(59.8791957268392,123.477393288916,-18.7999999999999));
#4049=CARTESIAN_POINT('',(55.1216056576098,123.477393288916,-18.7999999999999));
#4050=CARTESIAN_POINT('Ctrl Pts',(55.1216056576098,123.477393288916,-18.7999999999999));
#4051=CARTESIAN_POINT('Ctrl Pts',(56.7074690140196,123.477393288916,-18.7999999999999));
#4052=CARTESIAN_POINT('Ctrl Pts',(58.2933323704294,123.477393288916,-18.7999999999999));
#4053=CARTESIAN_POINT('Ctrl Pts',(59.8791957268392,123.477393288916,-18.7999999999999));
#4054=CARTESIAN_POINT('',(55.1216056576098,117.643495948756,-14.96020744771));
#4055=CARTESIAN_POINT('Ctrl Pts',(55.1216056576098,123.477393288916,-18.7999999999999));
#4056=CARTESIAN_POINT('Ctrl Pts',(55.1216056576098,123.168267545558,-18.7999999999999));
#4057=CARTESIAN_POINT('Ctrl Pts',(55.1216056576098,122.840856217257,-18.7253646324144));
#4058=CARTESIAN_POINT('Ctrl Pts',(55.1216056576098,121.900976729337,-18.4179884984417));
#4059=CARTESIAN_POINT('Ctrl Pts',(55.1216056576099,121.157681951978,-18.0198221152386));
#4060=CARTESIAN_POINT('Ctrl Pts',(55.1216056576098,119.406777459433,-16.7795210957191));
#4061=CARTESIAN_POINT('Ctrl Pts',(55.1216056576098,118.449960333739,-15.8951226777259));
#4062=CARTESIAN_POINT('Ctrl Pts',(55.1216056576098,117.643495948756,-14.96020744771));
#4063=CARTESIAN_POINT('',(53.4381002959523,115.477393288916,-10.7999999999999));
#4064=CARTESIAN_POINT('Ctrl Pts',(55.1216056576098,117.643495948756,-14.96020744771));
#4065=CARTESIAN_POINT('Ctrl Pts',(55.0158686976014,117.470147045759,-14.7592481337769));
#4066=CARTESIAN_POINT('Ctrl Pts',(54.9437008893739,117.29272120505,-14.5435669420897));
#4067=CARTESIAN_POINT('Ctrl Pts',(54.7574461210067,116.786057980932,-13.8836648652335));
#4068=CARTESIAN_POINT('Ctrl Pts',(54.5821695592306,116.224805797838,-13.1169456779212));
#4069=CARTESIAN_POINT('Ctrl Pts',(54.0642785059725,115.718052240764,-11.9488136910366));
#4070=CARTESIAN_POINT('Ctrl Pts',(53.9323289186744,115.621114717621,-11.6775419402939));
#4071=CARTESIAN_POINT('Ctrl Pts',(53.6816393473798,115.508624166049,-11.2080404360751));
#4072=CARTESIAN_POINT('Ctrl Pts',(53.5628554537675,115.477393288916,-10.9994819775275));
#4073=CARTESIAN_POINT('Ctrl Pts',(53.4381002959523,115.477393288916,-10.7999999999999));
#4074=CARTESIAN_POINT('Ctrl Pts',(61.5627010884966,115.477393288916,-10.7999999999999));
#4075=CARTESIAN_POINT('Ctrl Pts',(58.8545008243152,115.477393288916,-10.7999999999999));
#4076=CARTESIAN_POINT('Ctrl Pts',(56.1463005601338,115.477393288916,-10.7999999999999));
#4077=CARTESIAN_POINT('Ctrl Pts',(53.4381002959523,115.477393288916,-10.7999999999999));
#4078=CARTESIAN_POINT('Ctrl Pts',(57.5004006922245,149.477393288916,-16.1000005438922));
#4079=CARTESIAN_POINT('Ctrl Pts',(57.5004006922245,98.9773932889156,-16.1000005438922));
#4080=CARTESIAN_POINT('Ctrl Pts',(57.6614413976808,149.477393288916,-16.1000005438922));
#4081=CARTESIAN_POINT('Ctrl Pts',(57.6614413976808,98.9773932889156,-16.1000005438922));
#4082=CARTESIAN_POINT('Ctrl Pts',(57.9696021127648,149.477393288916,-16.0882751613265));
#4083=CARTESIAN_POINT('Ctrl Pts',(57.9696021127647,98.9773932889156,-16.0882751613264));
#4084=CARTESIAN_POINT('Ctrl Pts',(58.390081063074,149.477393288916,-16.0355122707661));
#4085=CARTESIAN_POINT('Ctrl Pts',(58.390081063074,98.9773932889156,-16.035512270766));
#4086=CARTESIAN_POINT('Ctrl Pts',(58.8675970494317,149.477393288916,-15.8990573465544));
#4087=CARTESIAN_POINT('Ctrl Pts',(58.8675970494317,98.9773932889156,-15.8990573465543));
#4088=CARTESIAN_POINT('Ctrl Pts',(59.3304188129626,149.477393288916,-15.6411090030001));
#4089=CARTESIAN_POINT('Ctrl Pts',(59.3304188129626,98.9773932889156,-15.6411090030001));
#4090=CARTESIAN_POINT('Ctrl Pts',(59.6690493917848,149.477393288916,-15.3220779026359));
#4091=CARTESIAN_POINT('Ctrl Pts',(59.6690493917847,98.9773932889156,-15.3220779026358));
#4092=CARTESIAN_POINT('Ctrl Pts',(59.9010133051312,149.477393288916,-14.9636733627975));
#4093=CARTESIAN_POINT('Ctrl Pts',(59.9010133051312,98.9773932889156,-14.9636733627974));
#4094=CARTESIAN_POINT('Ctrl Pts',(60.0545852078467,149.477393288916,-14.5743221694652));
#4095=CARTESIAN_POINT('Ctrl Pts',(60.0545852078467,98.9773932889156,-14.5743221694651));
#4096=CARTESIAN_POINT('Ctrl Pts',(60.1712631351634,149.477393288916,-14.1420759899463));
#4097=CARTESIAN_POINT('Ctrl Pts',(60.1712631351634,98.9773932889156,-14.1420759899463));
#4098=CARTESIAN_POINT('Ctrl Pts',(60.2961180292487,149.477393288916,-13.6473228115127));
#4099=CARTESIAN_POINT('Ctrl Pts',(60.2961180292487,98.9773932889156,-13.6473228115127));
#4100=CARTESIAN_POINT('Ctrl Pts',(60.4688718915167,149.477393288916,-13.0744623198071));
#4101=CARTESIAN_POINT('Ctrl Pts',(60.4688718915167,98.9773932889156,-13.0744623198071));
#4102=CARTESIAN_POINT('Ctrl Pts',(60.7152422738475,149.477393288916,-12.4233737559414));
#4103=CARTESIAN_POINT('Ctrl Pts',(60.7152422738475,98.9773932889156,-12.4233737559414));
#4104=CARTESIAN_POINT('Ctrl Pts',(61.0362640018177,149.477393288916,-11.7235136085942));
#4105=CARTESIAN_POINT('Ctrl Pts',(61.0362640018176,98.9773932889156,-11.7235136085942));
#4106=CARTESIAN_POINT('Ctrl Pts',(61.4019306153286,149.477393288916,-11.0421407056359));
#4107=CARTESIAN_POINT('Ctrl Pts',(61.4019306153286,98.9773932889156,-11.0421407056358));
#4108=CARTESIAN_POINT('Ctrl Pts',(61.7666698874429,149.477393288916,-10.46318298065));
#4109=CARTESIAN_POINT('Ctrl Pts',(61.7666698874429,98.9773932889156,-10.46318298065));
#4110=CARTESIAN_POINT('Ctrl Pts',(62.0182826226305,149.477393288916,-10.1491775107381));
#4111=CARTESIAN_POINT('Ctrl Pts',(62.0182826226305,98.9773932889156,-10.149177510738));
#4112=CARTESIAN_POINT('Ctrl Pts',(62.1663906384656,149.477393288916,-10.0271232209019));
#4113=CARTESIAN_POINT('Ctrl Pts',(62.1663906384656,98.9773932889156,-10.0271232209019));
#4114=CARTESIAN_POINT('Ctrl Pts',(62.24469454973,149.477393288916,-9.9999999999999));
#4115=CARTESIAN_POINT('Ctrl Pts',(62.24469454973,98.9773932889156,-9.99999999999986));
#4116=CARTESIAN_POINT('Ctrl Pts',(62.2787378512151,149.477393288916,-9.9999999999999));
#4117=CARTESIAN_POINT('Ctrl Pts',(62.2787378512151,98.9773932889156,-9.99999999999986));
#4118=CARTESIAN_POINT('Ctrl Pts',(62.2787378512151,115.477393288916,-9.99999999999988));
#4119=CARTESIAN_POINT('Ctrl Pts',(62.2635818823471,115.477393288916,-9.99999999999988));
#4120=CARTESIAN_POINT('Ctrl Pts',(62.2484342980731,115.477393288916,-10.0032289631906));
#4121=CARTESIAN_POINT('Ctrl Pts',(62.2071961845171,115.477393288916,-10.0172107103508));
#4122=CARTESIAN_POINT('Ctrl Pts',(62.180550566364,115.477393288916,-10.0329774971917));
#4123=CARTESIAN_POINT('Ctrl Pts',(62.0964304733905,115.477393288916,-10.0920186473876));
#4124=CARTESIAN_POINT('Ctrl Pts',(62.0326085502746,115.477393288916,-10.1570709559877));
#4125=CARTESIAN_POINT('Ctrl Pts',(61.8521906956349,115.477393288916,-10.3633822135285));
#4126=CARTESIAN_POINT('Ctrl Pts',(61.7097040958455,115.477393288916,-10.5649439821005));
#4127=CARTESIAN_POINT('Ctrl Pts',(61.5627010884966,115.477393288916,-10.7999999999999));
#4128=CARTESIAN_POINT('',(60.9163275694769,149.477393288916,-11.9999999999999));
#4129=CARTESIAN_POINT('Ctrl Pts',(62.2787378512151,147.477393288916,-9.9999999999999));
#4130=CARTESIAN_POINT('Ctrl Pts',(62.2782986177122,147.479293839408,-9.9999999999999));
#4131=CARTESIAN_POINT('Ctrl Pts',(62.2778584161592,147.481194162935,-10.0000027090658));
#4132=CARTESIAN_POINT('Ctrl Pts',(62.2217527198766,147.722838013364,-10.0006915138091));
#4133=CARTESIAN_POINT('Ctrl Pts',(62.1511615824616,147.95603388561,-10.0443453376115));
#4134=CARTESIAN_POINT('Ctrl Pts',(61.9798931721254,148.400614892083,-10.2093365387907));
#4135=CARTESIAN_POINT('Ctrl Pts',(61.8795541685775,148.606548186114,-10.3327112932599));
#4136=CARTESIAN_POINT('Ctrl Pts',(61.6347595373394,149.006672097534,-10.6779174120043));
#4137=CARTESIAN_POINT('Ctrl Pts',(61.4870264993797,149.182033027801,-10.9148717381007));
#4138=CARTESIAN_POINT('Ctrl Pts',(61.194212059674,149.416118779895,-11.4340834425296));
#4139=CARTESIAN_POINT('Ctrl Pts',(61.0498633054503,149.477393288918,-11.7140012541981));
#4140=CARTESIAN_POINT('Ctrl Pts',(60.9163275694684,149.477393288916,-12.0000000000182));
#4141=CARTESIAN_POINT('',(57.5004006922245,149.477393288916,-16.1000005438922));
#4142=CARTESIAN_POINT('Ctrl Pts',(60.9163275694769,149.477393288916,-11.9999999999999));
#4143=CARTESIAN_POINT('Ctrl Pts',(60.87756282503,149.477393288916,-12.0830239801523));
#4144=CARTESIAN_POINT('Ctrl Pts',(60.7773400855062,149.477393288916,-12.3031039072379));
#4145=CARTESIAN_POINT('Ctrl Pts',(60.6275436836385,149.477393288916,-12.6560477150983));
#4146=CARTESIAN_POINT('Ctrl Pts',(60.4551982188141,149.477393288916,-13.1198049058716));
#4147=CARTESIAN_POINT('Ctrl Pts',(60.2961180292487,149.477393288916,-13.6473228115127));
#4148=CARTESIAN_POINT('Ctrl Pts',(60.1712631351634,149.477393288916,-14.1420759899463));
#4149=CARTESIAN_POINT('Ctrl Pts',(60.0545852078467,149.477393288916,-14.5743221694652));
#4150=CARTESIAN_POINT('Ctrl Pts',(59.9010133051312,149.477393288916,-14.9636733627975));
#4151=CARTESIAN_POINT('Ctrl Pts',(59.6690493917848,149.477393288916,-15.3220779026359));
#4152=CARTESIAN_POINT('Ctrl Pts',(59.3304188129626,149.477393288916,-15.6411090030001));
#4153=CARTESIAN_POINT('Ctrl Pts',(58.8675970494317,149.477393288916,-15.8990573465544));
#4154=CARTESIAN_POINT('Ctrl Pts',(58.390081063074,149.477393288916,-16.0355122707661));
#4155=CARTESIAN_POINT('Ctrl Pts',(57.9696021127648,149.477393288916,-16.0882751613265));
#4156=CARTESIAN_POINT('Ctrl Pts',(57.6614413976808,149.477393288916,-16.1000005438922));
#4157=CARTESIAN_POINT('Ctrl Pts',(57.5004006922245,149.477393288916,-16.1000005438922));
#4158=CARTESIAN_POINT('',(57.5004006922245,133.977393288916,-16.1000005438922));
#4159=CARTESIAN_POINT('',(57.5004006922245,149.477393288916,-16.1000005438922));
#4160=CARTESIAN_POINT('',(59.8791957041293,133.977393288916,-14.9602074908713));
#4161=CARTESIAN_POINT('Ctrl Pts',(57.5004006922245,133.977393288916,-16.1000005438922));
#4162=CARTESIAN_POINT('Ctrl Pts',(58.2214782887652,133.977393288916,-16.1000005438922));
#4163=CARTESIAN_POINT('Ctrl Pts',(58.9905221864374,133.977393288916,-15.8956854521935));
#4164=CARTESIAN_POINT('Ctrl Pts',(59.6027200241644,133.977393288916,-15.3886898139598));
#4165=CARTESIAN_POINT('Ctrl Pts',(59.7951317644671,133.977393288916,-15.1199759456891));
#4166=CARTESIAN_POINT('Ctrl Pts',(59.8791957041294,133.977393288916,-14.9602074908713));
#4167=CARTESIAN_POINT('',(59.8791957268391,131.477393288916,-14.96020744771));
#4168=CARTESIAN_POINT('Ctrl Pts',(59.8791957041293,133.977393288916,-14.9602074908713));
#4169=CARTESIAN_POINT('Ctrl Pts',(59.8791957041293,133.144059955582,-14.9602074908713));
#4170=CARTESIAN_POINT('Ctrl Pts',(59.8791957234747,132.310726622249,-14.9602074541043));
#4171=CARTESIAN_POINT('Ctrl Pts',(59.8791957268391,131.477393288916,-14.96020744771));
#4172=CARTESIAN_POINT('Ctrl Pts',(59.8791957268391,117.643495948756,-14.96020744771));
#4173=CARTESIAN_POINT('Ctrl Pts',(59.8791957268391,119.838128395476,-14.96020744771));
#4174=CARTESIAN_POINT('Ctrl Pts',(59.8791957268391,122.032760842196,-14.96020744771));
#4175=CARTESIAN_POINT('Ctrl Pts',(59.8791957268391,126.644059955582,-14.96020744771));
#4176=CARTESIAN_POINT('Ctrl Pts',(59.8791957268391,129.060726622249,-14.96020744771));
#4177=CARTESIAN_POINT('Ctrl Pts',(59.8791957268391,131.477393288916,-14.96020744771));
#4178=CARTESIAN_POINT('Origin',(59.8791957268391,126.477393288916,-14.96020744771));
#4179=CARTESIAN_POINT('',(59.879195726839,131.879639025565,-16.6106669994663));
#4180=CARTESIAN_POINT('Ctrl Pts',(59.8791957268391,131.879639025565,-16.6106669994662));
#4181=CARTESIAN_POINT('Ctrl Pts',(59.8791957268391,132.018819018556,-16.3526710907708));
#4182=CARTESIAN_POINT('Ctrl Pts',(59.8791957268391,132.189452911414,-16.1116166624653));
#4183=CARTESIAN_POINT('Ctrl Pts',(59.8791957268391,132.613693694755,-15.6333986501842));
#4184=CARTESIAN_POINT('Ctrl Pts',(59.8791957268391,132.865155487749,-15.4183959509498));
#4185=CARTESIAN_POINT('Ctrl Pts',(59.8791957268391,133.233679329958,-15.178584239599));
#4186=CARTESIAN_POINT('Ctrl Pts',(59.8791957268392,133.374463471996,-15.1022191399115));
#4187=CARTESIAN_POINT('Ctrl Pts',(59.8791957268392,133.682431731214,-14.9870689122836));
#4188=CARTESIAN_POINT('Ctrl Pts',(59.8791957268391,133.832773944833,-14.9602074477101));
#4189=CARTESIAN_POINT('Ctrl Pts',(59.8791957268391,133.977393288916,-14.9602074477101));
#4190=CARTESIAN_POINT('',(59.8791957268472,128.007004031939,-18.7999999999999));
#4191=CARTESIAN_POINT('Ctrl Pts',(59.8791957268392,128.007004031946,-18.7999999999999));
#4192=CARTESIAN_POINT('Ctrl Pts',(59.8791957268392,128.562686123818,-18.7999999999999));
#4193=CARTESIAN_POINT('Ctrl Pts',(59.879195726839,129.120318307289,-18.6991759092263));
#4194=CARTESIAN_POINT('Ctrl Pts',(59.879195726839,130.12866003273,-18.3274550866677));
#4195=CARTESIAN_POINT('Ctrl Pts',(59.8791957268394,130.586085440907,-18.0658888663901));
#4196=CARTESIAN_POINT('Ctrl Pts',(59.8791957268394,131.346759955374,-17.4095307620365));
#4197=CARTESIAN_POINT('Ctrl Pts',(59.8791957268392,131.651224300504,-17.0340760202957));
#4198=CARTESIAN_POINT('Ctrl Pts',(59.8791957268392,131.879639025565,-16.6106669994661));
#4199=CARTESIAN_POINT('',(59.8791957268392,126.477393288916,-18.7999999999999));
#4200=CARTESIAN_POINT('Origin',(59.8791957268392,126.477393288916,-18.7999999999999));
#4201=CARTESIAN_POINT('',(57.5004006922245,128.70387493146,-18.7999999999999));
#4202=CARTESIAN_POINT('Ctrl Pts',(59.8791957268482,128.007004031942,-18.7999999999999));
#4203=CARTESIAN_POINT('Ctrl Pts',(59.7681805293597,128.050640124201,-18.7999999999999));
#4204=CARTESIAN_POINT('Ctrl Pts',(59.5481767676706,128.14221227078,-18.7999999999999));
#4205=CARTESIAN_POINT('Ctrl Pts',(59.2221709571244,128.289142544133,-18.7999999999999));
#4206=CARTESIAN_POINT('Ctrl Pts',(58.8972543091832,128.43802487403,-18.7999999999999));
#4207=CARTESIAN_POINT('Ctrl Pts',(58.564352242531,128.568046835041,-18.7999999999999));
#4208=CARTESIAN_POINT('Ctrl Pts',(58.2143424106347,128.654390422092,-18.7999999999999));
#4209=CARTESIAN_POINT('Ctrl Pts',(57.8574219414687,128.696683392233,-18.7999999999999));
#4210=CARTESIAN_POINT('Ctrl Pts',(57.6195042029517,128.70387493146,-18.7999999999999));
#4211=CARTESIAN_POINT('Ctrl Pts',(57.5004006922245,128.70387493146,-18.7999999999999));
#4212=CARTESIAN_POINT('',(55.1216056575666,128.007004031912,-18.7999999999999));
#4213=CARTESIAN_POINT('Ctrl Pts',(57.5004006922245,128.70387493146,-18.7999999999999));
#4214=CARTESIAN_POINT('Ctrl Pts',(57.3813396576169,128.70387493146,-18.7999999999999));
#4215=CARTESIAN_POINT('Ctrl Pts',(57.1417221762129,128.696645537387,-18.7999999999999));
#4216=CARTESIAN_POINT('Ctrl Pts',(56.7843839664704,128.653938790881,-18.7999999999999));
#4217=CARTESIAN_POINT('Ctrl Pts',(56.4364758308131,128.56802046825,-18.7999999999999));
#4218=CARTESIAN_POINT('Ctrl Pts',(56.1039004470487,128.438270399486,-18.7999999999999));
#4219=CARTESIAN_POINT('Ctrl Pts',(55.8327793540951,128.313947192136,-18.7999999999999));
#4220=CARTESIAN_POINT('Ctrl Pts',(55.6152933101012,128.215575686264,-18.7999999999999));
#4221=CARTESIAN_POINT('Ctrl Pts',(55.4791296327494,128.155329915919,-18.7999999999999));
#4222=CARTESIAN_POINT('Ctrl Pts',(55.3697203227134,128.108402669591,-18.7999999999999));
#4223=CARTESIAN_POINT('Ctrl Pts',(55.2942117078613,128.076703837365,-18.7999999999999));
#4224=CARTESIAN_POINT('Ctrl Pts',(55.239116956841,128.054073466421,-18.7999999999999));
#4225=CARTESIAN_POINT('Ctrl Pts',(55.1977140275431,128.037286170923,-18.7999999999999));
#4226=CARTESIAN_POINT('Ctrl Pts',(55.1700728015942,128.026190655849,-18.7999999999999));
#4227=CARTESIAN_POINT('Ctrl Pts',(55.1458509734057,128.016568089209,-18.7999999999999));
#4228=CARTESIAN_POINT('Ctrl Pts',(55.1319998798027,128.011094533974,-18.7999999999999));
#4229=CARTESIAN_POINT('Ctrl Pts',(55.1250709645014,128.008366119792,-18.7999999999999));
#4230=CARTESIAN_POINT('Ctrl Pts',(55.1216056575608,128.007004031927,-18.7999999999999));
#4231=CARTESIAN_POINT('',(55.1216056576098,126.477393288916,-18.7999999999999));
#4232=CARTESIAN_POINT('Ctrl Pts',(57.5004006922245,128.70387493146,-18.7999999999999));
#4233=CARTESIAN_POINT('Ctrl Pts',(57.6195042029517,128.70387493146,-18.7999999999999));
#4234=CARTESIAN_POINT('Ctrl Pts',(57.8574219414687,128.696683392233,-18.7999999999999));
#4235=CARTESIAN_POINT('Ctrl Pts',(58.2143424106347,128.654390422092,-18.7999999999999));
#4236=CARTESIAN_POINT('Ctrl Pts',(58.564352242531,128.568046835041,-18.7999999999999));
#4237=CARTESIAN_POINT('Ctrl Pts',(58.8972543091832,128.43802487403,-18.7999999999999));
#4238=CARTESIAN_POINT('Ctrl Pts',(59.2221709571244,128.289142544133,-18.7999999999999));
#4239=CARTESIAN_POINT('Ctrl Pts',(59.5481767676706,128.14221227078,-18.7999999999999));
#4240=CARTESIAN_POINT('Ctrl Pts',(59.7681805293597,128.050640124201,-18.7999999999999));
#4241=CARTESIAN_POINT('Ctrl Pts',(59.8791957268482,128.007004031942,-18.7999999999999));
#4242=CARTESIAN_POINT('Ctrl Pts',(57.5004006922245,129.424934218077,-18.7999999999999));
#4243=CARTESIAN_POINT('Ctrl Pts',(57.6341444193206,129.424934218077,-18.7999999999999));
#4244=CARTESIAN_POINT('Ctrl Pts',(57.9070559730543,129.419160454478,-18.7988439916915));
#4245=CARTESIAN_POINT('Ctrl Pts',(58.3414741978016,129.38932322946,-18.7984041332437));
#4246=CARTESIAN_POINT('Ctrl Pts',(58.8081661699148,129.334754837383,-18.7980709424717));
#4247=CARTESIAN_POINT('Ctrl Pts',(59.2630839093193,129.267708173621,-18.7989248693533));
#4248=CARTESIAN_POINT('Ctrl Pts',(59.6369669097699,129.186273115504,-18.7996101730567));
#4249=CARTESIAN_POINT('Ctrl Pts',(59.9645871493121,129.095145042681,-18.8005775421801));
#4250=CARTESIAN_POINT('Ctrl Pts',(60.1701386592378,129.034936387684,-18.79968613616));
#4251=CARTESIAN_POINT('Ctrl Pts',(60.2718941705066,129.006073678645,-18.7999999999999));
#4252=CARTESIAN_POINT('Ctrl Pts',(57.5004006922245,130.684945912922,-18.4497528359494));
#4253=CARTESIAN_POINT('Ctrl Pts',(57.6597015720296,130.684945912922,-18.4497528359494));
#4254=CARTESIAN_POINT('Ctrl Pts',(57.9943018793135,130.682886921626,-18.4471188953692));
#4255=CARTESIAN_POINT('Ctrl Pts',(58.564265791741,130.675109933967,-18.4261199098382));
#4256=CARTESIAN_POINT('Ctrl Pts',(59.2348053228214,130.675893114539,-18.3651707868197));
#4257=CARTESIAN_POINT('Ctrl Pts',(59.9014057410397,130.716216701276,-18.2410446710169));
#4258=CARTESIAN_POINT('Ctrl Pts',(60.359007903428,130.749207590494,-18.1281748937417));
#4259=CARTESIAN_POINT('Ctrl Pts',(60.688168058054,130.752016036132,-18.0531762796238));
#4260=CARTESIAN_POINT('Ctrl Pts',(60.8687658945788,130.746051620992,-18.0164850985716));
#4261=CARTESIAN_POINT('Ctrl Pts',(60.9541987444744,130.741934364282,-18.0004553833776));
#4262=CARTESIAN_POINT('Ctrl Pts',(57.5004006922245,131.632960188203,-17.5772141098704));
#4263=CARTESIAN_POINT('Ctrl Pts',(57.6789471999102,131.632960188203,-17.5772141098704));
#4264=CARTESIAN_POINT('Ctrl Pts',(58.0597009701479,131.630694474438,-17.5683825353683));
#4265=CARTESIAN_POINT('Ctrl Pts',(58.7287484090579,131.621140157688,-17.5006598245795));
#4266=CARTESIAN_POINT('Ctrl Pts',(59.5362662278917,131.610138425811,-17.3047953334154));
#4267=CARTESIAN_POINT('Ctrl Pts',(60.2996949909931,131.612253636947,-16.9230118105688));
#4268=CARTESIAN_POINT('Ctrl Pts',(60.7548890286231,131.606475526183,-16.5946099371519));
#4269=CARTESIAN_POINT('Ctrl Pts',(61.0522096692144,131.585926215812,-16.3838630461594));
#4270=CARTESIAN_POINT('Ctrl Pts',(61.2045381245575,131.568891040012,-16.2828936003666));
#4271=CARTESIAN_POINT('Ctrl Pts',(61.2758838237061,131.560337909413,-16.2391938169617));
#4272=CARTESIAN_POINT('Ctrl Pts',(57.5004006922245,131.949116997587,-17.1384618731644));
#4273=CARTESIAN_POINT('Ctrl Pts',(57.6853560415054,131.949116997587,-17.1384618731644));
#4274=CARTESIAN_POINT('Ctrl Pts',(58.0816738886641,131.946351020961,-17.1265362681726));
#4275=CARTESIAN_POINT('Ctrl Pts',(58.782861868386,131.930084493983,-17.0375857386906));
#4276=CARTESIAN_POINT('Ctrl Pts',(59.6303565314414,131.896875422041,-16.7808893898101));
#4277=CARTESIAN_POINT('Ctrl Pts',(60.4050726525781,131.846866975498,-16.2906120905631));
#4278=CARTESIAN_POINT('Ctrl Pts',(60.8390819856294,131.789604540922,-15.8797903695225));
#4279=CARTESIAN_POINT('Ctrl Pts',(61.1162060260446,131.733092897325,-15.620603771141));
#4280=CARTESIAN_POINT('Ctrl Pts',(61.2570247416565,131.697872840948,-15.4975357764174));
#4281=CARTESIAN_POINT('Ctrl Pts',(61.3233470326995,131.681089728541,-15.4446094165109));
#4282=CARTESIAN_POINT('',(57.5004006922245,131.949116997587,-17.1384618731644));
#4283=CARTESIAN_POINT('Ctrl Pts',(57.5004006922245,131.949116997587,-17.1384618731644));
#4284=CARTESIAN_POINT('Ctrl Pts',(57.6853560415054,131.949116997587,-17.1384618731644));
#4285=CARTESIAN_POINT('Ctrl Pts',(58.0816738886641,131.946351020961,-17.1265362681726));
#4286=CARTESIAN_POINT('Ctrl Pts',(58.782861868386,131.930084493983,-17.0375857386906));
#4287=CARTESIAN_POINT('Ctrl Pts',(59.4406581248028,131.904308752666,-16.8383468470607));
#4288=CARTESIAN_POINT('Ctrl Pts',(59.7945483006179,131.884661154074,-16.6559654032905));
#4289=CARTESIAN_POINT('Ctrl Pts',(59.8791627467172,131.879557156171,-16.6085164735281));
#4290=CARTESIAN_POINT('Origin',(57.5004006922245,128.70387493146,-14.7999999999999));
#4291=CARTESIAN_POINT('Ctrl Pts',(57.5004006922245,131.949116997587,-17.1384618731644));
#4292=CARTESIAN_POINT('Ctrl Pts',(57.3155113039303,131.949116997587,-17.1384618731644));
#4293=CARTESIAN_POINT('Ctrl Pts',(56.9164583301756,131.946336461405,-17.1266353574441));
#4294=CARTESIAN_POINT('Ctrl Pts',(56.2144000262165,131.929910789672,-17.0362213266897));
#4295=CARTESIAN_POINT('Ctrl Pts',(55.3700692410352,131.896865280967,-16.7809362993372));
#4296=CARTESIAN_POINT('Ctrl Pts',(54.597736938328,131.846961408366,-16.2925082669783));
#4297=CARTESIAN_POINT('Ctrl Pts',(54.2344853953297,131.799144790154,-15.9473671225448));
#4298=CARTESIAN_POINT('Ctrl Pts',(54.0233949377115,131.761309595588,-15.751251735562));
#4299=CARTESIAN_POINT('Ctrl Pts',(53.9150169038203,131.738138145455,-15.6486847647311));
#4300=CARTESIAN_POINT('Ctrl Pts',(53.8361993675451,131.72008920456,-15.578378623909));
#4301=CARTESIAN_POINT('Ctrl Pts',(53.7852305213807,131.707897346012,-15.5338359108882));
#4302=CARTESIAN_POINT('Ctrl Pts',(53.7497795000016,131.699193357187,-15.5038292330329));
#4303=CARTESIAN_POINT('Ctrl Pts',(53.7237536939221,131.692736705072,-15.4821848028083));
#4304=CARTESIAN_POINT('Ctrl Pts',(53.70671367713,131.688469199275,-15.468185242467));
#4305=CARTESIAN_POINT('Ctrl Pts',(53.6920126496882,131.684768212105,-15.4562845146932));
#4306=CARTESIAN_POINT('Ctrl Pts',(53.6836737552759,131.682662998554,-15.4495815716737));
#4307=CARTESIAN_POINT('Ctrl Pts',(53.6795245826549,131.681613608483,-15.4462614973463));
#4308=CARTESIAN_POINT('Ctrl Pts',(53.6774543517256,131.681089728535,-15.4446094164919));
#4309=CARTESIAN_POINT('Ctrl Pts',(57.5004006922245,131.527574585076,-17.723464855439));
#4310=CARTESIAN_POINT('Ctrl Pts',(57.324037753326,131.527574585076,-17.723464855439));
#4311=CARTESIAN_POINT('Ctrl Pts',(56.9464783191449,131.52412994047,-17.7146554048727));
#4312=CARTESIAN_POINT('Ctrl Pts',(56.2873586768931,131.516336477569,-17.6525249818664));
#4313=CARTESIAN_POINT('Ctrl Pts',(55.4968113580447,131.511684035706,-17.4774862959845));
#4314=CARTESIAN_POINT('Ctrl Pts',(54.7388646902266,131.531883059469,-17.1339758523412));
#4315=CARTESIAN_POINT('Ctrl Pts',(54.351676605139,131.54197438956,-16.8815629241498));
#4316=CARTESIAN_POINT('Ctrl Pts',(54.1224746524785,131.539920139601,-16.7360287595806));
#4317=CARTESIAN_POINT('Ctrl Pts',(54.002828325878,131.536073172153,-16.6589621923405));
#4318=CARTESIAN_POINT('Ctrl Pts',(53.9159361709884,131.531732761226,-16.605828319452));
#4319=CARTESIAN_POINT('Ctrl Pts',(53.8596014382353,131.528483128909,-16.5720691058022));
#4320=CARTESIAN_POINT('Ctrl Pts',(53.8204875369624,131.525844371452,-16.5492182125506));
#4321=CARTESIAN_POINT('Ctrl Pts',(53.7917619565781,131.523883898661,-16.5327477095193));
#4322=CARTESIAN_POINT('Ctrl Pts',(53.7729782020202,131.522501654057,-16.5220573706156));
#4323=CARTESIAN_POINT('Ctrl Pts',(53.7567754632652,131.521301063902,-16.5129739056416));
#4324=CARTESIAN_POINT('Ctrl Pts',(53.7475886078304,131.520608839775,-16.5078543598779));
#4325=CARTESIAN_POINT('Ctrl Pts',(53.743018673937,131.520260889899,-16.5053174720056));
#4326=CARTESIAN_POINT('Ctrl Pts',(53.740738630381,131.520087303035,-16.5040552837641));
#4327=CARTESIAN_POINT('Ctrl Pts',(57.5004006922245,130.506793564619,-18.54096646187));
#4328=CARTESIAN_POINT('Ctrl Pts',(57.3447706613559,130.506793564619,-18.54096646187));
#4329=CARTESIAN_POINT('Ctrl Pts',(57.0165764731533,130.504334234962,-18.5391387835172));
#4330=CARTESIAN_POINT('Ctrl Pts',(56.464772722277,130.493854660048,-18.523551738353));
#4331=CARTESIAN_POINT('Ctrl Pts',(55.8258251586526,130.487459699474,-18.4794472271937));
#4332=CARTESIAN_POINT('Ctrl Pts',(55.1898551954432,130.51431906044,-18.3896278101013));
#4333=CARTESIAN_POINT('Ctrl Pts',(54.8157660460353,130.53089745223,-18.3212604461536));
#4334=CARTESIAN_POINT('Ctrl Pts',(54.5766541555812,130.529380665352,-18.2810606211945));
#4335=CARTESIAN_POINT('Ctrl Pts',(54.4443673498179,130.525406230349,-18.2596256960834));
#4336=CARTESIAN_POINT('Ctrl Pts',(54.3456290473603,130.520341925154,-18.2447416283961));
#4337=CARTESIAN_POINT('Ctrl Pts',(54.2803770226997,130.5163640939,-18.2352300603271));
#4338=CARTESIAN_POINT('Ctrl Pts',(54.2343695877547,130.513183556551,-18.2287860174445));
#4339=CARTESIAN_POINT('Ctrl Pts',(54.2003853991486,130.510698695776,-18.2241149411823));
#4340=CARTESIAN_POINT('Ctrl Pts',(54.1779981742882,130.509005736417,-18.2210895466644));
#4341=CARTESIAN_POINT('Ctrl Pts',(54.1586116067068,130.507488967311,-18.2185087058273));
#4342=CARTESIAN_POINT('Ctrl Pts',(54.1475910817867,130.506614124077,-18.2170533084555));
#4343=CARTESIAN_POINT('Ctrl Pts',(54.142099560473,130.506174264672,-18.2163318471431));
#4344=CARTESIAN_POINT('Ctrl Pts',(54.1393582251798,130.505953572227,-18.2159726262514));
#4345=CARTESIAN_POINT('Ctrl Pts',(57.5004006922245,129.244669396423,-18.7999999999999));
#4346=CARTESIAN_POINT('Ctrl Pts',(57.3703745444845,129.244669396423,-18.7999999999999));
#4347=CARTESIAN_POINT('Ctrl Pts',(57.1040732811918,129.239125409443,-18.7995942533507));
#4348=CARTESIAN_POINT('Ctrl Pts',(56.6883675422745,129.206182701889,-18.7994206401541));
#4349=CARTESIAN_POINT('Ctrl Pts',(56.253102958626,129.144257643086,-18.7991428404351));
#4350=CARTESIAN_POINT('Ctrl Pts',(55.8296652901685,129.061253942338,-18.7993924713986));
#4351=CARTESIAN_POINT('Ctrl Pts',(55.527735320151,128.979065905007,-18.7995138489739));
#4352=CARTESIAN_POINT('Ctrl Pts',(55.303830890642,128.909572667157,-18.7997368117471));
#4353=CARTESIAN_POINT('Ctrl Pts',(55.1688391151867,128.866153280614,-18.7997896166438));
#4354=CARTESIAN_POINT('Ctrl Pts',(55.0626355150502,128.831735618867,-18.7998420937161));
#4355=CARTESIAN_POINT('Ctrl Pts',(54.9902099634293,128.808308225425,-18.7998961277535));
#4356=CARTESIAN_POINT('Ctrl Pts',(54.9378393558014,128.791491841,-18.7999172336536));
#4357=CARTESIAN_POINT('Ctrl Pts',(54.8986655720697,128.778967335647,-18.7999526133032));
#4358=CARTESIAN_POINT('Ctrl Pts',(54.8725993406034,128.770681326093,-18.7999645520981));
#4359=CARTESIAN_POINT('Ctrl Pts',(54.8498289254216,128.763476030632,-18.7999823883179));
#4360=CARTESIAN_POINT('Ctrl Pts',(54.8368273652311,128.759373953672,-18.7999923853005));
#4361=CARTESIAN_POINT('Ctrl Pts',(54.8303298144968,128.757328077255,-18.7999973266069));
#4362=CARTESIAN_POINT('Ctrl Pts',(54.8270818248195,128.756306266957,-18.7999999999999));
#4363=CARTESIAN_POINT('Ctrl Pts',(57.5004006922245,128.70387493146,-18.7999999999999));
#4364=CARTESIAN_POINT('Ctrl Pts',(57.3813396576169,128.70387493146,-18.7999999999999));
#4365=CARTESIAN_POINT('Ctrl Pts',(57.1417221762129,128.696645537387,-18.7999999999999));
#4366=CARTESIAN_POINT('Ctrl Pts',(56.7843839664704,128.653938790881,-18.7999999999999));
#4367=CARTESIAN_POINT('Ctrl Pts',(56.4364758308131,128.56802046825,-18.7999999999999));
#4368=CARTESIAN_POINT('Ctrl Pts',(56.1039004470487,128.438270399486,-18.7999999999999));
#4369=CARTESIAN_POINT('Ctrl Pts',(55.8327793540951,128.313947192136,-18.7999999999999));
#4370=CARTESIAN_POINT('Ctrl Pts',(55.6152933101012,128.215575686264,-18.7999999999999));
#4371=CARTESIAN_POINT('Ctrl Pts',(55.4791296327494,128.155329915919,-18.7999999999999));
#4372=CARTESIAN_POINT('Ctrl Pts',(55.3697203227134,128.108402669591,-18.7999999999999));
#4373=CARTESIAN_POINT('Ctrl Pts',(55.2942117078613,128.076703837365,-18.7999999999999));
#4374=CARTESIAN_POINT('Ctrl Pts',(55.239116956841,128.054073466421,-18.7999999999999));
#4375=CARTESIAN_POINT('Ctrl Pts',(55.1977140275431,128.037286170923,-18.7999999999999));
#4376=CARTESIAN_POINT('Ctrl Pts',(55.1700728015942,128.026190655849,-18.7999999999999));
#4377=CARTESIAN_POINT('Ctrl Pts',(55.1458509734057,128.016568089209,-18.7999999999999));
#4378=CARTESIAN_POINT('Ctrl Pts',(55.1319998798027,128.011094533974,-18.7999999999999));
#4379=CARTESIAN_POINT('Ctrl Pts',(55.1250709645014,128.008366119792,-18.7999999999999));
#4380=CARTESIAN_POINT('Ctrl Pts',(55.1216056575608,128.007004031927,-18.7999999999999));
#4381=CARTESIAN_POINT('',(55.1216056576099,131.879639025565,-16.6106669994662));
#4382=CARTESIAN_POINT('Ctrl Pts',(55.1216056576099,131.879639025565,-16.6106669994662));
#4383=CARTESIAN_POINT('Ctrl Pts',(55.1216056576099,131.64081400883,-17.0533734250627));
#4384=CARTESIAN_POINT('Ctrl Pts',(55.1216056576094,131.319055899511,-17.4433498968753));
#4385=CARTESIAN_POINT('Ctrl Pts',(55.1216056576094,130.560029561766,-18.0774875051508));
#4386=CARTESIAN_POINT('Ctrl Pts',(55.12160565761,130.135840141439,-18.3193638379958));
#4387=CARTESIAN_POINT('Ctrl Pts',(55.12160565761,129.15190413337,-18.6933836539997));
#4388=CARTESIAN_POINT('Ctrl Pts',(55.1216056576098,128.578312499581,-18.7999999999999));
#4389=CARTESIAN_POINT('Ctrl Pts',(55.1216056576098,128.007004031946,-18.7999999999999));
#4390=CARTESIAN_POINT('Ctrl Pts',(55.1216403007397,131.87955648105,-16.6089709926104));
#4391=CARTESIAN_POINT('Ctrl Pts',(55.2061057402188,131.884656418151,-16.6563291103042));
#4392=CARTESIAN_POINT('Ctrl Pts',(55.5589348222849,131.904257122315,-16.8380401689597));
#4393=CARTESIAN_POINT('Ctrl Pts',(56.2144000262165,131.929910789672,-17.0362213266897));
#4394=CARTESIAN_POINT('Ctrl Pts',(56.9164583301756,131.946336461405,-17.1266353574441));
#4395=CARTESIAN_POINT('Ctrl Pts',(57.3155113039303,131.949116997587,-17.1384618731644));
#4396=CARTESIAN_POINT('Ctrl Pts',(57.5004006922245,131.949116997587,-17.1384618731644));
#4397=CARTESIAN_POINT('Origin',(55.1216056576098,126.477393288916,-18.7999999999999));
#4398=CARTESIAN_POINT('',(55.1216056576485,133.977393288916,-14.9602074477836));
#4399=CARTESIAN_POINT('Ctrl Pts',(55.1216056576098,133.977393288916,-14.96020744771));
#4400=CARTESIAN_POINT('Ctrl Pts',(55.1216056576098,133.822987791294,-14.96020744771));
#4401=CARTESIAN_POINT('Ctrl Pts',(55.1216056576099,133.674761484051,-14.9911036949858));
#4402=CARTESIAN_POINT('Ctrl Pts',(55.1216056576099,133.348324663211,-15.1106130061843));
#4403=CARTESIAN_POINT('Ctrl Pts',(55.1216056576099,133.163300155524,-15.2147450226005));
#4404=CARTESIAN_POINT('Ctrl Pts',(55.1216056576099,132.68705148142,-15.561664608515));
#4405=CARTESIAN_POINT('Ctrl Pts',(55.1216056576099,132.366148876446,-15.8686482713226));
#4406=CARTESIAN_POINT('Ctrl Pts',(55.1216056576098,132.017108184543,-16.3723744214782));
#4407=CARTESIAN_POINT('Ctrl Pts',(55.1216056576098,131.94490137973,-16.4896911321397));
#4408=CARTESIAN_POINT('Ctrl Pts',(55.1216056576098,131.879639025565,-16.6106669994661));
#4409=CARTESIAN_POINT('',(55.1216056576098,131.477393288916,-14.96020744771));
#4410=CARTESIAN_POINT('Ctrl Pts',(55.1216056576098,131.477393288916,-14.96020744771));
#4411=CARTESIAN_POINT('Ctrl Pts',(55.1216056576098,132.310726622249,-14.96020744771));
#4412=CARTESIAN_POINT('Ctrl Pts',(55.1216056576485,133.144059955582,-14.9602074477835));
#4413=CARTESIAN_POINT('Ctrl Pts',(55.1216056576485,133.977393288916,-14.9602074477836));
#4414=CARTESIAN_POINT('Ctrl Pts',(55.1216056576098,131.477393288916,-14.96020744771));
#4415=CARTESIAN_POINT('Ctrl Pts',(55.1216056576098,129.060726622249,-14.96020744771));
#4416=CARTESIAN_POINT('Ctrl Pts',(55.1216056576098,126.644059955582,-14.96020744771));
#4417=CARTESIAN_POINT('Ctrl Pts',(55.1216056576098,122.032760842196,-14.96020744771));
#4418=CARTESIAN_POINT('Ctrl Pts',(55.1216056576098,119.838128395476,-14.96020744771));
#4419=CARTESIAN_POINT('Ctrl Pts',(55.1216056576098,117.643495948756,-14.96020744771));
#4420=CARTESIAN_POINT('Ctrl Pts',(60.8881231135253,131.879639025565,-15.4910657226988));
#4421=CARTESIAN_POINT('Ctrl Pts',(60.7590138304529,131.879639025565,-15.7364455118147));
#4422=CARTESIAN_POINT('Ctrl Pts',(60.4470666230674,131.879639025565,-16.1764119967071));
#4423=CARTESIAN_POINT('Ctrl Pts',(59.4570760487868,131.879639025565,-16.9879511645778));
#4424=CARTESIAN_POINT('Ctrl Pts',(58.3701494593188,131.879639025565,-17.2400641297194));
#4425=CARTESIAN_POINT('Ctrl Pts',(57.5004006922245,131.879639025565,-17.2400641297194));
#4426=CARTESIAN_POINT('Ctrl Pts',(60.2720077150774,132.330970080266,-15.1668898088223));
#4427=CARTESIAN_POINT('Ctrl Pts',(60.1706475112065,132.330970080266,-15.3595308401928));
#4428=CARTESIAN_POINT('Ctrl Pts',(59.9307976387593,132.330970080266,-15.6949550799352));
#4429=CARTESIAN_POINT('Ctrl Pts',(59.1735205954035,132.330970080266,-16.3189168365709));
#4430=CARTESIAN_POINT('Ctrl Pts',(58.2785642194833,132.330970080266,-16.5438686059316));
#4431=CARTESIAN_POINT('Ctrl Pts',(57.5004006922245,132.330970080266,-16.5438686059316));
#4432=CARTESIAN_POINT('Ctrl Pts',(59.8791957268391,133.147701823201,-14.9602074477101));
#4433=CARTESIAN_POINT('Ctrl Pts',(59.7953957746795,133.147701823201,-15.119474187479));
#4434=CARTESIAN_POINT('Ctrl Pts',(59.6020017859696,133.147701823201,-15.3882268881135));
#4435=CARTESIAN_POINT('Ctrl Pts',(58.9920000597531,133.147701823201,-15.8934696202689));
#4436=CARTESIAN_POINT('Ctrl Pts',(58.2206069859163,133.147701823201,-16.1000005438922));
#4437=CARTESIAN_POINT('Ctrl Pts',(57.5004006922245,133.147701823201,-16.1000005438922));
#4438=CARTESIAN_POINT('Ctrl Pts',(59.8791957268391,133.977393288916,-14.9602074477101));
#4439=CARTESIAN_POINT('Ctrl Pts',(59.7951317817937,133.977393288916,-15.1199759214916));
#4440=CARTESIAN_POINT('Ctrl Pts',(59.6027200359775,133.977393288916,-15.3886898041766));
#4441=CARTESIAN_POINT('Ctrl Pts',(58.9905221864374,133.977393288916,-15.8956854521935));
#4442=CARTESIAN_POINT('Ctrl Pts',(58.2214782887652,133.977393288916,-16.1000005438922));
#4443=CARTESIAN_POINT('Ctrl Pts',(57.5004006922245,133.977393288916,-16.1000005438922));
#4444=CARTESIAN_POINT('Origin',(57.5004006922245,133.977393288916,-18.6000005438922));
#4445=CARTESIAN_POINT('Ctrl Pts',(57.5004006922245,131.879639025565,-17.2400641297194));
#4446=CARTESIAN_POINT('Ctrl Pts',(56.8480891169043,131.879639025565,-17.2400641297194));
#4447=CARTESIAN_POINT('Ctrl Pts',(55.8367735670853,131.879639025565,-17.0735731636673));
#4448=CARTESIAN_POINT('Ctrl Pts',(54.7275372873264,131.879639025565,-16.3874932862024));
#4449=CARTESIAN_POINT('Ctrl Pts',(54.2848239816869,131.879639025565,-15.8182387748531));
#4450=CARTESIAN_POINT('Ctrl Pts',(54.1126782709238,131.879639025565,-15.4910657226987));
#4451=CARTESIAN_POINT('Ctrl Pts',(57.5004006922245,132.330970080266,-16.5438686059315));
#4452=CARTESIAN_POINT('Ctrl Pts',(56.9167780467813,132.330970080266,-16.5438686059315));
#4453=CARTESIAN_POINT('Ctrl Pts',(56.0622116339272,132.330970080266,-16.393419743249));
#4454=CARTESIAN_POINT('Ctrl Pts',(55.2006557853729,132.330970080266,-15.8542681140061));
#4455=CARTESIAN_POINT('Ctrl Pts',(54.863940607866,132.330970080266,-15.4237445173161));
#4456=CARTESIAN_POINT('Ctrl Pts',(54.7287936693716,132.330970080266,-15.1668898088222));
#4457=CARTESIAN_POINT('Ctrl Pts',(57.5004006922245,133.147701823201,-16.1000005438922));
#4458=CARTESIAN_POINT('Ctrl Pts',(56.9602459719567,133.147701823201,-16.1000005438922));
#4459=CARTESIAN_POINT('Ctrl Pts',(56.2065888892829,133.147701823201,-15.9607266140157));
#4460=CARTESIAN_POINT('Ctrl Pts',(55.5019035960115,133.147701823201,-15.5146377940883));
#4461=CARTESIAN_POINT('Ctrl Pts',(55.2333389271559,133.147701823201,-15.1725631007351));
#4462=CARTESIAN_POINT('Ctrl Pts',(55.1216056576098,133.147701823201,-14.96020744771));
#4463=CARTESIAN_POINT('Ctrl Pts',(57.5004006922245,133.977393288916,-16.1000005438922));
#4464=CARTESIAN_POINT('Ctrl Pts',(56.95959249482,133.977393288916,-16.1000005438922));
#4465=CARTESIAN_POINT('Ctrl Pts',(56.2078864631588,133.977393288916,-15.9626277058882));
#4466=CARTESIAN_POINT('Ctrl Pts',(55.5011112442241,133.977393288916,-15.5153081903074));
#4467=CARTESIAN_POINT('Ctrl Pts',(55.2336909176703,133.977393288916,-15.1732320794185));
#4468=CARTESIAN_POINT('Ctrl Pts',(55.1216056576098,133.977393288916,-14.96020744771));
#4469=CARTESIAN_POINT('Ctrl Pts',(55.1216056576098,133.977393288916,-14.96020744771));
#4470=CARTESIAN_POINT('Ctrl Pts',(55.2336909176703,133.977393288916,-15.1732320794185));
#4471=CARTESIAN_POINT('Ctrl Pts',(55.5011112442241,133.977393288916,-15.5153081903074));
#4472=CARTESIAN_POINT('Ctrl Pts',(56.2078864631588,133.977393288916,-15.9626277058882));
#4473=CARTESIAN_POINT('Ctrl Pts',(56.95959249482,133.977393288916,-16.1000005438922));
#4474=CARTESIAN_POINT('Ctrl Pts',(57.5004006922245,133.977393288916,-16.1000005438922));
#4475=CARTESIAN_POINT('Ctrl Pts',(52.7220635332338,149.477393288916,-9.99999999999993));
#4476=CARTESIAN_POINT('Ctrl Pts',(52.7220635332338,98.9773932889156,-9.99999999999989));
#4477=CARTESIAN_POINT('Ctrl Pts',(52.756106834719,149.477393288916,-9.99999999999993));
#4478=CARTESIAN_POINT('Ctrl Pts',(52.756106834719,98.9773932889156,-9.99999999999989));
#4479=CARTESIAN_POINT('Ctrl Pts',(52.8344107459833,149.477393288916,-10.0271232209019));
#4480=CARTESIAN_POINT('Ctrl Pts',(52.8344107459833,98.9773932889156,-10.0271232209019));
#4481=CARTESIAN_POINT('Ctrl Pts',(52.9825187618185,149.477393288916,-10.1491775107381));
#4482=CARTESIAN_POINT('Ctrl Pts',(52.9825187618185,98.9773932889156,-10.149177510738));
#4483=CARTESIAN_POINT('Ctrl Pts',(53.234131497006,149.477393288916,-10.46318298065));
#4484=CARTESIAN_POINT('Ctrl Pts',(53.234131497006,98.9773932889156,-10.46318298065));
#4485=CARTESIAN_POINT('Ctrl Pts',(53.5988707691204,149.477393288916,-11.0421407056359));
#4486=CARTESIAN_POINT('Ctrl Pts',(53.5988707691204,98.9773932889156,-11.0421407056358));
#4487=CARTESIAN_POINT('Ctrl Pts',(53.9645373826313,149.477393288916,-11.7235136085942));
#4488=CARTESIAN_POINT('Ctrl Pts',(53.9645373826313,98.9773932889156,-11.7235136085942));
#4489=CARTESIAN_POINT('Ctrl Pts',(54.2855591106015,149.477393288916,-12.4233737559414));
#4490=CARTESIAN_POINT('Ctrl Pts',(54.2855591106015,98.9773932889156,-12.4233737559414));
#4491=CARTESIAN_POINT('Ctrl Pts',(54.5319294929322,149.477393288916,-13.0744623198071));
#4492=CARTESIAN_POINT('Ctrl Pts',(54.5319294929322,98.9773932889156,-13.0744623198071));
#4493=CARTESIAN_POINT('Ctrl Pts',(54.7046833552003,149.477393288916,-13.6473228115127));
#4494=CARTESIAN_POINT('Ctrl Pts',(54.7046833552003,98.9773932889156,-13.6473228115127));
#4495=CARTESIAN_POINT('Ctrl Pts',(54.8295382492856,149.477393288916,-14.1420759899463));
#4496=CARTESIAN_POINT('Ctrl Pts',(54.8295382492856,98.9773932889156,-14.1420759899463));
#4497=CARTESIAN_POINT('Ctrl Pts',(54.9462161766023,149.477393288916,-14.5743221694652));
#4498=CARTESIAN_POINT('Ctrl Pts',(54.9462161766023,98.9773932889156,-14.5743221694651));
#4499=CARTESIAN_POINT('Ctrl Pts',(55.0997880793178,149.477393288916,-14.9636733627975));
#4500=CARTESIAN_POINT('Ctrl Pts',(55.0997880793177,98.9773932889156,-14.9636733627975));
#4501=CARTESIAN_POINT('Ctrl Pts',(55.3317519926642,149.477393288916,-15.3220779026359));
#4502=CARTESIAN_POINT('Ctrl Pts',(55.3317519926642,98.9773932889156,-15.3220779026358));
#4503=CARTESIAN_POINT('Ctrl Pts',(55.6703825714864,149.477393288916,-15.6411090030001));
#4504=CARTESIAN_POINT('Ctrl Pts',(55.6703825714864,98.9773932889156,-15.6411090030001));
#4505=CARTESIAN_POINT('Ctrl Pts',(56.1332043350173,149.477393288916,-15.8990573465544));
#4506=CARTESIAN_POINT('Ctrl Pts',(56.1332043350173,98.9773932889156,-15.8990573465544));
#4507=CARTESIAN_POINT('Ctrl Pts',(56.610720321375,149.477393288916,-16.0355122707661));
#4508=CARTESIAN_POINT('Ctrl Pts',(56.6107203213749,98.9773932889156,-16.035512270766));
#4509=CARTESIAN_POINT('Ctrl Pts',(57.0311992716842,149.477393288916,-16.0882751613265));
#4510=CARTESIAN_POINT('Ctrl Pts',(57.0311992716842,98.9773932889156,-16.0882751613264));
#4511=CARTESIAN_POINT('Ctrl Pts',(57.3393599867682,149.477393288916,-16.1000005438922));
#4512=CARTESIAN_POINT('Ctrl Pts',(57.3393599867682,98.9773932889156,-16.1000005438922));
#4513=CARTESIAN_POINT('Ctrl Pts',(57.5004006922245,149.477393288916,-16.1000005438922));
#4514=CARTESIAN_POINT('Ctrl Pts',(57.5004006922245,98.9773932889156,-16.1000005438922));
#4515=CARTESIAN_POINT('',(54.084473814972,149.477393288916,-11.9999999999999));
#4516=CARTESIAN_POINT('Ctrl Pts',(57.5004006922245,149.477393288916,-16.1000005438922));
#4517=CARTESIAN_POINT('Ctrl Pts',(57.3393599867682,149.477393288916,-16.1000005438922));
#4518=CARTESIAN_POINT('Ctrl Pts',(57.0311992716842,149.477393288916,-16.0882751613265));
#4519=CARTESIAN_POINT('Ctrl Pts',(56.610720321375,149.477393288916,-16.0355122707661));
#4520=CARTESIAN_POINT('Ctrl Pts',(56.1332043350173,149.477393288916,-15.8990573465544));
#4521=CARTESIAN_POINT('Ctrl Pts',(55.6703825714864,149.477393288916,-15.6411090030001));
#4522=CARTESIAN_POINT('Ctrl Pts',(55.3317519926642,149.477393288916,-15.3220779026359));
#4523=CARTESIAN_POINT('Ctrl Pts',(55.0997880793178,149.477393288916,-14.9636733627975));
#4524=CARTESIAN_POINT('Ctrl Pts',(54.9462161766023,149.477393288916,-14.5743221694652));
#4525=CARTESIAN_POINT('Ctrl Pts',(54.8295382492856,149.477393288916,-14.1420759899463));
#4526=CARTESIAN_POINT('Ctrl Pts',(54.7046833552003,149.477393288916,-13.6473228115127));
#4527=CARTESIAN_POINT('Ctrl Pts',(54.5456031656349,149.477393288916,-13.1198049058716));
#4528=CARTESIAN_POINT('Ctrl Pts',(54.3732577008105,149.477393288916,-12.6560477150984));
#4529=CARTESIAN_POINT('Ctrl Pts',(54.2234612989428,149.477393288916,-12.3031039072379));
#4530=CARTESIAN_POINT('Ctrl Pts',(54.1232385594189,149.477393288916,-12.0830239801524));
#4531=CARTESIAN_POINT('Ctrl Pts',(54.084473814972,149.477393288916,-11.9999999999999));
#4532=CARTESIAN_POINT('Ctrl Pts',(54.0844738149706,149.477393288916,-11.9999999999968));
#4533=CARTESIAN_POINT('Ctrl Pts',(53.9509380789879,149.477393288915,-11.7140012541764));
#4534=CARTESIAN_POINT('Ctrl Pts',(53.8065893247636,149.416118779889,-11.4340834425082));
#4535=CARTESIAN_POINT('Ctrl Pts',(53.5137748850578,149.182033027789,-10.9148717380817));
#4536=CARTESIAN_POINT('Ctrl Pts',(53.3660418470985,149.006672097519,-10.6779174119873));
#4537=CARTESIAN_POINT('Ctrl Pts',(53.1212472158642,148.6065481861,-10.3327112932509));
#4538=CARTESIAN_POINT('Ctrl Pts',(53.0209082123193,148.400614892072,-10.2093365387861));
#4539=CARTESIAN_POINT('Ctrl Pts',(52.8496397983758,147.956033876235,-10.0443453341327));
#4540=CARTESIAN_POINT('Ctrl Pts',(52.7790486620668,147.722838003114,-10.00069151378));
#4541=CARTESIAN_POINT('Ctrl Pts',(52.722942968374,147.48119416328,-10.0000027090668));
#4542=CARTESIAN_POINT('Ctrl Pts',(52.7225027666569,147.479293839062,-9.99999999999993));
#4543=CARTESIAN_POINT('Ctrl Pts',(52.7220635332338,147.477393288916,-9.99999999999993));
#4544=CARTESIAN_POINT('Ctrl Pts',(53.4381002959523,115.477393288916,-10.7999999999999));
#4545=CARTESIAN_POINT('Ctrl Pts',(53.3640760635446,115.477393288916,-10.6816361541737));
#4546=CARTESIAN_POINT('Ctrl Pts',(53.2919094335761,115.477393288915,-10.5729372093462));
#4547=CARTESIAN_POINT('Ctrl Pts',(53.1413446023475,115.477393288915,-10.3616247555981));
#4548=CARTESIAN_POINT('Ctrl Pts',(53.0346147534195,115.477393288915,-10.2223987602057));
#4549=CARTESIAN_POINT('Ctrl Pts',(52.8983779810199,115.477393288915,-10.0913456065906));
#4550=CARTESIAN_POINT('Ctrl Pts',(52.8572047417284,115.477393288915,-10.05588768857));
#4551=CARTESIAN_POINT('Ctrl Pts',(52.8003537976915,115.477393288915,-10.0221597884952));
#4552=CARTESIAN_POINT('Ctrl Pts',(52.7833898452959,115.477393288915,-10.0136833697015));
#4553=CARTESIAN_POINT('Ctrl Pts',(52.7519433952891,115.477393288915,-10.0031396581153));
#4554=CARTESIAN_POINT('Ctrl Pts',(52.7370087592531,115.477393288916,-9.9999999999999));
#4555=CARTESIAN_POINT('Ctrl Pts',(52.7220635332338,115.477393288916,-9.9999999999999));
#4556=CARTESIAN_POINT('Origin',(57.5004006922245,115.477393288916,-13.050000271946));
#4557=CARTESIAN_POINT('Origin',(20.500400543213,149.477393288916,-12.0000000000001));
#4558=CARTESIAN_POINT('',(20.500400543213,149.477393288916,-12.0000000000001));
#4559=CARTESIAN_POINT('',(20.500400543213,149.477393288916,-12.0000000000001));
#4560=CARTESIAN_POINT('',(28.1504006922246,149.477393288916,-14.1000000000001));
#4561=CARTESIAN_POINT('Origin',(29.5504006922246,149.477393288916,-14.1000000000001));
#4562=CARTESIAN_POINT('',(61.0504006922247,149.477393288916,-14.1));
#4563=CARTESIAN_POINT('Origin',(62.4504006922247,149.477393288916,-14.1));
#4564=CARTESIAN_POINT('',(51.1504006922247,149.477393288916,-14.1000000000001));
#4565=CARTESIAN_POINT('Origin',(52.5504006922247,149.477393288916,-14.1));
#4566=CARTESIAN_POINT('',(38.0504006922246,149.477393288916,-14.1000000000001));
#4567=CARTESIAN_POINT('Origin',(39.4504006922246,149.477393288916,-14.1000000000001));
#4568=CARTESIAN_POINT('Origin',(20.500400543213,147.477393288916,-12.0000000000001));
#4569=CARTESIAN_POINT('Origin',(20.500400543213,147.477393288916,-12.0000000000001));
#4570=CARTESIAN_POINT('Ctrl Pts',(38.5627007904734,115.477393288916,31.2));
#4571=CARTESIAN_POINT('Ctrl Pts',(35.854500526292,115.477393288916,31.2));
#4572=CARTESIAN_POINT('Ctrl Pts',(33.1463002621105,115.477393288916,31.2));
#4573=CARTESIAN_POINT('Ctrl Pts',(30.4380999979291,115.477393288916,31.2));
#4574=CARTESIAN_POINT('Ctrl Pts',(38.5627007904734,115.477393288916,31.4634057612734));
#4575=CARTESIAN_POINT('Ctrl Pts',(35.854500526292,115.477393288916,31.4634057612734));
#4576=CARTESIAN_POINT('Ctrl Pts',(33.1463002621105,115.477393288916,31.4634057612734));
#4577=CARTESIAN_POINT('Ctrl Pts',(30.4380999979291,115.477393288916,31.4634057612734));
#4578=CARTESIAN_POINT('Ctrl Pts',(38.5627007904734,115.585788171725,32.1244297099867));
#4579=CARTESIAN_POINT('Ctrl Pts',(35.854500526292,115.585788171725,32.1244297099867));
#4580=CARTESIAN_POINT('Ctrl Pts',(33.1463002621105,115.585788171725,32.1244297099867));
#4581=CARTESIAN_POINT('Ctrl Pts',(30.4380999979291,115.585788171725,32.1244297099867));
#4582=CARTESIAN_POINT('Ctrl Pts',(38.5627007904734,116.26381115308,33.5739758954453));
#4583=CARTESIAN_POINT('Ctrl Pts',(35.8545005262919,116.26381115308,33.5739758954453));
#4584=CARTESIAN_POINT('Ctrl Pts',(33.1463002621105,116.26381115308,33.5739758954453));
#4585=CARTESIAN_POINT('Ctrl Pts',(30.4380999979291,116.26381115308,33.5739758954453));
#4586=CARTESIAN_POINT('Ctrl Pts',(38.5627007904734,117.564544940082,35.361593402343));
#4587=CARTESIAN_POINT('Ctrl Pts',(35.8545005262919,117.564544940082,35.3615934023429));
#4588=CARTESIAN_POINT('Ctrl Pts',(33.1463002621105,117.564544940082,35.3615934023429));
#4589=CARTESIAN_POINT('Ctrl Pts',(30.4380999979291,117.564544940082,35.3615934023429));
#4590=CARTESIAN_POINT('Ctrl Pts',(38.5627007904734,119.315901989941,37.1141985157303));
#4591=CARTESIAN_POINT('Ctrl Pts',(35.8545005262919,119.315901989941,37.1141985157303));
#4592=CARTESIAN_POINT('Ctrl Pts',(33.1463002621105,119.315901989941,37.1141985157303));
#4593=CARTESIAN_POINT('Ctrl Pts',(30.4380999979291,119.315901989941,37.1141985157303));
#4594=CARTESIAN_POINT('Ctrl Pts',(38.5627007904734,121.101872210726,38.4119676397414));
#4595=CARTESIAN_POINT('Ctrl Pts',(35.8545005262919,121.101872210726,38.4119676397414));
#4596=CARTESIAN_POINT('Ctrl Pts',(33.1463002621105,121.101872210726,38.4119676397414));
#4597=CARTESIAN_POINT('Ctrl Pts',(30.4380999979291,121.101872210726,38.4119676397414));
#4598=CARTESIAN_POINT('Ctrl Pts',(38.5627007904734,122.553624956319,39.0922968833338));
#4599=CARTESIAN_POINT('Ctrl Pts',(35.8545005262919,122.553624956319,39.0922968833338));
#4600=CARTESIAN_POINT('Ctrl Pts',(33.1463002621105,122.553624956319,39.0922968833338));
#4601=CARTESIAN_POINT('Ctrl Pts',(30.4380999979291,122.553624956319,39.0922968833337));
#4602=CARTESIAN_POINT('Ctrl Pts',(38.5627007904734,123.213987527642,39.2));
#4603=CARTESIAN_POINT('Ctrl Pts',(35.8545005262919,123.213987527642,39.2));
#4604=CARTESIAN_POINT('Ctrl Pts',(33.1463002621105,123.213987527642,39.2));
#4605=CARTESIAN_POINT('Ctrl Pts',(30.4380999979291,123.213987527642,39.2));
#4606=CARTESIAN_POINT('Ctrl Pts',(38.5627007904734,123.477393288916,39.2));
#4607=CARTESIAN_POINT('Ctrl Pts',(35.8545005262919,123.477393288916,39.2));
#4608=CARTESIAN_POINT('Ctrl Pts',(33.1463002621105,123.477393288916,39.2));
#4609=CARTESIAN_POINT('Ctrl Pts',(30.4380999979291,123.477393288916,39.2));
#4610=CARTESIAN_POINT('',(30.4380999979291,115.477393288916,31.2));
#4611=CARTESIAN_POINT('',(32.1216053595866,117.643495948756,35.3602074477101));
#4612=CARTESIAN_POINT('Ctrl Pts',(30.4380999979291,115.477393288916,31.2));
#4613=CARTESIAN_POINT('Ctrl Pts',(30.6382234767205,115.477393288916,31.5199950046005));
#4614=CARTESIAN_POINT('Ctrl Pts',(30.8384482197303,115.557981614551,31.8868239634864));
#4615=CARTESIAN_POINT('Ctrl Pts',(31.1821471349162,115.815463431566,32.6010526955938));
#4616=CARTESIAN_POINT('Ctrl Pts',(31.3646235857683,116.00261995368,33.0145582463332));
#4617=CARTESIAN_POINT('Ctrl Pts',(31.6811933069548,116.555075619287,33.9489786767062));
#4618=CARTESIAN_POINT('Ctrl Pts',(31.7716952052942,116.820285949559,34.3223118316711));
#4619=CARTESIAN_POINT('Ctrl Pts',(31.9312936324512,117.262192941025,34.9082528764933));
#4620=CARTESIAN_POINT('Ctrl Pts',(32.0097191944417,117.460065821894,35.1475612076031));
#4621=CARTESIAN_POINT('Ctrl Pts',(32.1216053595866,117.643495948756,35.3602074477101));
#4622=CARTESIAN_POINT('',(32.1216053595866,123.477393288916,39.2));
#4623=CARTESIAN_POINT('Ctrl Pts',(32.1216053595866,117.643495948756,35.3602074477101));
#4624=CARTESIAN_POINT('Ctrl Pts',(32.1216053595866,118.586465362749,36.4533697534452));
#4625=CARTESIAN_POINT('Ctrl Pts',(32.1216053595866,119.715239634918,37.4539176642939));
#4626=CARTESIAN_POINT('Ctrl Pts',(32.1216053595866,121.304041428124,38.4794025493155));
#4627=CARTESIAN_POINT('Ctrl Pts',(32.1216053595866,121.849193494039,38.7779461606175));
#4628=CARTESIAN_POINT('Ctrl Pts',(32.1216053595866,122.678893661442,39.0802239458561));
#4629=CARTESIAN_POINT('Ctrl Pts',(32.1216053595866,123.08652197254,39.2));
#4630=CARTESIAN_POINT('Ctrl Pts',(32.1216053595866,123.477393288916,39.2));
#4631=CARTESIAN_POINT('',(36.8791954288159,123.477393288916,39.2));
#4632=CARTESIAN_POINT('Ctrl Pts',(36.8791954288159,123.477393288916,39.2));
#4633=CARTESIAN_POINT('Ctrl Pts',(35.2933320724061,123.477393288916,39.2));
#4634=CARTESIAN_POINT('Ctrl Pts',(33.7074687159964,123.477393288916,39.2));
#4635=CARTESIAN_POINT('Ctrl Pts',(32.1216053595866,123.477393288916,39.2));
#4636=CARTESIAN_POINT('',(36.8791954288159,117.643495948756,35.3602074477101));
#4637=CARTESIAN_POINT('Ctrl Pts',(36.8791954288159,123.477393288916,39.2));
#4638=CARTESIAN_POINT('Ctrl Pts',(36.8791954288159,123.168267545558,39.2));
#4639=CARTESIAN_POINT('Ctrl Pts',(36.8791954288159,122.840856217257,39.1253646324145));
#4640=CARTESIAN_POINT('Ctrl Pts',(36.8791954288159,121.900976729337,38.8179884984419));
#4641=CARTESIAN_POINT('Ctrl Pts',(36.8791954288159,121.157681951979,38.4198221152389));
#4642=CARTESIAN_POINT('Ctrl Pts',(36.8791954288159,119.406777459433,37.1795210957192));
#4643=CARTESIAN_POINT('Ctrl Pts',(36.8791954288159,118.449960333739,36.295122677726));
#4644=CARTESIAN_POINT('Ctrl Pts',(36.8791954288159,117.643495948756,35.3602074477101));
#4645=CARTESIAN_POINT('',(38.5627007904734,115.477393288916,31.2));
#4646=CARTESIAN_POINT('Ctrl Pts',(36.8791954288159,117.643495948756,35.3602074477101));
#4647=CARTESIAN_POINT('Ctrl Pts',(36.9849323888242,117.47014704576,35.1592481337772));
#4648=CARTESIAN_POINT('Ctrl Pts',(37.0571001970517,117.29272120505,34.9435669420902));
#4649=CARTESIAN_POINT('Ctrl Pts',(37.2433549654184,116.786057980935,34.2836648652365));
#4650=CARTESIAN_POINT('Ctrl Pts',(37.4186315271942,116.224805797839,33.5169456779237));
#4651=CARTESIAN_POINT('Ctrl Pts',(37.936522580453,115.718052240765,32.3488136910371));
#4652=CARTESIAN_POINT('Ctrl Pts',(38.0684721677512,115.621114717621,32.0775419402944));
#4653=CARTESIAN_POINT('Ctrl Pts',(38.3191617390458,115.508624166049,31.6080404360754));
#4654=CARTESIAN_POINT('Ctrl Pts',(38.4379456326582,115.477393288916,31.3994819775276));
#4655=CARTESIAN_POINT('Ctrl Pts',(38.5627007904734,115.477393288916,31.2));
#4656=CARTESIAN_POINT('Ctrl Pts',(30.4380999979291,115.477393288916,31.2));
#4657=CARTESIAN_POINT('Ctrl Pts',(33.1463002621105,115.477393288916,31.2));
#4658=CARTESIAN_POINT('Ctrl Pts',(35.854500526292,115.477393288916,31.2));
#4659=CARTESIAN_POINT('Ctrl Pts',(38.5627007904734,115.477393288916,31.2));
#4660=CARTESIAN_POINT('Ctrl Pts',(34.5004003942013,149.477393288916,36.5000005438922));
#4661=CARTESIAN_POINT('Ctrl Pts',(34.5004003942012,98.9773932889156,36.5000005438923));
#4662=CARTESIAN_POINT('Ctrl Pts',(34.3393596887449,149.477393288916,36.5000005438922));
#4663=CARTESIAN_POINT('Ctrl Pts',(34.3393596887449,98.9773932889156,36.5000005438923));
#4664=CARTESIAN_POINT('Ctrl Pts',(34.031198973661,149.477393288916,36.4882751613265));
#4665=CARTESIAN_POINT('Ctrl Pts',(34.031198973661,98.9773932889156,36.4882751613266));
#4666=CARTESIAN_POINT('Ctrl Pts',(33.6107200233517,149.477393288916,36.4355122707661));
#4667=CARTESIAN_POINT('Ctrl Pts',(33.6107200233517,98.9773932889156,36.4355122707662));
#4668=CARTESIAN_POINT('Ctrl Pts',(33.1332040369941,149.477393288916,36.2990573465544));
#4669=CARTESIAN_POINT('Ctrl Pts',(33.133204036994,98.9773932889156,36.2990573465545));
#4670=CARTESIAN_POINT('Ctrl Pts',(32.6703822734632,149.477393288916,36.0411090030002));
#4671=CARTESIAN_POINT('Ctrl Pts',(32.6703822734631,98.9773932889156,36.0411090030002));
#4672=CARTESIAN_POINT('Ctrl Pts',(32.331751694641,149.477393288916,35.7220779026359));
#4673=CARTESIAN_POINT('Ctrl Pts',(32.331751694641,98.9773932889156,35.7220779026359));
#4674=CARTESIAN_POINT('Ctrl Pts',(32.0997877812945,149.477393288916,35.3636733627975));
#4675=CARTESIAN_POINT('Ctrl Pts',(32.0997877812945,98.9773932889156,35.3636733627976));
#4676=CARTESIAN_POINT('Ctrl Pts',(31.946215878579,149.477393288916,34.9743221694652));
#4677=CARTESIAN_POINT('Ctrl Pts',(31.946215878579,98.9773932889156,34.9743221694653));
#4678=CARTESIAN_POINT('Ctrl Pts',(31.8295379512624,149.477393288916,34.5420759899464));
#4679=CARTESIAN_POINT('Ctrl Pts',(31.8295379512623,98.9773932889156,34.5420759899464));
#4680=CARTESIAN_POINT('Ctrl Pts',(31.7046830571771,149.477393288916,34.0473228115127));
#4681=CARTESIAN_POINT('Ctrl Pts',(31.704683057177,98.9773932889156,34.0473228115128));
#4682=CARTESIAN_POINT('Ctrl Pts',(31.531929194909,149.477393288916,33.4744623198071));
#4683=CARTESIAN_POINT('Ctrl Pts',(31.531929194909,98.9773932889156,33.4744623198072));
#4684=CARTESIAN_POINT('Ctrl Pts',(31.2855588125783,149.477393288916,32.8233737559414));
#4685=CARTESIAN_POINT('Ctrl Pts',(31.2855588125782,98.9773932889156,32.8233737559415));
#4686=CARTESIAN_POINT('Ctrl Pts',(30.9645370846081,149.477393288916,32.1235136085943));
#4687=CARTESIAN_POINT('Ctrl Pts',(30.9645370846081,98.9773932889156,32.1235136085943));
#4688=CARTESIAN_POINT('Ctrl Pts',(30.5988704710972,149.477393288916,31.4421407056359));
#4689=CARTESIAN_POINT('Ctrl Pts',(30.5988704710972,98.9773932889156,31.4421407056359));
#4690=CARTESIAN_POINT('Ctrl Pts',(30.2341311989828,149.477393288916,30.8631829806501));
#4691=CARTESIAN_POINT('Ctrl Pts',(30.2341311989828,98.9773932889156,30.8631829806501));
#4692=CARTESIAN_POINT('Ctrl Pts',(29.9825184637953,149.477393288916,30.5491775107381));
#4693=CARTESIAN_POINT('Ctrl Pts',(29.9825184637953,98.9773932889156,30.5491775107381));
#4694=CARTESIAN_POINT('Ctrl Pts',(29.8344104479601,149.477393288916,30.4271232209019));
#4695=CARTESIAN_POINT('Ctrl Pts',(29.8344104479601,98.9773932889156,30.427123220902));
#4696=CARTESIAN_POINT('Ctrl Pts',(29.7561065366958,149.477393288916,30.3999999999999));
#4697=CARTESIAN_POINT('Ctrl Pts',(29.7561065366957,98.9773932889156,30.4));
#4698=CARTESIAN_POINT('Ctrl Pts',(29.7220632352106,149.477393288916,30.3999999999999));
#4699=CARTESIAN_POINT('Ctrl Pts',(29.7220632352106,98.9773932889156,30.4));
#4700=CARTESIAN_POINT('Ctrl Pts',(29.7220632352106,115.477393288916,30.4));
#4701=CARTESIAN_POINT('Ctrl Pts',(29.7372192040786,115.477393288916,30.4));
#4702=CARTESIAN_POINT('Ctrl Pts',(29.7523667883526,115.477393288916,30.4032289631907));
#4703=CARTESIAN_POINT('Ctrl Pts',(29.7936049019086,115.477393288916,30.4172107103509));
#4704=CARTESIAN_POINT('Ctrl Pts',(29.8202505200617,115.477393288916,30.4329774971918));
#4705=CARTESIAN_POINT('Ctrl Pts',(29.9043706130345,115.477393288916,30.4920186473872));
#4706=CARTESIAN_POINT('Ctrl Pts',(29.9681925361499,115.477393288916,30.5570709559864));
#4707=CARTESIAN_POINT('Ctrl Pts',(30.148610390792,115.477393288916,30.7633822135299));
#4708=CARTESIAN_POINT('Ctrl Pts',(30.2910969905817,115.477393288916,30.964943982103));
#4709=CARTESIAN_POINT('Ctrl Pts',(30.4380999979291,115.477393288916,31.2));
#4710=CARTESIAN_POINT('Ctrl Pts',(29.7220632352106,147.477393288916,30.3999999999999));
#4711=CARTESIAN_POINT('Ctrl Pts',(29.722502468728,147.47929383947,30.3999999999999));
#4712=CARTESIAN_POINT('Ctrl Pts',(29.7229426702516,147.481194162874,30.4000027090656));
#4713=CARTESIAN_POINT('Ctrl Pts',(29.7790483670066,147.722838015235,30.4006915138146));
#4714=CARTESIAN_POINT('Ctrl Pts',(29.8496395046233,147.956033887322,30.4443453382466));
#4715=CARTESIAN_POINT('Ctrl Pts',(30.0209079143004,148.400614892083,30.6093365387907));
#4716=CARTESIAN_POINT('Ctrl Pts',(30.1212469178483,148.606548186114,30.73271129326));
#4717=CARTESIAN_POINT('Ctrl Pts',(30.3660415490866,149.006672097534,31.0779174120047));
#4718=CARTESIAN_POINT('Ctrl Pts',(30.5137745870462,149.182033027802,31.3148717381011));
#4719=CARTESIAN_POINT('Ctrl Pts',(30.8065890267519,149.416118779895,31.8340834425299));
#4720=CARTESIAN_POINT('Ctrl Pts',(30.9509377809755,149.477393288918,32.1140012541983));
#4721=CARTESIAN_POINT('Ctrl Pts',(31.0844735169573,149.477393288916,32.4000000000182));
#4722=CARTESIAN_POINT('',(34.5004003942013,133.977393288916,36.5000005438922));
#4723=CARTESIAN_POINT('',(34.5004003942013,149.477393288916,36.5000005438922));
#4724=CARTESIAN_POINT('',(32.1216053822963,133.977393288916,35.3602074908713));
#4725=CARTESIAN_POINT('Ctrl Pts',(34.5004003942012,133.977393288916,36.5000005438922));
#4726=CARTESIAN_POINT('Ctrl Pts',(33.7793227976719,133.977393288916,36.5000005438922));
#4727=CARTESIAN_POINT('Ctrl Pts',(33.0102784396313,133.977393288916,36.2956855204718));
#4728=CARTESIAN_POINT('Ctrl Pts',(32.398080856422,133.977393288916,35.7886897339539));
#4729=CARTESIAN_POINT('Ctrl Pts',(32.2056693219585,133.977393288916,35.519975945689));
#4730=CARTESIAN_POINT('Ctrl Pts',(32.1216053822964,133.977393288916,35.3602074908714));
#4731=CARTESIAN_POINT('',(32.1216053595866,131.477393288916,35.3602074477101));
#4732=CARTESIAN_POINT('Ctrl Pts',(32.1216053822963,133.977393288916,35.3602074908713));
#4733=CARTESIAN_POINT('Ctrl Pts',(32.1216053822963,133.144059955582,35.3602074908713));
#4734=CARTESIAN_POINT('Ctrl Pts',(32.121605362951,132.310726622249,35.3602074541044));
#4735=CARTESIAN_POINT('Ctrl Pts',(32.1216053595866,131.477393288916,35.3602074477101));
#4736=CARTESIAN_POINT('Ctrl Pts',(32.1216053595866,117.643495948756,35.3602074477101));
#4737=CARTESIAN_POINT('Ctrl Pts',(32.1216053595866,119.838128395476,35.3602074477101));
#4738=CARTESIAN_POINT('Ctrl Pts',(32.1216053595866,122.032760842196,35.3602074477101));
#4739=CARTESIAN_POINT('Ctrl Pts',(32.1216053595866,126.644059955582,35.3602074477101));
#4740=CARTESIAN_POINT('Ctrl Pts',(32.1216053595866,129.060726622249,35.3602074477101));
#4741=CARTESIAN_POINT('Ctrl Pts',(32.1216053595866,131.477393288916,35.3602074477101));
#4742=CARTESIAN_POINT('Origin',(32.1216053595866,126.477393288916,35.3602074477101));
#4743=CARTESIAN_POINT('',(32.1216053595866,131.879639025565,37.0106669994662));
#4744=CARTESIAN_POINT('Ctrl Pts',(32.1216053595866,131.879639025565,37.0106669994662));
#4745=CARTESIAN_POINT('Ctrl Pts',(32.1216053595866,132.018819018556,36.7526710907709));
#4746=CARTESIAN_POINT('Ctrl Pts',(32.1216053595865,132.189452911414,36.5116166624654));
#4747=CARTESIAN_POINT('Ctrl Pts',(32.1216053595865,132.613693694755,36.0333986501845));
#4748=CARTESIAN_POINT('Ctrl Pts',(32.1216053595866,132.865155487749,35.8183959509499));
#4749=CARTESIAN_POINT('Ctrl Pts',(32.1216053595866,133.23367932996,35.5785842395978));
#4750=CARTESIAN_POINT('Ctrl Pts',(32.1216053595866,133.374463471997,35.5022191399115));
#4751=CARTESIAN_POINT('Ctrl Pts',(32.1216053595866,133.682431731248,35.3870689122713));
#4752=CARTESIAN_POINT('Ctrl Pts',(32.1216053595866,133.832773944864,35.3602074477101));
#4753=CARTESIAN_POINT('Ctrl Pts',(32.1216053595866,133.977393288916,35.3602074477101));
#4754=CARTESIAN_POINT('',(32.1216053595786,128.00700403194,39.2));
#4755=CARTESIAN_POINT('Ctrl Pts',(32.1216053595866,128.007004031946,39.2));
#4756=CARTESIAN_POINT('Ctrl Pts',(32.1216053595866,128.562686123818,39.2));
#4757=CARTESIAN_POINT('Ctrl Pts',(32.1216053595867,129.120318307289,39.0991759092264));
#4758=CARTESIAN_POINT('Ctrl Pts',(32.1216053595867,130.12866003273,38.7274550866679));
#4759=CARTESIAN_POINT('Ctrl Pts',(32.1216053595867,130.586085440907,38.4658888663904));
#4760=CARTESIAN_POINT('Ctrl Pts',(32.1216053595867,131.346759955373,37.8095307620367));
#4761=CARTESIAN_POINT('Ctrl Pts',(32.1216053595866,131.651224300504,37.434076020296));
#4762=CARTESIAN_POINT('Ctrl Pts',(32.1216053595866,131.879639025565,37.0106669994664));
#4763=CARTESIAN_POINT('',(32.1216053595866,126.477393288916,39.2));
#4764=CARTESIAN_POINT('Origin',(32.1216053595866,126.477393288916,39.2));
#4765=CARTESIAN_POINT('',(34.5004003942012,128.70387493146,39.2));
#4766=CARTESIAN_POINT('Ctrl Pts',(32.1216053595775,128.007004031942,39.2));
#4767=CARTESIAN_POINT('Ctrl Pts',(32.232620557066,128.050640124201,39.2));
#4768=CARTESIAN_POINT('Ctrl Pts',(32.4526243039433,128.142212280907,39.2));
#4769=CARTESIAN_POINT('Ctrl Pts',(32.7786301087155,128.289142556675,39.2));
#4770=CARTESIAN_POINT('Ctrl Pts',(33.1035467469961,128.438024893695,39.2));
#4771=CARTESIAN_POINT('Ctrl Pts',(33.4364488006706,128.568046863745,39.2));
#4772=CARTESIAN_POINT('Ctrl Pts',(33.7864586467297,128.654390439199,39.2));
#4773=CARTESIAN_POINT('Ctrl Pts',(34.1433791195129,128.69668340577,39.2));
#4774=CARTESIAN_POINT('Ctrl Pts',(34.3812968834741,128.70387493146,39.2));
#4775=CARTESIAN_POINT('Ctrl Pts',(34.5004003942013,128.70387493146,39.2));
#4776=CARTESIAN_POINT('',(36.8791954288592,128.007004031912,39.2));
#4777=CARTESIAN_POINT('Ctrl Pts',(34.5004003942012,128.70387493146,39.2));
#4778=CARTESIAN_POINT('Ctrl Pts',(34.6194614288089,128.70387493146,39.2));
#4779=CARTESIAN_POINT('Ctrl Pts',(34.8590789102985,128.696645537488,39.2));
#4780=CARTESIAN_POINT('Ctrl Pts',(35.2164171200429,128.653938790986,39.2));
#4781=CARTESIAN_POINT('Ctrl Pts',(35.564325255739,128.568020468406,39.2));
#4782=CARTESIAN_POINT('Ctrl Pts',(35.8969006394552,128.43827039956,39.2));
#4783=CARTESIAN_POINT('Ctrl Pts',(36.1680217323612,128.313947192139,39.2));
#4784=CARTESIAN_POINT('Ctrl Pts',(36.3855077763533,128.21557568627,39.2));
#4785=CARTESIAN_POINT('Ctrl Pts',(36.5216714536904,128.155329915918,39.2));
#4786=CARTESIAN_POINT('Ctrl Pts',(36.6310807637193,128.108402669591,39.2));
#4787=CARTESIAN_POINT('Ctrl Pts',(36.7065893785695,128.076703837365,39.2));
#4788=CARTESIAN_POINT('Ctrl Pts',(36.7616841295863,128.054073466421,39.2));
#4789=CARTESIAN_POINT('Ctrl Pts',(36.8030870588844,128.037286170923,39.2));
#4790=CARTESIAN_POINT('Ctrl Pts',(36.8307282848318,128.026190655849,39.2));
#4791=CARTESIAN_POINT('Ctrl Pts',(36.8549501130201,128.016568089209,39.2));
#4792=CARTESIAN_POINT('Ctrl Pts',(36.8688012066231,128.011094533974,39.2));
#4793=CARTESIAN_POINT('Ctrl Pts',(36.8757301219243,128.008366119792,39.2));
#4794=CARTESIAN_POINT('Ctrl Pts',(36.8791954288649,128.007004031927,39.2));
#4795=CARTESIAN_POINT('',(36.8791954288159,126.477393288916,39.2));
#4796=CARTESIAN_POINT('Ctrl Pts',(34.5004003942013,128.70387493146,39.2));
#4797=CARTESIAN_POINT('Ctrl Pts',(34.3812968834741,128.70387493146,39.2));
#4798=CARTESIAN_POINT('Ctrl Pts',(34.1433791195129,128.69668340577,39.2));
#4799=CARTESIAN_POINT('Ctrl Pts',(33.7864586467297,128.654390439199,39.2));
#4800=CARTESIAN_POINT('Ctrl Pts',(33.4364488006706,128.568046863745,39.2));
#4801=CARTESIAN_POINT('Ctrl Pts',(33.1035467469961,128.438024893695,39.2));
#4802=CARTESIAN_POINT('Ctrl Pts',(32.7786301087155,128.289142556675,39.2));
#4803=CARTESIAN_POINT('Ctrl Pts',(32.4526243039433,128.142212280907,39.2));
#4804=CARTESIAN_POINT('Ctrl Pts',(32.232620557066,128.050640124201,39.2));
#4805=CARTESIAN_POINT('Ctrl Pts',(32.1216053595775,128.007004031942,39.2));
#4806=CARTESIAN_POINT('Ctrl Pts',(34.5004003942014,129.424934218077,39.2));
#4807=CARTESIAN_POINT('Ctrl Pts',(34.366656667101,129.424934218077,39.2));
#4808=CARTESIAN_POINT('Ctrl Pts',(34.0937450735472,129.41916068058,39.1988445532482));
#4809=CARTESIAN_POINT('Ctrl Pts',(33.6593268673219,129.389323500202,39.1984047723305));
#4810=CARTESIAN_POINT('Ctrl Pts',(33.1926349023781,129.334755237431,39.1980718676015));
#4811=CARTESIAN_POINT('Ctrl Pts',(32.7377172030982,129.267708504368,39.1989255710062));
#4812=CARTESIAN_POINT('Ctrl Pts',(32.3638342347263,129.186273392066,39.1996106966465));
#4813=CARTESIAN_POINT('Ctrl Pts',(32.0362139792091,129.095145238062,39.2005779094236));
#4814=CARTESIAN_POINT('Ctrl Pts',(31.830662427188,129.034936387684,39.1996861361601));
#4815=CARTESIAN_POINT('Ctrl Pts',(31.7289069159192,129.006073678645,39.2));
#4816=CARTESIAN_POINT('Ctrl Pts',(34.5004003942017,130.684946583937,38.8497546079787));
#4817=CARTESIAN_POINT('Ctrl Pts',(34.3410995143846,130.684946583937,38.8497546079787));
#4818=CARTESIAN_POINT('Ctrl Pts',(34.0064990514907,130.682888125522,38.84712173576));
#4819=CARTESIAN_POINT('Ctrl Pts',(33.4365350472621,130.675111483097,38.8261233374916));
#4820=CARTESIAN_POINT('Ctrl Pts',(32.7659954088802,130.675895132151,38.7651750997886));
#4821=CARTESIAN_POINT('Ctrl Pts',(32.0993947749144,130.716219196569,38.6410496434539));
#4822=CARTESIAN_POINT('Ctrl Pts',(31.6417923044236,130.749210756226,38.5281808641678));
#4823=CARTESIAN_POINT('Ctrl Pts',(31.3126319592012,130.752019422737,38.4531826029198));
#4824=CARTESIAN_POINT('Ctrl Pts',(31.1320335072503,130.746055906798,38.4164928565));
#4825=CARTESIAN_POINT('Ctrl Pts',(31.0466006573545,130.741938650089,38.4004631413059));
#4826=CARTESIAN_POINT('Ctrl Pts',(34.5004003942019,131.632960188203,37.9772141098705));
#4827=CARTESIAN_POINT('Ctrl Pts',(34.3218538864985,131.632960188203,37.9772141098705));
#4828=CARTESIAN_POINT('Ctrl Pts',(33.9411002409478,131.630694584702,37.9683826376722));
#4829=CARTESIAN_POINT('Ctrl Pts',(33.272052918336,131.621140289575,37.900659937599));
#4830=CARTESIAN_POINT('Ctrl Pts',(32.4645352712787,131.610138617225,37.7047955239103));
#4831=CARTESIAN_POINT('Ctrl Pts',(31.7011065502567,131.612253800145,37.3230118922731));
#4832=CARTESIAN_POINT('Ctrl Pts',(31.2459125474794,131.606475668302,36.9946099256454));
#4833=CARTESIAN_POINT('Ctrl Pts',(30.9485917580916,131.585926315141,36.7838630452134));
#4834=CARTESIAN_POINT('Ctrl Pts',(30.7962629618685,131.568891040012,36.6828936003671));
#4835=CARTESIAN_POINT('Ctrl Pts',(30.7249172627197,131.560337909413,36.6391938169619));
#4836=CARTESIAN_POINT('Ctrl Pts',(34.5004003942019,131.949116997587,37.5384618731645));
#4837=CARTESIAN_POINT('Ctrl Pts',(34.3154450449014,131.949116997587,37.5384618731645));
#4838=CARTESIAN_POINT('Ctrl Pts',(33.919127354953,131.946351026167,37.5265365568932));
#4839=CARTESIAN_POINT('Ctrl Pts',(33.2179395083683,131.930084500563,37.4375860780615));
#4840=CARTESIAN_POINT('Ctrl Pts',(32.3704450418663,131.896875433081,37.1808899256054));
#4841=CARTESIAN_POINT('Ctrl Pts',(31.5957289664713,131.846866983062,36.6906124428927));
#4842=CARTESIAN_POINT('Ctrl Pts',(31.1617196724385,131.789604545746,36.2797905672531));
#4843=CARTESIAN_POINT('Ctrl Pts',(30.8845954555609,131.73309290122,36.0206039194693));
#4844=CARTESIAN_POINT('Ctrl Pts',(30.7437763447694,131.697872840948,35.897535776418));
#4845=CARTESIAN_POINT('Ctrl Pts',(30.6774540537263,131.681089728541,35.8446094165111));
#4846=CARTESIAN_POINT('',(34.5004003942013,131.949116997587,37.5384618731645));
#4847=CARTESIAN_POINT('Ctrl Pts',(34.5004003942019,131.949116997587,37.5384618731645));
#4848=CARTESIAN_POINT('Ctrl Pts',(34.3154450449014,131.949116997587,37.5384618731645));
#4849=CARTESIAN_POINT('Ctrl Pts',(33.919127354953,131.946351026167,37.5265365568932));
#4850=CARTESIAN_POINT('Ctrl Pts',(33.2179395083683,131.930084500563,37.4375860780615));
#4851=CARTESIAN_POINT('Ctrl Pts',(32.5601432263867,131.904308755728,37.2383472849381));
#4852=CARTESIAN_POINT('Ctrl Pts',(32.2062529354486,131.884661145107,37.0559656972347));
#4853=CARTESIAN_POINT('Ctrl Pts',(32.1216383467313,131.879557136283,37.0085166568298));
#4854=CARTESIAN_POINT('Origin',(34.5004003942012,128.70387493146,35.2));
#4855=CARTESIAN_POINT('Ctrl Pts',(34.5004003942013,131.949116997587,37.5384618731644));
#4856=CARTESIAN_POINT('Ctrl Pts',(34.6852897824817,131.949116997587,37.5384618731644));
#4857=CARTESIAN_POINT('Ctrl Pts',(35.0843427566965,131.946336461443,37.5266353594877));
#4858=CARTESIAN_POINT('Ctrl Pts',(35.7864010596751,131.929910789712,37.4362213288058));
#4859=CARTESIAN_POINT('Ctrl Pts',(36.6307318438544,131.896865281027,37.1809363023088));
#4860=CARTESIAN_POINT('Ctrl Pts',(37.4030641462691,131.846961408394,36.6925082685445));
#4861=CARTESIAN_POINT('Ctrl Pts',(37.7663156892163,131.799144790155,36.3473671227752));
#4862=CARTESIAN_POINT('Ctrl Pts',(37.9774061472197,131.76130959559,36.1512517358247));
#4863=CARTESIAN_POINT('Ctrl Pts',(38.0857841816667,131.738138145455,36.0486847648059));
#4864=CARTESIAN_POINT('Ctrl Pts',(38.1646017184257,131.72008920456,35.9783786239568));
#4865=CARTESIAN_POINT('Ctrl Pts',(38.2155705646951,131.707897346011,35.9338359109172));
#4866=CARTESIAN_POINT('Ctrl Pts',(38.2510215863169,131.699193357187,35.9038292330425));
#4867=CARTESIAN_POINT('Ctrl Pts',(38.2770473923811,131.692736705072,35.8821848028187));
#4868=CARTESIAN_POINT('Ctrl Pts',(38.2940874092721,131.688469199275,35.8681852424692));
#4869=CARTESIAN_POINT('Ctrl Pts',(38.3087884367257,131.684768212105,35.8562845146944));
#4870=CARTESIAN_POINT('Ctrl Pts',(38.3171273311457,131.682662998554,35.8495815716742));
#4871=CARTESIAN_POINT('Ctrl Pts',(38.3212765037708,131.681613608483,35.8462614973465));
#4872=CARTESIAN_POINT('Ctrl Pts',(38.3233467347001,131.681089728535,35.8446094164921));
#4873=CARTESIAN_POINT('Ctrl Pts',(34.5004003942013,131.527574585076,38.1234648554391));
#4874=CARTESIAN_POINT('Ctrl Pts',(34.6767633330878,131.527574585076,38.1234648554391));
#4875=CARTESIAN_POINT('Ctrl Pts',(35.0543227708405,131.524129949788,38.1146554102913));
#4876=CARTESIAN_POINT('Ctrl Pts',(35.7134424127701,131.516336488658,38.0525249877692));
#4877=CARTESIAN_POINT('Ctrl Pts',(36.5039897324037,131.511684051994,37.8774863042791));
#4878=CARTESIAN_POINT('Ctrl Pts',(37.261936398735,131.531883072484,37.5339758580477));
#4879=CARTESIAN_POINT('Ctrl Pts',(37.6491244823247,131.541974398512,37.2815629271364));
#4880=CARTESIAN_POINT('Ctrl Pts',(37.8783264348144,131.539920147068,37.1360287621071));
#4881=CARTESIAN_POINT('Ctrl Pts',(37.9979727609859,131.536073176562,37.0589621937416));
#4882=CARTESIAN_POINT('Ctrl Pts',(38.0848649156469,131.531732763431,37.0058283201523));
#4883=CARTESIAN_POINT('Ctrl Pts',(38.1411996483466,131.528483130581,36.9720691063274));
#4884=CARTESIAN_POINT('Ctrl Pts',(38.1803135495103,131.525844371976,36.9492182127142));
#4885=CARTESIAN_POINT('Ctrl Pts',(38.2090391299014,131.523883899254,36.9327477097045));
#4886=CARTESIAN_POINT('Ctrl Pts',(38.2278228844156,131.522501654172,36.9220573706517));
#4887=CARTESIAN_POINT('Ctrl Pts',(38.2440256231656,131.521301063959,36.9129739056597));
#4888=CARTESIAN_POINT('Ctrl Pts',(38.253212478597,131.520608839796,36.9078543598844));
#4889=CARTESIAN_POINT('Ctrl Pts',(38.2577824124886,131.520260889899,36.9053174720058));
#4890=CARTESIAN_POINT('Ctrl Pts',(38.2600624560446,131.520087303035,36.9040552837643));
#4891=CARTESIAN_POINT('Ctrl Pts',(34.5004003942013,130.506793569435,38.9409664691502));
#4892=CARTESIAN_POINT('Ctrl Pts',(34.6560304250623,130.506793569435,38.9409664691502));
#4893=CARTESIAN_POINT('Ctrl Pts',(34.9842246159316,130.504334245118,38.9391387956536));
#4894=CARTESIAN_POINT('Ctrl Pts',(35.5360283679788,130.493854673594,38.9235517530961));
#4895=CARTESIAN_POINT('Ctrl Pts',(36.1749759338291,130.487459718725,38.8794472466137));
#4896=CARTESIAN_POINT('Ctrl Pts',(36.8109458978436,130.514319081442,38.7896278304228));
#4897=CARTESIAN_POINT('Ctrl Pts',(37.1850350494481,130.530897477767,38.7212604695827));
#4898=CARTESIAN_POINT('Ctrl Pts',(37.4241469402343,130.529380691287,38.6810606449813));
#4899=CARTESIAN_POINT('Ctrl Pts',(37.5564337470058,130.525406258006,38.6596257211902));
#4900=CARTESIAN_POINT('Ctrl Pts',(37.6551720500973,130.520341953802,38.6447416543021));
#4901=CARTESIAN_POINT('Ctrl Pts',(37.7204240749129,130.516364122802,38.6352300864319));
#4902=CARTESIAN_POINT('Ctrl Pts',(37.7664315101807,130.513183585967,38.6287860439586));
#4903=CARTESIAN_POINT('Ctrl Pts',(37.8004156987669,130.510698725161,38.6241149676715));
#4904=CARTESIAN_POINT('Ctrl Pts',(37.8228029237586,130.509005766012,38.6210895733206));
#4905=CARTESIAN_POINT('Ctrl Pts',(37.8421894913555,130.507488996931,38.6185087325034));
#4906=CARTESIAN_POINT('Ctrl Pts',(37.8532100162858,130.506614153713,38.6170533351445));
#4907=CARTESIAN_POINT('Ctrl Pts',(37.8587015376049,130.506174294316,38.616331873839));
#4908=CARTESIAN_POINT('Ctrl Pts',(37.8614428728981,130.505953601872,38.6159726529474));
#4909=CARTESIAN_POINT('Ctrl Pts',(34.5004003942013,129.244669396423,39.2));
#4910=CARTESIAN_POINT('Ctrl Pts',(34.630426541939,129.244669396423,39.2));
#4911=CARTESIAN_POINT('Ctrl Pts',(34.8967278045924,129.239125407609,39.199594255743));
#4912=CARTESIAN_POINT('Ctrl Pts',(35.3124335432981,129.206182699763,39.1994206429825));
#4913=CARTESIAN_POINT('Ctrl Pts',(35.7476981264859,129.144257640007,39.1991428445836));
#4914=CARTESIAN_POINT('Ctrl Pts',(36.1711357952251,129.061253939936,39.1993924746773));
#4915=CARTESIAN_POINT('Ctrl Pts',(36.4730657655871,128.979065903421,39.1995138511868));
#4916=CARTESIAN_POINT('Ctrl Pts',(36.6969701952264,128.909572665828,39.1997368135946));
#4917=CARTESIAN_POINT('Ctrl Pts',(36.8319619709133,128.866153279836,39.19978961773));
#4918=CARTESIAN_POINT('Ctrl Pts',(36.9381655712174,128.831735618477,39.1998420942591));
#4919=CARTESIAN_POINT('Ctrl Pts',(37.0105911228762,128.80830822513,39.1998961281651));
#4920=CARTESIAN_POINT('Ctrl Pts',(37.0629617305876,128.791491840907,39.1999172337827));
#4921=CARTESIAN_POINT('Ctrl Pts',(37.1021355143141,128.778967335542,39.1999526134492));
#4922=CARTESIAN_POINT('Ctrl Pts',(37.1282017458143,128.770681326073,39.1999645521266));
#4923=CARTESIAN_POINT('Ctrl Pts',(37.1509721610001,128.763476030622,39.1999823883321));
#4924=CARTESIAN_POINT('Ctrl Pts',(37.1639737211932,128.759373953669,39.1999923853055));
#4925=CARTESIAN_POINT('Ctrl Pts',(37.1704712719289,128.757328077255,39.199997326607));
#4926=CARTESIAN_POINT('Ctrl Pts',(37.1737192616062,128.756306266957,39.2));
#4927=CARTESIAN_POINT('Ctrl Pts',(34.5004003942012,128.70387493146,39.2));
#4928=CARTESIAN_POINT('Ctrl Pts',(34.6194614288089,128.70387493146,39.2));
#4929=CARTESIAN_POINT('Ctrl Pts',(34.8590789102985,128.696645537488,39.2));
#4930=CARTESIAN_POINT('Ctrl Pts',(35.2164171200429,128.653938790986,39.2));
#4931=CARTESIAN_POINT('Ctrl Pts',(35.564325255739,128.568020468406,39.2));
#4932=CARTESIAN_POINT('Ctrl Pts',(35.8969006394552,128.43827039956,39.2));
#4933=CARTESIAN_POINT('Ctrl Pts',(36.1680217323612,128.313947192139,39.2));
#4934=CARTESIAN_POINT('Ctrl Pts',(36.3855077763533,128.21557568627,39.2));
#4935=CARTESIAN_POINT('Ctrl Pts',(36.5216714536904,128.155329915918,39.2));
#4936=CARTESIAN_POINT('Ctrl Pts',(36.6310807637193,128.108402669591,39.2));
#4937=CARTESIAN_POINT('Ctrl Pts',(36.7065893785695,128.076703837365,39.2));
#4938=CARTESIAN_POINT('Ctrl Pts',(36.7616841295863,128.054073466421,39.2));
#4939=CARTESIAN_POINT('Ctrl Pts',(36.8030870588844,128.037286170923,39.2));
#4940=CARTESIAN_POINT('Ctrl Pts',(36.8307282848318,128.026190655849,39.2));
#4941=CARTESIAN_POINT('Ctrl Pts',(36.8549501130201,128.016568089209,39.2));
#4942=CARTESIAN_POINT('Ctrl Pts',(36.8688012066231,128.011094533974,39.2));
#4943=CARTESIAN_POINT('Ctrl Pts',(36.8757301219243,128.008366119792,39.2));
#4944=CARTESIAN_POINT('Ctrl Pts',(36.8791954288649,128.007004031927,39.2));
#4945=CARTESIAN_POINT('',(36.879195428816,131.879639025565,37.0106669994661));
#4946=CARTESIAN_POINT('Ctrl Pts',(36.879195428816,131.879639025565,37.0106669994661));
#4947=CARTESIAN_POINT('Ctrl Pts',(36.879195428816,131.64081400883,37.4533734250625));
#4948=CARTESIAN_POINT('Ctrl Pts',(36.879195428816,131.319055899511,37.8433498968752));
#4949=CARTESIAN_POINT('Ctrl Pts',(36.879195428816,130.560029561766,38.477487505151));
#4950=CARTESIAN_POINT('Ctrl Pts',(36.8791954288157,130.135840141439,38.719363837996));
#4951=CARTESIAN_POINT('Ctrl Pts',(36.8791954288157,129.15190413337,39.0933836539998));
#4952=CARTESIAN_POINT('Ctrl Pts',(36.8791954288159,128.578312499581,39.2));
#4953=CARTESIAN_POINT('Ctrl Pts',(36.8791954288159,128.007004031946,39.2));
#4954=CARTESIAN_POINT('Ctrl Pts',(36.879160785684,131.879556481001,37.0089709941114));
#4955=CARTESIAN_POINT('Ctrl Pts',(36.794695345758,131.884656418139,37.0563291122323));
#4956=CARTESIAN_POINT('Ctrl Pts',(36.4418662634109,131.904257122348,37.2380401715639));
#4957=CARTESIAN_POINT('Ctrl Pts',(35.7864010596751,131.929910789712,37.4362213288058));
#4958=CARTESIAN_POINT('Ctrl Pts',(35.0843427566965,131.946336461443,37.5266353594877));
#4959=CARTESIAN_POINT('Ctrl Pts',(34.6852897824817,131.949116997587,37.5384618731644));
#4960=CARTESIAN_POINT('Ctrl Pts',(34.5004003942013,131.949116997587,37.5384618731644));
#4961=CARTESIAN_POINT('Origin',(36.8791954288159,126.477393288916,39.2));
#4962=CARTESIAN_POINT('',(36.8791954287772,133.977393288916,35.3602074477836));
#4963=CARTESIAN_POINT('Ctrl Pts',(36.8791954288159,133.977393288916,35.3602074477101));
#4964=CARTESIAN_POINT('Ctrl Pts',(36.8791954288159,133.822987791294,35.3602074477101));
#4965=CARTESIAN_POINT('Ctrl Pts',(36.8791954288159,133.674761484051,35.3911036949856));
#4966=CARTESIAN_POINT('Ctrl Pts',(36.8791954288159,133.348324663218,35.5106130061817));
#4967=CARTESIAN_POINT('Ctrl Pts',(36.8791954288159,133.163300155532,35.6147450225942));
#4968=CARTESIAN_POINT('Ctrl Pts',(36.8791954288159,132.687051481418,35.9616646085168));
#4969=CARTESIAN_POINT('Ctrl Pts',(36.879195428816,132.366148876444,36.2686482713254));
#4970=CARTESIAN_POINT('Ctrl Pts',(36.879195428816,132.017108184543,36.7723744214789));
#4971=CARTESIAN_POINT('Ctrl Pts',(36.8791954288159,131.94490137973,36.88969113214));
#4972=CARTESIAN_POINT('Ctrl Pts',(36.8791954288159,131.879639025565,37.0106669994661));
#4973=CARTESIAN_POINT('',(36.8791954288159,131.477393288916,35.3602074477101));
#4974=CARTESIAN_POINT('Ctrl Pts',(36.8791954288159,131.477393288916,35.3602074477101));
#4975=CARTESIAN_POINT('Ctrl Pts',(36.8791954288159,132.310726622249,35.3602074477101));
#4976=CARTESIAN_POINT('Ctrl Pts',(36.8791954287772,133.144059955582,35.3602074477836));
#4977=CARTESIAN_POINT('Ctrl Pts',(36.8791954287772,133.977393288916,35.3602074477836));
#4978=CARTESIAN_POINT('Ctrl Pts',(36.8791954288159,131.477393288916,35.3602074477101));
#4979=CARTESIAN_POINT('Ctrl Pts',(36.8791954288159,129.060726622249,35.3602074477101));
#4980=CARTESIAN_POINT('Ctrl Pts',(36.8791954288159,126.644059955582,35.3602074477101));
#4981=CARTESIAN_POINT('Ctrl Pts',(36.8791954288159,122.032760842196,35.3602074477101));
#4982=CARTESIAN_POINT('Ctrl Pts',(36.8791954288159,119.838128395476,35.3602074477101));
#4983=CARTESIAN_POINT('Ctrl Pts',(36.8791954288159,117.643495948756,35.3602074477101));
#4984=CARTESIAN_POINT('Ctrl Pts',(31.1126779729005,131.879639025565,35.8910657226987));
#4985=CARTESIAN_POINT('Ctrl Pts',(31.2417872559728,131.879639025565,36.1364455118145));
#4986=CARTESIAN_POINT('Ctrl Pts',(31.5537345599468,131.879639025565,36.5764122846908));
#4987=CARTESIAN_POINT('Ctrl Pts',(32.5437253720521,131.879639025565,37.3879520210072));
#4988=CARTESIAN_POINT('Ctrl Pts',(33.6306516271131,131.879639025565,37.6400641297194));
#4989=CARTESIAN_POINT('Ctrl Pts',(34.5004003942012,131.879639025565,37.6400641297194));
#4990=CARTESIAN_POINT('Ctrl Pts',(31.7287933713483,132.330970080266,35.5668898088223));
#4991=CARTESIAN_POINT('Ctrl Pts',(31.8301535752191,132.330970080266,35.7595308401927));
#4992=CARTESIAN_POINT('Ctrl Pts',(32.0700033881097,132.330970080266,36.0949556120257));
#4993=CARTESIAN_POINT('Ctrl Pts',(32.8272805320419,132.330970080266,36.7189181395888));
#4994=CARTESIAN_POINT('Ctrl Pts',(33.7222368669519,132.330970080266,36.9438686059316));
#4995=CARTESIAN_POINT('Ctrl Pts',(34.5004003942012,132.330970080266,36.9438686059316));
#4996=CARTESIAN_POINT('Ctrl Pts',(32.1216053595866,133.147701823201,35.3602074477101));
#4997=CARTESIAN_POINT('Ctrl Pts',(32.2054053117461,133.147701823201,35.5194741874788));
#4998=CARTESIAN_POINT('Ctrl Pts',(32.3987991258081,133.147701823201,35.7882273205481));
#4999=CARTESIAN_POINT('Ctrl Pts',(33.0088007761165,133.147701823201,36.2934707027542));
#5000=CARTESIAN_POINT('Ctrl Pts',(33.7801941005208,133.147701823201,36.5000005438922));
#5001=CARTESIAN_POINT('Ctrl Pts',(34.5004003942012,133.147701823201,36.5000005438922));
#5002=CARTESIAN_POINT('Ctrl Pts',(32.1216053595866,133.977393288916,35.3602074477101));
#5003=CARTESIAN_POINT('Ctrl Pts',(32.2056693046319,133.977393288916,35.5199759214914));
#5004=CARTESIAN_POINT('Ctrl Pts',(32.3980808446088,133.977393288916,35.7886897241707));
#5005=CARTESIAN_POINT('Ctrl Pts',(33.0102784396313,133.977393288916,36.2956855204718));
#5006=CARTESIAN_POINT('Ctrl Pts',(33.7793227976719,133.977393288916,36.5000005438922));
#5007=CARTESIAN_POINT('Ctrl Pts',(34.5004003942012,133.977393288916,36.5000005438922));
#5008=CARTESIAN_POINT('Origin',(34.5004003942012,133.977393288916,39.0000005438922));
#5009=CARTESIAN_POINT('Ctrl Pts',(34.5004003942012,131.879639025565,37.6400641297194));
#5010=CARTESIAN_POINT('Ctrl Pts',(35.1527119695361,131.879639025565,37.6400641297194));
#5011=CARTESIAN_POINT('Ctrl Pts',(36.164027505587,131.879639025565,37.4735731774914));
#5012=CARTESIAN_POINT('Ctrl Pts',(37.2732638145196,131.879639025565,36.787493263663));
#5013=CARTESIAN_POINT('Ctrl Pts',(37.7159771047388,131.879639025565,36.2182387748533));
#5014=CARTESIAN_POINT('Ctrl Pts',(37.888122815502,131.879639025565,35.8910657226987));
#5015=CARTESIAN_POINT('Ctrl Pts',(34.5004003942012,132.330970080266,36.9438686059316));
#5016=CARTESIAN_POINT('Ctrl Pts',(35.0840230396666,132.330970080266,36.9438686059316));
#5017=CARTESIAN_POINT('Ctrl Pts',(35.9385894442112,132.330970080266,36.7934198572796));
#5018=CARTESIAN_POINT('Ctrl Pts',(36.8001453282086,132.330970080266,36.2542681451216));
#5019=CARTESIAN_POINT('Ctrl Pts',(37.1368604785596,132.330970080266,35.8237445173164));
#5020=CARTESIAN_POINT('Ctrl Pts',(37.2720074170542,132.330970080266,35.5668898088222));
#5021=CARTESIAN_POINT('Ctrl Pts',(34.5004003942012,133.147701823201,36.5000005438922));
#5022=CARTESIAN_POINT('Ctrl Pts',(35.040555114496,133.147701823201,36.5000005438922));
#5023=CARTESIAN_POINT('Ctrl Pts',(35.7942122101071,133.147701823201,36.360726707851));
#5024=CARTESIAN_POINT('Ctrl Pts',(36.498897526701,133.147701823201,35.9146378035808));
#5025=CARTESIAN_POINT('Ctrl Pts',(36.7674621592698,133.147701823201,35.5725631007354));
#5026=CARTESIAN_POINT('Ctrl Pts',(36.8791954288159,133.147701823201,35.3602074477101));
#5027=CARTESIAN_POINT('Ctrl Pts',(34.5004003942012,133.977393288916,36.5000005438922));
#5028=CARTESIAN_POINT('Ctrl Pts',(35.0412085916327,133.977393288916,36.5000005438922));
#5029=CARTESIAN_POINT('Ctrl Pts',(35.7929146718942,133.977393288916,36.3626276309439));
#5030=CARTESIAN_POINT('Ctrl Pts',(36.4996898817982,133.977393288916,35.91530808773));
#5031=CARTESIAN_POINT('Ctrl Pts',(36.7671101687553,133.977393288916,35.5732320794188));
#5032=CARTESIAN_POINT('Ctrl Pts',(36.8791954288159,133.977393288916,35.3602074477101));
#5033=CARTESIAN_POINT('Ctrl Pts',(36.8791954288159,133.977393288916,35.3602074477101));
#5034=CARTESIAN_POINT('Ctrl Pts',(36.7671101687553,133.977393288916,35.5732320794188));
#5035=CARTESIAN_POINT('Ctrl Pts',(36.4996898817982,133.977393288916,35.91530808773));
#5036=CARTESIAN_POINT('Ctrl Pts',(35.7929146718942,133.977393288916,36.3626276309439));
#5037=CARTESIAN_POINT('Ctrl Pts',(35.0412085916327,133.977393288916,36.5000005438922));
#5038=CARTESIAN_POINT('Ctrl Pts',(34.5004003942012,133.977393288916,36.5000005438922));
#5039=CARTESIAN_POINT('Ctrl Pts',(39.2787375531919,149.477393288916,30.4));
#5040=CARTESIAN_POINT('Ctrl Pts',(39.2787375531919,98.9773932889156,30.4));
#5041=CARTESIAN_POINT('Ctrl Pts',(39.2446942517068,149.477393288916,30.4));
#5042=CARTESIAN_POINT('Ctrl Pts',(39.2446942517068,98.9773932889156,30.4));
#5043=CARTESIAN_POINT('Ctrl Pts',(39.1663903404424,149.477393288916,30.427123220902));
#5044=CARTESIAN_POINT('Ctrl Pts',(39.1663903404424,98.9773932889156,30.427123220902));
#5045=CARTESIAN_POINT('Ctrl Pts',(39.0182823246072,149.477393288916,30.5491775107381));
#5046=CARTESIAN_POINT('Ctrl Pts',(39.0182823246072,98.9773932889156,30.5491775107382));
#5047=CARTESIAN_POINT('Ctrl Pts',(38.7666695894197,149.477393288916,30.8631829806501));
#5048=CARTESIAN_POINT('Ctrl Pts',(38.7666695894197,98.9773932889156,30.8631829806501));
#5049=CARTESIAN_POINT('Ctrl Pts',(38.4019303173053,149.477393288916,31.4421407056359));
#5050=CARTESIAN_POINT('Ctrl Pts',(38.4019303173053,98.9773932889156,31.442140705636));
#5051=CARTESIAN_POINT('Ctrl Pts',(38.0362637037944,149.477393288916,32.1235136085943));
#5052=CARTESIAN_POINT('Ctrl Pts',(38.0362637037944,98.9773932889156,32.1235136085943));
#5053=CARTESIAN_POINT('Ctrl Pts',(37.7152419758243,149.477393288916,32.8233737559415));
#5054=CARTESIAN_POINT('Ctrl Pts',(37.7152419758242,98.9773932889156,32.8233737559415));
#5055=CARTESIAN_POINT('Ctrl Pts',(37.4688715934935,149.477393288916,33.4744623198071));
#5056=CARTESIAN_POINT('Ctrl Pts',(37.4688715934935,98.9773932889156,33.4744623198072));
#5057=CARTESIAN_POINT('Ctrl Pts',(37.2961177312254,149.477393288916,34.0473228115128));
#5058=CARTESIAN_POINT('Ctrl Pts',(37.2961177312254,98.9773932889156,34.0473228115128));
#5059=CARTESIAN_POINT('Ctrl Pts',(37.1712628371401,149.477393288916,34.5420759899464));
#5060=CARTESIAN_POINT('Ctrl Pts',(37.1712628371401,98.9773932889156,34.5420759899464));
#5061=CARTESIAN_POINT('Ctrl Pts',(37.0545849098234,149.477393288916,34.9743221694652));
#5062=CARTESIAN_POINT('Ctrl Pts',(37.0545849098234,98.9773932889156,34.9743221694653));
#5063=CARTESIAN_POINT('Ctrl Pts',(36.901013007108,149.477393288916,35.3636733627975));
#5064=CARTESIAN_POINT('Ctrl Pts',(36.901013007108,98.9773932889156,35.3636733627976));
#5065=CARTESIAN_POINT('Ctrl Pts',(36.6690490937615,149.477393288916,35.7220779026359));
#5066=CARTESIAN_POINT('Ctrl Pts',(36.6690490937615,98.9773932889156,35.722077902636));
#5067=CARTESIAN_POINT('Ctrl Pts',(36.3304185149393,149.477393288916,36.0411090030002));
#5068=CARTESIAN_POINT('Ctrl Pts',(36.3304185149393,98.9773932889156,36.0411090030002));
#5069=CARTESIAN_POINT('Ctrl Pts',(35.8675967514084,149.477393288916,36.2990573465544));
#5070=CARTESIAN_POINT('Ctrl Pts',(35.8675967514084,98.9773932889156,36.2990573465545));
#5071=CARTESIAN_POINT('Ctrl Pts',(35.3900807650508,149.477393288916,36.4355122707661));
#5072=CARTESIAN_POINT('Ctrl Pts',(35.3900807650508,98.9773932889156,36.4355122707662));
#5073=CARTESIAN_POINT('Ctrl Pts',(34.9696018147415,149.477393288916,36.4882751613265));
#5074=CARTESIAN_POINT('Ctrl Pts',(34.9696018147415,98.9773932889156,36.4882751613266));
#5075=CARTESIAN_POINT('Ctrl Pts',(34.6614410996576,149.477393288916,36.5000005438922));
#5076=CARTESIAN_POINT('Ctrl Pts',(34.6614410996576,98.9773932889156,36.5000005438923));
#5077=CARTESIAN_POINT('Ctrl Pts',(34.5004003942012,149.477393288916,36.5000005438922));
#5078=CARTESIAN_POINT('Ctrl Pts',(34.5004003942012,98.9773932889156,36.5000005438923));
#5079=CARTESIAN_POINT('Ctrl Pts',(38.5627007904734,115.477393288916,31.2));
#5080=CARTESIAN_POINT('Ctrl Pts',(38.6367250228813,115.477393288916,31.0816361541736));
#5081=CARTESIAN_POINT('Ctrl Pts',(38.7088916528506,115.477393288916,30.9729372093448));
#5082=CARTESIAN_POINT('Ctrl Pts',(38.8594564840799,115.477393288916,30.761624755596));
#5083=CARTESIAN_POINT('Ctrl Pts',(38.9661863330075,115.477393288916,30.6223987602043));
#5084=CARTESIAN_POINT('Ctrl Pts',(39.1024231054065,115.477393288916,30.49134560659));
#5085=CARTESIAN_POINT('Ctrl Pts',(39.1435963446978,115.477393288916,30.4558876885697));
#5086=CARTESIAN_POINT('Ctrl Pts',(39.2004472887347,115.477393288916,30.4221597884951));
#5087=CARTESIAN_POINT('Ctrl Pts',(39.2174112411301,115.477393288916,30.4136833697015));
#5088=CARTESIAN_POINT('Ctrl Pts',(39.2488576911366,115.477393288916,30.4031396581155));
#5089=CARTESIAN_POINT('Ctrl Pts',(39.2637923271726,115.477393288916,30.4));
#5090=CARTESIAN_POINT('Ctrl Pts',(39.2787375531919,115.477393288916,30.4));
#5091=CARTESIAN_POINT('Origin',(34.5004003942012,115.477393288916,33.4500002719461));
#5092=CARTESIAN_POINT('Origin',(20.5004005432127,147.477393288916,32.3999999999998));
#5093=CARTESIAN_POINT('Origin',(39.4504006922246,149.477393288916,-14.1000000000001));
#5094=CARTESIAN_POINT('',(38.0504006922246,124.477393288916,-14.1000000000001));
#5095=CARTESIAN_POINT('',(38.0504006922246,149.477393288916,-14.1000000000001));
#5096=CARTESIAN_POINT('Origin',(39.4504006922246,124.477393288916,-14.1000000000001));
#5097=CARTESIAN_POINT('Origin',(39.4504006922246,124.477393288916,-14.1000000000001));
#5098=CARTESIAN_POINT('Origin',(52.5504006922243,149.477393288916,34.4999999999998));
#5099=CARTESIAN_POINT('',(51.1504006922243,124.477393288916,34.4999999999998));
#5100=CARTESIAN_POINT('',(51.1504006922243,149.477393288916,34.4999999999998));
#5101=CARTESIAN_POINT('Origin',(52.5504006922243,124.477393288916,34.4999999999998));
#5102=CARTESIAN_POINT('Origin',(52.5504006922243,124.477393288916,34.4999999999998));
#5103=CARTESIAN_POINT('Origin',(39.4504006922243,149.477393288916,34.4999999999998));
#5104=CARTESIAN_POINT('',(38.0504006922243,124.477393288916,34.4999999999998));
#5105=CARTESIAN_POINT('',(38.0504006922243,149.477393288916,34.4999999999997));
#5106=CARTESIAN_POINT('Origin',(39.4504006922243,124.477393288916,34.4999999999998));
#5107=CARTESIAN_POINT('Origin',(39.4504006922243,124.477393288916,34.4999999999998));
#5108=CARTESIAN_POINT('Origin',(52.5504006922247,149.477393288916,-14.1));
#5109=CARTESIAN_POINT('',(51.1504006922247,124.477393288916,-14.1));
#5110=CARTESIAN_POINT('',(51.1504006922247,149.477393288916,-14.1000000000001));
#5111=CARTESIAN_POINT('Origin',(52.5504006922247,124.477393288916,-14.1));
#5112=CARTESIAN_POINT('Origin',(52.5504006922247,124.477393288916,-14.1));
#5113=CARTESIAN_POINT('Origin',(29.5504006922246,149.477393288916,-14.1000000000001));
#5114=CARTESIAN_POINT('',(28.1504006922246,124.477393288916,-14.1000000000001));
#5115=CARTESIAN_POINT('',(28.1504006922246,149.477393288916,-14.1000000000001));
#5116=CARTESIAN_POINT('Origin',(29.5504006922246,124.477393288916,-14.1000000000001));
#5117=CARTESIAN_POINT('Origin',(29.5504006922246,124.477393288916,-14.1000000000001));
#5118=CARTESIAN_POINT('Origin',(62.4504006922243,149.477393288916,34.4999999999999));
#5119=CARTESIAN_POINT('',(61.0504006922243,124.477393288916,34.4999999999999));
#5120=CARTESIAN_POINT('',(61.0504006922243,149.477393288916,34.4999999999999));
#5121=CARTESIAN_POINT('Origin',(62.4504006922243,124.477393288916,34.4999999999999));
#5122=CARTESIAN_POINT('Origin',(62.4504006922243,124.477393288916,34.4999999999999));
#5123=CARTESIAN_POINT('Origin',(29.5504006922243,149.477393288916,34.4999999999997));
#5124=CARTESIAN_POINT('',(28.1504006922243,124.477393288916,34.4999999999997));
#5125=CARTESIAN_POINT('',(28.1504006922243,149.477393288916,34.4999999999996));
#5126=CARTESIAN_POINT('Origin',(29.5504006922243,124.477393288916,34.4999999999997));
#5127=CARTESIAN_POINT('Origin',(29.5504006922243,124.477393288916,34.4999999999997));
#5128=CARTESIAN_POINT('Origin',(62.4504006922247,149.477393288916,-14.1));
#5129=CARTESIAN_POINT('',(61.0504006922247,124.477393288916,-14.1));
#5130=CARTESIAN_POINT('',(61.0504006922247,149.477393288916,-14.1));
#5131=CARTESIAN_POINT('Origin',(62.4504006922247,124.477393288916,-14.1));
#5132=CARTESIAN_POINT('Origin',(62.4504006922247,124.477393288916,-14.1));
#5133=CARTESIAN_POINT('Origin',(20.5004005432129,125.627393288916,-1.8405615774887E-13));
#5134=CARTESIAN_POINT('',(18.5004005432129,123.627393288916,2.23606797749961));
#5135=CARTESIAN_POINT('',(20.5004005432129,123.627393288916,2.23606797749962));
#5136=CARTESIAN_POINT('',(18.5004005432129,123.627393288916,-2.23606797749998));
#5137=CARTESIAN_POINT('Origin',(18.5004005432129,125.627393288916,-1.97146180981126E-13));
#5138=CARTESIAN_POINT('',(20.5004005432129,123.627393288916,-2.23606797749996));
#5139=CARTESIAN_POINT('Origin',(20.5004005432129,121.627393288916,-1.61918558325513E-13));
#5140=CARTESIAN_POINT('Origin',(18.5004005432129,121.627393288916,-1.75008581557768E-13));
#5141=CARTESIAN_POINT('Origin',(18.5004005432129,123.627393288916,-1.84897899410044E-13));
#5142=CARTESIAN_POINT('',(18.5004005432129,127.277393288916,-1.98751707043629E-13));
#5143=CARTESIAN_POINT('Origin',(18.5004005432129,125.627393288916,-1.97146180981126E-13));
#5144=CARTESIAN_POINT('',(18.5004005432129,123.277393288916,-1.76614107620271E-13));
#5145=CARTESIAN_POINT('Origin',(18.5004005432129,121.627393288916,-1.75008581557768E-13));
#5146=CARTESIAN_POINT('Origin',(20.5004005432129,145.627393288916,-2.0051267460799E-13));
#5147=CARTESIAN_POINT('',(18.5004005432129,148.627393288916,-2.16521836135705E-13));
#5148=CARTESIAN_POINT('',(20.5004005432129,148.627393288916,-2.02697024823961E-13));
#5149=CARTESIAN_POINT('Origin',(18.5004005432129,145.627393288916,-2.13602697840246E-13));
#5150=CARTESIAN_POINT('Origin',(18.5004005432129,145.627393288916,-2.13602697840246E-13));
#5151=CARTESIAN_POINT('',(18.5004005432129,147.277393288916,-2.15208223902749E-13));
#5152=CARTESIAN_POINT('Origin',(18.5004005432129,145.627393288916,-2.13602697840246E-13));
#5153=CARTESIAN_POINT('Origin',(78.500400543213,145.627393288916,1.27824199106828E-13));
#5154=CARTESIAN_POINT('',(79.500400543213,148.127393288916,1.31665366385883E-13));
#5155=CARTESIAN_POINT('Origin',(79.500400543213,145.627393288916,1.33485658232525E-13));
#5156=CARTESIAN_POINT('',(78.500400543213,149.377393288916,1.24175276237504E-13));
#5157=CARTESIAN_POINT('Origin',(79.500400543213,145.627393288916,1.33763213988682E-13));
#5158=CARTESIAN_POINT('',(79.500400543213,147.227393288916,1.31928784474947E-13));
#5159=CARTESIAN_POINT('Origin',(79.500400543213,145.627393288916,1.33485658232525E-13));
#5160=CARTESIAN_POINT('Origin',(77.500400543213,145.627393288916,1.22162739981131E-13));
#5161=CARTESIAN_POINT('',(77.500400543213,147.227393288916,1.20605866223553E-13));
#5162=CARTESIAN_POINT('Origin',(14.5004005432129,145.627393288916,-2.39782744304758E-13));
#5163=CARTESIAN_POINT('',(13.5004005432129,149.477393288916,-2.50073983400059E-13));
#5164=CARTESIAN_POINT('Origin',(13.5004005432129,145.627393288916,-2.46327755920886E-13));
#5165=CARTESIAN_POINT('',(14.5004005432129,149.477393288916,-2.42585993748588E-13));
#5166=CARTESIAN_POINT('Origin',(13.5004005432129,145.627393288916,-2.46327755920886E-13));
#5167=CARTESIAN_POINT('',(13.5004005432129,147.277393288916,-2.47933281983389E-13));
#5168=CARTESIAN_POINT('Origin',(13.5004005432129,145.627393288916,-2.46327755920886E-13));
#5169=CARTESIAN_POINT('Origin',(14.5004005432129,121.627393288916,-2.01188628022281E-13));
#5170=CARTESIAN_POINT('',(14.5004005432129,123.277393288916,-2.02794154084783E-13));
#5171=CARTESIAN_POINT('Origin',(14.5004005432129,145.627393288916,-2.39782744304758E-13));
#5172=CARTESIAN_POINT('',(14.5004005432129,147.277393288916,-2.41388270367261E-13));
#5173=CARTESIAN_POINT('Origin',(14.5004005432129,125.627393288916,-2.23326227445638E-13));
#5174=CARTESIAN_POINT('',(14.5004005432129,127.277393288916,-2.24931753508141E-13));
#5175=UNCERTAINTY_MEASURE_WITH_UNIT(LENGTH_MEASURE(0.01),#5179,
'DISTANCE_ACCURACY_VALUE',
'Maximum model space distance between geometric entities at asserted c
onnectivities');
#5176=UNCERTAINTY_MEASURE_WITH_UNIT(LENGTH_MEASURE(0.01),#5179,
'DISTANCE_ACCURACY_VALUE',
'Maximum model space distance between geometric entities at asserted c
onnectivities');
#5177=(
GEOMETRIC_REPRESENTATION_CONTEXT(3)
GLOBAL_UNCERTAINTY_ASSIGNED_CONTEXT((#5175))
GLOBAL_UNIT_ASSIGNED_CONTEXT((#5179,#5181,#5182))
REPRESENTATION_CONTEXT('','3D')
);
#5178=(
GEOMETRIC_REPRESENTATION_CONTEXT(3)
GLOBAL_UNCERTAINTY_ASSIGNED_CONTEXT((#5176))
GLOBAL_UNIT_ASSIGNED_CONTEXT((#5179,#5181,#5182))
REPRESENTATION_CONTEXT('','3D')
);
#5179=(
LENGTH_UNIT()
NAMED_UNIT(*)
SI_UNIT(.MILLI.,.METRE.)
);
#5180=(
LENGTH_UNIT()
NAMED_UNIT(*)
SI_UNIT($,.METRE.)
);
#5181=(
NAMED_UNIT(*)
PLANE_ANGLE_UNIT()
SI_UNIT($,.RADIAN.)
);
#5182=(
NAMED_UNIT(*)
SI_UNIT($,.STERADIAN.)
SOLID_ANGLE_UNIT()
);
#5183=SHAPE_DEFINITION_REPRESENTATION(#5184,#5185);
#5184=PRODUCT_DEFINITION_SHAPE('',$,#5187);
#5185=SHAPE_REPRESENTATION('',(#2477),#5177);
#5186=PRODUCT_DEFINITION_CONTEXT('part definition',#5191,'design');
#5187=PRODUCT_DEFINITION('Aufnahme_FL','Aufnahme_FL v2',#5188,#5186);
#5188=PRODUCT_DEFINITION_FORMATION('',$,#5193);
#5189=PRODUCT_RELATED_PRODUCT_CATEGORY('Aufnahme_FL v2',
'Aufnahme_FL v2',(#5193));
#5190=APPLICATION_PROTOCOL_DEFINITION('international standard',
'automotive_design',2009,#5191);
#5191=APPLICATION_CONTEXT(
'Core Data for Automotive Mechanical Design Process');
#5192=PRODUCT_CONTEXT('part definition',#5191,'mechanical');
#5193=PRODUCT('Aufnahme_FL','Aufnahme_FL v2',$,(#5192));
#5194=PRESENTATION_STYLE_ASSIGNMENT((#5195));
#5195=SURFACE_STYLE_USAGE(.BOTH.,#5196);
#5196=SURFACE_SIDE_STYLE('',(#5197));
#5197=SURFACE_STYLE_FILL_AREA(#5198);
#5198=FILL_AREA_STYLE('Steel - Satin',(#5199));
#5199=FILL_AREA_STYLE_COLOUR('Steel - Satin',#5200);
#5200=COLOUR_RGB('Steel - Satin',0.627450980392157,0.627450980392157,0.627450980392157);
ENDSEC;
END-ISO-10303-21;
